t,src,ideal_pos,cheap_pos,ideal_vel,cheap_vel
0.0444,state,0.439781,0.404431,0.132747,0.293253
0.0446,state,0.446309,0.408528,0.304939,0.017052
0.0447,state,0.451546,0.408570,0.107753,0.016992
0.0509,state,0.426562,0.388409,0.170342,0.014434
0.0515,desired,0.473333,0.473333,0.111111,0.111111
0.0610,state,0.428615,0.388342,0.092605,0.014518
0.0709,state,0.439781,0.404431,0.132747,0.293253
0.0810,state,0.446309,0.408528,0.304939,0.017052
0.0815,desired,0.476668,0.476668,0.111111,0.111111
0.0909,state,0.451546,0.408570,0.107753,0.016992
0.0933,state,0.460590,0.418720,0.185985,0.311462
0.1009,state,0.428615,0.388342,0.092605,0.014518
0.1109,state,0.439781,0.404431,0.132747,0.293253
0.1115,desired,0.479999,0.479999,0.111111,0.111111
0.1209,state,0.446309,0.408528,0.304939,0.017052
0.1310,state,0.451546,0.408570,0.107753,0.016992
0.1410,state,0.460590,0.418720,0.185985,0.311462
0.1416,desired,0.483335,0.483335,0.111111,0.111111
0.1510,state,0.428615,0.388342,0.092605,0.014518
0.1610,state,0.439781,0.404431,0.132747,0.293253
0.1710,state,0.446309,0.408528,0.304939,0.017052
0.1719,desired,0.486668,0.486668,0.111111,0.111111
0.1811,state,0.451546,0.408570,0.107753,0.016992
0.1912,state,0.460590,0.418720,0.185985,0.311462
0.1920,desired,0.488893,0.488893,0.111111,0.111111
0.1945,state,0.462867,0.429442,0.099740,0.062201
0.1959,state,0.473051,0.429571,0.134922,0.018763
0.2011,state,0.446309,0.408528,0.304939,0.017052
0.2110,state,0.451546,0.408570,0.107753,0.016992
0.2210,state,0.460590,0.418720,0.185985,0.311462
0.2216,desired,0.492221,0.492221,0.111111,0.111111
0.2310,state,0.462867,0.429442,0.099740,0.062201
0.2410,state,0.473051,0.429571,0.134922,0.018763
0.2510,state,0.446309,0.408528,0.304939,0.017052
0.2521,desired,0.495555,0.495555,0.111111,0.111111
0.2611,state,0.451546,0.408570,0.107753,0.016992
0.2711,state,0.460590,0.418720,0.185985,0.311462
0.2725,desired,0.497779,0.497779,0.111111,0.111111
0.2811,state,0.462867,0.429442,0.099740,0.062201
0.2911,state,0.473051,0.429571,0.134922,0.018763
0.2926,desired,0.500002,0.500002,0.111111,0.111111
0.2953,state,0.479485,0.433707,0.310842,0.223385
0.2963,state,0.484717,0.449256,0.113840,0.221490
0.3011,state,0.460590,0.418720,0.185985,0.311462
0.3110,state,0.462867,0.429442,0.099740,0.062201
0.3211,state,0.473051,0.429571,0.134922,0.018763
0.3225,desired,0.503335,0.503335,0.111111,0.111111
0.3310,state,0.479485,0.433707,0.310842,0.223385
0.3410,state,0.484717,0.449256,0.113840,0.221490
0.3510,state,0.460590,0.418720,0.185985,0.311462
0.3517,desired,0.506667,0.506667,0.111111,0.111111
0.3611,state,0.462867,0.429442,0.099740,0.062201
0.3711,state,0.473051,0.429571,0.134922,0.018763
0.3719,desired,0.508891,0.508891,0.111111,0.111111
0.3811,state,0.479485,0.433707,0.310842,0.223385
0.3910,state,0.484717,0.449256,0.113840,0.221490
0.3931,state,0.492900,0.450744,0.182618,0.020404
0.4010,state,0.462867,0.429442,0.099740,0.062201
0.4018,desired,0.512223,0.512223,0.111111,0.111111
0.4110,state,0.473051,0.429571,0.134922,0.018763
0.4209,state,0.479485,0.433707,0.310842,0.223385
0.4309,state,0.484717,0.449256,0.113840,0.221490
0.4315,desired,0.515553,0.515553,0.111111,0.111111
0.4410,state,0.492900,0.450744,0.182618,0.020404
0.4510,state,0.462867,0.429442,0.099740,0.062201
0.4516,desired,0.517777,0.517777,0.111111,0.111111
0.4610,state,0.473051,0.429571,0.134922,0.018763
0.4709,state,0.479485,0.433707,0.310842,0.223385
0.4810,state,0.484717,0.449256,0.113840,0.221490
0.4816,desired,0.521111,0.521111,0.111111,0.111111
0.4910,state,0.492900,0.450744,0.182618,0.020404
0.4924,state,0.494953,0.450891,0.104846,0.020179
0.4930,state,0.506117,0.466065,0.144918,0.290813
0.5010,state,0.479485,0.433707,0.310842,0.223385
0.5110,state,0.484717,0.449256,0.113840,0.221490
0.5116,desired,0.524444,0.524444,0.111111,0.111111
0.5210,state,0.492900,0.450744,0.182618,0.020404
0.5309,state,0.494953,0.450891,0.104846,0.020179
0.5410,state,0.506117,0.466065,0.144918,0.290813
0.5419,desired,0.527780,0.527780,0.111111,0.111111
0.5509,state,0.479485,0.433707,0.310842,0.223385
0.5610,state,0.484717,0.449256,0.113840,0.221490
0.5710,state,0.492900,0.450744,0.182618,0.020404
0.5716,desired,0.531110,0.531110,0.111111,0.111111
0.5810,state,0.494953,0.450891,0.104846,0.020179
0.5910,state,0.506117,0.466065,0.144918,0.290813
0.5916,desired,0.533334,0.533334,0.111111,0.111111
0.5946,state,0.512646,0.473157,0.317154,0.081990
0.5951,state,0.517886,0.473375,0.119865,0.021633
0.6011,state,0.492900,0.450744,0.182618,0.020404
0.6110,state,0.494953,0.450891,0.104846,0.020179
0.6210,state,0.506117,0.466065,0.144918,0.290813
0.6219,desired,0.536668,0.536668,0.111111,0.111111
0.6309,state,0.512646,0.473157,0.317154,0.081990
0.6409,state,0.517886,0.473375,0.119865,0.021633
0.6510,state,0.492900,0.450744,0.182618,0.020404
0.6516,desired,0.539999,0.539999,0.111111,0.111111
0.6610,state,0.494953,0.450891,0.104846,0.020179
0.6710,state,0.506117,0.466065,0.144918,0.290813
0.6810,state,0.512646,0.473157,0.317154,0.081990
0.6816,desired,0.543333,0.543333,0.111111,0.111111
0.6910,state,0.517886,0.473375,0.119865,0.021633
0.6934,state,0.526933,0.482186,0.198078,0.279819
0.7011,state,0.494953,0.450891,0.104846,0.020179
0.7019,desired,0.545558,0.545558,0.111111,0.111111
0.7110,state,0.506117,0.466065,0.144918,0.290813
0.7209,state,0.512646,0.473157,0.317154,0.081990
0.7309,state,0.517886,0.473375,0.119865,0.021633
0.7316,desired,0.548888,0.548888,0.111111,0.111111
0.7410,state,0.526933,0.482186,0.198078,0.279819
0.7510,state,0.494953,0.450891,0.104846,0.020179
0.7610,state,0.506117,0.466065,0.144918,0.290813
0.7616,desired,0.552221,0.552221,0.111111,0.111111
0.7709,state,0.512646,0.473157,0.317154,0.081990
0.7810,state,0.517886,0.473375,0.119865,0.021633
0.7816,desired,0.554444,0.554444,0.111111,0.111111
0.7910,state,0.526933,0.482186,0.198078,0.279819
0.7926,state,0.529212,0.492899,0.111767,0.089963
0.7952,state,0.539392,0.494301,0.146880,0.022797
0.8011,state,0.512646,0.473157,0.317154,0.081990
0.8021,desired,0.556668,0.556668,0.111111,0.111111
0.8110,state,0.517886,0.473375,0.119865,0.021633
0.8210,state,0.526933,0.482186,0.198078,0.279819
0.8310,state,0.529212,0.492899,0.111767,0.089963
0.8318,desired,0.559999,0.559999,0.111111,0.111111
0.8410,state,0.539392,0.494301,0.146880,0.022797
0.8510,state,0.512646,0.473157,0.317154,0.081990
0.8518,desired,0.562222,0.562222,0.111111,0.111111
0.8611,state,0.517886,0.473375,0.119865,0.021633
0.8710,state,0.526933,0.482186,0.198078,0.279819
0.8811,state,0.529212,0.492899,0.111767,0.089963
0.8821,desired,0.565556,0.565556,0.111111,0.111111
0.8911,state,0.539392,0.494301,0.146880,0.022797
0.8930,state,0.545827,0.498042,0.322790,0.202319
0.8952,state,0.551061,0.512833,0.125727,0.222593
0.9011,state,0.526933,0.482186,0.198078,0.279819
0.9019,desired,0.567780,0.567780,0.111111,0.111111
0.9110,state,0.529212,0.492899,0.111767,0.089963
0.9209,state,0.539392,0.494301,0.146880,0.022797
0.9310,state,0.545827,0.498042,0.322790,0.202319
0.9316,desired,0.571110,0.571110,0.111111,0.111111
0.9411,state,0.551061,0.512833,0.125727,0.222593
0.9510,state,0.526933,0.482186,0.198078,0.279819
0.9516,desired,0.573333,0.573333,0.111111,0.111111
0.9610,state,0.529212,0.492899,0.111767,0.089963
0.9710,state,0.539392,0.494301,0.146880,0.022797
0.9814,desired,0.576666,0.576666,0.111111,0.111111
0.9816,state,0.545827,0.498042,0.322790,0.202319
0.9910,state,0.551061,0.512833,0.125727,0.222593
0.9931,state,0.559245,0.515856,0.194468,0.023739
1.0011,state,0.529212,0.492899,0.111767,0.089963
1.0019,desired,0.578890,0.578890,0.111111,0.111111
1.0109,state,0.539392,0.494301,0.146880,0.022797
1.0209,state,0.545827,0.498042,0.322790,0.202319
1.0310,state,0.551061,0.512833,0.125727,0.222593
1.0316,desired,0.582222,0.582222,0.111111,0.111111
1.0411,state,0.559245,0.515856,0.194468,0.023739
1.0510,state,0.529212,0.492899,0.111767,0.089963
1.0517,desired,0.584447,0.584447,0.111111,0.111111
1.0610,state,0.539392,0.494301,0.146880,0.022797
1.0711,state,0.545827,0.498042,0.322790,0.202319
1.0810,state,0.551061,0.512833,0.125727,0.222593
1.0816,desired,0.587777,0.587777,0.111111,0.111111
1.0911,state,0.559245,0.515856,0.194468,0.023739
1.0931,state,0.561299,0.516062,0.116659,0.023456
1.0933,state,0.572464,0.530221,0.156670,0.281579
1.1011,state,0.545827,0.498042,0.322790,0.202319
1.1019,desired,0.590002,0.590002,0.111111,0.111111
1.1111,state,0.551061,0.512833,0.125727,0.222593
1.1210,state,0.559245,0.515856,0.194468,0.023739
1.1309,state,0.561299,0.516062,0.116659,0.023456
1.1316,desired,0.593332,0.593332,0.111111,0.111111
1.1410,state,0.572464,0.530221,0.156670,0.281579
1.1509,state,0.545827,0.498042,0.322790,0.202319
1.1610,state,0.551061,0.512833,0.125727,0.222593
1.1616,desired,0.596666,0.596666,0.111111,0.111111
1.1711,state,0.559245,0.515856,0.194468,0.023739
1.1810,state,0.561299,0.516062,0.116659,0.023456
1.1911,state,0.572464,0.530221,0.156670,0.281579
1.1921,desired,0.600002,0.600002,0.111111,0.111111
1.1941,state,0.578995,0.538567,0.328924,0.135467
1.1950,state,0.584238,0.540765,0.131525,0.024946
1.2010,state,0.559245,0.515856,0.194468,0.023739
1.2109,state,0.561299,0.516062,0.116659,0.023456
1.2210,state,0.572464,0.530221,0.156670,0.281579
1.2216,desired,0.603332,0.603332,0.111111,0.111111
1.2310,state,0.578995,0.538567,0.328924,0.135467
1.2410,state,0.584238,0.540765,0.131525,0.024946
1.2511,state,0.559245,0.515856,0.194468,0.023739
1.2519,desired,0.606668,0.606668,0.111111,0.111111
1.2610,state,0.561299,0.516062,0.116659,0.023456
1.2710,state,0.572464,0.530221,0.156670,0.281579
1.2810,state,0.578995,0.538567,0.328924,0.135467
1.2816,desired,0.609999,0.609999,0.111111,0.111111
1.2911,state,0.584238,0.540765,0.131525,0.024946
1.2937,state,0.593284,0.546220,0.209678,0.206697
1.3010,state,0.561299,0.516062,0.116659,0.023456
1.3016,desired,0.612222,0.612222,0.111111,0.111111
1.3110,state,0.572464,0.530221,0.156670,0.281579
1.3211,state,0.578995,0.538567,0.328924,0.135467
1.3219,desired,0.614446,0.614446,0.111111,0.111111
1.3310,state,0.584238,0.540765,0.131525,0.024946
1.3410,state,0.593284,0.546220,0.209678,0.206697
1.3511,state,0.561299,0.516062,0.116659,0.023456
1.3519,desired,0.617780,0.617780,0.111111,0.111111
1.3610,state,0.572464,0.530221,0.156670,0.281579
1.3710,state,0.578995,0.538567,0.328924,0.135467
1.3809,state,0.584238,0.540765,0.131525,0.024946
1.3814,desired,0.621109,0.621109,0.111111,0.111111
1.3910,state,0.593284,0.546220,0.209678,0.206697
1.3940,state,0.595564,0.556327,0.123336,0.121176
1.3956,state,0.605748,0.564958,0.158401,0.132810
1.4010,state,0.578995,0.538567,0.328924,0.135467
1.4015,desired,0.623337,0.623337,0.111111,0.111111
1.4110,state,0.584238,0.540765,0.131525,0.024946
1.4210,state,0.593284,0.546220,0.209678,0.206697
1.4310,state,0.595564,0.556327,0.123336,0.121176
1.4316,desired,0.626668,0.626668,0.111111,0.111111
1.4410,state,0.605748,0.564958,0.158401,0.132810
1.4509,state,0.578995,0.538567,0.328924,0.135467
1.4609,state,0.584238,0.540765,0.131525,0.024946
1.4613,desired,0.629998,0.629998,0.111111,0.111111
1.4709,state,0.593284,0.546220,0.209678,0.206697
1.4813,desired,0.632222,0.632222,0.111111,0.111111
1.4815,state,0.595564,0.556327,0.123336,0.121176
1.4910,state,0.605748,0.564958,0.158401,0.132810
1.4930,state,0.612183,0.565304,0.334250,0.028345
1.4934,state,0.617418,0.565766,0.137144,0.029627
1.5010,state,0.593284,0.546220,0.209678,0.206697
1.5018,desired,0.634447,0.634447,0.111111,0.111111
1.5110,state,0.595564,0.556327,0.123336,0.121176
1.5211,state,0.605748,0.564958,0.158401,0.132810
1.5310,state,0.612183,0.565304,0.334250,0.028345
1.5320,desired,0.637777,0.637777,0.111111,0.111111
1.5410,state,0.617418,0.565766,0.137144,0.029627
1.5511,state,0.593284,0.546220,0.209678,0.206697
1.5521,desired,0.640002,0.640002,0.111111,0.111111
1.5610,state,0.595564,0.556327,0.123336,0.121176
1.5710,state,0.605748,0.564958,0.158401,0.132810
1.5810,state,0.612183,0.565304,0.334250,0.028345
1.5817,desired,0.643333,0.643333,0.111111,0.111111
1.5911,state,0.617418,0.565766,0.137144,0.029627
1.5940,state,0.626465,0.576723,0.215307,0.337647
1.6010,state,0.595564,0.556327,0.123336,0.121176
1.6018,desired,0.645555,0.645555,0.111111,0.111111
1.6110,state,0.605748,0.564958,0.158401,0.132810
1.6210,state,0.612183,0.565304,0.334250,0.028345
1.6310,state,0.617418,0.565766,0.137144,0.029627
1.6321,desired,0.648890,0.648890,0.111111,0.111111
1.6410,state,0.626465,0.576723,0.215307,0.337647
1.6510,state,0.595564,0.556327,0.123336,0.121176
1.6610,state,0.605748,0.564958,0.158401,0.132810
1.6617,desired,0.652222,0.652222,0.111111,0.111111
1.6710,state,0.612183,0.565304,0.334250,0.028345
1.6810,state,0.617418,0.565766,0.137144,0.029627
1.6910,state,0.626465,0.576723,0.215307,0.337647
1.6917,desired,0.655555,0.655555,0.111111,0.111111
1.6929,state,0.628746,0.590971,0.128934,0.165616
1.6954,state,0.638931,0.596892,0.163973,0.028045
1.7010,state,0.612183,0.565304,0.334250,0.028345
1.7111,state,0.617418,0.565766,0.137144,0.029627
1.7119,desired,0.657778,0.657778,0.111111,0.111111
1.7210,state,0.626465,0.576723,0.215307,0.337647
1.7310,state,0.628746,0.590971,0.128934,0.165616
1.7414,desired,0.661109,0.661109,0.111111,0.111111
1.7416,state,0.638931,0.596892,0.163973,0.028045
1.7510,state,0.612183,0.565304,0.334250,0.028345
1.7610,state,0.617418,0.565766,0.137144,0.029627
1.7616,desired,0.663333,0.663333,0.111111,0.111111
1.7711,state,0.626465,0.576723,0.215307,0.337647
1.7811,state,0.628746,0.590971,0.128934,0.165616
1.7819,desired,0.665557,0.665557,0.111111,0.111111
1.7911,state,0.638931,0.596892,0.163973,0.028045
1.7940,state,0.645367,0.597247,0.339828,0.030692
1.7957,state,0.650603,0.597800,0.142662,0.032238
1.8010,state,0.626465,0.576723,0.215307,0.337647
1.8109,state,0.628746,0.590971,0.128934,0.165616
1.8115,desired,0.668887,0.668887,0.111111,0.111111
1.8209,state,0.638931,0.596892,0.163973,0.028045
1.8309,state,0.645367,0.597247,0.339828,0.030692
1.8409,state,0.650603,0.597800,0.142662,0.032238
1.8414,desired,0.672220,0.672220,0.111111,0.111111
1.8509,state,0.626465,0.576723,0.215307,0.337647
1.8609,state,0.628746,0.590971,0.128934,0.165616
1.8615,desired,0.674443,0.674443,0.111111,0.111111
1.8709,state,0.638931,0.596892,0.163973,0.028045
1.8809,state,0.645367,0.597247,0.339828,0.030692
1.8909,state,0.650603,0.597800,0.142662,0.032238
1.8915,desired,0.677776,0.677776,0.111111,0.111111
1.8930,state,0.659652,0.608689,0.220813,0.336376
1.9009,state,0.628746,0.590971,0.128934,0.165616
1.9109,state,0.638931,0.596892,0.163973,0.028045
1.9209,state,0.645367,0.597247,0.339828,0.030692
1.9214,desired,0.681109,0.681109,0.111111,0.111111
1.9309,state,0.650603,0.597800,0.142662,0.032238
1.9409,state,0.659652,0.608689,0.220813,0.336376
1.9415,desired,0.683332,0.683332,0.111111,0.111111
1.9509,state,0.628746,0.590971,0.128934,0.165616
1.9609,state,0.638931,0.596892,0.163973,0.028045
1.9709,state,0.645367,0.597247,0.339828,0.030692
1.9714,desired,0.686665,0.686665,0.111111,0.111111
1.9809,state,0.650603,0.597800,0.142662,0.032238
1.9923,desired,0.688888,0.688888,0.111111,0.111111
1.9925,state,0.659652,0.608689,0.220813,0.336376
1.9942,state,0.661934,0.623144,0.134404,0.173777
1.9962,state,0.672116,0.629333,0.169398,0.029932
2.0009,state,0.645367,0.597247,0.339828,0.030692
2.0110,state,0.650603,0.597800,0.142662,0.032238
2.0209,state,0.659652,0.608689,0.220813,0.336376
2.0214,desired,0.692220,0.692220,0.111111,0.111111
2.0309,state,0.661934,0.623144,0.134404,0.173777
2.0410,state,0.672116,0.629333,0.169398,0.029932
2.0510,state,0.645367,0.597247,0.339828,0.030692
2.0516,desired,0.695554,0.695554,0.111111,0.111111
2.0609,state,0.650603,0.597800,0.142662,0.032238
2.0710,state,0.659652,0.608689,0.220813,0.336376
2.0810,state,0.661934,0.623144,0.134404,0.173777
2.0816,desired,0.698887,0.698887,0.111111,0.111111
2.0910,state,0.672116,0.629333,0.169398,0.029932
2.0933,state,0.678553,0.629719,0.345269,0.031726
2.0957,state,0.683791,0.630295,0.148046,0.033605
2.1013,state,0.659652,0.608689,0.220813,0.336376
2.1111,state,0.661934,0.623144,0.134404,0.173777
2.1119,desired,0.702221,0.702221,0.111111,0.111111
2.1210,state,0.672116,0.629333,0.169398,0.029932
2.1310,state,0.678553,0.629719,0.345269,0.031726
2.1414,desired,0.705554,0.705554,0.111111,0.111111
2.1417,state,0.683791,0.630295,0.148046,0.033605
2.1510,state,0.659652,0.608689,0.220813,0.336376
2.1610,state,0.661934,0.623144,0.134404,0.173777
2.1710,state,0.672116,0.629333,0.169398,0.029932
2.1716,desired,0.708888,0.708888,0.111111,0.111111
2.1810,state,0.678553,0.629719,0.345269,0.031726
2.1910,state,0.683791,0.630295,0.148046,0.033605
2.1934,state,0.692838,0.641065,0.226152,0.334136
2.2010,state,0.661934,0.623144,0.134404,0.173777
2.2018,desired,0.712222,0.712222,0.111111,0.111111
2.2110,state,0.672116,0.629333,0.169398,0.029932
2.2210,state,0.678553,0.629719,0.345269,0.031726
2.2309,state,0.683791,0.630295,0.148046,0.033605
2.2316,desired,0.715554,0.715554,0.111111,0.111111
2.2410,state,0.692838,0.641065,0.226152,0.334136
2.2509,state,0.661934,0.623144,0.134404,0.173777
2.2610,state,0.672116,0.629333,0.169398,0.029932
2.2616,desired,0.718888,0.718888,0.111111,0.111111
2.2709,state,0.678553,0.629719,0.345269,0.031726
2.2809,state,0.683791,0.630295,0.148046,0.033605
2.2910,state,0.692838,0.641065,0.226152,0.334136
2.2916,desired,0.722222,0.722222,0.111111,0.111111
2.2928,state,0.695120,0.655575,0.139728,0.178463
2.2948,state,0.706307,0.663731,0.178919,0.086471
2.3010,state,0.678553,0.629719,0.345269,0.031726
2.3110,state,0.683791,0.630295,0.148046,0.033605
2.3209,state,0.692838,0.641065,0.226152,0.334136
2.3215,desired,0.725555,0.725555,0.111111,0.111111
2.3310,state,0.695120,0.655575,0.139728,0.178463
2.3410,state,0.706307,0.663731,0.178919,0.086471
2.3416,desired,0.727777,0.727777,0.111111,0.111111
2.3510,state,0.678553,0.629719,0.345269,0.031726
2.3609,state,0.683791,0.630295,0.148046,0.033605
2.3710,state,0.692838,0.641065,0.226152,0.334136
2.3715,desired,0.731113,0.731113,0.111111,0.111111
2.3810,state,0.695120,0.655575,0.139728,0.178463
2.3910,state,0.706307,0.663731,0.178919,0.086471
2.3935,state,0.712298,0.664100,0.329688,0.030551
2.3953,state,0.717029,0.664403,0.151549,0.029979
2.4010,state,0.692838,0.641065,0.226152,0.334136
2.4020,desired,0.734444,0.734444,0.111111,0.111111
2.4111,state,0.695120,0.655575,0.139728,0.178463
2.4212,state,0.706307,0.663731,0.178919,0.086471
2.4221,desired,0.736668,0.736668,0.111111,0.111111
2.4310,state,0.712298,0.664100,0.329688,0.030551
2.4410,state,0.717029,0.664403,0.151549,0.029979
2.4511,state,0.692838,0.641065,0.226152,0.334136
2.4519,desired,0.740001,0.740001,0.111111,0.111111
2.4610,state,0.695120,0.655575,0.139728,0.178463
2.4710,state,0.706307,0.663731,0.178919,0.086471
2.4811,state,0.712298,0.664100,0.329688,0.030551
2.4819,desired,0.743335,0.743335,0.111111,0.111111
2.4911,state,0.717029,0.664403,0.151549,0.029979
2.4934,state,0.726037,0.674420,0.231244,0.318472
2.5010,state,0.695120,0.655575,0.139728,0.178463
2.5110,state,0.706307,0.663731,0.178919,0.086471
2.5116,desired,0.746666,0.746666,0.111111,0.111111
2.5210,state,0.712298,0.664100,0.329688,0.030551
2.5311,state,0.717029,0.664403,0.151549,0.029979
2.5319,desired,0.748894,0.748894,0.111111,0.111111
2.5410,state,0.726037,0.674420,0.231244,0.318472
2.5510,state,0.695120,0.655575,0.139728,0.178463
2.5610,state,0.706307,0.663731,0.178919,0.086471
2.5616,desired,0.752224,0.752224,0.111111,0.111111
2.5711,state,0.712298,0.664100,0.329688,0.030551
2.5811,state,0.717029,0.664403,0.151549,0.029979
2.5819,desired,0.754449,0.754449,0.111111,0.111111
2.5911,state,0.726037,0.674420,0.231244,0.318472
2.5928,state,0.728317,0.688298,0.144902,0.172841
2.5943,state,0.738504,0.694630,0.179855,0.032326
2.6010,state,0.712298,0.664100,0.329688,0.030551
2.6110,state,0.717029,0.664403,0.151549,0.029979
2.6116,desired,0.757777,0.757777,0.111111,0.111111
2.6210,state,0.726037,0.674420,0.231244,0.318472
2.6311,state,0.728317,0.688298,0.144902,0.172841
2.6319,desired,0.760005,0.760005,0.111111,0.111111
2.6410,state,0.738504,0.694630,0.179855,0.032326
2.6510,state,0.712298,0.664100,0.329688,0.030551
2.6610,state,0.717029,0.664403,0.151549,0.029979
2.6616,desired,0.763332,0.763332,0.111111,0.111111
2.6709,state,0.726037,0.674420,0.231244,0.318472
2.6816,desired,0.765557,0.765557,0.111111,0.111111
2.6819,state,0.728317,0.688298,0.144902,0.172841
2.6911,state,0.738504,0.694630,0.179855,0.032326
2.6931,state,0.744944,0.695042,0.355718,0.034610
2.6951,state,0.750185,0.695664,0.158379,0.036664
2.7010,state,0.726037,0.674420,0.231244,0.318472
2.7110,state,0.728317,0.688298,0.144902,0.172841
2.7116,desired,0.768888,0.768888,0.111111,0.111111
2.7210,state,0.738504,0.694630,0.179855,0.032326
2.7310,state,0.744944,0.695042,0.355718,0.034610
2.7410,state,0.750185,0.695664,0.158379,0.036664
2.7416,desired,0.772222,0.772222,0.111111,0.111111
2.7510,state,0.726037,0.674420,0.231244,0.318472
2.7610,state,0.728317,0.688298,0.144902,0.172841
2.7710,state,0.738504,0.694630,0.179855,0.032326
2.7716,desired,0.775554,0.775554,0.111111,0.111111
2.7810,state,0.744944,0.695042,0.355718,0.034610
2.7911,state,0.750185,0.695664,0.158379,0.036664
2.7919,desired,0.777779,0.777779,0.111111,0.111111
2.7932,state,0.759231,0.706275,0.236403,0.331939
2.8010,state,0.728317,0.688298,0.144902,0.172841
2.8110,state,0.738504,0.694630,0.179855,0.032326
2.8210,state,0.744944,0.695042,0.355718,0.034610
2.8216,desired,0.781110,0.781110,0.111111,0.111111
2.8309,state,0.750185,0.695664,0.158379,0.036664
2.8410,state,0.759231,0.706275,0.236403,0.331939
2.8416,desired,0.783333,0.783333,0.111111,0.111111
2.8510,state,0.728317,0.688298,0.144902,0.172841
2.8610,state,0.738504,0.694630,0.179855,0.032326
2.8710,state,0.744944,0.695042,0.355718,0.034610
2.8716,desired,0.786666,0.786666,0.111111,0.111111
2.8810,state,0.750185,0.695664,0.158379,0.036664
2.8916,desired,0.788890,0.788890,0.111111,0.111111
2.8919,state,0.759231,0.706275,0.236403,0.331939
2.8928,state,0.761514,0.720864,0.149942,0.185433
2.8955,state,0.771701,0.727405,0.184848,0.033850
2.9010,state,0.744944,0.695042,0.355718,0.034610
2.9110,state,0.750185,0.695664,0.158379,0.036664
2.9210,state,0.759231,0.706275,0.236403,0.331939
2.9216,desired,0.792222,0.792222,0.111111,0.111111
2.9313,state,0.761514,0.720864,0.149942,0.185433
2.9410,state,0.771701,0.727405,0.184848,0.033850
2.9510,state,0.744944,0.695042,0.355718,0.034610
2.9516,desired,0.795555,0.795555,0.111111,0.111111
2.9610,state,0.750185,0.695664,0.158379,0.036664
2.9710,state,0.759231,0.706275,0.236403,0.331939
2.9810,state,0.761514,0.720864,0.149942,0.185433
2.9817,desired,0.798888,0.798888,0.111111,0.111111
2.9910,state,0.771701,0.727405,0.184848,0.033850
3.0010,state,0.744944,0.695042,0.355718,0.034610
3.0029,state,0.778139,0.727820,0.360637,0.034760
3.0036,state,0.783380,0.728333,0.163305,0.035733
3.0110,state,0.761514,0.720864,0.149942,0.185433
3.0116,desired,0.802222,0.802222,0.111111,0.111111
3.0210,state,0.771701,0.727405,0.184848,0.033850
3.0309,state,0.744944,0.695042,0.355718,0.034610
3.0410,state,0.778139,0.727820,0.360637,0.034760
3.0416,desired,0.805556,0.805556,0.111111,0.111111
3.0510,state,0.783380,0.728333,0.163305,0.035733
3.0611,state,0.761514,0.720864,0.149942,0.185433
3.0619,desired,0.807779,0.807779,0.111111,0.111111
3.0709,state,0.771701,0.727405,0.184848,0.033850
3.0809,state,0.744944,0.695042,0.355718,0.034610
3.0910,state,0.778139,0.727820,0.360637,0.034760
3.0915,desired,0.811113,0.811113,0.111111,0.111111
3.1012,state,0.783380,0.728333,0.163305,0.035733
3.1029,state,0.789257,0.732841,0.360348,0.238896
3.1041,state,0.794452,0.750219,0.164760,0.278627
3.1110,state,0.744944,0.695042,0.355718,0.034610
3.1210,state,0.778139,0.727820,0.360637,0.034760
3.1216,desired,0.814443,0.814443,0.111111,0.111111
3.1309,state,0.783380,0.728333,0.163305,0.035733
3.1410,state,0.789257,0.732841,0.360348,0.238896
3.1510,state,0.794452,0.750219,0.164760,0.278627
3.1517,desired,0.817780,0.817780,0.111111,0.111111
3.1610,state,0.744944,0.695042,0.355718,0.034610
3.1710,state,0.778139,0.727820,0.360637,0.034760
3.1810,state,0.783380,0.728333,0.163305,0.035733
3.1816,desired,0.821113,0.821113,0.111111,0.111111
3.1910,state,0.789257,0.732841,0.360348,0.238896
3.2010,state,0.794452,0.750219,0.164760,0.278627
3.2029,state,0.804361,0.760628,0.252389,0.191240
3.2110,state,0.778139,0.727820,0.360637,0.034760
3.2116,desired,0.824444,0.824444,0.111111,0.111111
3.2210,state,0.783380,0.728333,0.163305,0.035733
3.2310,state,0.789257,0.732841,0.360348,0.238896
3.2410,state,0.794452,0.750219,0.164760,0.278627
3.2417,desired,0.827779,0.827779,0.111111,0.111111
3.2509,state,0.804361,0.760628,0.252389,0.191240
3.2610,state,0.778139,0.727820,0.360637,0.034760
3.2709,state,0.783380,0.728333,0.163305,0.035733
3.2715,desired,0.831110,0.831110,0.111111,0.111111
3.2810,state,0.789257,0.732841,0.360348,0.238896
3.2910,state,0.794452,0.750219,0.164760,0.278627
3.2916,desired,0.833333,0.833333,0.111111,0.111111
3.3011,state,0.804361,0.760628,0.252389,0.191240
3.3026,state,0.806871,0.762478,0.157336,0.033702
3.3035,state,0.816080,0.762785,0.187294,0.033091
3.3111,state,0.789257,0.732841,0.360348,0.238896
3.3119,desired,0.835558,0.835558,0.111111,0.111111
3.3210,state,0.794452,0.750219,0.164760,0.278627
3.3310,state,0.804361,0.760628,0.252389,0.191240
3.3416,desired,0.838890,0.838890,0.111111,0.111111
3.3419,state,0.806871,0.762478,0.157336,0.033702
3.3511,state,0.816080,0.762785,0.187294,0.033091
3.3611,state,0.789257,0.732841,0.360348,0.238896
3.3711,state,0.794452,0.750219,0.164760,0.278627
3.3719,desired,0.842223,0.842223,0.111111,0.111111
3.3811,state,0.804361,0.760628,0.252389,0.191240
3.3911,state,0.806871,0.762478,0.157336,0.033702
3.3919,desired,0.844447,0.844447,0.111111,0.111111
3.4011,state,0.816080,0.762785,0.187294,0.033091
3.4033,state,0.822421,0.766834,0.366646,0.223980
3.4039,state,0.827654,0.783262,0.169606,0.267215
3.4109,state,0.804361,0.760628,0.252389,0.191240
3.4210,state,0.806871,0.762478,0.157336,0.033702
3.4214,desired,0.847778,0.847778,0.111111,0.111111
3.4309,state,0.816080,0.762785,0.187294,0.033091
3.4409,state,0.822421,0.766834,0.366646,0.223980
3.4509,state,0.827654,0.783262,0.169606,0.267215
3.4514,desired,0.851111,0.851111,0.111111,0.111111
3.4609,state,0.804361,0.760628,0.252389,0.191240
3.4709,state,0.806871,0.762478,0.157336,0.033702
3.4809,state,0.816080,0.762785,0.187294,0.033091
3.4814,desired,0.854444,0.854444,0.111111,0.111111
3.4910,state,0.822421,0.766834,0.366646,0.223980
3.5010,state,0.827654,0.783262,0.169606,0.267215
3.5016,desired,0.856666,0.856666,0.111111,0.111111
3.5028,state,0.836706,0.792732,0.247655,0.171374
3.5111,state,0.806871,0.762478,0.157336,0.033702
3.5211,state,0.816080,0.762785,0.187294,0.033091
3.5219,desired,0.858891,0.858891,0.111111,0.111111
3.5310,state,0.822421,0.766834,0.366646,0.223980
3.5410,state,0.827654,0.783262,0.169606,0.267215
3.5511,state,0.836706,0.792732,0.247655,0.171374
3.5519,desired,0.862225,0.862225,0.111111,0.111111
3.5610,state,0.806871,0.762478,0.157336,0.033702
3.5710,state,0.816080,0.762785,0.187294,0.033091
3.5810,state,0.822421,0.766834,0.366646,0.223980
3.5816,desired,0.865555,0.865555,0.111111,0.111111
3.5910,state,0.827654,0.783262,0.169606,0.267215
3.6009,state,0.836706,0.792732,0.247655,0.171374
3.6027,state,0.838992,0.793196,0.161074,0.035324
3.6029,state,0.849181,0.793698,0.195888,0.038006
3.6110,state,0.822421,0.766834,0.366646,0.223980
3.6117,desired,0.868888,0.868888,0.111111,0.111111
3.6210,state,0.827654,0.783262,0.169606,0.267215
3.6311,state,0.836706,0.792732,0.247655,0.171374
3.6319,desired,0.871113,0.871113,0.111111,0.111111
3.6410,state,0.838992,0.793196,0.161074,0.035324
3.6511,state,0.849181,0.793698,0.195888,0.038006
3.6610,state,0.822421,0.766834,0.366646,0.223980
3.6616,desired,0.874443,0.874443,0.111111,0.111111
3.6710,state,0.827654,0.783262,0.169606,0.267215
3.6810,state,0.836706,0.792732,0.247655,0.171374
3.6816,desired,0.876666,0.876666,0.111111,0.111111
3.6910,state,0.838992,0.793196,0.161074,0.035324
3.7010,state,0.849181,0.793698,0.195888,0.038006
3.7016,desired,0.878889,0.878889,0.111111,0.111111
3.7028,state,0.856165,0.798383,0.392978,0.248489
3.7043,state,0.861925,0.816518,0.176106,0.293908
3.7110,state,0.836706,0.792732,0.247655,0.171374
3.7210,state,0.838992,0.793196,0.161074,0.035324
3.7310,state,0.849181,0.793698,0.195888,0.038006
3.7316,desired,0.882222,0.882222,0.111111,0.111111
3.7410,state,0.856165,0.798383,0.392978,0.248489
3.7509,state,0.861925,0.816518,0.176106,0.293908
3.7610,state,0.836706,0.792732,0.247655,0.171374
3.7618,desired,0.885556,0.885556,0.111111,0.111111
3.7710,state,0.838992,0.793196,0.161074,0.035324
3.7810,state,0.849181,0.793698,0.195888,0.038006
3.7910,state,0.856165,0.798383,0.392978,0.248489
3.7916,desired,0.888889,0.888889,0.111111,0.111111
3.8010,state,0.861925,0.816518,0.176106,0.293908
3.8040,state,0.870157,0.826153,0.243017,0.153049
3.8110,state,0.838992,0.793196,0.161074,0.035324
3.8210,state,0.849181,0.793698,0.195888,0.038006
3.8216,desired,0.892222,0.892222,0.111111,0.111111
3.8309,state,0.856165,0.798383,0.392978,0.248489
3.8410,state,0.861925,0.816518,0.176106,0.293908
3.8510,state,0.870157,0.826153,0.243017,0.153049
3.8518,desired,0.895554,0.895554,0.111111,0.111111
3.8610,state,0.838992,0.793196,0.161074,0.035324
3.8710,state,0.849181,0.793698,0.195888,0.038006
3.8716,desired,0.897777,0.897777,0.111111,0.111111
3.8810,state,0.856165,0.798383,0.392978,0.248489
3.8910,state,0.861925,0.816518,0.176106,0.293908
3.9015,desired,0.901111,0.901111,0.111111,0.111111
3.9017,state,0.870157,0.826153,0.243017,0.153049
3.9029,state,0.872222,0.826569,0.164811,0.035692
3.9040,state,0.882395,0.826936,0.200290,0.036175
3.9110,state,0.856165,0.798383,0.392978,0.248489
3.9210,state,0.861925,0.816518,0.176106,0.293908
3.9310,state,0.870157,0.826153,0.243017,0.153049
3.9320,desired,0.904445,0.904445,0.111111,0.111111
3.9410,state,0.872222,0.826569,0.164811,0.035692
3.9510,state,0.882395,0.826936,0.200290,0.036175
3.9610,state,0.856165,0.798383,0.392978,0.248489
3.9616,desired,0.907779,0.907779,0.111111,0.111111
3.9710,state,0.861925,0.816518,0.176106,0.293908
3.9810,state,0.870157,0.826153,0.243017,0.153049
3.9910,state,0.872222,0.826569,0.164811,0.035692
3.9916,desired,0.911111,0.911111,0.111111,0.111111
4.0010,state,0.882395,0.826936,0.200290,0.036175
4.0027,state,0.888833,0.831240,0.376050,0.236032
4.0039,state,0.894078,0.848508,0.178581,0.283015
4.0111,state,0.870157,0.826153,0.243017,0.153049
4.0119,desired,0.913335,0.913335,0.111111,0.111111
4.0210,state,0.872222,0.826569,0.164811,0.035692
4.0310,state,0.882395,0.826936,0.200290,0.036175
4.0416,desired,0.916669,0.916669,0.111111,0.111111
4.0419,state,0.888833,0.831240,0.376050,0.236032
4.0511,state,0.894078,0.848508,0.178581,0.283015
4.0611,state,0.870157,0.826153,0.243017,0.153049
4.0710,state,0.872222,0.826569,0.164811,0.035692
4.0716,desired,0.920000,0.920000,0.111111,0.111111
4.0810,state,0.882395,0.826936,0.200290,0.036175
4.0910,state,0.888833,0.831240,0.376050,0.236032
4.1010,state,0.894078,0.848508,0.178581,0.283015
4.1017,desired,0.923334,0.923334,0.111111,0.111111
4.1040,state,0.903131,0.858574,0.256526,0.178098
4.1111,state,0.872222,0.826569,0.164811,0.035692
4.1210,state,0.882395,0.826936,0.200290,0.036175
4.1310,state,0.888833,0.831240,0.376050,0.236032
4.1317,desired,0.926665,0.926665,0.111111,0.111111
4.1410,state,0.894078,0.848508,0.178581,0.283015
4.1511,state,0.903131,0.858574,0.256526,0.178098
4.1519,desired,0.928891,0.928891,0.111111,0.111111
4.1611,state,0.872222,0.826569,0.164811,0.035692
4.1710,state,0.882395,0.826936,0.200290,0.036175
4.1814,desired,0.932222,0.932222,0.111111,0.111111
4.1818,state,0.888833,0.831240,0.376050,0.236032
4.1910,state,0.894078,0.848508,0.178581,0.283015
4.2010,state,0.903131,0.858574,0.256526,0.178098
4.2033,state,0.905418,0.859064,0.169889,0.037522
4.2035,state,0.915611,0.859433,0.204633,0.036749
4.2110,state,0.888833,0.831240,0.376050,0.236032
4.2115,desired,0.935555,0.935555,0.111111,0.111111
4.2210,state,0.894078,0.848508,0.178581,0.283015
4.2310,state,0.903131,0.858574,0.256526,0.178098
4.2316,desired,0.937779,0.937779,0.111111,0.111111
4.2410,state,0.905418,0.859064,0.169889,0.037522
4.2510,state,0.915611,0.859433,0.204633,0.036749
4.2611,state,0.888833,0.831240,0.376050,0.236032
4.2619,desired,0.941112,0.941112,0.111111,0.111111
4.2711,state,0.894078,0.848508,0.178581,0.283015
4.2810,state,0.903131,0.858574,0.256526,0.178098
4.2910,state,0.905418,0.859064,0.169889,0.037522
4.2916,desired,0.944444,0.944444,0.111111,0.111111
4.3011,state,0.915611,0.859433,0.204633,0.036749
4.3039,state,0.922597,0.863867,0.401674,0.244304
4.3050,state,0.928360,0.881890,0.184695,0.296952
4.3111,state,0.903131,0.858574,0.256526,0.178098
4.3119,desired,0.946668,0.946668,0.111111,0.111111
4.3210,state,0.905418,0.859064,0.169889,0.037522
4.3309,state,0.915611,0.859433,0.204633,0.036749
4.3410,state,0.922597,0.863867,0.401674,0.244304
4.3416,desired,0.949999,0.949999,0.111111,0.111111
4.3510,state,0.928360,0.881890,0.184695,0.296952
4.3610,state,0.903131,0.858574,0.256526,0.178098
4.3615,desired,0.952224,0.952224,0.111111,0.111111
4.3709,state,0.905418,0.859064,0.169889,0.037522
4.3810,state,0.915611,0.859433,0.204633,0.036749
4.3909,state,0.922597,0.863867,0.401674,0.244304
4.3912,desired,0.955553,0.955553,0.111111,0.111111
4.4010,state,0.928360,0.881890,0.184695,0.296952
4.4028,state,0.936593,0.891840,0.251541,0.161612
4.4109,state,0.905418,0.859064,0.169889,0.037522
4.4114,desired,0.957777,0.957777,0.111111,0.111111
4.4209,state,0.915611,0.859433,0.204633,0.036749
4.4316,desired,0.960001,0.960001,0.111111,0.111111
4.4319,state,0.922597,0.863867,0.401674,0.244304
4.4409,state,0.928360,0.881890,0.184695,0.296952
4.4510,state,0.936593,0.891840,0.251541,0.161612
4.4609,state,0.905418,0.859064,0.169889,0.037522
4.4615,desired,0.963333,0.963333,0.111111,0.111111
4.4711,state,0.915611,0.859433,0.204633,0.036749
4.4810,state,0.922597,0.863867,0.401674,0.244304
4.4818,desired,0.965557,0.965557,0.111111,0.111111
4.4909,state,0.928360,0.881890,0.184695,0.296952
4.5011,state,0.936593,0.891840,0.251541,0.161612
4.5020,desired,0.967781,0.967781,0.111111,0.111111
4.5029,state,0.938660,0.892277,0.173270,0.037716
4.5039,state,0.948836,0.892606,0.208671,0.037025
4.5111,state,0.922597,0.863867,0.401674,0.244304
4.5211,state,0.928360,0.881890,0.184695,0.296952
4.5310,state,0.936593,0.891840,0.251541,0.161612
4.5315,desired,0.971110,0.971110,0.111111,0.111111
4.5410,state,0.938660,0.892277,0.173270,0.037716
4.5509,state,0.948836,0.892606,0.208671,0.037025
4.5610,state,0.922597,0.863867,0.401674,0.244304
4.5616,desired,0.974443,0.974443,0.111111,0.111111
4.5710,state,0.928360,0.881890,0.184695,0.296952
4.5810,state,0.936593,0.891840,0.251541,0.161612
4.5914,desired,0.977777,0.977777,0.111111,0.111111
4.5916,state,0.938660,0.892277,0.173270,0.037716
4.6011,state,0.948836,0.892606,0.208671,0.037025
4.6032,state,0.955277,0.896785,0.384431,0.233498
4.6039,state,0.960525,0.913957,0.186821,0.285619
4.6111,state,0.936593,0.891840,0.251541,0.161612
4.6119,desired,0.980002,0.980002,0.111111,0.111111
4.6210,state,0.938660,0.892277,0.173270,0.037716
4.6309,state,0.948836,0.892606,0.208671,0.037025
4.6410,state,0.955277,0.896785,0.384431,0.233498
4.6416,desired,0.983331,0.983331,0.111111,0.111111
4.6510,state,0.960525,0.913957,0.186821,0.285619
4.6610,state,0.936593,0.891840,0.251541,0.161612
4.6710,state,0.938660,0.892277,0.173270,0.037716
4.6718,desired,0.986668,0.986668,0.111111,0.111111
4.6809,state,0.948836,0.892606,0.208671,0.037025
4.6909,state,0.955277,0.896785,0.384431,0.233498
4.7013,desired,0.989997,0.989997,0.111111,0.111111
4.7015,state,0.960525,0.913957,0.186821,0.285619
4.7026,state,0.969577,0.924240,0.264675,0.183650
4.7110,state,0.938660,0.892277,0.173270,0.037716
4.7210,state,0.948836,0.892606,0.208671,0.037025
4.7216,desired,0.992220,0.992220,0.111111,0.111111
4.7310,state,0.955277,0.896785,0.384431,0.233498
4.7410,state,0.960525,0.913957,0.186821,0.285619
4.7509,state,0.969577,0.924240,0.264675,0.183650
4.7515,desired,0.995554,0.995554,0.111111,0.111111
4.7609,state,0.938660,0.892277,0.173270,0.037716
4.7710,state,0.948836,0.892606,0.208671,0.037025
4.7718,desired,0.997779,0.997779,0.111111,0.111111
4.7810,state,0.955277,0.896785,0.384431,0.233498
4.7909,state,0.960525,0.913957,0.186821,0.285619
4.8011,state,0.969577,0.924240,0.264675,0.183650
4.8020,desired,1.000000,1.000000,0.000000,0.000000
4.8039,state,0.971866,0.925304,0.177982,0.038451
4.8046,state,0.983061,0.925957,0.216832,0.044966
4.8111,state,0.955277,0.896785,0.384431,0.233498
4.8209,state,0.960525,0.913957,0.186821,0.285619
4.8309,state,0.969577,0.924240,0.264675,0.183650
4.8315,desired,1.000000,1.000000,0.000000,0.000000
4.8410,state,0.971866,0.925304,0.177982,0.038451
4.8509,state,0.983061,0.925957,0.216832,0.044966
4.8514,desired,1.000000,1.000000,0.000000,0.000000
4.8609,state,0.955277,0.896785,0.384431,0.233498
4.8709,state,0.960525,0.913957,0.186821,0.285619
4.8809,state,0.969577,0.924240,0.264675,0.183650
4.8814,desired,1.000000,1.000000,0.000000,0.000000
4.8909,state,0.971866,0.925304,0.177982,0.038451
4.9010,state,0.983061,0.925957,0.216832,0.044966
4.9015,desired,1.000000,1.000000,0.000000,0.000000
4.9029,state,0.989057,0.930360,0.367401,0.229556
4.9038,state,0.993797,0.946852,0.188918,0.275627
4.9110,state,0.969577,0.924240,0.264675,0.183650
4.9209,state,0.971866,0.925304,0.177982,0.038451
4.9309,state,0.983061,0.925957,0.216832,0.044966
4.9314,desired,1.000000,1.000000,0.000000,0.000000
4.9410,state,0.989057,0.930360,0.367401,0.229556
4.9509,state,0.993797,0.946852,0.188918,0.275627
4.9609,state,0.969577,0.924240,0.264675,0.183650
4.9615,desired,1.000000,1.000000,0.000000,0.000000
4.9709,state,0.971866,0.925304,0.177982,0.038451
4.9809,state,0.983061,0.925957,0.216832,0.044966
4.9814,desired,1.000000,1.000000,0.000000,0.000000
4.9909,state,0.989057,0.930360,0.367401,0.229556
5.0009,state,0.993797,0.946852,0.188918,0.275627
5.0023,state,0.995054,0.950478,0.183483,0.039220
5.0109,state,0.971866,0.925304,0.177982,0.038451
5.0114,desired,1.000000,1.000000,0.000000,0.000000
5.0209,state,0.983061,0.925957,0.216832,0.044966
5.0310,state,0.989057,0.930360,0.367401,0.229556
5.0318,desired,1.000000,1.000000,0.000000,0.000000
5.0410,state,0.993797,0.946852,0.188918,0.275627
5.0510,state,0.995054,0.950478,0.183483,0.039220
5.0518,desired,1.000000,1.000000,0.000000,0.000000
5.0609,state,0.971866,0.925304,0.177982,0.038451
5.0710,state,0.983061,0.925957,0.216832,0.044966
5.0809,state,0.989057,0.930360,0.367401,0.229556
5.0814,desired,1.000000,1.000000,0.000000,0.000000
5.0909,state,0.993797,0.946852,0.188918,0.275627
5.1009,state,0.995054,0.950478,0.183483,0.039220
5.1023,state,0.995312,0.950810,0.173701,0.038509
5.1030,state,0.995334,0.951100,0.172887,0.037892
5.1109,state,0.989057,0.930360,0.367401,0.229556
5.1114,desired,1.000000,1.000000,0.000000,0.000000
5.1210,state,0.993797,0.946852,0.188918,0.275627
5.1310,state,0.995054,0.950478,0.183483,0.039220
5.1411,state,0.995312,0.950810,0.173701,0.038509
5.1418,desired,1.000000,1.000000,0.000000,0.000000
5.1511,state,0.995334,0.951100,0.172887,0.037892
5.1611,state,0.989057,0.930360,0.367401,0.229556
5.1711,state,0.993797,0.946852,0.188918,0.275627
5.1719,desired,1.000000,1.000000,0.000000,0.000000
5.1811,state,0.995054,0.950478,0.183483,0.039220
5.1910,state,0.995312,0.950810,0.173701,0.038509
5.2010,state,0.995334,0.951100,0.172887,0.037892
5.2014,desired,1.000000,1.000000,0.000000,0.000000
5.2025,state,0.995335,0.951355,0.172819,0.037354
5.2031,state,0.995335,0.951579,0.172819,0.036886
5.2110,state,0.995054,0.950478,0.183483,0.039220
5.2210,state,0.995312,0.950810,0.173701,0.038509
5.2215,desired,1.000000,1.000000,0.000000,0.000000
5.2310,state,0.995334,0.951100,0.172887,0.037892
5.2410,state,0.995335,0.951355,0.172819,0.037354
5.2511,state,0.995335,0.951579,0.172819,0.036886
5.2519,desired,1.000000,1.000000,0.000000,0.000000
5.2611,state,0.995054,0.950478,0.183483,0.039220
5.2709,state,0.995312,0.950810,0.173701,0.038509
5.2809,state,0.995334,0.951100,0.172887,0.037892
5.2814,desired,1.000000,1.000000,0.000000,0.000000
5.2910,state,0.995335,0.951355,0.172819,0.037354
5.3012,state,0.995335,0.951579,0.172819,0.036886
5.3020,desired,1.000000,1.000000,0.000000,0.000000
5.3037,state,0.995335,0.951776,0.172819,0.036477
5.3110,state,0.995312,0.950810,0.173701,0.038509
5.3209,state,0.995334,0.951100,0.172887,0.037892
5.3309,state,0.995335,0.951355,0.172819,0.037354
5.3314,desired,1.000000,1.000000,0.000000,0.000000
5.3411,state,0.995335,0.951579,0.172819,0.036886
5.3509,state,0.995335,0.951776,0.172819,0.036477
5.3609,state,0.995312,0.950810,0.173701,0.038509
5.3614,desired,1.000000,1.000000,0.000000,0.000000
5.3710,state,0.995334,0.951100,0.172887,0.037892
5.3810,state,0.995335,0.951355,0.172819,0.037354
5.3909,state,0.995335,0.951579,0.172819,0.036886
5.3914,desired,1.000000,1.000000,0.000000,0.000000
5.4011,state,0.995335,0.951776,0.172819,0.036477
5.4038,state,0.995335,0.951949,0.172819,0.036120
5.4046,state,0.995335,0.952101,0.172819,0.035806
5.4110,state,0.995335,0.951355,0.172819,0.037354
5.4115,desired,1.000000,1.000000,0.000000,0.000000
5.4209,state,0.995335,0.951579,0.172819,0.036886
5.4309,state,0.995335,0.951776,0.172819,0.036477
5.4409,state,0.995335,0.951949,0.172819,0.036120
5.4415,desired,1.000000,1.000000,0.000000,0.000000
5.4509,state,0.995335,0.952101,0.172819,0.035806
5.4610,state,0.995335,0.951355,0.172819,0.037354
5.4616,desired,1.000000,1.000000,0.000000,0.000000
5.4709,state,0.995335,0.951579,0.172819,0.036886
5.4810,state,0.995335,0.951776,0.172819,0.036477
5.4909,state,0.995335,0.951949,0.172819,0.036120
5.4914,desired,1.000000,1.000000,0.000000,0.000000
5.5010,state,0.995335,0.952101,0.172819,0.035806
5.5026,state,0.995335,0.952235,0.172819,0.035532
5.5035,state,0.995335,0.952353,0.172819,0.035291
5.5110,state,0.995335,0.951776,0.172819,0.036477
5.5209,state,0.995335,0.951949,0.172819,0.036120
5.5214,desired,1.000000,1.000000,0.000000,0.000000
5.5309,state,0.995335,0.952101,0.172819,0.035806
5.5410,state,0.995335,0.952235,0.172819,0.035532
5.5511,state,0.995335,0.952353,0.172819,0.035291
5.5519,desired,1.000000,1.000000,0.000000,0.000000
5.5610,state,0.995335,0.951776,0.172819,0.036477
5.5711,state,0.995335,0.951949,0.172819,0.036120
5.5809,state,0.995335,0.952101,0.172819,0.035806
5.5814,desired,1.000000,1.000000,0.000000,0.000000
5.5909,state,0.995335,0.952235,0.172819,0.035532
5.6009,state,0.995335,0.952353,0.172819,0.035291
5.6023,state,0.995335,0.952457,0.172819,0.035080
5.6109,state,0.995335,0.951949,0.172819,0.036120
5.6114,desired,1.000000,1.000000,0.000000,0.000000
5.6210,state,0.995335,0.952101,0.172819,0.035806
5.6311,state,0.995335,0.952235,0.172819,0.035532
5.6319,desired,1.000000,1.000000,0.000000,0.000000
5.6410,state,0.995335,0.952353,0.172819,0.035291
5.6511,state,0.995335,0.952457,0.172819,0.035080
5.6609,state,0.995335,0.951949,0.172819,0.036120
5.6614,desired,1.000000,1.000000,0.000000,0.000000
5.6711,state,0.995335,0.952101,0.172819,0.035806
5.6809,state,0.995335,0.952235,0.172819,0.035532
5.6909,state,0.995335,0.952353,0.172819,0.035291
5.6914,desired,1.000000,1.000000,0.000000,0.000000
5.7009,state,0.995335,0.952457,0.172819,0.035080
5.7023,state,0.995335,0.952549,0.172819,0.034893
5.7030,state,0.995335,0.952630,0.172819,0.034731
5.7109,state,0.995335,0.952235,0.172819,0.035532
5.7209,state,0.995335,0.952353,0.172819,0.035291
5.7215,desired,1.000000,1.000000,0.000000,0.000000
5.7309,state,0.995335,0.952457,0.172819,0.035080
5.7410,state,0.995335,0.952549,0.172819,0.034893
5.7509,state,0.995335,0.952630,0.172819,0.034731
5.7513,desired,1.000000,1.000000,0.000000,0.000000
5.7610,state,0.995335,0.952235,0.172819,0.035532
5.7710,state,0.995335,0.952353,0.172819,0.035291
5.7809,state,0.995335,0.952457,0.172819,0.035080
5.7815,desired,1.000000,1.000000,0.000000,0.000000
5.7910,state,0.995335,0.952549,0.172819,0.034893
5.8009,state,0.995335,0.952630,0.172819,0.034731
5.8023,state,0.995335,0.952701,0.172819,0.034587
5.8031,state,0.995335,0.952764,0.172819,0.034459
5.8109,state,0.995335,0.952457,0.172819,0.035080
5.8115,desired,0.997779,0.997779,-0.111111,-0.111111
5.8210,state,0.995335,0.952549,0.172819,0.034893
5.8311,state,0.995335,0.952630,0.172819,0.034731
5.8320,desired,0.995553,0.995553,-0.111111,-0.111111
5.8411,state,0.995335,0.952701,0.172819,0.034587
5.8511,state,0.995335,0.952764,0.172819,0.034459
5.8611,state,0.995335,0.952457,0.172819,0.035080
5.8619,desired,0.992220,0.992220,-0.111111,-0.111111
5.8711,state,0.995335,0.952549,0.172819,0.034893
5.8810,state,0.995335,0.952630,0.172819,0.034731
5.8909,state,0.995335,0.952701,0.172819,0.034587
5.8915,desired,0.988890,0.988890,-0.111111,-0.111111
5.9009,state,0.995335,0.952764,0.172819,0.034459
5.9024,state,0.995335,0.952819,0.172819,0.034348
5.9109,state,0.995335,0.952549,0.172819,0.034893
5.9209,state,0.995335,0.952630,0.172819,0.034731
5.9214,desired,0.985557,0.985557,-0.111111,-0.111111
5.9309,state,0.995335,0.952701,0.172819,0.034587
5.9410,state,0.995335,0.952764,0.172819,0.034459
5.9509,state,0.995335,0.952819,0.172819,0.034348
5.9513,desired,0.982225,0.982225,-0.111111,-0.111111
5.9610,state,0.995335,0.952549,0.172819,0.034893
5.9710,state,0.995335,0.952630,0.172819,0.034731
5.9715,desired,0.980001,0.980001,-0.111111,-0.111111
5.9810,state,0.995335,0.952701,0.172819,0.034587
5.9910,state,0.995335,0.952764,0.172819,0.034459
6.0010,state,0.995335,0.952819,0.172819,0.034348
6.0014,desired,0.976669,0.976669,-0.111111,-0.111111
6.0027,state,0.995335,0.952869,0.172819,0.034250
6.0032,state,0.985330,0.952912,0.130990,0.034163
6.0110,state,0.995335,0.952701,0.172819,0.034587
6.0210,state,0.995335,0.952764,0.172819,0.034459
6.0215,desired,0.974445,0.974445,-0.111111,-0.111111
6.0310,state,0.995335,0.952819,0.172819,0.034348
6.0416,desired,0.972221,0.972221,-0.111111,-0.111111
6.0419,state,0.995335,0.952869,0.172819,0.034250
6.0509,state,0.985330,0.952912,0.130990,0.034163
6.0609,state,0.995335,0.952701,0.172819,0.034587
6.0709,state,0.995335,0.952764,0.172819,0.034459
6.0714,desired,0.968890,0.968890,-0.111111,-0.111111
6.0811,state,0.995335,0.952819,0.172819,0.034348
6.0910,state,0.995335,0.952869,0.172819,0.034250
6.0915,desired,0.966667,0.966667,-0.111111,-0.111111
6.1011,state,0.985330,0.952912,0.130990,0.034163
6.1049,state,0.978904,0.950474,-0.045229,-0.091417
6.1060,state,0.973657,0.937424,0.152330,-0.159121
6.1111,state,0.995335,0.952819,0.172819,0.034348
6.1117,desired,0.964442,0.964442,-0.111111,-0.111111
6.1211,state,0.995335,0.952869,0.172819,0.034250
6.1309,state,0.985330,0.952912,0.130990,0.034163
6.1410,state,0.978904,0.950474,-0.045229,-0.091417
6.1418,desired,0.961110,0.961110,-0.111111,-0.111111
6.1511,state,0.973657,0.937424,0.152330,-0.159121
6.1610,state,0.995335,0.952819,0.172819,0.034348
6.1709,state,0.995335,0.952869,0.172819,0.034250
6.1714,desired,0.957779,0.957779,-0.111111,-0.111111
6.1809,state,0.985330,0.952912,0.130990,0.034163
6.1909,state,0.978904,0.950474,-0.045229,-0.091417
6.2012,state,0.973657,0.937424,0.152330,-0.159121
6.2026,desired,0.954441,0.954441,-0.111111,-0.111111
6.2054,state,0.965463,0.930713,0.083868,-0.068780
6.2110,state,0.995335,0.952869,0.172819,0.034250
6.2209,state,0.985330,0.952912,0.130990,0.034163
6.2309,state,0.978904,0.950474,-0.045229,-0.091417
6.2314,desired,0.951112,0.951112,-0.111111,-0.111111
6.2411,state,0.973657,0.937424,0.152330,-0.159121
6.2511,state,0.965463,0.930713,0.083868,-0.068780
6.2519,desired,0.948887,0.948887,-0.111111,-0.111111
6.2611,state,0.995335,0.952869,0.172819,0.034250
6.2710,state,0.985330,0.952912,0.130990,0.034163
6.2810,state,0.978904,0.950474,-0.045229,-0.091417
6.2813,desired,0.945557,0.945557,-0.111111,-0.111111
6.2910,state,0.973657,0.937424,0.152330,-0.159121
6.3011,state,0.965463,0.930713,0.083868,-0.068780
6.3019,desired,0.943330,0.943330,-0.111111,-0.111111
6.3031,state,0.963398,0.930577,0.162063,0.031666
6.3039,state,0.953224,0.923285,0.126693,-0.154737
6.3111,state,0.978904,0.950474,-0.045229,-0.091417
6.3211,state,0.973657,0.937424,0.152330,-0.159121
6.3310,state,0.965463,0.930713,0.083868,-0.068780
6.3318,desired,0.939999,0.939999,-0.111111,-0.111111
6.3411,state,0.963398,0.930577,0.162063,0.031666
6.3511,state,0.953224,0.923285,0.126693,-0.154737
6.3611,state,0.978904,0.950474,-0.045229,-0.091417
6.3619,desired,0.936664,0.936664,-0.111111,-0.111111
6.3710,state,0.973657,0.937424,0.152330,-0.159121
6.3810,state,0.965463,0.930713,0.083868,-0.068780
6.3909,state,0.963398,0.930577,0.162063,0.031666
6.3914,desired,0.933334,0.933334,-0.111111,-0.111111
6.4011,state,0.953224,0.923285,0.126693,-0.154737
6.4038,state,0.946784,0.913140,-0.049022,-0.158218
6.4052,state,0.941537,0.906471,0.148534,0.029694
6.4111,state,0.965463,0.930713,0.083868,-0.068780
6.4121,desired,0.931108,0.931108,-0.111111,-0.111111
6.4211,state,0.963398,0.930577,0.162063,0.031666
6.4309,state,0.953224,0.923285,0.126693,-0.154737
6.4411,state,0.946784,0.913140,-0.049022,-0.158218
6.4421,desired,0.927776,0.927776,-0.111111,-0.111111
6.4511,state,0.941537,0.906471,0.148534,0.029694
6.4610,state,0.965463,0.930713,0.083868,-0.068780
6.4709,state,0.963398,0.930577,0.162063,0.031666
6.4715,desired,0.924445,0.924445,-0.111111,-0.111111
6.4809,state,0.953224,0.923285,0.126693,-0.154737
6.4909,state,0.946784,0.913140,-0.049022,-0.158218
6.5011,state,0.941537,0.906471,0.148534,0.029694
6.5022,desired,0.921108,0.921108,-0.111111,-0.111111
6.5045,state,0.931621,0.906191,0.061184,0.026122
6.5109,state,0.963398,0.930577,0.162063,0.031666
6.5210,state,0.953224,0.923285,0.126693,-0.154737
6.5309,state,0.946784,0.913140,-0.049022,-0.158218
6.5315,desired,0.917779,0.917779,-0.111111,-0.111111
6.5410,state,0.941537,0.906471,0.148534,0.029694
6.5511,state,0.931621,0.906191,0.061184,0.026122
6.5520,desired,0.915552,0.915552,-0.111111,-0.111111
6.5610,state,0.963398,0.930577,0.162063,0.031666
6.5711,state,0.953224,0.923285,0.126693,-0.154737
6.5811,state,0.946784,0.913140,-0.049022,-0.158218
6.5822,desired,0.912220,0.912220,-0.111111,-0.111111
6.5910,state,0.941537,0.906471,0.148534,0.029694
6.6011,state,0.931621,0.906191,0.061184,0.026122
6.6022,desired,0.909997,0.909997,-0.111111,-0.111111
6.6032,state,0.929107,0.905786,0.156399,0.025806
6.6034,state,0.918895,0.888077,0.122383,-0.283192
6.6110,state,0.946784,0.913140,-0.049022,-0.158218
6.6211,state,0.941537,0.906471,0.148534,0.029694
6.6309,state,0.931621,0.906191,0.061184,0.026122
6.6314,desired,0.906668,0.906668,-0.111111,-0.111111
6.6411,state,0.929107,0.905786,0.156399,0.025806
6.6511,state,0.918895,0.888077,0.122383,-0.283192
6.6519,desired,0.904442,0.904442,-0.111111,-0.111111
6.6610,state,0.946784,0.913140,-0.049022,-0.158218
6.6710,state,0.941537,0.906471,0.148534,0.029694
6.6810,state,0.931621,0.906191,0.061184,0.026122
6.6818,desired,0.901110,0.901110,-0.111111,-0.111111
6.6910,state,0.929107,0.905786,0.156399,0.025806
6.7011,state,0.918895,0.888077,0.122383,-0.283192
6.7022,desired,0.898887,0.898887,-0.111111,-0.111111
6.7038,state,0.912452,0.878042,-0.053244,-0.104112
6.7042,state,0.907206,0.875907,0.144287,0.027755
6.7110,state,0.931621,0.906191,0.061184,0.026122
6.7209,state,0.929107,0.905786,0.156399,0.025806
6.7309,state,0.918895,0.888077,0.122383,-0.283192
6.7314,desired,0.895556,0.895556,-0.111111,-0.111111
6.7409,state,0.912452,0.878042,-0.053244,-0.104112
6.7511,state,0.907206,0.875907,0.144287,0.027755
6.7519,desired,0.893331,0.893331,-0.111111,-0.111111
6.7610,state,0.931621,0.906191,0.061184,0.026122
6.7711,state,0.929107,0.905786,0.156399,0.025806
6.7809,state,0.918895,0.888077,0.122383,-0.283192
6.7814,desired,0.890000,0.890000,-0.111111,-0.111111
6.7911,state,0.912452,0.878042,-0.053244,-0.104112
6.8009,state,0.907206,0.875907,0.144287,0.027755
6.8030,state,0.898154,0.872818,0.066355,-0.080450
6.8110,state,0.929107,0.905786,0.156399,0.025806
6.8118,desired,0.886665,0.886665,-0.111111,-0.111111
6.8210,state,0.918895,0.888077,0.122383,-0.283192
6.8311,state,0.912452,0.878042,-0.053244,-0.104112
6.8409,state,0.907206,0.875907,0.144287,0.027755
6.8414,desired,0.883333,0.883333,-0.111111,-0.111111
6.8511,state,0.898154,0.872818,0.066355,-0.080450
6.8611,state,0.929107,0.905786,0.156399,0.025806
6.8618,desired,0.881109,0.881109,-0.111111,-0.111111
6.8710,state,0.918895,0.888077,0.122383,-0.283192
6.8811,state,0.912452,0.878042,-0.053244,-0.104112
6.8909,state,0.907206,0.875907,0.144287,0.027755
6.8914,desired,0.877778,0.877778,-0.111111,-0.111111
6.9011,state,0.898154,0.872818,0.066355,-0.080450
6.9024,state,0.895866,0.862797,0.152988,-0.102947
6.9026,state,0.886674,0.852884,0.122422,-0.086073
6.9111,state,0.912452,0.878042,-0.053244,-0.104112
6.9119,desired,0.875553,0.875553,-0.111111,-0.111111
6.9211,state,0.907206,0.875907,0.144287,0.027755
6.9309,state,0.898154,0.872818,0.066355,-0.080450
6.9410,state,0.895866,0.862797,0.152988,-0.102947
6.9420,desired,0.872223,0.872223,-0.111111,-0.111111
6.9510,state,0.886674,0.852884,0.122422,-0.086073
6.9609,state,0.912452,0.878042,-0.053244,-0.104112
6.9614,desired,0.870000,0.870000,-0.111111,-0.111111
6.9710,state,0.907206,0.875907,0.144287,0.027755
6.9810,state,0.898154,0.872818,0.066355,-0.080450
6.9909,state,0.895866,0.862797,0.152988,-0.102947
6.9914,desired,0.866667,0.866667,-0.111111,-0.111111
7.0011,state,0.886674,0.852884,0.122422,-0.086073
7.0034,state,0.880331,0.852593,-0.057035,0.027344
7.0050,state,0.875093,0.852383,0.140170,0.027718
7.0110,state,0.898154,0.872818,0.066355,-0.080450
7.0117,desired,0.864444,0.864444,-0.111111,-0.111111
7.0210,state,0.895866,0.862797,0.152988,-0.102947
7.0310,state,0.886674,0.852884,0.122422,-0.086073
7.0409,state,0.880331,0.852593,-0.057035,0.027344
7.0414,desired,0.861112,0.861112,-0.111111,-0.111111
7.0511,state,0.875093,0.852383,0.140170,0.027718
7.0610,state,0.898154,0.872818,0.066355,-0.080450
7.0614,desired,0.858889,0.858889,-0.111111,-0.111111
7.0711,state,0.895866,0.862797,0.152988,-0.102947
7.0810,state,0.886674,0.852884,0.122422,-0.086073
7.0911,state,0.880331,0.852593,-0.057035,0.027344
7.0919,desired,0.855553,0.855553,-0.111111,-0.111111
7.1011,state,0.875093,0.852383,0.140170,0.027718
7.1036,state,0.865182,0.840399,0.052765,-0.317490
7.1111,state,0.895866,0.862797,0.152988,-0.102947
7.1216,desired,0.852223,0.852223,-0.111111,-0.111111
7.1219,state,0.886674,0.852884,0.122422,-0.086073
7.1310,state,0.880331,0.852593,-0.057035,0.027344
7.1410,state,0.875093,0.852383,0.140170,0.027718
7.1511,state,0.865182,0.840399,0.052765,-0.317490
7.1519,desired,0.848886,0.848886,-0.111111,-0.111111
7.1610,state,0.895866,0.862797,0.152988,-0.102947
7.1711,state,0.886674,0.852884,0.122422,-0.086073
7.1810,state,0.880331,0.852593,-0.057035,0.027344
7.1816,desired,0.845556,0.845556,-0.111111,-0.111111
7.1910,state,0.875093,0.852383,0.140170,0.027718
7.2016,state,0.865182,0.840399,0.052765,-0.317490
7.2021,desired,0.843334,0.843334,-0.111111,-0.111111
7.2039,state,0.862671,0.826290,0.147873,-0.089030
7.2041,state,0.852458,0.821732,0.113760,0.025921
7.2111,state,0.880331,0.852593,-0.057035,0.027344
7.2209,state,0.875093,0.852383,0.140170,0.027718
7.2309,state,0.865182,0.840399,0.052765,-0.317490
7.2314,desired,0.840001,0.840001,-0.111111,-0.111111
7.2411,state,0.862671,0.826290,0.147873,-0.089030
7.2510,state,0.852458,0.821732,0.113760,0.025921
7.2516,desired,0.837778,0.837778,-0.111111,-0.111111
7.2610,state,0.880331,0.852593,-0.057035,0.027344
7.2709,state,0.875093,0.852383,0.140170,0.027718
7.2811,state,0.865182,0.840399,0.052765,-0.317490
7.2818,desired,0.834444,0.834444,-0.111111,-0.111111
7.2910,state,0.862671,0.826290,0.147873,-0.089030
7.3009,state,0.852458,0.821732,0.113760,0.025921
7.3032,state,0.846017,0.820696,-0.061882,-0.013646
7.3046,state,0.840774,0.810586,0.135534,-0.154215
7.3110,state,0.865182,0.840399,0.052765,-0.317490
7.3116,desired,0.831112,0.831112,-0.111111,-0.111111
7.3210,state,0.862671,0.826290,0.147873,-0.089030
7.3309,state,0.852458,0.821732,0.113760,0.025921
7.3410,state,0.846017,0.820696,-0.061882,-0.013646
7.3416,desired,0.827779,0.827779,-0.111111,-0.111111
7.3511,state,0.840774,0.810586,0.135534,-0.154215
7.3610,state,0.865182,0.840399,0.052765,-0.317490
7.3709,state,0.862671,0.826290,0.147873,-0.089030
7.3714,desired,0.824446,0.824446,-0.111111,-0.111111
7.3810,state,0.852458,0.821732,0.113760,0.025921
7.3910,state,0.846017,0.820696,-0.061882,-0.013646
7.3916,desired,0.822220,0.822220,-0.111111,-0.111111
7.4009,state,0.840774,0.810586,0.135534,-0.154215
7.4030,state,0.831723,0.800219,0.057539,-0.161506
7.4110,state,0.862671,0.826290,0.147873,-0.089030
7.4210,state,0.852458,0.821732,0.113760,0.025921
7.4216,desired,0.818890,0.818890,-0.111111,-0.111111
7.4310,state,0.846017,0.820696,-0.061882,-0.013646
7.4411,state,0.840774,0.810586,0.135534,-0.154215
7.4419,desired,0.816662,0.816662,-0.111111,-0.111111
7.4511,state,0.831723,0.800219,0.057539,-0.161506
7.4609,state,0.862671,0.826290,0.147873,-0.089030
7.4709,state,0.852458,0.821732,0.113760,0.025921
7.4715,desired,0.813335,0.813335,-0.111111,-0.111111
7.4809,state,0.846017,0.820696,-0.061882,-0.013646
7.4909,state,0.840774,0.810586,0.135534,-0.154215
7.5012,state,0.831723,0.800219,0.057539,-0.161506
7.5017,desired,0.810002,0.810002,-0.111111,-0.111111
7.5021,state,0.829438,0.797220,0.144105,0.025156
7.5034,state,0.820247,0.796972,0.113460,0.025578
7.5110,state,0.846017,0.820696,-0.061882,-0.013646
7.5210,state,0.840774,0.810586,0.135534,-0.154215
7.5310,state,0.831723,0.800219,0.057539,-0.161506
7.5319,desired,0.806669,0.806669,-0.111111,-0.111111
7.5410,state,0.829438,0.797220,0.144105,0.025156
7.5510,state,0.820247,0.796972,0.113460,0.025578
7.5516,desired,0.804445,0.804445,-0.111111,-0.111111
7.5610,state,0.846017,0.820696,-0.061882,-0.013646
7.5710,state,0.840774,0.810586,0.135534,-0.154215
7.5716,desired,0.802222,0.802222,-0.111111,-0.111111
7.5809,state,0.831723,0.800219,0.057539,-0.161506
7.5909,state,0.829438,0.797220,0.144105,0.025156
7.6011,state,0.820247,0.796972,0.113460,0.025578
7.6017,desired,0.798885,0.798885,-0.111111,-0.111111
7.6024,state,0.813908,0.792374,-0.065933,-0.195800
7.6029,state,0.808675,0.775462,0.131090,-0.189725
7.6110,state,0.831723,0.800219,0.057539,-0.161506
7.6210,state,0.829438,0.797220,0.144105,0.025156
7.6310,state,0.820247,0.796972,0.113460,0.025578
7.6316,desired,0.795554,0.795554,-0.111111,-0.111111
7.6409,state,0.813908,0.792374,-0.065933,-0.195800
7.6510,state,0.808675,0.775462,0.131090,-0.189725
7.6516,desired,0.793332,0.793332,-0.111111,-0.111111
7.6609,state,0.831723,0.800219,0.057539,-0.161506
7.6710,state,0.829438,0.797220,0.144105,0.025156
7.6809,state,0.820247,0.796972,0.113460,0.025578
7.6816,desired,0.790001,0.790001,-0.111111,-0.111111
7.6909,state,0.813908,0.792374,-0.065933,-0.195800
7.7010,state,0.808675,0.775462,0.131090,-0.189725
7.7015,desired,0.787774,0.787774,-0.111111,-0.111111
7.7027,state,0.799625,0.771727,0.053036,0.023903
7.7111,state,0.829438,0.797220,0.144105,0.025156
7.7210,state,0.820247,0.796972,0.113460,0.025578
7.7309,state,0.813908,0.792374,-0.065933,-0.195800
7.7315,desired,0.784447,0.784447,-0.111111,-0.111111
7.7410,state,0.808675,0.775462,0.131090,-0.189725
7.7511,state,0.799625,0.771727,0.053036,0.023903
7.7519,desired,0.782221,0.782221,-0.111111,-0.111111
7.7610,state,0.829438,0.797220,0.144105,0.025156
7.7710,state,0.820247,0.796972,0.113460,0.025578
7.7810,state,0.813908,0.792374,-0.065933,-0.195800
7.7816,desired,0.778891,0.778891,-0.111111,-0.111111
7.7910,state,0.808675,0.775462,0.131090,-0.189725
7.8013,state,0.799625,0.771727,0.053036,0.023903
7.8031,state,0.797340,0.771443,0.139565,0.024280
7.8037,state,0.786151,0.757129,0.100491,-0.232240
7.8110,state,0.813908,0.792374,-0.065933,-0.195800
7.8117,desired,0.775557,0.775557,-0.111111,-0.111111
7.8210,state,0.808675,0.775462,0.131090,-0.189725
7.8311,state,0.799625,0.771727,0.053036,0.023903
7.8319,desired,0.773332,0.773332,-0.111111,-0.111111
7.8410,state,0.797340,0.771443,0.139565,0.024280
7.8510,state,0.786151,0.757129,0.100491,-0.232240
7.8518,desired,0.771109,0.771109,-0.111111,-0.111111
7.8610,state,0.813908,0.792374,-0.065933,-0.195800
7.8709,state,0.808675,0.775462,0.131090,-0.189725
7.8813,desired,0.767779,0.767779,-0.111111,-0.111111
7.8816,state,0.799625,0.771727,0.053036,0.023903
7.8910,state,0.797340,0.771443,0.139565,0.024280
7.9023,state,0.786151,0.757129,0.100491,-0.232240
7.9029,desired,0.765552,0.765552,-0.111111,-0.111111
7.9051,state,0.779615,0.751942,-0.071566,0.022147
7.9068,state,0.774366,0.751653,0.126072,0.023618
7.9111,state,0.799625,0.771727,0.053036,0.023903
7.9211,state,0.797340,0.771443,0.139565,0.024280
7.9310,state,0.786151,0.757129,0.100491,-0.232240
7.9319,desired,0.762221,0.762221,-0.111111,-0.111111
7.9410,state,0.779615,0.751942,-0.071566,0.022147
7.9511,state,0.774366,0.751653,0.126072,0.023618
7.9519,desired,0.759998,0.759998,-0.111111,-0.111111
7.9610,state,0.799625,0.771727,0.053036,0.023903
7.9710,state,0.797340,0.771443,0.139565,0.024280
7.9809,state,0.786151,0.757129,0.100491,-0.232240
7.9815,desired,0.756668,0.756668,-0.111111,-0.111111
7.9910,state,0.779615,0.751942,-0.071566,0.022147
8.0009,state,0.774366,0.751653,0.126072,0.023618
8.0029,state,0.765315,0.741155,0.048053,-0.277284
8.0109,state,0.797340,0.771443,0.139565,0.024280
8.0116,desired,0.753335,0.753335,-0.111111,-0.111111
8.0210,state,0.786151,0.757129,0.100491,-0.232240
8.0311,state,0.779615,0.751942,-0.071566,0.022147
8.0317,desired,0.751110,0.751110,-0.111111,-0.111111
8.0410,state,0.774366,0.751653,0.126072,0.023618
8.0511,state,0.765315,0.741155,0.048053,-0.277284
8.0517,desired,0.748886,0.748886,-0.111111,-0.111111
8.0610,state,0.797340,0.771443,0.139565,0.024280
8.0710,state,0.786151,0.757129,0.100491,-0.232240
8.0810,state,0.779615,0.751942,-0.071566,0.022147
8.0816,desired,0.745557,0.745557,-0.111111,-0.111111
8.0910,state,0.774366,0.751653,0.126072,0.023618
8.1016,state,0.765315,0.741155,0.048053,-0.277284
8.1033,state,0.763031,0.729816,0.134556,-0.033641
8.1040,state,0.752843,0.729468,0.099637,0.022449
8.1114,desired,0.742223,0.742223,-0.111111,-0.111111
8.1116,state,0.779615,0.751942,-0.071566,0.022147
8.1210,state,0.774366,0.751653,0.126072,0.023618
8.1310,state,0.765315,0.741155,0.048053,-0.277284
8.1318,desired,0.739999,0.739999,-0.111111,-0.111111
8.1410,state,0.763031,0.729816,0.134556,-0.033641
8.1511,state,0.752843,0.729468,0.099637,0.022449
8.1609,state,0.779615,0.751942,-0.071566,0.022147
8.1616,desired,0.736669,0.736669,-0.111111,-0.111111
8.1710,state,0.774366,0.751653,0.126072,0.023618
8.1809,state,0.765315,0.741155,0.048053,-0.277284
8.1910,state,0.763031,0.729816,0.134556,-0.033641
8.1916,desired,0.733335,0.733335,-0.111111,-0.111111
8.2010,state,0.752843,0.729468,0.099637,0.022449
8.2041,state,0.746950,0.725559,-0.054796,-0.160531
8.2053,state,0.742226,0.710771,0.123070,-0.164104
8.2110,state,0.765315,0.741155,0.048053,-0.277284
8.2115,desired,0.731111,0.731111,-0.111111,-0.111111
8.2209,state,0.763031,0.729816,0.134556,-0.033641
8.2309,state,0.752843,0.729468,0.099637,0.022449
8.2409,state,0.746950,0.725559,-0.054796,-0.160531
8.2415,desired,0.727779,0.727779,-0.111111,-0.111111
8.2509,state,0.742226,0.710771,0.123070,-0.164104
8.2609,state,0.765315,0.741155,0.048053,-0.277284
8.2709,state,0.763031,0.729816,0.134556,-0.033641
8.2714,desired,0.724447,0.724447,-0.111111,-0.111111
8.2809,state,0.752843,0.729468,0.099637,0.022449
8.2909,state,0.746950,0.725559,-0.054796,-0.160531
8.2915,desired,0.722224,0.722224,-0.111111,-0.111111
8.3013,state,0.742226,0.710771,0.123070,-0.164104
8.3035,state,0.733220,0.709738,0.043386,0.021967
8.3110,state,0.763031,0.729816,0.134556,-0.033641
8.3116,desired,0.719998,0.719998,-0.111111,-0.111111
8.3209,state,0.752843,0.729468,0.099637,0.022449
8.3309,state,0.746950,0.725559,-0.054796,-0.160531
8.3409,state,0.742226,0.710771,0.123070,-0.164104
8.3415,desired,0.716667,0.716667,-0.111111,-0.111111
8.3509,state,0.733220,0.709738,0.043386,0.021967
8.3609,state,0.763031,0.729816,0.134556,-0.033641
8.3709,state,0.752843,0.729468,0.099637,0.022449
8.3714,desired,0.713335,0.713335,-0.111111,-0.111111
8.3809,state,0.746950,0.725559,-0.054796,-0.160531
8.3909,state,0.742226,0.710771,0.123070,-0.164104
8.4013,state,0.733220,0.709738,0.043386,0.021967
8.4022,desired,0.709960,0.709960,-0.111111,-0.111111
8.4037,state,0.730940,0.709456,0.129723,0.022413
8.4041,state,0.719753,0.691905,0.090553,-0.277106
8.4110,state,0.746950,0.725559,-0.054796,-0.160531
8.4209,state,0.742226,0.710771,0.123070,-0.164104
8.4310,state,0.733220,0.709738,0.043386,0.021967
8.4316,desired,0.706668,0.706668,-0.111111,-0.111111
8.4410,state,0.730940,0.709456,0.129723,0.022413
8.4510,state,0.719753,0.691905,0.090553,-0.277106
8.4610,state,0.746950,0.725559,-0.054796,-0.160531
8.4616,desired,0.703335,0.703335,-0.111111,-0.111111
8.4710,state,0.742226,0.710771,0.123070,-0.164104
8.4810,state,0.733220,0.709738,0.043386,0.021967
8.4910,state,0.730940,0.709456,0.129723,0.022413
8.4914,desired,0.700000,0.700000,-0.111111,-0.111111
8.5010,state,0.719753,0.691905,0.090553,-0.277106
8.5037,state,0.713218,0.686050,-0.081551,0.020806
8.5052,state,0.707971,0.685738,0.116005,0.021216
8.5110,state,0.733220,0.709738,0.043386,0.021967
8.5210,state,0.730940,0.709456,0.129723,0.022413
8.5219,desired,0.696667,0.696667,-0.111111,-0.111111
8.5310,state,0.719753,0.691905,0.090553,-0.277106
8.5410,state,0.713218,0.686050,-0.081551,0.020806
8.5510,state,0.707971,0.685738,0.116005,0.021216
8.5518,desired,0.693335,0.693335,-0.111111,-0.111111
8.5610,state,0.733220,0.709738,0.043386,0.021967
8.5710,state,0.730940,0.709456,0.129723,0.022413
8.5716,desired,0.691112,0.691112,-0.111111,-0.111111
8.5810,state,0.719753,0.691905,0.090553,-0.277106
8.5910,state,0.713218,0.686050,-0.081551,0.020806
8.5919,desired,0.688889,0.688889,-0.111111,-0.111111
8.6010,state,0.707971,0.685738,0.116005,0.021216
8.6038,state,0.698921,0.675584,0.037930,-0.269662
8.6110,state,0.730940,0.709456,0.129723,0.022413
8.6118,desired,0.686667,0.686667,-0.111111,-0.111111
8.6210,state,0.719753,0.691905,0.090553,-0.277106
8.6310,state,0.713218,0.686050,-0.081551,0.020806
8.6410,state,0.707971,0.685738,0.116005,0.021216
8.6416,desired,0.683334,0.683334,-0.111111,-0.111111
8.6510,state,0.698921,0.675584,0.037930,-0.269662
8.6609,state,0.730940,0.709456,0.129723,0.022413
8.6710,state,0.719753,0.691905,0.090553,-0.277106
8.6716,desired,0.680001,0.680001,-0.111111,-0.111111
8.6809,state,0.713218,0.686050,-0.081551,0.020806
8.6910,state,0.707971,0.685738,0.116005,0.021216
8.6916,desired,0.677777,0.677777,-0.111111,-0.111111
8.7009,state,0.698921,0.675584,0.037930,-0.269662
8.7035,state,0.696639,0.665394,0.124372,-0.001583
8.7044,state,0.686452,0.665072,0.089398,0.020547
8.7110,state,0.713218,0.686050,-0.081551,0.020806
8.7209,state,0.707971,0.685738,0.116005,0.021216
8.7214,desired,0.674445,0.674445,-0.111111,-0.111111
8.7309,state,0.698921,0.675584,0.037930,-0.269662
8.7413,desired,0.672222,0.672222,-0.111111,-0.111111
8.7415,state,0.696639,0.665394,0.124372,-0.001583
8.7510,state,0.686452,0.665072,0.089398,0.020547
8.7610,state,0.713218,0.686050,-0.081551,0.020806
8.7715,desired,0.668889,0.668889,-0.111111,-0.111111
8.7718,state,0.707971,0.685738,0.116005,0.021216
8.7810,state,0.698921,0.675584,0.037930,-0.269662
8.7910,state,0.696639,0.665394,0.124372,-0.001583
8.8022,desired,0.665552,0.665552,-0.111111,-0.111111
8.8025,state,0.686452,0.665072,0.089398,0.020547
8.8035,state,0.680014,0.660403,-0.086464,-0.201288
8.8046,state,0.674776,0.644121,0.110774,-0.175889
8.8110,state,0.698921,0.675584,0.037930,-0.269662
8.8210,state,0.696639,0.665394,0.124372,-0.001583
8.8310,state,0.686452,0.665072,0.089398,0.020547
8.8317,desired,0.662223,0.662223,-0.111111,-0.111111
8.8410,state,0.680014,0.660403,-0.086464,-0.201288
8.8509,state,0.674776,0.644121,0.110774,-0.175889
8.8610,state,0.698921,0.675584,0.037930,-0.269662
8.8616,desired,0.658889,0.658889,-0.111111,-0.111111
8.8710,state,0.696639,0.665394,0.124372,-0.001583
8.8810,state,0.686452,0.665072,0.089398,0.020547
8.8909,state,0.680014,0.660403,-0.086464,-0.201288
8.8914,desired,0.655557,0.655557,-0.111111,-0.111111
8.9014,state,0.674776,0.644121,0.110774,-0.175889
8.9038,state,0.665730,0.643198,0.032678,0.019714
8.9110,state,0.696639,0.665394,0.124372,-0.001583
8.9116,desired,0.653333,0.653333,-0.111111,-0.111111
8.9210,state,0.686452,0.665072,0.089398,0.020547
8.9310,state,0.680014,0.660403,-0.086464,-0.201288
8.9410,state,0.674776,0.644121,0.110774,-0.175889
8.9416,desired,0.650000,0.650000,-0.111111,-0.111111
8.9510,state,0.665730,0.643198,0.032678,0.019714
8.9611,state,0.696639,0.665394,0.124372,-0.001583
8.9619,desired,0.647775,0.647775,-0.111111,-0.111111
8.9710,state,0.686452,0.665072,0.089398,0.020547
8.9810,state,0.680014,0.660403,-0.086464,-0.201288
8.9910,state,0.674776,0.644121,0.110774,-0.175889
8.9916,desired,0.644445,0.644445,-0.111111,-0.111111
9.0018,state,0.665730,0.643198,0.032678,0.019714
9.0047,state,0.663449,0.642908,0.119064,0.020146
9.0050,state,0.654263,0.627440,0.088268,-0.246201
9.0116,desired,0.642222,0.642222,-0.111111,-0.111111
9.0119,state,0.680014,0.660403,-0.086464,-0.201288
9.0210,state,0.674776,0.644121,0.110774,-0.175889
9.0309,state,0.665730,0.643198,0.032678,0.019714
9.0411,state,0.663449,0.642908,0.119064,0.020146
9.0417,desired,0.638889,0.638889,-0.111111,-0.111111
9.0510,state,0.654263,0.627440,0.088268,-0.246201
9.0610,state,0.680014,0.660403,-0.086464,-0.201288
9.0710,state,0.674776,0.644121,0.110774,-0.175889
9.0717,desired,0.635557,0.635557,-0.111111,-0.111111
9.0810,state,0.665730,0.643198,0.032678,0.019714
9.0910,state,0.663449,0.642908,0.119064,0.020146
9.1024,state,0.654263,0.627440,0.088268,-0.246201
9.1033,desired,0.632218,0.632218,-0.111111,-0.111111
9.1056,state,0.647924,0.623247,-0.091291,0.018714
9.1067,state,0.642695,0.622936,0.105590,0.019162
9.1110,state,0.665730,0.643198,0.032678,0.019714
9.1210,state,0.663449,0.642908,0.119064,0.020146
9.1313,desired,0.628890,0.628890,-0.111111,-0.111111
9.1315,state,0.654263,0.627440,0.088268,-0.246201
9.1411,state,0.647924,0.623247,-0.091291,0.018714
9.1510,state,0.642695,0.622936,0.105590,0.019162
9.1615,desired,0.625556,0.625556,-0.111111,-0.111111
9.1619,state,0.665730,0.643198,0.032678,0.019714
9.1710,state,0.663449,0.642908,0.119064,0.020146
9.1810,state,0.654263,0.627440,0.088268,-0.246201
9.1909,state,0.647924,0.623247,-0.091291,0.018714
9.1914,desired,0.622223,0.622223,-0.111111,-0.111111
9.2012,state,0.642695,0.622936,0.105590,0.019162
9.2027,state,0.632788,0.611072,0.017985,-0.315462
9.2110,state,0.663449,0.642908,0.119064,0.020146
9.2116,desired,0.620000,0.620000,-0.111111,-0.111111
9.2210,state,0.654263,0.627440,0.088268,-0.246201
9.2309,state,0.647924,0.623247,-0.091291,0.018714
9.2410,state,0.642695,0.622936,0.105590,0.019162
9.2417,desired,0.616668,0.616668,-0.111111,-0.111111
9.2509,state,0.632788,0.611072,0.017985,-0.315462
9.2610,state,0.663449,0.642908,0.119064,0.020146
9.2710,state,0.654263,0.627440,0.088268,-0.246201
9.2716,desired,0.613334,0.613334,-0.111111,-0.111111
9.2810,state,0.647924,0.623247,-0.091291,0.018714
9.2911,state,0.642695,0.622936,0.105590,0.019162
9.2919,desired,0.611109,0.611109,-0.111111,-0.111111
9.3012,state,0.632788,0.611072,0.017985,-0.315462
9.3047,state,0.630284,0.600125,0.112853,0.000654
9.3050,state,0.620079,0.599786,0.078508,0.018079
9.3110,state,0.647924,0.623247,-0.091291,0.018714
9.3118,desired,0.608886,0.608886,-0.111111,-0.111111
9.3211,state,0.642695,0.622936,0.105590,0.019162
9.3310,state,0.632788,0.611072,0.017985,-0.315462
9.3410,state,0.630284,0.600125,0.112853,0.000654
9.3417,desired,0.605556,0.605556,-0.111111,-0.111111
9.3510,state,0.620079,0.599786,0.078508,0.018079
9.3610,state,0.647924,0.623247,-0.091291,0.018714
9.3710,state,0.642695,0.622936,0.105590,0.019162
9.3716,desired,0.602223,0.602223,-0.111111,-0.111111
9.3810,state,0.632788,0.611072,0.017985,-0.315462
9.3910,state,0.630284,0.600125,0.112853,0.000654
9.4009,state,0.620079,0.599786,0.078508,0.018079
9.4016,desired,0.598890,0.598890,-0.111111,-0.111111
9.4030,state,0.613641,0.595094,-0.097347,-0.204028
9.4047,state,0.608404,0.579167,0.099843,-0.167874
9.4110,state,0.632788,0.611072,0.017985,-0.315462
9.4210,state,0.630284,0.600125,0.112853,0.000654
9.4310,state,0.620079,0.599786,0.078508,0.018079
9.4316,desired,0.595557,0.595557,-0.111111,-0.111111
9.4410,state,0.613641,0.595094,-0.097347,-0.204028
9.4510,state,0.608404,0.579167,0.099843,-0.167874
9.4610,state,0.632788,0.611072,0.017985,-0.315462
9.4616,desired,0.592222,0.592222,-0.111111,-0.111111
9.4710,state,0.630284,0.600125,0.112853,0.000654
9.4810,state,0.620079,0.599786,0.078508,0.018079
9.4910,state,0.613641,0.595094,-0.097347,-0.204028
9.4916,desired,0.588890,0.588890,-0.111111,-0.111111
9.5009,state,0.608404,0.579167,0.099843,-0.167874
9.5028,state,0.599359,0.578737,0.021701,0.017237
9.5110,state,0.630284,0.600125,0.112853,0.000654
9.5209,state,0.620079,0.599786,0.078508,0.018079
9.5215,desired,0.585557,0.585557,-0.111111,-0.111111
9.5309,state,0.613641,0.595094,-0.097347,-0.204028
9.5410,state,0.608404,0.579167,0.099843,-0.167874
9.5513,desired,0.582223,0.582223,-0.111111,-0.111111
9.5515,state,0.599359,0.578737,0.021701,0.017237
9.5610,state,0.630284,0.600125,0.112853,0.000654
9.5709,state,0.620079,0.599786,0.078508,0.018079
9.5812,desired,0.578890,0.578890,-0.111111,-0.111111
9.5814,state,0.613641,0.595094,-0.097347,-0.204028
9.5910,state,0.608404,0.579167,0.099843,-0.167874
9.6010,state,0.599359,0.578737,0.021701,0.017237
9.6016,desired,0.576668,0.576668,-0.111111,-0.111111
9.6029,state,0.597080,0.578426,0.108032,0.017664
9.6031,state,0.587896,0.562391,0.077176,-0.251866
9.6110,state,0.613641,0.595094,-0.097347,-0.204028
9.6210,state,0.608404,0.579167,0.099843,-0.167874
9.6310,state,0.599359,0.578737,0.021701,0.017237
9.6316,desired,0.573334,0.573334,-0.111111,-0.111111
9.6410,state,0.597080,0.578426,0.108032,0.017664
9.6510,state,0.587896,0.562391,0.077176,-0.251866
9.6610,state,0.613641,0.595094,-0.097347,-0.204028
9.6616,desired,0.570000,0.570000,-0.111111,-0.111111
9.6710,state,0.608404,0.579167,0.099843,-0.167874
9.6810,state,0.599359,0.578737,0.021701,0.017237
9.6910,state,0.597080,0.578426,0.108032,0.017664
9.6916,desired,0.566668,0.566668,-0.111111,-0.111111
9.7010,state,0.587896,0.562391,0.077176,-0.251866
9.7033,state,0.581558,0.558301,-0.102386,0.016652
9.7040,state,0.576332,0.557997,0.094399,0.017061
9.7110,state,0.599359,0.578737,0.021701,0.017237
9.7209,state,0.597080,0.578426,0.108032,0.017664
9.7216,desired,0.563336,0.563336,-0.111111,-0.111111
9.7309,state,0.587896,0.562391,0.077176,-0.251866
9.7409,state,0.581558,0.558301,-0.102386,0.016652
9.7415,desired,0.561112,0.561112,-0.111111,-0.111111
9.7510,state,0.576332,0.557997,0.094399,0.017061
9.7610,state,0.599359,0.578737,0.021701,0.017237
9.7710,state,0.597080,0.578426,0.108032,0.017664
9.7718,desired,0.557779,0.557779,-0.111111,-0.111111
9.7810,state,0.587896,0.562391,0.077176,-0.251866
9.7910,state,0.581558,0.558301,-0.102386,0.016652
9.7918,desired,0.555554,0.555554,-0.111111,-0.111111
9.8011,state,0.576332,0.557997,0.094399,0.017061
9.8025,state,0.567286,0.546509,0.016189,-0.306642
9.8110,state,0.597080,0.578426,0.108032,0.017664
9.8210,state,0.587896,0.562391,0.077176,-0.251866
9.8216,desired,0.552224,0.552224,-0.111111,-0.111111
9.8310,state,0.581558,0.558301,-0.102386,0.016652
9.8410,state,0.576332,0.557997,0.094399,0.017061
9.8515,desired,0.548890,0.548890,-0.111111,-0.111111
9.8518,state,0.567286,0.546509,0.016189,-0.306642
9.8610,state,0.597080,0.578426,0.108032,0.017664
9.8710,state,0.587896,0.562391,0.077176,-0.251866
9.8718,desired,0.546667,0.546667,-0.111111,-0.111111
9.8810,state,0.581558,0.558301,-0.102386,0.016652
9.8910,state,0.576332,0.557997,0.094399,0.017061
9.9010,state,0.567286,0.546509,0.016189,-0.306642
9.9021,desired,0.543335,0.543335,-0.111111,-0.111111
9.9024,state,0.565007,0.536486,0.102513,0.016019
9.9035,state,0.553822,0.536175,0.063189,0.016181
9.9110,state,0.581558,0.558301,-0.102386,0.016652
9.9210,state,0.576332,0.557997,0.094399,0.017061
9.9216,desired,0.541111,0.541111,-0.111111,-0.111111
9.9310,state,0.567286,0.546509,0.016189,-0.306642
9.9410,state,0.565007,0.536486,0.102513,0.016019
9.9510,state,0.553822,0.536175,0.063189,0.016181
9.9517,desired,0.537778,0.537778,-0.111111,-0.111111
9.9610,state,0.581558,0.558301,-0.102386,0.016652
9.9710,state,0.576332,0.557997,0.094399,0.017061
9.9810,state,0.567286,0.546509,0.016189,-0.306642
9.9816,desired,0.534445,0.534445,-0.111111,-0.111111
9.9910,state,0.565007,0.536486,0.102513,0.016019
10.0009,state,0.553822,0.536175,0.063189,0.016181
10.0021,state,0.547291,0.530895,-0.108960,-0.236657
10.0034,state,0.542050,0.513894,0.088374,-0.173966
10.0110,state,0.567286,0.546509,0.016189,-0.306642
10.0117,desired,0.531111,0.531111,-0.111111,-0.111111
10.0210,state,0.565007,0.536486,0.102513,0.016019
10.0310,state,0.553822,0.536175,0.063189,0.016181
10.0410,state,0.547291,0.530895,-0.108960,-0.236657
10.0417,desired,0.527778,0.527778,-0.111111,-0.111111
10.0510,state,0.542050,0.513894,0.088374,-0.173966
10.0609,state,0.567286,0.546509,0.016189,-0.306642
10.0710,state,0.565007,0.536486,0.102513,0.016019
10.0718,desired,0.524445,0.524445,-0.111111,-0.111111
10.0810,state,0.553822,0.536175,0.063189,0.016181
10.0910,state,0.547291,0.530895,-0.108960,-0.236657
10.1010,state,0.542050,0.513894,0.088374,-0.173966
10.1020,desired,0.521111,0.521111,-0.111111,-0.111111
10.1032,state,0.533003,0.513481,0.010185,0.015235
10.1110,state,0.565007,0.536486,0.102513,0.016019
10.1210,state,0.553822,0.536175,0.063189,0.016181
10.1310,state,0.547291,0.530895,-0.108960,-0.236657
10.1318,desired,0.517778,0.517778,-0.111111,-0.111111
10.1410,state,0.542050,0.513894,0.088374,-0.173966
10.1510,state,0.533003,0.513481,0.010185,0.015235
10.1610,state,0.565007,0.536486,0.102513,0.016019
10.1618,desired,0.514446,0.514446,-0.111111,-0.111111
10.1710,state,0.553822,0.536175,0.063189,0.016181
10.1810,state,0.547291,0.530895,-0.108960,-0.236657
10.1910,state,0.542050,0.513894,0.088374,-0.173966
10.1918,desired,0.511111,0.511111,-0.111111,-0.111111
10.2010,state,0.533003,0.513481,0.010185,0.015235
10.2026,state,0.530725,0.513186,0.096492,0.015611
10.2028,state,0.520542,0.496113,0.061372,-0.263572
10.2110,state,0.547291,0.530895,-0.108960,-0.236657
10.2210,state,0.542050,0.513894,0.088374,-0.173966
10.2216,desired,0.507778,0.507778,-0.111111,-0.111111
10.2310,state,0.533003,0.513481,0.010185,0.015235
10.2410,state,0.530725,0.513186,0.096492,0.015611
10.2510,state,0.520542,0.496113,0.061372,-0.263572
10.2518,desired,0.504445,0.504445,-0.111111,-0.111111
10.2610,state,0.547291,0.530895,-0.108960,-0.236657
10.2710,state,0.542050,0.513894,0.088374,-0.173966
10.2718,desired,0.502223,0.502223,-0.111111,-0.111111
10.2810,state,0.533003,0.513481,0.010185,0.015235
10.2910,state,0.530725,0.513186,0.096492,0.015611
10.2918,desired,0.500000,0.500000,-0.111111,-0.111111
10.3010,state,0.520542,0.496113,0.061372,-0.263572
10.3026,state,0.514652,0.492071,-0.093173,0.014705
10.3039,state,0.509935,0.491791,0.084443,0.015056
10.3110,state,0.533003,0.513481,0.010185,0.015235
10.3210,state,0.530725,0.513186,0.096492,0.015611
10.3216,desired,0.496667,0.496667,-0.111111,-0.111111
10.3309,state,0.520542,0.496113,0.061372,-0.263572
10.3410,state,0.514652,0.492071,-0.093173,0.014705
10.3509,state,0.509935,0.491791,0.084443,0.015056
10.3515,desired,0.493336,0.493336,-0.111111,-0.111111
10.3610,state,0.533003,0.513481,0.010185,0.015235
10.3710,state,0.530725,0.513186,0.096492,0.015611
10.3716,desired,0.491112,0.491112,-0.111111,-0.111111
10.3810,state,0.520542,0.496113,0.061372,-0.263572
10.3911,state,0.514652,0.492071,-0.093173,0.014705
10.3918,desired,0.488886,0.488886,-0.111111,-0.111111
10.4010,state,0.509935,0.491791,0.084443,0.015056
10.4026,state,0.500933,0.480857,0.004610,-0.294215
10.4110,state,0.530725,0.513186,0.096492,0.015611
10.4209,state,0.520542,0.496113,0.061372,-0.263572
10.4216,desired,0.485558,0.485558,-0.111111,-0.111111
10.4310,state,0.514652,0.492071,-0.093173,0.014705
10.4411,state,0.509935,0.491791,0.084443,0.015056
10.4418,desired,0.483335,0.483335,-0.111111,-0.111111
10.4510,state,0.500933,0.480857,0.004610,-0.294215
10.4610,state,0.530725,0.513186,0.096492,0.015611
10.4710,state,0.520542,0.496113,0.061372,-0.263572
10.4716,desired,0.480002,0.480002,-0.111111,-0.111111
10.4810,state,0.514652,0.492071,-0.093173,0.014705
10.4910,state,0.509935,0.491791,0.084443,0.015056
10.5013,desired,0.476667,0.476667,-0.111111,-0.111111
10.5015,state,0.500933,0.480857,0.004610,-0.294215
10.5027,state,0.498658,0.471493,0.090759,0.014558
10.5041,state,0.488476,0.471235,0.055596,0.014647
10.5110,state,0.514652,0.492071,-0.093173,0.014705
10.5210,state,0.509935,0.491791,0.084443,0.015056
10.5310,state,0.500933,0.480857,0.004610,-0.294215
10.5319,desired,0.473332,0.473332,-0.111111,-0.111111
10.5410,state,0.498658,0.471493,0.090759,0.014558
10.5510,state,0.488476,0.471235,0.055596,0.014647
10.5610,state,0.514652,0.492071,-0.093173,0.014705
10.5618,desired,0.470000,0.470000,-0.111111,-0.111111
10.5710,state,0.509935,0.491791,0.084443,0.015056
10.5810,state,0.500933,0.480857,0.004610,-0.294215
10.5819,desired,0.467776,0.467776,-0.111111,-0.111111
10.5910,state,0.498658,0.471493,0.090759,0.014558
10.6014,state,0.488476,0.471235,0.055596,0.014647
10.6027,state,0.481498,0.465738,-0.141652,-0.251609
10.6038,state,0.475751,0.448511,0.074732,-0.172099
10.6109,state,0.500933,0.480857,0.004610,-0.294215
10.6115,desired,0.464445,0.464445,-0.111111,-0.111111
10.6209,state,0.498658,0.471493,0.090759,0.014558
10.6309,state,0.488476,0.471235,0.055596,0.014647
10.6409,state,0.481498,0.465738,-0.141652,-0.251609
10.6414,desired,0.461113,0.461113,-0.111111,-0.111111
10.6511,state,0.475751,0.448511,0.074732,-0.172099
10.6611,state,0.500933,0.480857,0.004610,-0.294215
10.6618,desired,0.458886,0.458886,-0.111111,-0.111111
10.6710,state,0.498658,0.471493,0.090759,0.014558
10.6810,state,0.488476,0.471235,0.055596,0.014647
10.6910,state,0.481498,0.465738,-0.141652,-0.251609
10.6916,desired,0.455556,0.455556,-0.111111,-0.111111
10.7009,state,0.475751,0.448511,0.074732,-0.172099
10.7021,state,0.466663,0.448156,-0.001916,0.013712
10.7110,state,0.498658,0.471493,0.090759,0.014558
10.7210,state,0.488476,0.471235,0.055596,0.014647
10.7216,desired,0.452224,0.452224,-0.111111,-0.111111
10.7309,state,0.481498,0.465738,-0.141652,-0.251609
10.7410,state,0.475751,0.448511,0.074732,-0.172099
10.7510,state,0.466663,0.448156,-0.001916,0.013712
10.7517,desired,0.448890,0.448890,-0.111111,-0.111111
10.7611,state,0.498658,0.471493,0.090759,0.014558
10.7710,state,0.488476,0.471235,0.055596,0.014647
10.7716,desired,0.446667,0.446667,-0.111111,-0.111111
10.7810,state,0.481498,0.465738,-0.141652,-0.251609
10.7909,state,0.475751,0.448511,0.074732,-0.172099
10.8009,state,0.466663,0.448156,-0.001916,0.013712
10.8018,desired,0.443333,0.443333,-0.111111,-0.111111
10.8027,state,0.464382,0.447912,0.084482,0.014006
10.8032,state,0.454201,0.430659,0.049318,-0.264379
10.8110,state,0.481498,0.465738,-0.141652,-0.251609
10.8210,state,0.475751,0.448511,0.074732,-0.172099
10.8310,state,0.466663,0.448156,-0.001916,0.013712
10.8316,desired,0.440000,0.440000,-0.111111,-0.111111
10.8410,state,0.464382,0.447912,0.084482,0.014006
10.8510,state,0.454201,0.430659,0.049318,-0.264379
10.8611,state,0.481498,0.465738,-0.141652,-0.251609
10.8619,desired,0.436664,0.436664,-0.111111,-0.111111
10.8710,state,0.475751,0.448511,0.074732,-0.172099
10.8810,state,0.466663,0.448156,-0.001916,0.013712
10.8914,desired,0.433334,0.433334,-0.111111,-0.111111
10.8916,state,0.464382,0.447912,0.084482,0.014006
10.9009,state,0.454201,0.430659,0.049318,-0.264379
10.9029,state,0.447767,0.426805,-0.126589,0.013226
10.9044,state,0.442537,0.426579,0.070365,0.013493
10.9110,state,0.466663,0.448156,-0.001916,0.013712
10.9115,desired,0.431110,0.431110,-0.111111,-0.111111
10.9210,state,0.464382,0.447912,0.084482,0.014006
10.9310,state,0.454201,0.430659,0.049318,-0.264379
10.9410,state,0.447767,0.426805,-0.126589,0.013226
10.9416,desired,0.427779,0.427779,-0.111111,-0.111111
10.9510,state,0.442537,0.426579,0.070365,0.013493
10.9609,state,0.466663,0.448156,-0.001916,0.013712
10.9710,state,0.464382,0.447912,0.084482,0.014006
10.9716,desired,0.424445,0.424445,-0.111111,-0.111111
10.9810,state,0.454201,0.430659,0.049318,-0.264379
10.9910,state,0.447767,0.426805,-0.126589,0.013226
11.0009,state,0.442537,0.426579,0.070365,0.013493
11.0018,desired,0.421111,0.421111,-0.111111,-0.111111
11.0038,state,0.434353,0.415406,0.001550,-0.302313
11.0110,state,0.464382,0.447912,0.084482,0.014006
11.0210,state,0.454201,0.430659,0.049318,-0.264379
11.0310,state,0.447767,0.426805,-0.126589,0.013226
11.0316,desired,0.417778,0.417778,-0.111111,-0.111111
11.0410,state,0.442537,0.426579,0.070365,0.013493
11.0510,state,0.434353,0.415406,0.001550,-0.302313
11.0516,desired,0.415555,0.415555,-0.111111,-0.111111
11.0610,state,0.464382,0.447912,0.084482,0.014006
11.0710,state,0.454201,0.430659,0.049318,-0.264379
11.0809,state,0.447767,0.426805,-0.126589,0.013226
11.0815,desired,0.412222,0.412222,-0.111111,-0.111111
11.0910,state,0.442537,0.426579,0.070365,0.013493
11.1011,state,0.434353,0.415406,0.001550,-0.302313
11.1022,desired,0.409998,0.409998,-0.111111,-0.111111
11.1052,state,0.432300,0.406212,0.079305,0.013079
11.1056,state,0.421139,0.406010,0.039185,0.013086
11.1109,state,0.447767,0.426805,-0.126589,0.013226
11.1210,state,0.442537,0.426579,0.070365,0.013493
11.1309,state,0.434353,0.415406,0.001550,-0.302313
11.1314,desired,0.406667,0.406667,-0.111111,-0.111111
11.1409,state,0.432300,0.406212,0.079305,0.013079
11.1509,state,0.421139,0.406010,0.039185,0.013086
11.1611,state,0.447767,0.426805,-0.126589,0.013226
11.1621,desired,0.403331,0.403331,-0.111111,-0.111111
11.1709,state,0.442537,0.426579,0.070365,0.013493
11.1810,state,0.434353,0.415406,0.001550,-0.302313
11.1914,desired,0.400000,0.400000,-0.111111,-0.111111
11.1916,state,0.432300,0.406212,0.079305,0.013079
11.2012,state,0.421139,0.406010,0.039185,0.013086
11.2037,state,0.414609,0.400391,-0.133138,-0.262024
11.2038,state,0.409370,0.383234,0.064121,-0.166561
11.2110,state,0.434353,0.415406,0.001550,-0.302313
11.2209,state,0.432300,0.406212,0.079305,0.013079
11.2214,desired,0.396667,0.396667,-0.111111,-0.111111
11.2309,state,0.421139,0.406010,0.039185,0.013086
11.2409,state,0.414609,0.400391,-0.133138,-0.262024
11.2509,state,0.409370,0.383234,0.064121,-0.166561
11.2514,desired,0.393334,0.393334,-0.111111,-0.111111
11.2610,state,0.434353,0.415406,0.001550,-0.302313
11.2709,state,0.432300,0.406212,0.079305,0.013079
11.2810,state,0.421139,0.406010,0.039185,0.013086
11.2818,desired,0.389998,0.389998,-0.111111,-0.111111
11.2910,state,0.414609,0.400391,-0.133138,-0.262024
11.3012,state,0.409370,0.383234,0.064121,-0.166561
11.3021,desired,0.387774,0.387774,-0.111111,-0.111111
11.3042,state,0.400326,0.382943,-0.014123,0.012217
11.3110,state,0.432300,0.406212,0.079305,0.013079
11.3210,state,0.421139,0.406010,0.039185,0.013086
11.3310,state,0.414609,0.400391,-0.133138,-0.262024
11.3316,desired,0.384445,0.384445,-0.111111,-0.111111
11.3410,state,0.409370,0.383234,0.064121,-0.166561
11.3510,state,0.400326,0.382943,-0.014123,0.012217
11.3518,desired,0.382222,0.382222,-0.111111,-0.111111
11.3610,state,0.432300,0.406212,0.079305,0.013079
11.3710,state,0.421139,0.406010,0.039185,0.013086
11.3810,state,0.414609,0.400391,-0.133138,-0.262024
11.3817,desired,0.378889,0.378889,-0.111111,-0.111111
11.3910,state,0.409370,0.383234,0.064121,-0.166561
11.4011,state,0.400326,0.382943,-0.014123,0.012217
11.4024,desired,0.376663,0.376663,-0.111111,-0.111111
11.4038,state,0.398050,0.382756,0.072091,0.012428
11.4055,state,0.387868,0.365250,0.036864,-0.265652
11.4110,state,0.414609,0.400391,-0.133138,-0.262024
11.4211,state,0.409370,0.383234,0.064121,-0.166561
11.4310,state,0.400326,0.382943,-0.014123,0.012217
11.4316,desired,0.373334,0.373334,-0.111111,-0.111111
11.4410,state,0.398050,0.382756,0.072091,0.012428
11.4510,state,0.387868,0.365250,0.036864,-0.265652
11.4610,state,0.414609,0.400391,-0.133138,-0.262024
11.4616,desired,0.370000,0.370000,-0.111111,-0.111111
11.4710,state,0.409370,0.383234,0.064121,-0.166561
11.4810,state,0.400326,0.382943,-0.014123,0.012217
11.4910,state,0.398050,0.382756,0.072091,0.012428
11.4917,desired,0.366667,0.366667,-0.111111,-0.111111
11.5011,state,0.387868,0.365250,0.036864,-0.265652
11.5050,state,0.381980,0.361596,-0.117696,0.011724
11.5053,state,0.377266,0.361428,0.059806,0.011909
11.5110,state,0.400326,0.382943,-0.014123,0.012217
11.5209,state,0.398050,0.382756,0.072091,0.012428
11.5214,desired,0.363335,0.363335,-0.111111,-0.111111
11.5309,state,0.387868,0.365250,0.036864,-0.265652
11.5409,state,0.381980,0.361596,-0.117696,0.011724
11.5414,desired,0.361112,0.361112,-0.111111,-0.111111
11.5509,state,0.377266,0.361428,0.059806,0.011909
11.5609,state,0.400326,0.382943,-0.014123,0.012217
11.5709,state,0.398050,0.382756,0.072091,0.012428
11.5714,desired,0.357778,0.357778,-0.111111,-0.111111
11.5809,state,0.387868,0.365250,0.036864,-0.265652
11.5909,state,0.381980,0.361596,-0.117696,0.011724
11.6009,state,0.377266,0.361428,0.059806,0.011909
11.6017,desired,0.354446,0.354446,-0.111111,-0.111111
11.6033,state,0.367404,0.349235,-0.029540,-0.329705
11.6109,state,0.398050,0.382756,0.072091,0.012428
11.6210,state,0.387868,0.365250,0.036864,-0.265652
11.6216,desired,0.352223,0.352223,-0.111111,-0.111111
11.6310,state,0.381980,0.361596,-0.117696,0.011724
11.6409,state,0.377266,0.361428,0.059806,0.011909
11.6510,state,0.367404,0.349235,-0.029540,-0.329705
11.6520,desired,0.348888,0.348888,-0.111111,-0.111111
11.6609,state,0.398050,0.382756,0.072091,0.012428
11.6709,state,0.387868,0.365250,0.036864,-0.265652
11.6810,state,0.381980,0.361596,-0.117696,0.011724
11.6816,desired,0.345557,0.345557,-0.111111,-0.111111
11.6910,state,0.377266,0.361428,0.059806,0.011909
11.7009,state,0.367404,0.349235,-0.029540,-0.329705
11.7024,state,0.364908,0.339858,0.065007,0.011383
11.7026,state,0.354710,0.339705,0.030456,0.011312
11.7111,state,0.381980,0.361596,-0.117696,0.011724
11.7119,desired,0.342220,0.342220,-0.111111,-0.111111
11.7210,state,0.377266,0.361428,0.059806,0.011909
11.7309,state,0.367404,0.349235,-0.029540,-0.329705
11.7416,desired,0.338887,0.338887,-0.111111,-0.111111
11.7419,state,0.364908,0.339858,0.065007,0.011383
11.7512,state,0.354710,0.339705,0.030456,0.011312
11.7610,state,0.381980,0.361596,-0.117696,0.011724
11.7710,state,0.377266,0.361428,0.059806,0.011909
11.7716,desired,0.335556,0.335556,-0.111111,-0.111111
11.7810,state,0.367404,0.349235,-0.029540,-0.329705
11.7911,state,0.364908,0.339858,0.065007,0.011383
11.7918,desired,0.333331,0.333331,-0.111111,-0.111111
11.8009,state,0.354710,0.339705,0.030456,0.011312
11.8029,state,0.348275,0.334368,-0.145484,-0.251899
11.8048,state,0.343045,0.318301,0.051453,-0.150358
11.8109,state,0.367404,0.349235,-0.029540,-0.329705
11.8210,state,0.364908,0.339858,0.065007,0.011383
11.8216,desired,0.330000,0.330000,-0.111111,-0.111111
11.8309,state,0.354710,0.339705,0.030456,0.011312
11.8410,state,0.348275,0.334368,-0.145484,-0.251899
11.8510,state,0.343045,0.318301,0.051453,-0.150358
11.8516,desired,0.326667,0.326667,-0.111111,-0.111111
11.8610,state,0.367404,0.349235,-0.029540,-0.329705
11.8710,state,0.364908,0.339858,0.065007,0.011383
11.8810,state,0.354710,0.339705,0.030456,0.011312
11.8816,desired,0.323333,0.323333,-0.111111,-0.111111
11.8911,state,0.348275,0.334368,-0.145484,-0.251899
11.9009,state,0.343045,0.318301,0.051453,-0.150358
11.9025,state,0.334001,0.318086,-0.026853,0.010742
11.9111,state,0.364908,0.339858,0.065007,0.011383
11.9119,desired,0.319998,0.319998,-0.111111,-0.111111
11.9210,state,0.354710,0.339705,0.030456,0.011312
11.9309,state,0.348275,0.334368,-0.145484,-0.251899
11.9410,state,0.343045,0.318301,0.051453,-0.150358
11.9416,desired,0.316667,0.316667,-0.111111,-0.111111
11.9510,state,0.334001,0.318086,-0.026853,0.010742
11.9610,state,0.364908,0.339858,0.065007,0.011383
11.9710,state,0.354710,0.339705,0.030456,0.011312
11.9716,desired,0.313334,0.313334,-0.111111,-0.111111
11.9810,state,0.348275,0.334368,-0.145484,-0.251899
11.9909,state,0.343045,0.318301,0.051453,-0.150358
12.0010,state,0.334001,0.318086,-0.026853,0.010742
12.0018,desired,0.310001,0.310001,-0.111111,-0.111111
12.0025,state,0.331725,0.317959,0.059338,0.010874
12.0028,state,0.321546,0.299914,0.024080,-0.269788
12.0111,state,0.348275,0.334368,-0.145484,-0.251899
12.0210,state,0.343045,0.318301,0.051453,-0.150358
12.0310,state,0.334001,0.318086,-0.026853,0.010742
12.0319,desired,0.306666,0.306666,-0.111111,-0.111111
12.0410,state,0.331725,0.317959,0.059338,0.010874
12.0510,state,0.321546,0.299914,0.024080,-0.269788
12.0610,state,0.348275,0.334368,-0.145484,-0.251899
12.0616,desired,0.303334,0.303334,-0.111111,-0.111111
12.0710,state,0.343045,0.318301,0.051453,-0.150358
12.0810,state,0.334001,0.318086,-0.026853,0.010742
12.0816,desired,0.301112,0.301112,-0.111111,-0.111111
12.0910,state,0.331725,0.317959,0.059338,0.010874
12.1011,state,0.321546,0.299914,0.024080,-0.269788
12.1023,desired,0.298886,0.298886,-0.111111,-0.111111
12.1042,state,0.315114,0.296451,-0.151849,0.010167
12.1067,state,0.309886,0.296341,0.044997,0.010279
12.1110,state,0.334001,0.318086,-0.026853,0.010742
12.1210,state,0.331725,0.317959,0.059338,0.010874
12.1310,state,0.321546,0.299914,0.024080,-0.269788
12.1317,desired,0.295556,0.295556,-0.111111,-0.111111
12.1410,state,0.315114,0.296451,-0.151849,0.010167
12.1510,state,0.309886,0.296341,0.044997,0.010279
12.1610,state,0.334001,0.318086,-0.026853,0.010742
12.1616,desired,0.292223,0.292223,-0.111111,-0.111111
12.1710,state,0.331725,0.317959,0.059338,0.010874
12.1810,state,0.321546,0.299914,0.024080,-0.269788
12.1909,state,0.315114,0.296451,-0.151849,0.010167
12.1916,desired,0.288889,0.288889,-0.111111,-0.111111
12.2011,state,0.309886,0.296341,0.044997,0.010279
12.2057,state,0.300844,0.283910,-0.033315,-0.337207
12.2114,desired,0.286667,0.286667,-0.111111,-0.111111
12.2116,state,0.331725,0.317959,0.059338,0.010874
12.2209,state,0.321546,0.299914,0.024080,-0.269788
12.2309,state,0.315114,0.296451,-0.151849,0.010167
12.2410,state,0.309886,0.296341,0.044997,0.010279
12.2418,desired,0.283332,0.283332,-0.111111,-0.111111
12.2510,state,0.300844,0.283910,-0.033315,-0.337207
12.2611,state,0.331725,0.317959,0.059338,0.010874
12.2618,desired,0.281109,0.281109,-0.111111,-0.111111
12.2710,state,0.321546,0.299914,0.024080,-0.269788
12.2810,state,0.315114,0.296451,-0.151849,0.010167
12.2909,state,0.309886,0.296341,0.044997,0.010279
12.2914,desired,0.277778,0.277778,-0.111111,-0.111111
12.3010,state,0.300844,0.283910,-0.033315,-0.337207
12.3033,state,0.298570,0.274843,0.052846,0.009829
12.3054,state,0.288391,0.274750,0.017578,0.009693
12.3109,state,0.315114,0.296451,-0.151849,0.010167
12.3210,state,0.309886,0.296341,0.044997,0.010279
12.3216,desired,0.274445,0.274445,-0.111111,-0.111111
12.3309,state,0.300844,0.283910,-0.033315,-0.337207
12.3409,state,0.298570,0.274843,0.052846,0.009829
12.3510,state,0.288391,0.274750,0.017578,0.009693
12.3514,desired,0.271111,0.271111,-0.111111,-0.111111
12.3609,state,0.315114,0.296451,-0.151849,0.010167
12.3710,state,0.309886,0.296341,0.044997,0.010279
12.3810,state,0.300844,0.283910,-0.033315,-0.337207
12.3814,desired,0.267778,0.267778,-0.111111,-0.111111
12.3909,state,0.298570,0.274843,0.052846,0.009829
12.4018,desired,0.265553,0.265553,-0.111111,-0.111111
12.4023,state,0.288391,0.274750,0.017578,0.009693
12.4044,state,0.281958,0.269251,-0.158410,-0.264543
12.4049,state,0.276730,0.253313,0.038458,-0.141832
12.4111,state,0.300844,0.283910,-0.033315,-0.337207
12.4210,state,0.298570,0.274843,0.052846,0.009829
12.4309,state,0.288391,0.274750,0.017578,0.009693
12.4316,desired,0.262224,0.262224,-0.111111,-0.111111
12.4410,state,0.281958,0.269251,-0.158410,-0.264543
12.4510,state,0.276730,0.253313,0.038458,-0.141832
12.4611,state,0.300844,0.283910,-0.033315,-0.337207
12.4620,desired,0.258887,0.258887,-0.111111,-0.111111
12.4709,state,0.298570,0.274843,0.052846,0.009829
12.4810,state,0.288391,0.274750,0.017578,0.009693
12.4909,state,0.281958,0.269251,-0.158410,-0.264543
12.4917,desired,0.255557,0.255557,-0.111111,-0.111111
12.5012,state,0.276730,0.253313,0.038458,-0.141832
12.5047,state,0.267687,0.253163,-0.039865,0.009116
12.5110,state,0.298570,0.274843,0.052846,0.009829
12.5116,desired,0.253333,0.253333,-0.111111,-0.111111
12.5209,state,0.288391,0.274750,0.017578,0.009693
12.5310,state,0.281958,0.269251,-0.158410,-0.264543
12.5410,state,0.276730,0.253313,0.038458,-0.141832
12.5418,desired,0.249999,0.249999,-0.111111,-0.111111
12.5510,state,0.267687,0.253163,-0.039865,0.009116
12.5609,state,0.298570,0.274843,0.052846,0.009829
12.5710,state,0.288391,0.274750,0.017578,0.009693
12.5715,desired,0.246667,0.246667,-0.111111,-0.111111
12.5809,state,0.281958,0.269251,-0.158410,-0.264543
12.5910,state,0.276730,0.253313,0.038458,-0.141832
12.6010,state,0.267687,0.253163,-0.039865,0.009116
12.6020,desired,0.243332,0.243332,-0.111111,-0.111111
12.6044,state,0.265413,0.253092,0.046288,0.009183
12.6048,state,0.256235,0.235830,0.015246,-0.257034
12.6110,state,0.281958,0.269251,-0.158410,-0.264543
12.6209,state,0.276730,0.253313,0.038458,-0.141832
12.6309,state,0.267687,0.253163,-0.039865,0.009116
12.6316,desired,0.240001,0.240001,-0.111111,-0.111111
12.6410,state,0.265413,0.253092,0.046288,0.009183
12.6509,state,0.256235,0.235830,0.015246,-0.257034
12.6515,desired,0.237778,0.237778,-0.111111,-0.111111
12.6610,state,0.281958,0.269251,-0.158410,-0.264543
12.6709,state,0.276730,0.253313,0.038458,-0.141832
12.6810,state,0.267687,0.253163,-0.039865,0.009116
12.6816,desired,0.234445,0.234445,-0.111111,-0.111111
12.6909,state,0.265413,0.253092,0.046288,0.009183
12.7017,desired,0.232221,0.232221,-0.111111,-0.111111
12.7021,state,0.256235,0.235830,0.015246,-0.257034
12.7047,state,0.249355,0.232785,-0.185807,0.008679
12.7049,state,0.243620,0.232736,0.030143,0.008724
12.7111,state,0.267687,0.253163,-0.039865,0.009116
12.7209,state,0.265413,0.253092,0.046288,0.009183
12.7314,desired,0.228890,0.228890,-0.111111,-0.111111
12.7317,state,0.256235,0.235830,0.015246,-0.257034
12.7410,state,0.249355,0.232785,-0.185807,0.008679
12.7516,desired,0.226664,0.226664,-0.111111,-0.111111
12.7519,state,0.243620,0.232736,0.030143,0.008724
12.7610,state,0.267687,0.253163,-0.039865,0.009116
12.7710,state,0.265413,0.253092,0.046288,0.009183
12.7812,desired,0.223335,0.223335,-0.111111,-0.111111
12.7815,state,0.256235,0.235830,0.015246,-0.257034
12.7911,state,0.249355,0.232785,-0.185807,0.008679
12.8010,state,0.243620,0.232736,0.030143,0.008724
12.8030,state,0.234536,0.219022,-0.046607,-0.370498
12.8110,state,0.265413,0.253092,0.046288,0.009183
12.8116,desired,0.220000,0.220000,-0.111111,-0.111111
12.8210,state,0.256235,0.235830,0.015246,-0.257034
12.8309,state,0.249355,0.232785,-0.185807,0.008679
12.8409,state,0.243620,0.232736,0.030143,0.008724
12.8415,desired,0.216667,0.216667,-0.111111,-0.111111
12.8509,state,0.234536,0.219022,-0.046607,-0.370498
12.8611,state,0.265413,0.253092,0.046288,0.009183
12.8617,desired,0.214443,0.214443,-0.111111,-0.111111
12.8709,state,0.256235,0.235830,0.015246,-0.257034
12.8810,state,0.249355,0.232785,-0.185807,0.008679
12.8909,state,0.243620,0.232736,0.030143,0.008724
12.8916,desired,0.211112,0.211112,-0.111111,-0.111111
12.9010,state,0.234536,0.219022,-0.046607,-0.370498
12.9029,state,0.232259,0.209804,0.039661,0.008153
12.9032,state,0.222078,0.209766,0.004366,0.007958
12.9110,state,0.249355,0.232785,-0.185807,0.008679
12.9118,desired,0.208887,0.208887,-0.111111,-0.111111
12.9209,state,0.243620,0.232736,0.030143,0.008724
12.9309,state,0.234536,0.219022,-0.046607,-0.370498
12.9410,state,0.232259,0.209804,0.039661,0.008153
12.9414,desired,0.205558,0.205558,-0.111111,-0.111111
12.9510,state,0.222078,0.209766,0.004366,0.007958
12.9610,state,0.249355,0.232785,-0.185807,0.008679
12.9616,desired,0.203334,0.203334,-0.111111,-0.111111
12.9710,state,0.243620,0.232736,0.030143,0.008724
12.9810,state,0.234536,0.219022,-0.046607,-0.370498
12.9910,state,0.232259,0.209804,0.039661,0.008153
12.9916,desired,0.200001,0.200001,-0.111111,-0.111111
13.0010,state,0.222078,0.209766,0.004366,0.007958
13.0032,state,0.215647,0.204169,-0.171570,-0.273956
13.0044,state,0.210421,0.188645,0.025218,-0.128117
13.0110,state,0.234536,0.219022,-0.046607,-0.370498
13.0115,desired,0.197778,0.197778,-0.111111,-0.111111
13.0210,state,0.232259,0.209804,0.039661,0.008153
13.0310,state,0.222078,0.209766,0.004366,0.007958
13.0410,state,0.215647,0.204169,-0.171570,-0.273956
13.0417,desired,0.194446,0.194446,-0.111111,-0.111111
13.0511,state,0.210421,0.188645,0.025218,-0.128117
13.0609,state,0.234536,0.219022,-0.046607,-0.370498
13.0614,desired,0.192223,0.192223,-0.111111,-0.111111
13.0709,state,0.232259,0.209804,0.039661,0.008153
13.0810,state,0.222078,0.209766,0.004366,0.007958
13.0910,state,0.215647,0.204169,-0.171570,-0.273956
13.0916,desired,0.188890,0.188890,-0.111111,-0.111111
13.1009,state,0.210421,0.188645,0.025218,-0.128117
13.1037,state,0.201379,0.188560,-0.053125,0.007409
13.1110,state,0.232259,0.209804,0.039661,0.008153
13.1116,desired,0.186667,0.186667,-0.111111,-0.111111
13.1210,state,0.222078,0.209766,0.004366,0.007958
13.1311,state,0.215647,0.204169,-0.171570,-0.273956
13.1319,desired,0.184442,0.184442,-0.111111,-0.111111
13.1410,state,0.210421,0.188645,0.025218,-0.128117
13.1510,state,0.201379,0.188560,-0.053125,0.007409
13.1611,state,0.232259,0.209804,0.039661,0.008153
13.1619,desired,0.181110,0.181110,-0.111111,-0.111111
13.1709,state,0.222078,0.209766,0.004366,0.007958
13.1811,state,0.215647,0.204169,-0.171570,-0.273956
13.1909,state,0.210421,0.188645,0.025218,-0.128117
13.1915,desired,0.177779,0.177779,-0.111111,-0.111111
13.2010,state,0.201379,0.188560,-0.053125,0.007409
13.2034,state,0.199106,0.188542,0.033004,0.007424
13.2037,state,0.188928,0.169828,-0.002303,-0.268058
13.2110,state,0.215647,0.204169,-0.171570,-0.273956
13.2116,desired,0.175555,0.175555,-0.111111,-0.111111
13.2209,state,0.210421,0.188645,0.025218,-0.128117
13.2309,state,0.201379,0.188560,-0.053125,0.007409
13.2409,state,0.199106,0.188542,0.033004,0.007424
13.2415,desired,0.172224,0.172224,-0.111111,-0.111111
13.2509,state,0.188928,0.169828,-0.002303,-0.268058
13.2609,state,0.215647,0.204169,-0.171570,-0.273956
13.2709,state,0.210421,0.188645,0.025218,-0.128117
13.2716,desired,0.168891,0.168891,-0.111111,-0.111111
13.2810,state,0.201379,0.188560,-0.053125,0.007409
13.2909,state,0.199106,0.188542,0.033004,0.007424
13.3009,state,0.188928,0.169828,-0.002303,-0.268058
13.3016,desired,0.165557,0.165557,-0.111111,-0.111111
13.3032,state,0.182496,0.167008,-0.178296,0.006817
13.3056,state,0.177269,0.167007,0.018517,0.006818
13.3111,state,0.201379,0.188560,-0.053125,0.007409
13.3209,state,0.199106,0.188542,0.033004,0.007424
13.3216,desired,0.163335,0.163335,-0.111111,-0.111111
13.3309,state,0.188928,0.169828,-0.002303,-0.268058
13.3409,state,0.182496,0.167008,-0.178296,0.006817
13.3510,state,0.177269,0.167007,0.018517,0.006818
13.3518,desired,0.159998,0.159998,-0.111111,-0.111111
13.3609,state,0.201379,0.188560,-0.053125,0.007409
13.3709,state,0.199106,0.188542,0.033004,0.007424
13.3810,state,0.188928,0.169828,-0.002303,-0.268058
13.3816,desired,0.156667,0.156667,-0.111111,-0.111111
13.3909,state,0.182496,0.167008,-0.178296,0.006817
13.4010,state,0.177269,0.167007,0.018517,0.006818
13.4031,state,0.168228,0.153813,-0.059824,-0.357579
13.4110,state,0.199106,0.188542,0.033004,0.007424
13.4116,desired,0.153331,0.153331,-0.111111,-0.111111
13.4210,state,0.188928,0.169828,-0.002303,-0.268058
13.4309,state,0.182496,0.167008,-0.178296,0.006817
13.4410,state,0.177269,0.167007,0.018517,0.006818
13.4415,desired,0.150002,0.150002,-0.111111,-0.111111
13.4509,state,0.168228,0.153813,-0.059824,-0.357579
13.4610,state,0.199106,0.188542,0.033004,0.007424
13.4617,desired,0.147778,0.147778,-0.111111,-0.111111
13.4709,state,0.188928,0.169828,-0.002303,-0.268058
13.4810,state,0.182496,0.167008,-0.178296,0.006817
13.4910,state,0.177269,0.167007,0.018517,0.006818
13.4915,desired,0.144447,0.144447,-0.111111,-0.111111
13.5009,state,0.168228,0.153813,-0.059824,-0.357579
13.5024,state,0.165955,0.145577,0.026291,0.006431
13.5031,state,0.155776,0.145593,-0.009029,0.006222
13.5110,state,0.182496,0.167008,-0.178296,0.006817
13.5118,desired,0.142221,0.142221,-0.111111,-0.111111
13.5209,state,0.177269,0.167007,0.018517,0.006818
13.5309,state,0.168228,0.153813,-0.059824,-0.357579
13.5409,state,0.165955,0.145577,0.026291,0.006431
13.5415,desired,0.138890,0.138890,-0.111111,-0.111111
13.5509,state,0.155776,0.145593,-0.009029,0.006222
13.5609,state,0.182496,0.167008,-0.178296,0.006817
13.5709,state,0.177269,0.167007,0.018517,0.006818
13.5715,desired,0.135557,0.135557,-0.111111,-0.111111
13.5809,state,0.168228,0.153813,-0.059824,-0.357579
13.5909,state,0.165955,0.145577,0.026291,0.006431
13.6009,state,0.155776,0.145593,-0.009029,0.006222
13.6014,desired,0.132224,0.132224,-0.111111,-0.111111
13.6024,state,0.149345,0.139635,-0.185014,-0.296709
13.6041,state,0.144118,0.124230,0.011780,-0.112834
13.6110,state,0.168228,0.153813,-0.059824,-0.357579
13.6211,state,0.165955,0.145577,0.026291,0.006431
13.6309,state,0.155776,0.145593,-0.009029,0.006222
13.6314,desired,0.128891,0.128891,-0.111111,-0.111111
13.6409,state,0.149345,0.139635,-0.185014,-0.296709
13.6509,state,0.144118,0.124230,0.011780,-0.112834
13.6612,desired,0.125559,0.125559,-0.111111,-0.111111
13.6614,state,0.168228,0.153813,-0.059824,-0.357579
13.6709,state,0.165955,0.145577,0.026291,0.006431
13.6810,state,0.155776,0.145593,-0.009029,0.006222
13.6815,desired,0.123335,0.123335,-0.111111,-0.111111
13.6910,state,0.149345,0.139635,-0.185014,-0.296709
13.7010,state,0.144118,0.124230,0.011780,-0.112834
13.7020,desired,0.121110,0.121110,-0.111111,-0.111111
13.7035,state,0.135076,0.124205,-0.066579,0.005622
13.7111,state,0.165955,0.145577,0.026291,0.006431
13.7211,state,0.155776,0.145593,-0.009029,0.006222
13.7219,desired,0.118887,0.118887,-0.111111,-0.111111
13.7310,state,0.149345,0.139635,-0.185014,-0.296709
13.7411,state,0.144118,0.124230,0.011780,-0.112834
13.7510,state,0.135076,0.124205,-0.066579,0.005622
13.7517,desired,0.115557,0.115557,-0.111111,-0.111111
13.7610,state,0.165955,0.145577,0.026291,0.006431
13.7710,state,0.155776,0.145593,-0.009029,0.006222
13.7810,state,0.149345,0.139635,-0.185014,-0.296709
13.7814,desired,0.112224,0.112224,-0.111111,-0.111111
13.7910,state,0.144118,0.124230,0.011780,-0.112834
13.8016,desired,0.109998,0.109998,-0.111111,-0.111111
13.8020,state,0.135076,0.124205,-0.066579,0.005622
13.8039,state,0.132803,0.124238,0.019538,0.005599
13.8049,state,0.122625,0.105200,-0.015784,-0.263640
13.8110,state,0.149345,0.139635,-0.185014,-0.296709
13.8209,state,0.144118,0.124230,0.011780,-0.112834
13.8310,state,0.135076,0.124205,-0.066579,0.005622
13.8316,desired,0.106667,0.106667,-0.111111,-0.111111
13.8410,state,0.132803,0.124238,0.019538,0.005599
13.8510,state,0.122625,0.105200,-0.015784,-0.263640
13.8610,state,0.149345,0.139635,-0.185014,-0.296709
13.8614,desired,0.103335,0.103335,-0.111111,-0.111111
13.8710,state,0.144118,0.124230,0.011780,-0.112834
13.8810,state,0.135076,0.124205,-0.066579,0.005622
13.8815,desired,0.101111,0.101111,-0.111111,-0.111111
13.8910,state,0.132803,0.124238,0.019538,0.005599
13.9011,state,0.122625,0.105200,-0.015784,-0.263640
13.9017,desired,0.098887,0.098887,-0.111111,-0.111111
13.9025,state,0.116193,0.102879,-0.191825,0.005016
13.9032,state,0.110966,0.102927,0.005004,0.004984
13.9111,state,0.135076,0.124205,-0.066579,0.005622
13.9211,state,0.132803,0.124238,0.019538,0.005599
13.9217,desired,0.096663,0.096663,-0.111111,-0.111111
13.9310,state,0.122625,0.105200,-0.015784,-0.263640
13.9409,state,0.116193,0.102879,-0.191825,0.005016
13.9512,desired,0.093334,0.093334,-0.111111,-0.111111
13.9515,state,0.110966,0.102927,0.005004,0.004984
13.9611,state,0.135076,0.124205,-0.066579,0.005622
13.9710,state,0.132803,0.124238,0.019538,0.005599
13.9716,desired,0.091111,0.091111,-0.111111,-0.111111
13.9810,state,0.122625,0.105200,-0.015784,-0.263640
13.9910,state,0.116193,0.102879,-0.191825,0.005016
14.0010,state,0.110966,0.102927,0.005004,0.004984
14.0016,desired,0.087778,0.087778,-0.111111,-0.111111
14.0034,state,0.101924,0.089189,-0.073351,-0.370032
14.0110,state,0.132803,0.124238,0.019538,0.005599
14.0210,state,0.122625,0.105200,-0.015784,-0.263640
14.0313,desired,0.084445,0.084445,-0.111111,-0.111111
14.0315,state,0.116193,0.102879,-0.191825,0.005016
14.0409,state,0.110966,0.102927,0.005004,0.004984
14.0510,state,0.101924,0.089189,-0.073351,-0.370032
14.0609,state,0.132803,0.124238,0.019538,0.005599
14.0615,desired,0.081111,0.081111,-0.111111,-0.111111
14.0710,state,0.122625,0.105200,-0.015784,-0.263640
14.0816,desired,0.078887,0.078887,-0.111111,-0.111111
14.0819,state,0.116193,0.102879,-0.191825,0.005016
14.0910,state,0.110966,0.102927,0.005004,0.004984
14.1010,state,0.101924,0.089189,-0.073351,-0.370032
14.1027,state,0.099651,0.081630,0.012758,0.004566
14.1046,state,0.089474,0.081694,-0.022569,0.004362
14.1110,state,0.116193,0.102879,-0.191825,0.005016
14.1115,desired,0.075555,0.075555,-0.111111,-0.111111
14.1210,state,0.110966,0.102927,0.005004,0.004984
14.1310,state,0.101924,0.089189,-0.073351,-0.370032
14.1410,state,0.099651,0.081630,0.012758,0.004566
14.1416,desired,0.072223,0.072223,-0.111111,-0.111111
14.1510,state,0.089474,0.081694,-0.022569,0.004362
14.1609,state,0.116193,0.102879,-0.191825,0.005016
14.1710,state,0.110966,0.102927,0.005004,0.004984
14.1716,desired,0.068889,0.068889,-0.111111,-0.111111
14.1810,state,0.101924,0.089189,-0.073351,-0.370032
14.1909,state,0.099651,0.081630,0.012758,0.004566
14.2009,state,0.089474,0.081694,-0.022569,0.004362
14.2015,desired,0.065556,0.065556,-0.111111,-0.111111
14.2045,state,0.083043,0.075378,-0.198595,-0.319073
14.2049,state,0.077816,0.060537,-0.001790,-0.084853
14.2110,state,0.101924,0.089189,-0.073351,-0.370032
14.2210,state,0.099651,0.081630,0.012758,0.004566
14.2216,desired,0.063333,0.063333,-0.111111,-0.111111
14.2310,state,0.089474,0.081694,-0.022569,0.004362
14.2410,state,0.083043,0.075378,-0.198595,-0.319073
14.2510,state,0.077816,0.060537,-0.001790,-0.084853
14.2516,desired,0.060000,0.060000,-0.111111,-0.111111
14.2610,state,0.101924,0.089189,-0.073351,-0.370032
14.2710,state,0.099651,0.081630,0.012758,0.004566
14.2810,state,0.089474,0.081694,-0.022569,0.004362
14.2816,desired,0.056667,0.056667,-0.111111,-0.111111
14.2910,state,0.083043,0.075378,-0.198595,-0.319073
14.3010,state,0.077816,0.060537,-0.001790,-0.084853
14.3044,state,0.068775,0.060572,-0.080148,0.003725
14.3110,state,0.099651,0.081630,0.012758,0.004566
14.3115,desired,0.053333,0.053333,-0.111111,-0.111111
14.3210,state,0.089474,0.081694,-0.022569,0.004362
14.3310,state,0.083043,0.075378,-0.198595,-0.319073
14.3410,state,0.077816,0.060537,-0.001790,-0.084853
14.3417,desired,0.050000,0.050000,-0.111111,-0.111111
14.3510,state,0.068775,0.060572,-0.080148,0.003725
14.3610,state,0.099651,0.081630,0.012758,0.004566
14.3710,state,0.089474,0.081694,-0.022569,0.004362
14.3715,desired,0.046668,0.046668,-0.111111,-0.111111
14.3810,state,0.083043,0.075378,-0.198595,-0.319073
14.3910,state,0.077816,0.060537,-0.001790,-0.084853
14.4011,state,0.068775,0.060572,-0.080148,0.003725
14.4019,desired,0.043331,0.043331,-0.111111,-0.111111
14.4041,state,0.066502,0.060648,0.005954,0.003683
14.4110,state,0.089474,0.081694,-0.022569,0.004362
14.4128,state,0.056325,0.041150,-0.029379,-0.256624
14.4209,state,0.077816,0.060537,-0.001790,-0.084853
14.4309,state,0.068775,0.060572,-0.080148,0.003725
14.4316,desired,0.040002,0.040002,-0.111111,-0.111111
14.4410,state,0.066502,0.060648,0.005954,0.003683
14.4510,state,0.089474,0.081694,-0.022569,0.004362
14.4610,state,0.056325,0.041150,-0.029379,-0.256624
14.4616,desired,0.036667,0.036667,-0.111111,-0.111111
14.4709,state,0.077816,0.060537,-0.001790,-0.084853
14.4809,state,0.068775,0.060572,-0.080148,0.003725
14.4910,state,0.066502,0.060648,0.005954,0.003683
14.4916,desired,0.033334,0.033334,-0.111111,-0.111111
14.5009,state,0.089474,0.081694,-0.022569,0.004362
14.5110,state,0.056325,0.041150,-0.029379,-0.256624
14.5117,desired,0.031109,0.031109,-0.111111,-0.111111
14.5129,state,0.049894,0.039605,-0.205390,0.003067
14.5130,state,0.044667,0.039694,-0.008603,0.003024
14.5209,state,0.066502,0.060648,0.005954,0.003683
14.5309,state,0.089474,0.081694,-0.022569,0.004362
14.5409,state,0.056325,0.041150,-0.029379,-0.256624
14.5414,desired,0.027780,0.027780,-0.111111,-0.111111
14.5510,state,0.049894,0.039605,-0.205390,0.003067
14.5609,state,0.044667,0.039694,-0.008603,0.003024
14.5616,desired,0.025557,0.025557,-0.111111,-0.111111
14.5709,state,0.066502,0.060648,0.005954,0.003683
14.5810,state,0.089474,0.081694,-0.022569,0.004362
14.5816,desired,0.023334,0.023334,-0.111111,-0.111111
14.5909,state,0.056325,0.041150,-0.029379,-0.256624
14.6010,state,0.049894,0.039605,-0.205390,0.003067
14.6110,state,0.044667,0.039694,-0.008603,0.003024
14.6116,desired,0.019998,0.019998,-0.111111,-0.111111
14.6124,state,0.035626,0.025343,-0.086967,-0.381647
14.6210,state,0.089474,0.081694,-0.022569,0.004362
14.6310,state,0.056325,0.041150,-0.029379,-0.256624
14.6410,state,0.049894,0.039605,-0.205390,0.003067
14.6417,desired,0.016667,0.016667,-0.111111,-0.111111
14.6510,state,0.044667,0.039694,-0.008603,0.003024
14.6611,state,0.035626,0.025343,-0.086967,-0.381647
14.6619,desired,0.014443,0.014443,-0.111111,-0.111111
14.6709,state,0.089474,0.081694,-0.022569,0.004362
14.6809,state,0.056325,0.041150,-0.029379,-0.256624
14.6910,state,0.049894,0.039605,-0.205390,0.003067
14.6915,desired,0.011112,0.011112,-0.111111,-0.111111
14.7009,state,0.044667,0.039694,-0.008603,0.003024
14.7110,state,0.035626,0.025343,-0.086967,-0.381647
14.7116,desired,0.008887,0.008887,-0.111111,-0.111111
14.7124,state,0.033353,0.018858,-0.000865,0.002487
14.7133,state,0.023177,0.018957,-0.036196,0.002345
14.7209,state,0.049894,0.039605,-0.205390,0.003067
14.7309,state,0.044667,0.039694,-0.008603,0.003024
14.7409,state,0.035626,0.025343,-0.086967,-0.381647
14.7418,desired,0.005557,0.005557,-0.111111,-0.111111
14.7510,state,0.033353,0.018858,-0.000865,0.002487
14.7610,state,0.023177,0.018957,-0.036196,0.002345
14.7710,state,0.049894,0.039605,-0.205390,0.003067
14.7718,desired,0.002224,0.002224,-0.111111,-0.111111
14.7810,state,0.044667,0.039694,-0.008603,0.003024
14.7910,state,0.035626,0.025343,-0.086967,-0.381647
14.7919,desired,0.000001,0.000001,-0.111111,-0.111111
14.8010,state,0.033353,0.018858,-0.000865,0.002487
14.8111,state,0.023177,0.018957,-0.036196,0.002345
14.8119,desired,-0.002224,-0.002224,-0.111111,-0.111111
14.8129,state,0.016201,0.011856,-0.233589,-0.362709
14.8139,state,0.010459,-0.002974,-0.017401,-0.056300
14.8210,state,0.035626,0.025343,-0.086967,-0.381647
14.8310,state,0.033353,0.018858,-0.000865,0.002487
14.8410,state,0.023177,0.018957,-0.036196,0.002345
14.8423,desired,-0.005554,-0.005554,-0.111111,-0.111111
14.8510,state,0.016201,0.011856,-0.233589,-0.362709
14.8610,state,0.010459,-0.002974,-0.017401,-0.056300
14.8710,state,0.035626,0.025343,-0.086967,-0.381647
14.8717,desired,-0.008889,-0.008889,-0.111111,-0.111111
14.8810,state,0.033353,0.018858,-0.000865,0.002487
14.8910,state,0.023177,0.018957,-0.036196,0.002345
14.9010,state,0.016201,0.011856,-0.233589,-0.362709
14.9019,desired,-0.012221,-0.012221,-0.111111,-0.111111
14.9110,state,0.010459,-0.002974,-0.017401,-0.056300
14.9132,state,0.001376,-0.002889,-0.094163,0.001675
14.9210,state,0.033353,0.018858,-0.000865,0.002487
14.9217,desired,-0.014444,-0.014444,-0.111111,-0.111111
14.9310,state,0.023177,0.018957,-0.036196,0.002345
14.9410,state,0.016201,0.011856,-0.233589,-0.362709
14.9510,state,0.010459,-0.002974,-0.017401,-0.056300
14.9519,desired,-0.017777,-0.017777,-0.111111,-0.111111
14.9610,state,0.001376,-0.002889,-0.094163,0.001675
14.9710,state,0.033353,0.018858,-0.000865,0.002487
14.9810,state,0.023177,0.018957,-0.036196,0.002345
14.9818,desired,-0.021111,-0.021111,-0.111111,-0.111111
14.9910,state,0.016201,0.011856,-0.233589,-0.362709
15.0018,desired,-0.023334,-0.023334,-0.111111,-0.111111
15.0020,state,0.010459,-0.002974,-0.017401,-0.056300
15.0111,state,0.001376,-0.002889,-0.094163,0.001675
15.0129,state,-0.000901,-0.002779,-0.007932,0.001637
15.0131,state,-0.010079,-0.021212,-0.039015,-0.241533
15.0212,state,0.016201,0.011856,-0.233589,-0.362709
15.0218,desired,-0.025558,-0.025558,-0.111111,-0.111111
15.0310,state,0.010459,-0.002974,-0.017401,-0.056300
15.0409,state,0.001376,-0.002889,-0.094163,0.001675
15.0510,state,-0.000901,-0.002779,-0.007932,0.001637
15.0517,desired,-0.028888,-0.028888,-0.111111,-0.111111
15.0611,state,-0.010079,-0.021212,-0.039015,-0.241533
15.0713,desired,-0.031111,-0.031111,-0.111111,-0.111111
15.0715,state,0.016201,0.011856,-0.233589,-0.362709
15.0811,state,0.010459,-0.002974,-0.017401,-0.056300
15.0910,state,0.001376,-0.002889,-0.094163,0.001675
15.1010,state,-0.000901,-0.002779,-0.007932,0.001637
15.1018,desired,-0.034447,-0.034447,-0.111111,-0.111111
15.1110,state,-0.010079,-0.021212,-0.039015,-0.241533
15.1127,state,-0.016413,-0.021903,-0.218724,0.001127
15.1139,state,-0.021632,-0.021777,-0.022230,0.001093
15.1210,state,0.001376,-0.002889,-0.094163,0.001675
15.1311,state,-0.000901,-0.002779,-0.007932,0.001637
15.1319,desired,-0.037780,-0.037780,-0.111111,-0.111111
15.1411,state,-0.010079,-0.021212,-0.039015,-0.241533
15.1509,state,-0.016413,-0.021903,-0.218724,0.001127
15.1611,state,-0.021632,-0.021777,-0.022230,0.001093
15.1619,desired,-0.041113,-0.041113,-0.111111,-0.111111
15.1710,state,0.001376,-0.002889,-0.094163,0.001675
15.1811,state,-0.000901,-0.002779,-0.007932,0.001637
15.1910,state,-0.010079,-0.021212,-0.039015,-0.241533
15.1917,desired,-0.044443,-0.044443,-0.111111,-0.111111
15.2011,state,-0.016413,-0.021903,-0.218724,0.001127
15.2110,state,-0.021632,-0.021777,-0.022230,0.001093
15.2117,desired,-0.046666,-0.046666,-0.111111,-0.111111
15.2133,state,-0.030672,-0.036431,-0.100614,-0.390440
15.2211,state,-0.000901,-0.002779,-0.007932,0.001637
15.2309,state,-0.010079,-0.021212,-0.039015,-0.241533
15.2410,state,-0.016413,-0.021903,-0.218724,0.001127
15.2419,desired,-0.050000,-0.050000,-0.111111,-0.111111
15.2510,state,-0.021632,-0.021777,-0.022230,0.001093
15.2611,state,-0.030672,-0.036431,-0.100614,-0.390440
15.2719,desired,-0.053332,-0.053332,-0.111111,-0.111111
15.2723,state,-0.000901,-0.002779,-0.007932,0.001637
15.2810,state,-0.010079,-0.021212,-0.039015,-0.241533
15.2912,state,-0.016413,-0.021903,-0.218724,0.001127
15.2925,desired,-0.055558,-0.055558,-0.111111,-0.111111
15.3010,state,-0.021632,-0.021777,-0.022230,0.001093
15.3113,state,-0.030672,-0.036431,-0.100614,-0.390440
15.3125,desired,-0.057785,-0.057785,-0.111111,-0.111111
15.3137,state,-0.032945,-0.042677,-0.014519,0.000741
15.3158,state,-0.043122,-0.042528,-0.049854,0.000622
15.3209,state,-0.016413,-0.021903,-0.218724,0.001127
15.3310,state,-0.021632,-0.021777,-0.022230,0.001093
15.3410,state,-0.030672,-0.036431,-0.100614,-0.390440
15.3421,desired,-0.061110,-0.061110,-0.111111,-0.111111
15.3511,state,-0.032945,-0.042677,-0.014519,0.000741
15.3610,state,-0.043122,-0.042528,-0.049854,0.000622
15.3711,state,-0.016413,-0.021903,-0.218724,0.001127
15.3724,desired,-0.064446,-0.064446,-0.111111,-0.111111
15.3810,state,-0.021632,-0.021777,-0.022230,0.001093
15.3910,state,-0.030672,-0.036431,-0.100614,-0.390440
15.4011,state,-0.032945,-0.042677,-0.014519,0.000741
15.4016,desired,-0.067780,-0.067780,-0.111111,-0.111111
15.4111,state,-0.043122,-0.042528,-0.049854,0.000622
15.4134,state,-0.049555,-0.049143,-0.225946,-0.342368
15.4150,state,-0.054783,-0.063032,-0.029087,-0.045399
15.4211,state,-0.030672,-0.036431,-0.100614,-0.390440
15.4310,state,-0.032945,-0.042677,-0.014519,0.000741
15.4315,desired,-0.071110,-0.071110,-0.111111,-0.111111
15.4411,state,-0.043122,-0.042528,-0.049854,0.000622
15.4513,desired,-0.073333,-0.073333,-0.111111,-0.111111
15.4516,state,-0.049555,-0.049143,-0.225946,-0.342368
15.4610,state,-0.054783,-0.063032,-0.029087,-0.045399
15.4711,state,-0.030672,-0.036431,-0.100614,-0.390440
15.4717,desired,-0.075557,-0.075557,-0.111111,-0.111111
15.4810,state,-0.032945,-0.042677,-0.014519,0.000741
15.4910,state,-0.043122,-0.042528,-0.049854,0.000622
15.5013,desired,-0.078888,-0.078888,-0.111111,-0.111111
15.5016,state,-0.049555,-0.049143,-0.225946,-0.342368
15.5111,state,-0.054783,-0.063032,-0.029087,-0.045399
15.5150,state,-0.063822,-0.062876,-0.107413,0.000249
15.5210,state,-0.032945,-0.042677,-0.014519,0.000741
15.5311,state,-0.043122,-0.042528,-0.049854,0.000622
15.5319,desired,-0.082224,-0.082224,-0.111111,-0.111111
15.5410,state,-0.049555,-0.049143,-0.225946,-0.342368
15.5509,state,-0.054783,-0.063032,-0.029087,-0.045399
15.5610,state,-0.063822,-0.062876,-0.107413,0.000249
15.5616,desired,-0.085554,-0.085554,-0.111111,-0.111111
15.5710,state,-0.032945,-0.042677,-0.014519,0.000741
15.5813,desired,-0.087778,-0.087778,-0.111111,-0.111111
15.5814,state,-0.043122,-0.042528,-0.049854,0.000622
15.5910,state,-0.049555,-0.049143,-0.225946,-0.342368
15.6010,state,-0.054783,-0.063032,-0.029087,-0.045399
15.6110,state,-0.063822,-0.062876,-0.107413,0.000249
15.6116,desired,-0.091112,-0.091112,-0.111111,-0.111111
15.6122,state,-0.066094,-0.062700,-0.021337,0.000224
15.6124,state,-0.076271,-0.082350,-0.056673,-0.255312
15.6209,state,-0.049555,-0.049143,-0.225946,-0.342368
15.6309,state,-0.054783,-0.063032,-0.029087,-0.045399
15.6410,state,-0.063822,-0.062876,-0.107413,0.000249
15.6415,desired,-0.094444,-0.094444,-0.111111,-0.111111
15.6510,state,-0.066094,-0.062700,-0.021337,0.000224
15.6611,state,-0.076271,-0.082350,-0.056673,-0.255312
15.6619,desired,-0.096669,-0.096669,-0.111111,-0.111111
15.6709,state,-0.049555,-0.049143,-0.225946,-0.342368
15.6809,state,-0.054783,-0.063032,-0.029087,-0.045399
15.6909,state,-0.063822,-0.062876,-0.107413,0.000249
15.6914,desired,-0.099999,-0.099999,-0.111111,-0.111111
15.7010,state,-0.066094,-0.062700,-0.021337,0.000224
15.7110,state,-0.076271,-0.082350,-0.056673,-0.255312
15.7115,desired,-0.102223,-0.102223,-0.111111,-0.111111
15.7125,state,-0.082703,-0.083210,-0.232707,-0.000034
15.7134,state,-0.087930,-0.082999,-0.035893,-0.000053
15.7209,state,-0.063822,-0.062876,-0.107413,0.000249
15.7309,state,-0.066094,-0.062700,-0.021337,0.000224
15.7409,state,-0.076271,-0.082350,-0.056673,-0.255312
15.7415,desired,-0.105555,-0.105555,-0.111111,-0.111111
15.7509,state,-0.082703,-0.083210,-0.232707,-0.000034
15.7609,state,-0.087930,-0.082999,-0.035893,-0.000053
15.7614,desired,-0.107777,-0.107777,-0.111111,-0.111111
15.7709,state,-0.063822,-0.062876,-0.107413,0.000249
15.7809,state,-0.066094,-0.062700,-0.021337,0.000224
15.7909,state,-0.076271,-0.082350,-0.056673,-0.255312
15.7914,desired,-0.111111,-0.111111,-0.111111,-0.111111
15.8011,state,-0.082703,-0.083210,-0.232707,-0.000034
15.8109,state,-0.087930,-0.082999,-0.035893,-0.000053
15.8122,state,-0.097832,-0.098224,-0.123708,-0.407063
15.8210,state,-0.066094,-0.062700,-0.021337,0.000224
15.8215,desired,-0.114444,-0.114444,-0.111111,-0.111111
15.8309,state,-0.076271,-0.082350,-0.056673,-0.255312
15.8409,state,-0.082703,-0.083210,-0.232707,-0.000034
15.8509,state,-0.087930,-0.082999,-0.035893,-0.000053
15.8514,desired,-0.117775,-0.117775,-0.111111,-0.111111
15.8609,state,-0.097832,-0.098224,-0.123708,-0.407063
15.8709,state,-0.066094,-0.062700,-0.021337,0.000224
15.8713,desired,-0.119998,-0.119998,-0.111111,-0.111111
15.8810,state,-0.076271,-0.082350,-0.056673,-0.255312
15.8909,state,-0.082703,-0.083210,-0.232707,-0.000034
15.9012,desired,-0.123333,-0.123333,-0.111111,-0.111111
15.9014,state,-0.087930,-0.082999,-0.035893,-0.000053
15.9109,state,-0.097832,-0.098224,-0.123708,-0.407063
15.9122,state,-0.100329,-0.104732,-0.029128,-0.000133
15.9134,state,-0.109526,-0.104478,-0.059523,-0.000253
15.9210,state,-0.082703,-0.083210,-0.232707,-0.000034
15.9309,state,-0.087930,-0.082999,-0.035893,-0.000053
15.9314,desired,-0.126666,-0.126666,-0.111111,-0.111111
15.9410,state,-0.097832,-0.098224,-0.123708,-0.407063
15.9511,state,-0.100329,-0.104732,-0.029128,-0.000133
15.9519,desired,-0.128891,-0.128891,-0.111111,-0.111111
15.9610,state,-0.109526,-0.104478,-0.059523,-0.000253
15.9709,state,-0.082703,-0.083210,-0.232707,-0.000034
15.9809,state,-0.087930,-0.082999,-0.035893,-0.000053
15.9814,desired,-0.132221,-0.132221,-0.111111,-0.111111
15.9910,state,-0.097832,-0.098224,-0.123708,-0.407063
16.0016,desired,-0.134449,-0.134449,-0.111111,-0.111111
16.0019,state,-0.100329,-0.104732,-0.029128,-0.000133
16.0110,state,-0.109526,-0.104478,-0.059523,-0.000253
16.0126,state,-0.115861,-0.110462,-0.239138,-0.316520
16.0134,state,-0.121079,-0.123326,-0.042656,-0.035232
16.0210,state,-0.097832,-0.098224,-0.123708,-0.407063
16.0310,state,-0.100329,-0.104732,-0.029128,-0.000133
16.0315,desired,-0.137778,-0.137778,-0.111111,-0.111111
16.0410,state,-0.109526,-0.104478,-0.059523,-0.000253
16.0510,state,-0.115861,-0.110462,-0.239138,-0.316520
16.0610,state,-0.121079,-0.123326,-0.042656,-0.035232
16.0616,desired,-0.141110,-0.141110,-0.111111,-0.111111
16.0710,state,-0.097832,-0.098224,-0.123708,-0.407063
16.0810,state,-0.100329,-0.104732,-0.029128,-0.000133
16.0909,state,-0.109526,-0.104478,-0.059523,-0.000253
16.0914,desired,-0.144443,-0.144443,-0.111111,-0.111111
16.1009,state,-0.115861,-0.110462,-0.239138,-0.316520
16.1110,state,-0.121079,-0.123326,-0.042656,-0.035232
16.1115,desired,-0.146667,-0.146667,-0.111111,-0.111111
16.1124,state,-0.130120,-0.123049,-0.121047,-0.000371
16.1209,state,-0.100329,-0.104732,-0.029128,-0.000133
16.1310,state,-0.109526,-0.104478,-0.059523,-0.000253
16.1410,state,-0.115861,-0.110462,-0.239138,-0.316520
16.1417,desired,-0.149998,-0.149998,-0.111111,-0.111111
16.1509,state,-0.121079,-0.123326,-0.042656,-0.035232
16.1609,state,-0.130120,-0.123049,-0.121047,-0.000371
16.1710,state,-0.100329,-0.104732,-0.029128,-0.000133
16.1714,desired,-0.153332,-0.153332,-0.111111,-0.111111
16.1809,state,-0.109526,-0.104478,-0.059523,-0.000253
16.1910,state,-0.115861,-0.110462,-0.239138,-0.316520
16.2012,desired,-0.156664,-0.156664,-0.111111,-0.111111
16.2014,state,-0.121079,-0.123326,-0.042656,-0.035232
16.2109,state,-0.130120,-0.123049,-0.121047,-0.000371
16.2126,state,-0.132394,-0.122757,-0.034929,-0.000375
16.2132,state,-0.143570,-0.143615,-0.074485,-0.269652
16.2213,desired,-0.158889,-0.158889,-0.111111,-0.111111
16.2215,state,-0.115861,-0.110462,-0.239138,-0.316520
16.2309,state,-0.121079,-0.123326,-0.042656,-0.035232
16.2411,state,-0.130120,-0.123049,-0.121047,-0.000371
16.2417,desired,-0.161112,-0.161112,-0.111111,-0.111111
16.2509,state,-0.132394,-0.122757,-0.034929,-0.000375
16.2610,state,-0.143570,-0.143615,-0.074485,-0.269652
16.2709,state,-0.115861,-0.110462,-0.239138,-0.316520
16.2715,desired,-0.164444,-0.164444,-0.111111,-0.111111
16.2811,state,-0.121079,-0.123326,-0.042656,-0.035232
16.2913,desired,-0.166666,-0.166666,-0.111111,-0.111111
16.2916,state,-0.130120,-0.123049,-0.121047,-0.000371
16.3011,state,-0.132394,-0.122757,-0.034929,-0.000375
16.3116,desired,-0.168891,-0.168891,-0.111111,-0.111111
16.3119,state,-0.143570,-0.143615,-0.074485,-0.269652
16.3140,state,-0.150098,-0.144622,-0.246809,-0.000455
16.3156,state,-0.155333,-0.144280,-0.049702,-0.000454
16.3210,state,-0.130120,-0.123049,-0.121047,-0.000371
16.3309,state,-0.132394,-0.122757,-0.034929,-0.000375
16.3409,state,-0.143570,-0.143615,-0.074485,-0.269652
16.3415,desired,-0.172221,-0.172221,-0.111111,-0.111111
16.3509,state,-0.150098,-0.144622,-0.246809,-0.000455
16.3609,state,-0.155333,-0.144280,-0.049702,-0.000454
16.3615,desired,-0.174444,-0.174444,-0.111111,-0.111111
16.3709,state,-0.130120,-0.123049,-0.121047,-0.000371
16.3809,state,-0.132394,-0.122757,-0.034929,-0.000375
16.3909,state,-0.143570,-0.143615,-0.074485,-0.269652
16.3914,desired,-0.177776,-0.177776,-0.111111,-0.111111
16.4009,state,-0.150098,-0.144622,-0.246809,-0.000455
16.4110,state,-0.155333,-0.144280,-0.049702,-0.000454
16.4115,desired,-0.180001,-0.180001,-0.111111,-0.111111
16.4127,state,-0.163516,-0.157481,-0.118585,-0.363908
16.4210,state,-0.132394,-0.122757,-0.034929,-0.000375
16.4309,state,-0.143570,-0.143615,-0.074485,-0.269652
16.4410,state,-0.150098,-0.144622,-0.246809,-0.000455
16.4415,desired,-0.183332,-0.183332,-0.111111,-0.111111
16.4510,state,-0.155333,-0.144280,-0.049702,-0.000454
16.4609,state,-0.163516,-0.157481,-0.118585,-0.363908
16.4709,state,-0.132394,-0.122757,-0.034929,-0.000375
16.4714,desired,-0.186665,-0.186665,-0.111111,-0.111111
16.4809,state,-0.143570,-0.143615,-0.074485,-0.269652
16.4909,state,-0.150098,-0.144622,-0.246809,-0.000455
16.4914,desired,-0.188888,-0.188888,-0.111111,-0.111111
16.5009,state,-0.155333,-0.144280,-0.049702,-0.000454
16.5109,state,-0.163516,-0.157481,-0.118585,-0.363908
16.5120,state,-0.165566,-0.162918,-0.040926,-0.000446
16.5124,state,-0.175724,-0.162534,-0.076929,-0.000515
16.5209,state,-0.150098,-0.144622,-0.246809,-0.000455
16.5214,desired,-0.192221,-0.192221,-0.111111,-0.111111
16.5309,state,-0.155333,-0.144280,-0.049702,-0.000454
16.5410,state,-0.163516,-0.157481,-0.118585,-0.363908
16.5509,state,-0.165566,-0.162918,-0.040926,-0.000446
16.5513,desired,-0.195553,-0.195553,-0.111111,-0.111111
16.5609,state,-0.175724,-0.162534,-0.076929,-0.000515
16.5709,state,-0.150098,-0.144622,-0.246809,-0.000455
16.5714,desired,-0.197776,-0.197776,-0.111111,-0.111111
16.5810,state,-0.155333,-0.144280,-0.049702,-0.000454
16.5909,state,-0.163516,-0.157481,-0.118585,-0.363908
16.6010,state,-0.165566,-0.162918,-0.040926,-0.000446
16.6015,desired,-0.201109,-0.201109,-0.111111,-0.111111
16.6111,state,-0.175724,-0.162534,-0.076929,-0.000515
16.6128,state,-0.182154,-0.169046,-0.253014,-0.350255
16.6142,state,-0.187382,-0.182960,-0.056183,-0.050196
16.6211,state,-0.163516,-0.157481,-0.118585,-0.363908
16.6217,desired,-0.203336,-0.203336,-0.111111,-0.111111
16.6309,state,-0.165566,-0.162918,-0.040926,-0.000446
16.6410,state,-0.175724,-0.162534,-0.076929,-0.000515
16.6509,state,-0.182154,-0.169046,-0.253014,-0.350255
16.6514,desired,-0.206666,-0.206666,-0.111111,-0.111111
16.6609,state,-0.187382,-0.182960,-0.056183,-0.050196
16.6709,state,-0.163516,-0.157481,-0.118585,-0.363908
16.6810,state,-0.165566,-0.162918,-0.040926,-0.000446
16.6815,desired,-0.209999,-0.209999,-0.111111,-0.111111
16.6909,state,-0.175724,-0.162534,-0.076929,-0.000515
16.7009,state,-0.182154,-0.169046,-0.253014,-0.350255
16.7113,desired,-0.213332,-0.213332,-0.111111,-0.111111
16.7115,state,-0.187382,-0.182960,-0.056183,-0.050196
16.7126,state,-0.197284,-0.182555,-0.143982,-0.000624
16.7210,state,-0.165566,-0.162918,-0.040926,-0.000446
16.7309,state,-0.175724,-0.162534,-0.076929,-0.000515
16.7409,state,-0.182154,-0.169046,-0.253014,-0.350255
16.7414,desired,-0.216665,-0.216665,-0.111111,-0.111111
16.7509,state,-0.187382,-0.182960,-0.056183,-0.050196
16.7609,state,-0.197284,-0.182555,-0.143982,-0.000624
16.7709,state,-0.165566,-0.162918,-0.040926,-0.000446
16.7714,desired,-0.219997,-0.219997,-0.111111,-0.111111
16.7810,state,-0.175724,-0.162534,-0.076929,-0.000515
16.7909,state,-0.182154,-0.169046,-0.253014,-0.350255
16.7914,desired,-0.222221,-0.222221,-0.111111,-0.111111
16.8009,state,-0.187382,-0.182960,-0.056183,-0.050196
16.8109,state,-0.197284,-0.182555,-0.143982,-0.000624
16.8120,state,-0.199782,-0.182128,-0.049380,-0.000639
16.8121,state,-0.209978,-0.202555,-0.083990,-0.266793
16.8209,state,-0.182154,-0.169046,-0.253014,-0.350255
16.8214,desired,-0.225554,-0.225554,-0.111111,-0.111111
16.8310,state,-0.187382,-0.182960,-0.056183,-0.050196
16.8409,state,-0.197284,-0.182555,-0.143982,-0.000624
16.8510,state,-0.199782,-0.182128,-0.049380,-0.000639
16.8515,desired,-0.228887,-0.228887,-0.111111,-0.111111
16.8610,state,-0.209978,-0.202555,-0.083990,-0.266793
16.8710,state,-0.182154,-0.169046,-0.253014,-0.350255
16.8810,state,-0.187382,-0.182960,-0.056183,-0.050196
16.8815,desired,-0.232221,-0.232221,-0.111111,-0.111111
16.8910,state,-0.197284,-0.182555,-0.143982,-0.000624
16.9010,state,-0.199782,-0.182128,-0.049380,-0.000639
16.9110,state,-0.209978,-0.202555,-0.083990,-0.266793
16.9115,desired,-0.235555,-0.235555,-0.111111,-0.111111
16.9125,state,-0.215867,-0.203375,-0.238596,-0.000845
16.9133,state,-0.220580,-0.202910,-0.061130,-0.000888
16.9210,state,-0.197284,-0.182555,-0.143982,-0.000624
16.9309,state,-0.199782,-0.182128,-0.049380,-0.000639
16.9410,state,-0.209978,-0.202555,-0.083990,-0.266793
16.9418,desired,-0.238890,-0.238890,-0.111111,-0.111111
16.9510,state,-0.215867,-0.203375,-0.238596,-0.000845
16.9609,state,-0.220580,-0.202910,-0.061130,-0.000888
16.9710,state,-0.197284,-0.182555,-0.143982,-0.000624
16.9716,desired,-0.242222,-0.242222,-0.111111,-0.111111
16.9810,state,-0.199782,-0.182128,-0.049380,-0.000639
16.9910,state,-0.209978,-0.202555,-0.083990,-0.266793
17.0009,state,-0.215867,-0.203375,-0.238596,-0.000845
17.0017,desired,-0.245554,-0.245554,-0.111111,-0.111111
17.0111,state,-0.220580,-0.202910,-0.061130,-0.000888
17.0134,state,-0.229580,-0.216031,-0.141064,-0.365124
17.0211,state,-0.199782,-0.182128,-0.049380,-0.000639
17.0219,desired,-0.247780,-0.247780,-0.111111,-0.111111
17.0309,state,-0.209978,-0.202555,-0.083990,-0.266793
17.0409,state,-0.215867,-0.203375,-0.238596,-0.000845
17.0510,state,-0.220580,-0.202910,-0.061130,-0.000888
17.0516,desired,-0.251111,-0.251111,-0.111111,-0.111111
17.0609,state,-0.229580,-0.216031,-0.141064,-0.365124
17.0710,state,-0.199782,-0.182128,-0.049380,-0.000639
17.0811,state,-0.209978,-0.202555,-0.083990,-0.266793
17.0817,desired,-0.254446,-0.254446,-0.111111,-0.111111
17.0909,state,-0.215867,-0.203375,-0.238596,-0.000845
17.1009,state,-0.220580,-0.202910,-0.061130,-0.000888
17.1111,state,-0.229580,-0.216031,-0.141064,-0.365124
17.1119,desired,-0.257780,-0.257780,-0.111111,-0.111111
17.1137,state,-0.231850,-0.221356,-0.055061,-0.001162
17.1154,state,-0.243027,-0.220871,-0.094603,-0.001308
17.1210,state,-0.215867,-0.203375,-0.238596,-0.000845
17.1310,state,-0.220580,-0.202910,-0.061130,-0.000888
17.1416,desired,-0.261113,-0.261113,-0.111111,-0.111111
17.1419,state,-0.229580,-0.216031,-0.141064,-0.365124
17.1510,state,-0.231850,-0.221356,-0.055061,-0.001162
17.1610,state,-0.243027,-0.220871,-0.094603,-0.001308
17.1710,state,-0.215867,-0.203375,-0.238596,-0.000845
17.1715,desired,-0.264444,-0.264444,-0.111111,-0.111111
17.1810,state,-0.220580,-0.202910,-0.061130,-0.000888
17.1909,state,-0.229580,-0.216031,-0.141064,-0.365124
17.2011,state,-0.231850,-0.221356,-0.055061,-0.001162
17.2018,desired,-0.267779,-0.267779,-0.111111,-0.111111
17.2111,state,-0.243027,-0.220871,-0.094603,-0.001308
17.2128,state,-0.249557,-0.227709,-0.266923,-0.372384
17.2150,state,-0.254793,-0.242333,-0.069764,-0.061350
17.2210,state,-0.229580,-0.216031,-0.141064,-0.365124
17.2310,state,-0.231850,-0.221356,-0.055061,-0.001162
17.2316,desired,-0.271111,-0.271111,-0.111111,-0.111111
17.2409,state,-0.243027,-0.220871,-0.094603,-0.001308
17.2510,state,-0.249557,-0.227709,-0.266923,-0.372384
17.2609,state,-0.254793,-0.242333,-0.069764,-0.061350
17.2616,desired,-0.274444,-0.274444,-0.111111,-0.111111
17.2709,state,-0.229580,-0.216031,-0.141064,-0.365124
17.2810,state,-0.231850,-0.221356,-0.055061,-0.001162
17.2910,state,-0.243027,-0.220871,-0.094603,-0.001308
17.2918,desired,-0.277779,-0.277779,-0.111111,-0.111111
17.3009,state,-0.249557,-0.227709,-0.266923,-0.372384
17.3110,state,-0.254793,-0.242333,-0.069764,-0.061350
17.3128,state,-0.262975,-0.241868,-0.138608,-0.002007
17.3209,state,-0.231850,-0.221356,-0.055061,-0.001162
17.3213,desired,-0.281109,-0.281109,-0.111111,-0.111111
17.3309,state,-0.243027,-0.220871,-0.094603,-0.001308
17.3409,state,-0.249557,-0.227709,-0.266923,-0.372384
17.3510,state,-0.254793,-0.242333,-0.069764,-0.061350
17.3517,desired,-0.284447,-0.284447,-0.111111,-0.111111
17.3609,state,-0.262975,-0.241868,-0.138608,-0.002007
17.3710,state,-0.231850,-0.221356,-0.055061,-0.001162
17.3809,state,-0.243027,-0.220871,-0.094603,-0.001308
17.3814,desired,-0.287777,-0.287777,-0.111111,-0.111111
17.3910,state,-0.249557,-0.227709,-0.266923,-0.372384
17.4015,desired,-0.290002,-0.290002,-0.111111,-0.111111
17.4016,state,-0.254793,-0.242333,-0.069764,-0.061350
17.4111,state,-0.262975,-0.241868,-0.138608,-0.002007
17.4128,state,-0.265025,-0.241384,-0.060937,-0.002150
17.4135,state,-0.275187,-0.259205,-0.096920,-0.248606
17.4211,state,-0.249557,-0.227709,-0.266923,-0.372384
17.4310,state,-0.254793,-0.242333,-0.069764,-0.061350
17.4319,desired,-0.293335,-0.293335,-0.111111,-0.111111
17.4412,state,-0.262975,-0.241868,-0.138608,-0.002007
17.4510,state,-0.265025,-0.241384,-0.060937,-0.002150
17.4614,desired,-0.296666,-0.296666,-0.111111,-0.111111
17.4616,state,-0.275187,-0.259205,-0.096920,-0.248606
17.4709,state,-0.249557,-0.227709,-0.266923,-0.372384
17.4810,state,-0.254793,-0.242333,-0.069764,-0.061350
17.4911,state,-0.262975,-0.241868,-0.138608,-0.002007
17.4919,desired,-0.300001,-0.300001,-0.111111,-0.111111
17.5009,state,-0.265025,-0.241384,-0.060937,-0.002150
17.5112,state,-0.275187,-0.259205,-0.096920,-0.248606
17.5120,desired,-0.302226,-0.302226,-0.111111,-0.111111
17.5135,state,-0.281618,-0.259869,-0.272984,-0.002912
17.5151,state,-0.286847,-0.259399,-0.076102,-0.003105
17.5209,state,-0.262975,-0.241868,-0.138608,-0.002007
17.5311,state,-0.265025,-0.241384,-0.060937,-0.002150
17.5410,state,-0.275187,-0.259205,-0.096920,-0.248606
17.5416,desired,-0.305554,-0.305554,-0.111111,-0.111111
17.5511,state,-0.281618,-0.259869,-0.272984,-0.002912
17.5609,state,-0.286847,-0.259399,-0.076102,-0.003105
17.5709,state,-0.262975,-0.241868,-0.138608,-0.002007
17.5714,desired,-0.308888,-0.308888,-0.111111,-0.111111
17.5810,state,-0.265025,-0.241384,-0.060937,-0.002150
17.5915,desired,-0.311112,-0.311112,-0.111111,-0.111111
17.5918,state,-0.275187,-0.259205,-0.096920,-0.248606
17.6009,state,-0.281618,-0.259869,-0.272984,-0.002912
17.6110,state,-0.286847,-0.259399,-0.076102,-0.003105
17.6135,state,-0.295889,-0.272717,-0.154410,-0.375810
17.6209,state,-0.265025,-0.241384,-0.060937,-0.002150
17.6214,desired,-0.314442,-0.314442,-0.111111,-0.111111
17.6309,state,-0.275187,-0.259205,-0.096920,-0.248606
17.6409,state,-0.281618,-0.259869,-0.272984,-0.002912
17.6509,state,-0.286847,-0.259399,-0.076102,-0.003105
17.6515,desired,-0.317776,-0.317776,-0.111111,-0.111111
17.6609,state,-0.295889,-0.272717,-0.154410,-0.375810
17.6710,state,-0.265025,-0.241384,-0.060937,-0.002150
17.6716,desired,-0.319999,-0.319999,-0.111111,-0.111111
17.6810,state,-0.275187,-0.259205,-0.096920,-0.248606
17.6909,state,-0.281618,-0.259869,-0.272984,-0.002912
17.7010,state,-0.286847,-0.259399,-0.076102,-0.003105
17.7018,desired,-0.323334,-0.323334,-0.111111,-0.111111
17.7109,state,-0.295889,-0.272717,-0.154410,-0.375810
17.7123,state,-0.298163,-0.280057,-0.068257,-0.003836
17.7131,state,-0.309339,-0.279607,-0.107748,-0.004251
17.7209,state,-0.281618,-0.259869,-0.272984,-0.002912
17.7309,state,-0.286847,-0.259399,-0.076102,-0.003105
17.7315,desired,-0.326666,-0.326666,-0.111111,-0.111111
17.7409,state,-0.295889,-0.272717,-0.154410,-0.375810
17.7509,state,-0.298163,-0.280057,-0.068257,-0.003836
17.7609,state,-0.309339,-0.279607,-0.107748,-0.004251
17.7615,desired,-0.329999,-0.329999,-0.111111,-0.111111
17.7710,state,-0.281618,-0.259869,-0.272984,-0.002912
17.7810,state,-0.286847,-0.259399,-0.076102,-0.003105
17.7910,state,-0.295889,-0.272717,-0.154410,-0.375810
17.7916,desired,-0.333333,-0.333333,-0.111111,-0.111111
17.8010,state,-0.298163,-0.280057,-0.068257,-0.003836
17.8109,state,-0.309339,-0.279607,-0.107748,-0.004251
17.8120,state,-0.315870,-0.285294,-0.280096,-0.314851
17.8127,state,-0.321108,-0.301058,-0.082870,-0.143164
17.8214,desired,-0.336666,-0.336666,-0.111111,-0.111111
17.8217,state,-0.295889,-0.272717,-0.154410,-0.375810
17.8309,state,-0.298163,-0.280057,-0.068257,-0.003836
17.8410,state,-0.309339,-0.279607,-0.107748,-0.004251
17.8418,desired,-0.338890,-0.338890,-0.111111,-0.111111
17.8509,state,-0.315870,-0.285294,-0.280096,-0.314851
17.8610,state,-0.321108,-0.301058,-0.082870,-0.143164
17.8618,desired,-0.341113,-0.341113,-0.111111,-0.111111
17.8709,state,-0.295889,-0.272717,-0.154410,-0.375810
17.8810,state,-0.298163,-0.280057,-0.068257,-0.003836
17.8910,state,-0.309339,-0.279607,-0.107748,-0.004251
17.8916,desired,-0.344444,-0.344444,-0.111111,-0.111111
17.9009,state,-0.315870,-0.285294,-0.280096,-0.314851
17.9111,state,-0.321108,-0.301058,-0.082870,-0.143164
17.9117,desired,-0.346669,-0.346669,-0.111111,-0.111111
17.9127,state,-0.329289,-0.300712,-0.151678,-0.005662
17.9210,state,-0.298163,-0.280057,-0.068257,-0.003836
17.9309,state,-0.309339,-0.279607,-0.107748,-0.004251
17.9410,state,-0.315870,-0.285294,-0.280096,-0.314851
17.9418,desired,-0.350001,-0.350001,-0.111111,-0.111111
17.9511,state,-0.321108,-0.301058,-0.082870,-0.143164
17.9610,state,-0.329289,-0.300712,-0.151678,-0.005662
17.9710,state,-0.298163,-0.280057,-0.068257,-0.003836
17.9716,desired,-0.353333,-0.353333,-0.111111,-0.111111
17.9810,state,-0.309339,-0.279607,-0.107748,-0.004251
17.9910,state,-0.315870,-0.285294,-0.280096,-0.314851
18.0010,state,-0.321108,-0.301058,-0.082870,-0.143164
18.0016,desired,-0.356666,-0.356666,-0.111111,-0.111111
18.0112,state,-0.329289,-0.300712,-0.151678,-0.005662
18.0135,state,-0.331339,-0.300316,-0.073995,-0.005931
18.0138,state,-0.341500,-0.316816,-0.109944,-0.267229
18.0210,state,-0.315870,-0.285294,-0.280096,-0.314851
18.0217,desired,-0.358889,-0.358889,-0.111111,-0.111111
18.0310,state,-0.321108,-0.301058,-0.082870,-0.143164
18.0410,state,-0.329289,-0.300712,-0.151678,-0.005662
18.0418,desired,-0.361113,-0.361113,-0.111111,-0.111111
18.0509,state,-0.331339,-0.300316,-0.073995,-0.005931
18.0610,state,-0.341500,-0.316816,-0.109944,-0.267229
18.0710,state,-0.315870,-0.285294,-0.280096,-0.314851
18.0717,desired,-0.364444,-0.364444,-0.111111,-0.111111
18.0811,state,-0.321108,-0.301058,-0.082870,-0.143164
18.0910,state,-0.329289,-0.300712,-0.151678,-0.005662
18.1010,state,-0.331339,-0.300316,-0.073995,-0.005931
18.1018,desired,-0.367779,-0.367779,-0.111111,-0.111111
18.1109,state,-0.341500,-0.316816,-0.109944,-0.267229
18.1123,state,-0.347931,-0.319341,-0.285980,-0.007015
18.1140,state,-0.353161,-0.318984,-0.089075,-0.007296
18.1210,state,-0.329289,-0.300712,-0.151678,-0.005662
18.1310,state,-0.331339,-0.300316,-0.073995,-0.005931
18.1316,desired,-0.371110,-0.371110,-0.111111,-0.111111
18.1409,state,-0.341500,-0.316816,-0.109944,-0.267229
18.1509,state,-0.347931,-0.319341,-0.285980,-0.007015
18.1609,state,-0.353161,-0.318984,-0.089075,-0.007296
18.1615,desired,-0.374443,-0.374443,-0.111111,-0.111111
18.1709,state,-0.329289,-0.300712,-0.151678,-0.005662
18.1811,state,-0.331339,-0.300316,-0.073995,-0.005931
18.1819,desired,-0.376668,-0.376668,-0.111111,-0.111111
18.1910,state,-0.341500,-0.316816,-0.109944,-0.267229
18.2010,state,-0.347931,-0.319341,-0.285980,-0.007015
18.2111,state,-0.353161,-0.318984,-0.089075,-0.007296
18.2119,desired,-0.380003,-0.380003,-0.111111,-0.111111
18.2134,state,-0.362204,-0.330775,-0.167370,-0.347481
18.2210,state,-0.331339,-0.300316,-0.073995,-0.005931
18.2310,state,-0.341500,-0.316816,-0.109944,-0.267229
18.2410,state,-0.347931,-0.319341,-0.285980,-0.007015
18.2415,desired,-0.383332,-0.383332,-0.111111,-0.111111
18.2510,state,-0.353161,-0.318984,-0.089075,-0.007296
18.2610,state,-0.362204,-0.330775,-0.167370,-0.347481
18.2710,state,-0.331339,-0.300316,-0.073995,-0.005931
18.2716,desired,-0.386666,-0.386666,-0.111111,-0.111111
18.2810,state,-0.341500,-0.316816,-0.109944,-0.267229
18.2911,state,-0.347931,-0.319341,-0.285980,-0.007015
18.3009,state,-0.353161,-0.318984,-0.089075,-0.007296
18.3017,desired,-0.389999,-0.389999,-0.111111,-0.111111
18.3112,state,-0.362204,-0.330775,-0.167370,-0.347481
18.3129,state,-0.364479,-0.339645,-0.081180,-0.008571
18.3143,state,-0.375658,-0.339351,-0.120641,-0.009085
18.3210,state,-0.347931,-0.319341,-0.285980,-0.007015
18.3219,desired,-0.392222,-0.392222,-0.111111,-0.111111
18.3309,state,-0.353161,-0.318984,-0.089075,-0.007296
18.3414,desired,-0.394446,-0.394446,-0.111111,-0.111111
18.3417,state,-0.362204,-0.330775,-0.167370,-0.347481
18.3510,state,-0.364479,-0.339645,-0.081180,-0.008571
18.3610,state,-0.375658,-0.339351,-0.120641,-0.009085
18.3709,state,-0.347931,-0.319341,-0.285980,-0.007015
18.3717,desired,-0.397777,-0.397777,-0.111111,-0.111111
18.3810,state,-0.353161,-0.318984,-0.089075,-0.007296
18.3910,state,-0.362204,-0.330775,-0.167370,-0.347481
18.4015,desired,-0.401110,-0.401110,-0.111111,-0.111111
18.4018,state,-0.364479,-0.339645,-0.081180,-0.008571
18.4110,state,-0.375658,-0.339351,-0.120641,-0.009085
18.4124,state,-0.381645,-0.343995,-0.271636,-0.258839
18.4132,state,-0.386370,-0.359485,-0.093735,-0.183352
18.4209,state,-0.362204,-0.330775,-0.167370,-0.347481
18.4215,desired,-0.403333,-0.403333,-0.111111,-0.111111
18.4309,state,-0.364479,-0.339645,-0.081180,-0.008571
18.4410,state,-0.375658,-0.339351,-0.120641,-0.009085
18.4416,desired,-0.405558,-0.405558,-0.111111,-0.111111
18.4509,state,-0.381645,-0.343995,-0.271636,-0.258839
18.4610,state,-0.386370,-0.359485,-0.093735,-0.183352
18.4709,state,-0.362204,-0.330775,-0.167370,-0.347481
18.4715,desired,-0.408887,-0.408887,-0.111111,-0.111111
18.4810,state,-0.364479,-0.339645,-0.081180,-0.008571
18.4909,state,-0.375658,-0.339351,-0.120641,-0.009085
18.5010,state,-0.381645,-0.343995,-0.271636,-0.258839
18.5017,desired,-0.412222,-0.412222,-0.111111,-0.111111
18.5112,state,-0.386370,-0.359485,-0.093735,-0.183352
18.5145,state,-0.395370,-0.359352,-0.173570,-0.011044
18.5211,state,-0.364479,-0.339645,-0.081180,-0.008571
18.5219,desired,-0.414447,-0.414447,-0.111111,-0.111111
18.5310,state,-0.375658,-0.339351,-0.120641,-0.009085
18.5409,state,-0.381645,-0.343995,-0.271636,-0.258839
18.5510,state,-0.386370,-0.359485,-0.093735,-0.183352
18.5517,desired,-0.417778,-0.417778,-0.111111,-0.111111
18.5610,state,-0.395370,-0.359352,-0.173570,-0.011044
18.5710,state,-0.364479,-0.339645,-0.081180,-0.008571
18.5810,state,-0.375658,-0.339351,-0.120641,-0.009085
18.5818,desired,-0.421111,-0.421111,-0.111111,-0.111111
18.5910,state,-0.381645,-0.343995,-0.271636,-0.258839
18.6011,state,-0.386370,-0.359485,-0.093735,-0.183352
18.6019,desired,-0.423335,-0.423335,-0.111111,-0.111111
18.6110,state,-0.395370,-0.359352,-0.173570,-0.011044
18.6128,state,-0.397642,-0.359148,-0.087509,-0.011260
18.6130,state,-0.407821,-0.375714,-0.122733,-0.291350
18.6210,state,-0.381645,-0.343995,-0.271636,-0.258839
18.6309,state,-0.386370,-0.359485,-0.093735,-0.183352
18.6316,desired,-0.426666,-0.426666,-0.111111,-0.111111
18.6410,state,-0.395370,-0.359352,-0.173570,-0.011044
18.6510,state,-0.397642,-0.359148,-0.087509,-0.011260
18.6610,state,-0.407821,-0.375714,-0.122733,-0.291350
18.6619,desired,-0.430002,-0.430002,-0.111111,-0.111111
18.6710,state,-0.381645,-0.343995,-0.271636,-0.258839
18.6810,state,-0.386370,-0.359485,-0.093735,-0.183352
18.6910,state,-0.395370,-0.359352,-0.173570,-0.011044
18.6916,desired,-0.433333,-0.433333,-0.111111,-0.111111
18.7010,state,-0.397642,-0.359148,-0.087509,-0.011260
18.7111,state,-0.407821,-0.375714,-0.122733,-0.291350
18.7116,desired,-0.435555,-0.435555,-0.111111,-0.111111
18.7127,state,-0.414800,-0.379431,-0.320111,-0.013282
18.7134,state,-0.420548,-0.379316,-0.103704,-0.013419
18.7210,state,-0.395370,-0.359352,-0.173570,-0.011044
18.7309,state,-0.397642,-0.359148,-0.087509,-0.011260
18.7411,state,-0.407821,-0.375714,-0.122733,-0.291350
18.7419,desired,-0.438891,-0.438891,-0.111111,-0.111111
18.7510,state,-0.414800,-0.379431,-0.320111,-0.013282
18.7609,state,-0.420548,-0.379316,-0.103704,-0.013419
18.7710,state,-0.395370,-0.359352,-0.173570,-0.011044
18.7717,desired,-0.442224,-0.442224,-0.111111,-0.111111
18.7810,state,-0.397642,-0.359148,-0.087509,-0.011260
18.7910,state,-0.407821,-0.375714,-0.122733,-0.291350
18.8009,state,-0.414800,-0.379431,-0.320111,-0.013282
18.8017,desired,-0.445555,-0.445555,-0.111111,-0.111111
18.8112,state,-0.420548,-0.379316,-0.103704,-0.013419
18.8130,state,-0.429632,-0.390465,-0.180337,-0.336548
18.8210,state,-0.397642,-0.359148,-0.087509,-0.011260
18.8311,state,-0.407821,-0.375714,-0.122733,-0.291350
18.8319,desired,-0.448891,-0.448891,-0.111111,-0.111111
18.8411,state,-0.414800,-0.379431,-0.320111,-0.013282
18.8509,state,-0.420548,-0.379316,-0.103704,-0.013419
18.8610,state,-0.429632,-0.390465,-0.180337,-0.336548
18.8616,desired,-0.452222,-0.452222,-0.111111,-0.111111
18.8710,state,-0.397642,-0.359148,-0.087509,-0.011260
18.8810,state,-0.407821,-0.375714,-0.122733,-0.291350
18.8909,state,-0.414800,-0.379431,-0.320111,-0.013282
18.8915,desired,-0.455555,-0.455555,-0.111111,-0.111111
18.9011,state,-0.420548,-0.379316,-0.103704,-0.013419
18.9112,state,-0.429632,-0.390465,-0.180337,-0.336548
18.9119,desired,-0.457778,-0.457778,-0.111111,-0.111111
18.9136,state,-0.431911,-0.400571,-0.093997,-0.015987
18.9147,state,-0.441095,-0.400584,-0.124963,-0.016226
18.9211,state,-0.414800,-0.379431,-0.320111,-0.013282
18.9309,state,-0.420548,-0.379316,-0.103704,-0.013419
18.9410,state,-0.429632,-0.390465,-0.180337,-0.336548
18.9418,desired,-0.461111,-0.461111,-0.111111,-0.111111
18.9510,state,-0.431911,-0.400571,-0.093997,-0.015987
18.9609,state,-0.441095,-0.400584,-0.124963,-0.016226
18.9709,state,-0.414800,-0.379431,-0.320111,-0.013282
18.9716,desired,-0.464444,-0.464444,-0.111111,-0.111111
18.9811,state,-0.420548,-0.379316,-0.103704,-0.013419
18.9910,state,-0.429632,-0.390465,-0.180337,-0.336548
19.0009,state,-0.431911,-0.400571,-0.093997,-0.015987
19.0014,desired,-0.467775,-0.467775,-0.111111,-0.111111
19.0110,state,-0.441095,-0.400584,-0.124963,-0.016226
19.0137,state,-0.447430,-0.404456,-0.304526,-0.211895
19.0147,state,-0.452652,-0.419114,-0.107909,-0.203245
19.0210,state,-0.429632,-0.390465,-0.180337,-0.336548
19.0215,desired,-0.470000,-0.470000,-0.111111,-0.111111
19.0309,state,-0.431911,-0.400571,-0.093997,-0.015987
19.0411,state,-0.441095,-0.400584,-0.124963,-0.016226
19.0419,desired,-0.472224,-0.472224,-0.111111,-0.111111
19.0510,state,-0.447430,-0.404456,-0.304526,-0.211895
19.0609,state,-0.452652,-0.419114,-0.107909,-0.203245
19.0709,state,-0.429632,-0.390465,-0.180337,-0.336548
19.0714,desired,-0.475554,-0.475554,-0.111111,-0.111111
19.0810,state,-0.431911,-0.400571,-0.093997,-0.015987
19.0910,state,-0.441095,-0.400584,-0.124963,-0.016226
19.1009,state,-0.447430,-0.404456,-0.304526,-0.211895
19.1014,desired,-0.478888,-0.478888,-0.111111,-0.111111
19.1109,state,-0.452652,-0.419114,-0.107909,-0.203245
19.1147,state,-0.461696,-0.419312,-0.186190,-0.018362
19.1210,state,-0.431911,-0.400571,-0.093997,-0.015987
19.1215,desired,-0.481110,-0.481110,-0.111111,-0.111111
19.1309,state,-0.441095,-0.400584,-0.124963,-0.016226
19.1409,state,-0.447430,-0.404456,-0.304526,-0.211895
19.1509,state,-0.452652,-0.419114,-0.107909,-0.203245
19.1514,desired,-0.484443,-0.484443,-0.111111,-0.111111
19.1609,state,-0.461696,-0.419312,-0.186190,-0.018362
19.1710,state,-0.431911,-0.400571,-0.093997,-0.015987
19.1809,state,-0.441095,-0.400584,-0.124963,-0.016226
19.1815,desired,-0.487777,-0.487777,-0.111111,-0.111111
19.1909,state,-0.447430,-0.404456,-0.304526,-0.211895
19.2009,state,-0.452652,-0.419114,-0.107909,-0.203245
19.2110,state,-0.461696,-0.419312,-0.186190,-0.018362
19.2115,desired,-0.491113,-0.491113,-0.111111,-0.111111
19.2141,state,-0.463973,-0.419408,-0.099945,-0.018224
19.2143,state,-0.474154,-0.435356,-0.135111,-0.299071
19.2209,state,-0.447430,-0.404456,-0.304526,-0.211895
19.2310,state,-0.452652,-0.419114,-0.107909,-0.203245
19.2415,desired,-0.494444,-0.494444,-0.111111,-0.111111
19.2418,state,-0.461696,-0.419312,-0.186190,-0.018362
19.2510,state,-0.463973,-0.419408,-0.099945,-0.018224
19.2611,state,-0.474154,-0.435356,-0.135111,-0.299071
19.2619,desired,-0.496668,-0.496668,-0.111111,-0.111111
19.2710,state,-0.447430,-0.404456,-0.304526,-0.211895
19.2810,state,-0.452652,-0.419114,-0.107909,-0.203245
19.2910,state,-0.461696,-0.419312,-0.186190,-0.018362
19.2917,desired,-0.499999,-0.499999,-0.111111,-0.111111
19.3011,state,-0.463973,-0.419408,-0.099945,-0.018224
19.3111,state,-0.474154,-0.435356,-0.135111,-0.299071
19.3123,desired,-0.502225,-0.502225,-0.111111,-0.111111
19.3153,state,-0.481132,-0.442621,-0.332388,-0.095162
19.3170,state,-0.486880,-0.443465,-0.115992,-0.020089
19.3212,state,-0.461696,-0.419312,-0.186190,-0.018362
19.3310,state,-0.463973,-0.419408,-0.099945,-0.018224
19.3414,desired,-0.505554,-0.505554,-0.111111,-0.111111
19.3417,state,-0.474154,-0.435356,-0.135111,-0.299071
19.3510,state,-0.481132,-0.442621,-0.332388,-0.095162
19.3611,state,-0.486880,-0.443465,-0.115992,-0.020089
19.3619,desired,-0.507778,-0.507778,-0.111111,-0.111111
19.3710,state,-0.461696,-0.419312,-0.186190,-0.018362
19.3816,desired,-0.510001,-0.510001,-0.111111,-0.111111
19.3819,state,-0.463973,-0.419408,-0.099945,-0.018224
19.3910,state,-0.474154,-0.435356,-0.135111,-0.299071
19.4010,state,-0.481132,-0.442621,-0.332388,-0.095162
19.4110,state,-0.486880,-0.443465,-0.115992,-0.020089
19.4118,desired,-0.513332,-0.513332,-0.111111,-0.111111
19.4122,state,-0.495968,-0.452362,-0.192640,-0.280919
19.4211,state,-0.463973,-0.419408,-0.099945,-0.018224
19.4309,state,-0.474154,-0.435356,-0.135111,-0.299071
19.4314,desired,-0.515555,-0.515555,-0.111111,-0.111111
19.4409,state,-0.481132,-0.442621,-0.332388,-0.095162
19.4510,state,-0.486880,-0.443465,-0.115992,-0.020089
19.4609,state,-0.495968,-0.452362,-0.192640,-0.280919
19.4614,desired,-0.518888,-0.518888,-0.111111,-0.111111
19.4709,state,-0.463973,-0.419408,-0.099945,-0.018224
19.4810,state,-0.474154,-0.435356,-0.135111,-0.299071
19.4913,desired,-0.522221,-0.522221,-0.111111,-0.111111
19.4916,state,-0.481132,-0.442621,-0.332388,-0.095162
19.5010,state,-0.486880,-0.443465,-0.115992,-0.020089
19.5110,state,-0.495968,-0.452362,-0.192640,-0.280919
19.5137,state,-0.498250,-0.462701,-0.106221,-0.073681
19.5150,state,-0.507431,-0.462911,-0.137124,-0.021195
19.5209,state,-0.481132,-0.442621,-0.332388,-0.095162
19.5216,desired,-0.525554,-0.525554,-0.111111,-0.111111
19.5309,state,-0.486880,-0.443465,-0.115992,-0.020089
19.5410,state,-0.495968,-0.452362,-0.192640,-0.280919
19.5510,state,-0.498250,-0.462701,-0.106221,-0.073681
19.5518,desired,-0.528888,-0.528888,-0.111111,-0.111111
19.5610,state,-0.507431,-0.462911,-0.137124,-0.021195
19.5710,state,-0.481132,-0.442621,-0.332388,-0.095162
19.5810,state,-0.486880,-0.443465,-0.115992,-0.020089
19.5817,desired,-0.532221,-0.532221,-0.111111,-0.111111
19.5910,state,-0.495968,-0.452362,-0.192640,-0.280919
19.6010,state,-0.498250,-0.462701,-0.106221,-0.073681
19.6113,desired,-0.535556,-0.535556,-0.111111,-0.111111
19.6115,state,-0.507431,-0.462911,-0.137124,-0.021195
19.6126,state,-0.513767,-0.466796,-0.316730,-0.209386
19.6137,state,-0.518992,-0.481838,-0.120011,-0.221543
19.6211,state,-0.495968,-0.452362,-0.192640,-0.280919
19.6310,state,-0.498250,-0.462701,-0.106221,-0.073681
19.6409,state,-0.507431,-0.462911,-0.137124,-0.021195
19.6415,desired,-0.538887,-0.538887,-0.111111,-0.111111
19.6509,state,-0.513767,-0.466796,-0.316730,-0.209386
19.6610,state,-0.518992,-0.481838,-0.120011,-0.221543
19.6710,state,-0.495968,-0.452362,-0.192640,-0.280919
19.6716,desired,-0.542220,-0.542220,-0.111111,-0.111111
19.6810,state,-0.498250,-0.462701,-0.106221,-0.073681
19.6913,desired,-0.544443,-0.544443,-0.111111,-0.111111
19.6916,state,-0.507431,-0.462911,-0.137124,-0.021195
19.7010,state,-0.513767,-0.466796,-0.316730,-0.209386
19.7110,state,-0.518992,-0.481838,-0.120011,-0.221543
19.7133,state,-0.528898,-0.488295,-0.207705,-0.145225
19.7215,desired,-0.547777,-0.547777,-0.111111,-0.111111
19.7219,state,-0.498250,-0.462701,-0.106221,-0.073681
19.7310,state,-0.507431,-0.462911,-0.137124,-0.021195
19.7410,state,-0.513767,-0.466796,-0.316730,-0.209386
19.7418,desired,-0.550002,-0.550002,-0.111111,-0.111111
19.7510,state,-0.518992,-0.481838,-0.120011,-0.221543
19.7610,state,-0.528898,-0.488295,-0.207705,-0.145225
19.7710,state,-0.498250,-0.462701,-0.106221,-0.073681
19.7716,desired,-0.553332,-0.553332,-0.111111,-0.111111
19.7810,state,-0.507431,-0.462911,-0.137124,-0.021195
19.7910,state,-0.513767,-0.466796,-0.316730,-0.209386
19.8010,state,-0.518992,-0.481838,-0.120011,-0.221543
19.8016,desired,-0.556665,-0.556665,-0.111111,-0.111111
19.8110,state,-0.528898,-0.488295,-0.207705,-0.145225
19.8136,state,-0.531401,-0.490044,-0.112921,-0.022400
19.8139,state,-0.541602,-0.498384,-0.147345,-0.219915
19.8211,state,-0.513767,-0.466796,-0.316730,-0.209386
19.8222,desired,-0.558889,-0.558889,-0.111111,-0.111111
19.8310,state,-0.518992,-0.481838,-0.120011,-0.221543
19.8410,state,-0.528898,-0.488295,-0.207705,-0.145225
19.8509,state,-0.531401,-0.490044,-0.112921,-0.022400
19.8517,desired,-0.562221,-0.562221,-0.111111,-0.111111
19.8610,state,-0.541602,-0.498384,-0.147345,-0.219915
19.8710,state,-0.513767,-0.466796,-0.316730,-0.209386
19.8809,state,-0.518992,-0.481838,-0.120011,-0.221543
19.8816,desired,-0.565554,-0.565554,-0.111111,-0.111111
19.8910,state,-0.528898,-0.488295,-0.207705,-0.145225
19.9009,state,-0.531401,-0.490044,-0.112921,-0.022400
19.9110,state,-0.541602,-0.498384,-0.147345,-0.219915
19.9116,desired,-0.568890,-0.568890,-0.111111,-0.111111
19.9127,state,-0.548038,-0.507706,-0.323165,-0.190508
19.9134,state,-0.553271,-0.513884,-0.126116,-0.023573
19.9210,state,-0.528898,-0.488295,-0.207705,-0.145225
19.9309,state,-0.531401,-0.490044,-0.112921,-0.022400
19.9409,state,-0.541602,-0.498384,-0.147345,-0.219915
19.9414,desired,-0.572220,-0.572220,-0.111111,-0.111111
19.9509,state,-0.548038,-0.507706,-0.323165,-0.190508
19.9609,state,-0.553271,-0.513884,-0.126116,-0.023573
19.9710,state,-0.528898,-0.488295,-0.207705,-0.145225
19.9718,desired,-0.575554,-0.575554,-0.111111,-0.111111
19.9810,state,-0.531401,-0.490044,-0.112921,-0.022400
19.9909,state,-0.541602,-0.498384,-0.147345,-0.219915
20.0009,state,-0.548038,-0.507706,-0.323165,-0.190508
20.0015,desired,-0.578887,-0.578887,-0.111111,-0.111111
20.0110,state,-0.553271,-0.513884,-0.126116,-0.023573
20.0129,state,-0.561455,-0.514089,-0.194857,-0.023368
20.0210,state,-0.531401,-0.490044,-0.112921,-0.022400
20.0216,desired,-0.581109,-0.581109,-0.111111,-0.111111
20.0309,state,-0.541602,-0.498384,-0.147345,-0.219915
20.0409,state,-0.548038,-0.507706,-0.323165,-0.190508
20.0512,desired,-0.584443,-0.584443,-0.111111,-0.111111
20.0514,state,-0.553271,-0.513884,-0.126116,-0.023573
20.0609,state,-0.561455,-0.514089,-0.194857,-0.023368
20.0709,state,-0.531401,-0.490044,-0.112921,-0.022400
20.0825,desired,-0.587776,-0.587776,-0.111111,-0.111111
20.0828,state,-0.541602,-0.498384,-0.147345,-0.219915
20.0910,state,-0.548038,-0.507706,-0.323165,-0.190508
20.1010,state,-0.553271,-0.513884,-0.126116,-0.023573
20.1019,desired,-0.589999,-0.589999,-0.111111,-0.111111
20.1110,state,-0.561455,-0.514089,-0.194857,-0.023368
20.1125,state,-0.563510,-0.514274,-0.117041,-0.023065
20.1136,state,-0.573675,-0.530884,-0.152839,-0.320406
20.1210,state,-0.548038,-0.507706,-0.323165,-0.190508
20.1310,state,-0.553271,-0.513884,-0.126116,-0.023573
20.1314,desired,-0.593332,-0.593332,-0.111111,-0.111111
20.1409,state,-0.561455,-0.514089,-0.194857,-0.023368
20.1510,state,-0.563510,-0.514274,-0.117041,-0.023065
20.1609,state,-0.573675,-0.530884,-0.152839,-0.320406
20.1616,desired,-0.596665,-0.596665,-0.111111,-0.111111
20.1710,state,-0.548038,-0.507706,-0.323165,-0.190508
20.1810,state,-0.553271,-0.513884,-0.126116,-0.023573
20.1910,state,-0.561455,-0.514089,-0.194857,-0.023368
20.1916,desired,-0.600000,-0.600000,-0.111111,-0.111111
20.2010,state,-0.563510,-0.514274,-0.117041,-0.023065
20.2110,state,-0.573675,-0.530884,-0.152839,-0.320406
20.2132,state,-0.580654,-0.541418,-0.350133,-0.181495
20.2140,state,-0.586404,-0.545398,-0.133634,-0.025426
20.2210,state,-0.561455,-0.514089,-0.194857,-0.023368
20.2216,desired,-0.603333,-0.603333,-0.111111,-0.111111
20.2309,state,-0.563510,-0.514274,-0.117041,-0.023065
20.2410,state,-0.573675,-0.530884,-0.152839,-0.320406
20.2510,state,-0.580654,-0.541418,-0.350133,-0.181495
20.2518,desired,-0.606668,-0.606668,-0.111111,-0.111111
20.2610,state,-0.586404,-0.545398,-0.133634,-0.025426
20.2710,state,-0.561455,-0.514089,-0.194857,-0.023368
20.2810,state,-0.563510,-0.514274,-0.117041,-0.023065
20.2817,desired,-0.609999,-0.609999,-0.111111,-0.111111
20.2910,state,-0.573675,-0.530884,-0.152839,-0.320406
20.3011,state,-0.580654,-0.541418,-0.350133,-0.181495
20.3112,state,-0.586404,-0.545398,-0.133634,-0.025426
20.3118,desired,-0.613333,-0.613333,-0.111111,-0.111111
20.3135,state,-0.595492,-0.545726,-0.210198,-0.027731
20.3210,state,-0.563510,-0.514274,-0.117041,-0.023065
20.3310,state,-0.573675,-0.530884,-0.152839,-0.320406
20.3410,state,-0.580654,-0.541418,-0.350133,-0.181495
20.3415,desired,-0.616664,-0.616664,-0.111111,-0.111111
20.3510,state,-0.586404,-0.545398,-0.133634,-0.025426
20.3609,state,-0.595492,-0.545726,-0.210198,-0.027731
20.3615,desired,-0.618887,-0.618887,-0.111111,-0.111111
20.3709,state,-0.563510,-0.514274,-0.117041,-0.023065
20.3810,state,-0.573675,-0.530884,-0.152839,-0.320406
20.3816,desired,-0.621110,-0.621110,-0.111111,-0.111111
20.3910,state,-0.580654,-0.541418,-0.350133,-0.181495
20.4010,state,-0.586404,-0.545398,-0.133634,-0.025426
20.4110,state,-0.595492,-0.545726,-0.210198,-0.027731
20.4117,desired,-0.624444,-0.624444,-0.111111,-0.111111
20.4134,state,-0.597776,-0.546163,-0.123723,-0.028469
20.4136,state,-0.607960,-0.563341,-0.158777,-0.333150
20.4210,state,-0.580654,-0.541418,-0.350133,-0.181495
20.4310,state,-0.586404,-0.545398,-0.133634,-0.025426
20.4409,state,-0.595492,-0.545726,-0.210198,-0.027731
20.4416,desired,-0.627777,-0.627777,-0.111111,-0.111111
20.4509,state,-0.597776,-0.546163,-0.123723,-0.028469
20.4609,state,-0.607960,-0.563341,-0.158777,-0.333150
20.4615,desired,-0.630000,-0.630000,-0.111111,-0.111111
20.4710,state,-0.580654,-0.541418,-0.350133,-0.181495
20.4810,state,-0.586404,-0.545398,-0.133634,-0.025426
20.4910,state,-0.595492,-0.545726,-0.210198,-0.027731
20.4916,desired,-0.633334,-0.633334,-0.111111,-0.111111
20.5010,state,-0.597776,-0.546163,-0.123723,-0.028469
20.5110,state,-0.607960,-0.563341,-0.158777,-0.333150
20.5134,state,-0.614395,-0.574509,-0.334641,-0.181318
20.5150,state,-0.619631,-0.577295,-0.137515,-0.027466
20.5210,state,-0.595492,-0.545726,-0.210198,-0.027731
20.5216,desired,-0.636667,-0.636667,-0.111111,-0.111111
20.5310,state,-0.597776,-0.546163,-0.123723,-0.028469
20.5410,state,-0.607960,-0.563341,-0.158777,-0.333150
20.5510,state,-0.614395,-0.574509,-0.334641,-0.181318
20.5517,desired,-0.640000,-0.640000,-0.111111,-0.111111
20.5610,state,-0.619631,-0.577295,-0.137515,-0.027466
20.5710,state,-0.595492,-0.545726,-0.210198,-0.027731
20.5810,state,-0.597776,-0.546163,-0.123723,-0.028469
20.5815,desired,-0.643333,-0.643333,-0.111111,-0.111111
20.5909,state,-0.607960,-0.563341,-0.158777,-0.333150
20.6010,state,-0.614395,-0.574509,-0.334641,-0.181318
20.6109,state,-0.619631,-0.577295,-0.137515,-0.027466
20.6116,desired,-0.646666,-0.646666,-0.111111,-0.111111
20.6141,state,-0.628678,-0.577740,-0.215687,-0.031405
20.6210,state,-0.597776,-0.546163,-0.123723,-0.028469
20.6310,state,-0.607960,-0.563341,-0.158777,-0.333150
20.6316,desired,-0.648889,-0.648889,-0.111111,-0.111111
20.6410,state,-0.614395,-0.574509,-0.334641,-0.181318
20.6510,state,-0.619631,-0.577295,-0.137515,-0.027466
20.6610,state,-0.628678,-0.577740,-0.215687,-0.031405
20.6618,desired,-0.652222,-0.652222,-0.111111,-0.111111
20.6710,state,-0.597776,-0.546163,-0.123723,-0.028469
20.6810,state,-0.607960,-0.563341,-0.158777,-0.333150
20.6910,state,-0.614395,-0.574509,-0.334641,-0.181318
20.6916,desired,-0.655553,-0.655553,-0.111111,-0.111111
20.7010,state,-0.619631,-0.577295,-0.137515,-0.027466
20.7109,state,-0.628678,-0.577740,-0.215687,-0.031405
20.7116,desired,-0.657778,-0.657778,-0.111111,-0.111111
20.7132,state,-0.630959,-0.578315,-0.129305,-0.031551
20.7154,state,-0.640143,-0.594603,-0.160121,-0.320024
20.7210,state,-0.614395,-0.574509,-0.334641,-0.181318
20.7309,state,-0.619631,-0.577295,-0.137515,-0.027466
20.7409,state,-0.628678,-0.577740,-0.215687,-0.031405
20.7417,desired,-0.661111,-0.661111,-0.111111,-0.111111
20.7509,state,-0.630959,-0.578315,-0.129305,-0.031551
20.7609,state,-0.640143,-0.594603,-0.160121,-0.320024
20.7710,state,-0.614395,-0.574509,-0.334641,-0.181318
20.7715,desired,-0.664444,-0.664444,-0.111111,-0.111111
20.7810,state,-0.619631,-0.577295,-0.137515,-0.027466
20.7910,state,-0.628678,-0.577740,-0.215687,-0.031405
20.7916,desired,-0.666667,-0.666667,-0.111111,-0.111111
20.8010,state,-0.630959,-0.578315,-0.129305,-0.031551
20.8111,state,-0.640143,-0.594603,-0.160121,-0.320024
20.8117,desired,-0.668892,-0.668892,-0.111111,-0.111111
20.8129,state,-0.646480,-0.605472,-0.339655,-0.181257
20.8147,state,-0.651708,-0.608369,-0.142814,-0.029166
20.8210,state,-0.628678,-0.577740,-0.215687,-0.031405
20.8310,state,-0.630959,-0.578315,-0.129305,-0.031551
20.8410,state,-0.640143,-0.594603,-0.160121,-0.320024
20.8417,desired,-0.672223,-0.672223,-0.111111,-0.111111
20.8510,state,-0.646480,-0.605472,-0.339655,-0.181257
20.8610,state,-0.651708,-0.608369,-0.142814,-0.029166
20.8711,state,-0.628678,-0.577740,-0.215687,-0.031405
20.8723,desired,-0.675558,-0.675558,-0.111111,-0.111111
20.8810,state,-0.630959,-0.578315,-0.129305,-0.031551
20.8911,state,-0.640143,-0.594603,-0.160121,-0.320024
20.9010,state,-0.646480,-0.605472,-0.339655,-0.181257
20.9017,desired,-0.678889,-0.678889,-0.111111,-0.111111
20.9112,state,-0.651708,-0.608369,-0.142814,-0.029166
20.9141,state,-0.661619,-0.611221,-0.230447,-0.122611
20.9210,state,-0.630959,-0.578315,-0.129305,-0.031551
20.9216,desired,-0.681111,-0.681111,-0.111111,-0.111111
20.9309,state,-0.640143,-0.594603,-0.160121,-0.320024
20.9410,state,-0.646480,-0.605472,-0.339655,-0.181257
20.9510,state,-0.651708,-0.608369,-0.142814,-0.029166
20.9514,desired,-0.684444,-0.684444,-0.111111,-0.111111
20.9609,state,-0.661619,-0.611221,-0.230447,-0.122611
20.9710,state,-0.630959,-0.578315,-0.129305,-0.031551
20.9810,state,-0.640143,-0.594603,-0.160121,-0.320024
20.9816,desired,-0.687778,-0.687778,-0.111111,-0.111111
20.9910,state,-0.646480,-0.605472,-0.339655,-0.181257
21.0010,state,-0.651708,-0.608369,-0.142814,-0.029166
21.0113,state,-0.661619,-0.611221,-0.230447,-0.122611
21.0125,desired,-0.691114,-0.691114,-0.111111,-0.111111
21.0148,state,-0.664125,-0.621062,-0.135529,-0.167109
21.0151,state,-0.674329,-0.632721,-0.169834,-0.184274
21.0210,state,-0.646480,-0.605472,-0.339655,-0.181257
21.0309,state,-0.651708,-0.608369,-0.142814,-0.029166
21.0410,state,-0.661619,-0.611221,-0.230447,-0.122611
21.0416,desired,-0.694444,-0.694444,-0.111111,-0.111111
21.0510,state,-0.664125,-0.621062,-0.135529,-0.167109
21.0610,state,-0.674329,-0.632721,-0.169834,-0.184274
21.0618,desired,-0.696669,-0.696669,-0.111111,-0.111111
21.0710,state,-0.646480,-0.605472,-0.339655,-0.181257
21.0811,state,-0.651708,-0.608369,-0.142814,-0.029166
21.0909,state,-0.661619,-0.611221,-0.230447,-0.122611
21.0914,desired,-0.699998,-0.699998,-0.111111,-0.111111
21.1009,state,-0.664125,-0.621062,-0.135529,-0.167109
21.1109,state,-0.674329,-0.632721,-0.169834,-0.184274
21.1142,state,-0.680767,-0.633193,-0.345612,-0.030362
21.1154,state,-0.686005,-0.633543,-0.148393,-0.029701
21.1210,state,-0.661619,-0.611221,-0.230447,-0.122611
21.1216,desired,-0.703334,-0.703334,-0.111111,-0.111111
21.1310,state,-0.664125,-0.621062,-0.135529,-0.167109
21.1409,state,-0.674329,-0.632721,-0.169834,-0.184274
21.1510,state,-0.680767,-0.633193,-0.345612,-0.030362
21.1515,desired,-0.706666,-0.706666,-0.111111,-0.111111
21.1610,state,-0.686005,-0.633543,-0.148393,-0.029701
21.1711,state,-0.661619,-0.611221,-0.230447,-0.122611
21.1717,desired,-0.708891,-0.708891,-0.111111,-0.111111
21.1810,state,-0.664125,-0.621062,-0.135529,-0.167109
21.1910,state,-0.674329,-0.632721,-0.169834,-0.184274
21.2009,state,-0.680767,-0.633193,-0.345612,-0.030362
21.2017,desired,-0.712221,-0.712221,-0.111111,-0.111111
21.2111,state,-0.686005,-0.633543,-0.148393,-0.029701
21.2137,state,-0.695053,-0.643604,-0.226501,-0.318080
21.2211,state,-0.664125,-0.621062,-0.135529,-0.167109
21.2219,desired,-0.714447,-0.714447,-0.111111,-0.111111
21.2310,state,-0.674329,-0.632721,-0.169834,-0.184274
21.2409,state,-0.680767,-0.633193,-0.345612,-0.030362
21.2510,state,-0.686005,-0.633543,-0.148393,-0.029701
21.2516,desired,-0.717782,-0.717782,-0.111111,-0.111111
21.2609,state,-0.695053,-0.643604,-0.226501,-0.318080
21.2709,state,-0.664125,-0.621062,-0.135529,-0.167109
21.2809,state,-0.674329,-0.632721,-0.169834,-0.184274
21.2815,desired,-0.721109,-0.721109,-0.111111,-0.111111
21.2910,state,-0.680767,-0.633193,-0.345612,-0.030362
21.3013,desired,-0.723332,-0.723332,-0.111111,-0.111111
21.3016,state,-0.686005,-0.633543,-0.148393,-0.029701
21.3110,state,-0.695053,-0.643604,-0.226501,-0.318080
21.3130,state,-0.697334,-0.657475,-0.140079,-0.171199
21.3138,state,-0.706521,-0.662840,-0.170843,-0.030646
21.3210,state,-0.680767,-0.633193,-0.345612,-0.030362
21.3216,desired,-0.725556,-0.725556,-0.111111,-0.111111
21.3309,state,-0.686005,-0.633543,-0.148393,-0.029701
21.3410,state,-0.695053,-0.643604,-0.226501,-0.318080
21.3514,desired,-0.728892,-0.728892,-0.111111,-0.111111
21.3516,state,-0.697334,-0.657475,-0.140079,-0.171199
21.3610,state,-0.706521,-0.662840,-0.170843,-0.030646
21.3710,state,-0.680767,-0.633193,-0.345612,-0.030362
21.3810,state,-0.686005,-0.633543,-0.148393,-0.029701
21.3816,desired,-0.732222,-0.732222,-0.111111,-0.111111
21.3909,state,-0.695053,-0.643604,-0.226501,-0.318080
21.4009,state,-0.697334,-0.657475,-0.140079,-0.171199
21.4015,desired,-0.734446,-0.734446,-0.111111,-0.111111
21.4113,state,-0.706521,-0.662840,-0.170843,-0.030646
21.4129,state,-0.713404,-0.663831,-0.371705,-0.064338
21.4140,state,-0.719151,-0.672850,-0.155352,-0.203558
21.4210,state,-0.695053,-0.643604,-0.226501,-0.318080
21.4217,desired,-0.736669,-0.736669,-0.111111,-0.111111
21.4310,state,-0.697334,-0.657475,-0.140079,-0.171199
21.4410,state,-0.706521,-0.662840,-0.170843,-0.030646
21.4510,state,-0.713404,-0.663831,-0.371705,-0.064338
21.4517,desired,-0.739998,-0.739998,-0.111111,-0.111111
21.4611,state,-0.719151,-0.672850,-0.155352,-0.203558
21.4709,state,-0.695053,-0.643604,-0.226501,-0.318080
21.4810,state,-0.697334,-0.657475,-0.140079,-0.171199
21.4819,desired,-0.743333,-0.743333,-0.111111,-0.111111
21.4910,state,-0.706521,-0.662840,-0.170843,-0.030646
21.5010,state,-0.713404,-0.663831,-0.371705,-0.064338
21.5115,state,-0.719151,-0.672850,-0.155352,-0.203558
21.5120,desired,-0.746666,-0.746666,-0.111111,-0.111111
21.5133,state,-0.728243,-0.684048,-0.231874,-0.230577
21.5211,state,-0.697334,-0.657475,-0.140079,-0.171199
21.5310,state,-0.706521,-0.662840,-0.170843,-0.030646
21.5410,state,-0.713404,-0.663831,-0.371705,-0.064338
21.5418,desired,-0.749999,-0.749999,-0.111111,-0.111111
21.5511,state,-0.719151,-0.672850,-0.155352,-0.203558
21.5610,state,-0.728243,-0.684048,-0.231874,-0.230577
21.5710,state,-0.697334,-0.657475,-0.140079,-0.171199
21.5715,desired,-0.753333,-0.753333,-0.111111,-0.111111
21.5810,state,-0.706521,-0.662840,-0.170843,-0.030646
21.5910,state,-0.713404,-0.663831,-0.371705,-0.064338
21.6010,state,-0.719151,-0.672850,-0.155352,-0.203558
21.6018,desired,-0.756665,-0.756665,-0.111111,-0.111111
21.6116,state,-0.728243,-0.684048,-0.231874,-0.230577
21.6133,state,-0.730530,-0.687630,-0.145269,-0.032159
21.6135,state,-0.740715,-0.687981,-0.180184,-0.031476
21.6210,state,-0.713404,-0.663831,-0.371705,-0.064338
21.6218,desired,-0.758889,-0.758889,-0.111111,-0.111111
21.6310,state,-0.719151,-0.672850,-0.155352,-0.203558
21.6410,state,-0.728243,-0.684048,-0.231874,-0.230577
21.6510,state,-0.730530,-0.687630,-0.145269,-0.032159
21.6519,desired,-0.762221,-0.762221,-0.111111,-0.111111
21.6610,state,-0.740715,-0.687981,-0.180184,-0.031476
21.6710,state,-0.713404,-0.663831,-0.371705,-0.064338
21.6810,state,-0.719151,-0.672850,-0.155352,-0.203558
21.6817,desired,-0.765554,-0.765554,-0.111111,-0.111111
21.6909,state,-0.728243,-0.684048,-0.231874,-0.230577
21.7011,state,-0.730530,-0.687630,-0.145269,-0.032159
21.7019,desired,-0.767780,-0.767780,-0.111111,-0.111111
21.7111,state,-0.740715,-0.687981,-0.180184,-0.031476
21.7130,state,-0.747152,-0.692182,-0.355990,-0.227998
21.7147,state,-0.752392,-0.708896,-0.158700,-0.267071
21.7210,state,-0.728243,-0.684048,-0.231874,-0.230577
21.7309,state,-0.730530,-0.687630,-0.145269,-0.032159
21.7316,desired,-0.771110,-0.771110,-0.111111,-0.111111
21.7409,state,-0.740715,-0.687981,-0.180184,-0.031476
21.7510,state,-0.747152,-0.692182,-0.355990,-0.227998
21.7516,desired,-0.773333,-0.773333,-0.111111,-0.111111
21.7610,state,-0.752392,-0.708896,-0.158700,-0.267071
21.7711,state,-0.728243,-0.684048,-0.231874,-0.230577
21.7719,desired,-0.775558,-0.775558,-0.111111,-0.111111
21.7810,state,-0.730530,-0.687630,-0.145269,-0.032159
21.7910,state,-0.740715,-0.687981,-0.180184,-0.031476
21.8010,state,-0.747152,-0.692182,-0.355990,-0.227998
21.8015,desired,-0.778887,-0.778887,-0.111111,-0.111111
21.8115,state,-0.752392,-0.708896,-0.158700,-0.267071
21.8138,state,-0.760579,-0.717405,-0.227319,-0.136427
21.8210,state,-0.730530,-0.687630,-0.145269,-0.032159
21.8218,desired,-0.781111,-0.781111,-0.111111,-0.111111
21.8310,state,-0.740715,-0.687981,-0.180184,-0.031476
21.8410,state,-0.747152,-0.692182,-0.355990,-0.227998
21.8509,state,-0.752392,-0.708896,-0.158700,-0.267071
21.8517,desired,-0.784443,-0.784443,-0.111111,-0.111111
21.8610,state,-0.760579,-0.717405,-0.227319,-0.136427
21.8710,state,-0.730530,-0.687630,-0.145269,-0.032159
21.8813,desired,-0.787776,-0.787776,-0.111111,-0.111111
21.8816,state,-0.740715,-0.687981,-0.180184,-0.031476
21.8909,state,-0.747152,-0.692182,-0.355990,-0.227998
21.9009,state,-0.752392,-0.708896,-0.158700,-0.267071
21.9110,state,-0.760579,-0.717405,-0.227319,-0.136427
21.9120,desired,-0.791109,-0.791109,-0.111111,-0.111111
21.9138,state,-0.762638,-0.717784,-0.149344,-0.032015
21.9146,state,-0.773808,-0.722970,-0.189160,-0.173578
21.9210,state,-0.747152,-0.692182,-0.355990,-0.227998
21.9309,state,-0.752392,-0.708896,-0.158700,-0.267071
21.9317,desired,-0.793333,-0.793333,-0.111111,-0.111111
21.9409,state,-0.760579,-0.717405,-0.227319,-0.136427
21.9510,state,-0.762638,-0.717784,-0.149344,-0.032015
21.9614,desired,-0.796666,-0.796666,-0.111111,-0.111111
21.9617,state,-0.773808,-0.722970,-0.189160,-0.173578
21.9711,state,-0.747152,-0.692182,-0.355990,-0.227998
21.9809,state,-0.752392,-0.708896,-0.158700,-0.267071
21.9909,state,-0.760579,-0.717405,-0.227319,-0.136427
21.9916,desired,-0.799999,-0.799999,-0.111111,-0.111111
22.0009,state,-0.762638,-0.717784,-0.149344,-0.032015
22.0111,state,-0.773808,-0.722970,-0.189160,-0.173578
22.0124,desired,-0.802224,-0.802224,-0.111111,-0.111111
22.0139,state,-0.780343,-0.733831,-0.361286,-0.244796
22.0149,state,-0.785592,-0.743021,-0.163656,-0.084661
22.0210,state,-0.760579,-0.717405,-0.227319,-0.136427
22.0309,state,-0.762638,-0.717784,-0.149344,-0.032015
22.0409,state,-0.773808,-0.722970,-0.189160,-0.173578
22.0415,desired,-0.805554,-0.805554,-0.111111,-0.111111
22.0509,state,-0.780343,-0.733831,-0.361286,-0.244796
22.0610,state,-0.785592,-0.743021,-0.163656,-0.084661
22.0615,desired,-0.807777,-0.807777,-0.111111,-0.111111
22.0710,state,-0.760579,-0.717405,-0.227319,-0.136427
22.0809,state,-0.762638,-0.717784,-0.149344,-0.032015
22.0911,state,-0.773808,-0.722970,-0.189160,-0.173578
22.0918,desired,-0.811113,-0.811113,-0.111111,-0.111111
22.1010,state,-0.780343,-0.733831,-0.361286,-0.244796
22.1110,state,-0.785592,-0.743021,-0.163656,-0.084661
22.1137,state,-0.794642,-0.743351,-0.241668,-0.032466
22.1210,state,-0.762638,-0.717784,-0.149344,-0.032015
22.1216,desired,-0.814445,-0.814445,-0.111111,-0.111111
22.1310,state,-0.773808,-0.722970,-0.189160,-0.173578
22.1410,state,-0.780343,-0.733831,-0.361286,-0.244796
22.1510,state,-0.785592,-0.743021,-0.163656,-0.084661
22.1516,desired,-0.817777,-0.817777,-0.111111,-0.111111
22.1610,state,-0.794642,-0.743351,-0.241668,-0.032466
22.1710,state,-0.762638,-0.717784,-0.149344,-0.032015
22.1810,state,-0.773808,-0.722970,-0.189160,-0.173578
22.1816,desired,-0.821111,-0.821111,-0.111111,-0.111111
22.1910,state,-0.780343,-0.733831,-0.361286,-0.244796
22.2011,state,-0.785592,-0.743021,-0.163656,-0.084661
22.2019,desired,-0.823335,-0.823335,-0.111111,-0.111111
22.2111,state,-0.794642,-0.743351,-0.241668,-0.032466
22.2128,state,-0.796927,-0.743620,-0.155140,-0.031941
22.2131,state,-0.807117,-0.758977,-0.190018,-0.315264
22.2210,state,-0.780343,-0.733831,-0.361286,-0.244796
22.2315,desired,-0.826668,-0.826668,-0.111111,-0.111111
22.2318,state,-0.785592,-0.743021,-0.163656,-0.084661
22.2409,state,-0.794642,-0.743351,-0.241668,-0.032466
22.2514,desired,-0.828892,-0.828892,-0.111111,-0.111111
22.2516,state,-0.796927,-0.743620,-0.155140,-0.031941
22.2610,state,-0.807117,-0.758977,-0.190018,-0.315264
22.2710,state,-0.780343,-0.733831,-0.361286,-0.244796
22.2813,desired,-0.832221,-0.832221,-0.111111,-0.111111
22.2816,state,-0.785592,-0.743021,-0.163656,-0.084661
22.2911,state,-0.794642,-0.743351,-0.241668,-0.032466
22.3010,state,-0.796927,-0.743620,-0.155140,-0.031941
22.3111,state,-0.807117,-0.758977,-0.190018,-0.315264
22.3121,desired,-0.835557,-0.835557,-0.111111,-0.111111
22.3147,state,-0.813557,-0.770228,-0.365807,-0.196723
22.3164,state,-0.818800,-0.773414,-0.168396,-0.034762
22.3209,state,-0.794642,-0.743351,-0.241668,-0.032466
22.3309,state,-0.796927,-0.743620,-0.155140,-0.031941
22.3409,state,-0.807117,-0.758977,-0.190018,-0.315264
22.3416,desired,-0.838888,-0.838888,-0.111111,-0.111111
22.3510,state,-0.813557,-0.770228,-0.365807,-0.196723
22.3609,state,-0.818800,-0.773414,-0.168396,-0.034762
22.3710,state,-0.794642,-0.743351,-0.241668,-0.032466
22.3717,desired,-0.842222,-0.842222,-0.111111,-0.111111
22.3810,state,-0.796927,-0.743620,-0.155140,-0.031941
22.3909,state,-0.807117,-0.758977,-0.190018,-0.315264
22.4013,desired,-0.845554,-0.845554,-0.111111,-0.111111
22.4016,state,-0.813557,-0.770228,-0.365807,-0.196723
22.4111,state,-0.818800,-0.773414,-0.168396,-0.034762
22.4143,state,-0.826989,-0.773763,-0.236952,-0.034058
22.4210,state,-0.796927,-0.743620,-0.155140,-0.031941
22.4216,desired,-0.847777,-0.847777,-0.111111,-0.111111
22.4309,state,-0.807117,-0.758977,-0.190018,-0.315264
22.4410,state,-0.813557,-0.770228,-0.365807,-0.196723
22.4510,state,-0.818800,-0.773414,-0.168396,-0.034762
22.4515,desired,-0.851110,-0.851110,-0.111111,-0.111111
22.4610,state,-0.826989,-0.773763,-0.236952,-0.034058
22.4710,state,-0.796927,-0.743620,-0.155140,-0.031941
22.4717,desired,-0.853333,-0.853333,-0.111111,-0.111111
22.4810,state,-0.807117,-0.758977,-0.190018,-0.315264
22.4910,state,-0.813557,-0.770228,-0.365807,-0.196723
22.5010,state,-0.818800,-0.773414,-0.168396,-0.034762
22.5016,desired,-0.856666,-0.856666,-0.111111,-0.111111
22.5109,state,-0.826989,-0.773763,-0.236952,-0.034058
22.5126,state,-0.829049,-0.774071,-0.158928,-0.033442
22.5143,state,-0.840219,-0.790737,-0.198655,-0.340435
22.5210,state,-0.813557,-0.770228,-0.365807,-0.196723
22.5217,desired,-0.858889,-0.858889,-0.111111,-0.111111
22.5310,state,-0.818800,-0.773414,-0.168396,-0.034762
22.5410,state,-0.826989,-0.773763,-0.236952,-0.034058
22.5510,state,-0.829049,-0.774071,-0.158928,-0.033442
22.5516,desired,-0.862224,-0.862224,-0.111111,-0.111111
22.5610,state,-0.840219,-0.790737,-0.198655,-0.340435
22.5710,state,-0.813557,-0.770228,-0.365807,-0.196723
22.5810,state,-0.818800,-0.773414,-0.168396,-0.034762
22.5816,desired,-0.865557,-0.865557,-0.111111,-0.111111
22.5910,state,-0.826989,-0.773763,-0.236952,-0.034058
22.6010,state,-0.829049,-0.774071,-0.158928,-0.033442
22.6111,state,-0.840219,-0.790737,-0.198655,-0.340435
22.6121,desired,-0.868892,-0.868892,-0.111111,-0.111111
22.6144,state,-0.846755,-0.803137,-0.370747,-0.210756
22.6154,state,-0.852006,-0.806471,-0.173027,-0.036306
22.6210,state,-0.826989,-0.773763,-0.236952,-0.034058
22.6310,state,-0.829049,-0.774071,-0.158928,-0.033442
22.6414,desired,-0.872222,-0.872222,-0.111111,-0.111111
22.6416,state,-0.840219,-0.790737,-0.198655,-0.340435
22.6510,state,-0.846755,-0.803137,-0.370747,-0.210756
22.6610,state,-0.852006,-0.806471,-0.173027,-0.036306
22.6710,state,-0.826989,-0.773763,-0.236952,-0.034058
22.6718,desired,-0.875555,-0.875555,-0.111111,-0.111111
22.6809,state,-0.829049,-0.774071,-0.158928,-0.033442
22.6910,state,-0.840219,-0.790737,-0.198655,-0.340435
22.7013,desired,-0.878888,-0.878888,-0.111111,-0.111111
22.7015,state,-0.846755,-0.803137,-0.370747,-0.210756
22.7113,state,-0.852006,-0.806471,-0.173027,-0.036306
22.7142,state,-0.861059,-0.806853,-0.250990,-0.035517
22.7210,state,-0.829049,-0.774071,-0.158928,-0.033442
22.7216,desired,-0.881116,-0.881116,-0.111111,-0.111111
22.7309,state,-0.840219,-0.790737,-0.198655,-0.340435
22.7409,state,-0.846755,-0.803137,-0.370747,-0.210756
22.7514,desired,-0.884444,-0.884444,-0.111111,-0.111111
22.7516,state,-0.852006,-0.806471,-0.173027,-0.036306
22.7610,state,-0.861059,-0.806853,-0.250990,-0.035517
22.7710,state,-0.829049,-0.774071,-0.158928,-0.033442
22.7810,state,-0.840219,-0.790737,-0.198655,-0.340435
22.7816,desired,-0.887777,-0.887777,-0.111111,-0.111111
22.7910,state,-0.846755,-0.803137,-0.370747,-0.210756
22.8009,state,-0.852006,-0.806471,-0.173027,-0.036306
22.8109,state,-0.861059,-0.806853,-0.250990,-0.035517
22.8115,desired,-0.891109,-0.891109,-0.111111,-0.111111
22.8136,state,-0.863345,-0.807190,-0.164388,-0.034853
22.8142,state,-0.873537,-0.823364,-0.199178,-0.333588
22.8210,state,-0.846755,-0.803137,-0.370747,-0.210756
22.8309,state,-0.852006,-0.806471,-0.173027,-0.036306
22.8315,desired,-0.893332,-0.893332,-0.111111,-0.111111
22.8410,state,-0.861059,-0.806853,-0.250990,-0.035517
22.8509,state,-0.863345,-0.807190,-0.164388,-0.034853
22.8614,desired,-0.896667,-0.896667,-0.111111,-0.111111
22.8616,state,-0.873537,-0.823364,-0.199178,-0.333588
22.8710,state,-0.846755,-0.803137,-0.370747,-0.210756
22.8810,state,-0.852006,-0.806471,-0.173027,-0.036306
22.8910,state,-0.861059,-0.806853,-0.250990,-0.035517
22.8915,desired,-0.899999,-0.899999,-0.111111,-0.111111
22.9009,state,-0.863345,-0.807190,-0.164388,-0.034853
22.9110,state,-0.873537,-0.823364,-0.199178,-0.333588
22.9116,desired,-0.902222,-0.902222,-0.111111,-0.111111
22.9130,state,-0.879432,-0.835392,-0.353545,-0.199930
22.9141,state,-0.884160,-0.838228,-0.175519,-0.036270
22.9209,state,-0.861059,-0.806853,-0.250990,-0.035517
22.9309,state,-0.863345,-0.807190,-0.164388,-0.034853
22.9409,state,-0.873537,-0.823364,-0.199178,-0.333588
22.9415,desired,-0.905554,-0.905554,-0.111111,-0.111111
22.9510,state,-0.879432,-0.835392,-0.353545,-0.199930
22.9609,state,-0.884160,-0.838228,-0.175519,-0.036270
22.9709,state,-0.861059,-0.806853,-0.250990,-0.035517
22.9715,desired,-0.908887,-0.908887,-0.111111,-0.111111
22.9809,state,-0.863345,-0.807190,-0.164388,-0.034853
22.9909,state,-0.873537,-0.823364,-0.199178,-0.333588
23.0009,state,-0.879432,-0.835392,-0.353545,-0.199930
23.0015,desired,-0.912221,-0.912221,-0.111111,-0.111111
23.0110,state,-0.884160,-0.838228,-0.175519,-0.036270
23.0140,state,-0.894031,-0.838856,-0.264517,-0.044839
23.0210,state,-0.863345,-0.807190,-0.164388,-0.034853
23.0216,desired,-0.914444,-0.914444,-0.111111,-0.111111
23.0309,state,-0.873537,-0.823364,-0.199178,-0.333588
23.0409,state,-0.879432,-0.835392,-0.353545,-0.199930
23.0509,state,-0.884160,-0.838228,-0.175519,-0.036270
23.0515,desired,-0.917776,-0.917776,-0.111111,-0.111111
23.0610,state,-0.894031,-0.838856,-0.264517,-0.044839
23.0710,state,-0.863345,-0.807190,-0.164388,-0.034853
23.0716,desired,-0.920000,-0.920000,-0.111111,-0.111111
23.0810,state,-0.873537,-0.823364,-0.199178,-0.333588
23.0909,state,-0.879432,-0.835392,-0.353545,-0.199930
23.1010,state,-0.884160,-0.838228,-0.175519,-0.036270
23.1016,desired,-0.923332,-0.923332,-0.111111,-0.111111
23.1110,state,-0.894031,-0.838856,-0.264517,-0.044839
23.1140,state,-0.896539,-0.839866,-0.169508,-0.046680
23.1152,state,-0.906750,-0.856351,-0.203574,-0.336278
23.1209,state,-0.879432,-0.835392,-0.353545,-0.199930
23.1309,state,-0.884160,-0.838228,-0.175519,-0.036270
23.1315,desired,-0.926666,-0.926666,-0.111111,-0.111111
23.1409,state,-0.894031,-0.838856,-0.264517,-0.044839
23.1509,state,-0.896539,-0.839866,-0.169508,-0.046680
23.1613,desired,-0.929999,-0.929999,-0.111111,-0.111111
23.1615,state,-0.906750,-0.856351,-0.203574,-0.336278
23.1710,state,-0.879432,-0.835392,-0.353545,-0.199930
23.1809,state,-0.884160,-0.838228,-0.175519,-0.036270
23.1815,desired,-0.932222,-0.932222,-0.111111,-0.111111
23.1910,state,-0.894031,-0.838856,-0.264517,-0.044839
23.2010,state,-0.896539,-0.839866,-0.169508,-0.046680
23.2109,state,-0.906750,-0.856351,-0.203574,-0.336278
23.2115,desired,-0.935553,-0.935553,-0.111111,-0.111111
23.2137,state,-0.913192,-0.868532,-0.379206,-0.209934
23.2147,state,-0.918439,-0.871855,-0.181686,-0.038390
23.2209,state,-0.894031,-0.838856,-0.264517,-0.044839
23.2309,state,-0.896539,-0.839866,-0.169508,-0.046680
23.2314,desired,-0.937777,-0.937777,-0.111111,-0.111111
23.2410,state,-0.906750,-0.856351,-0.203574,-0.336278
23.2510,state,-0.913192,-0.868532,-0.379206,-0.209934
23.2516,desired,-0.939999,-0.939999,-0.111111,-0.111111
23.2610,state,-0.918439,-0.871855,-0.181686,-0.038390
23.2709,state,-0.894031,-0.838856,-0.264517,-0.044839
23.2813,desired,-0.943333,-0.943333,-0.111111,-0.111111
23.2814,state,-0.896539,-0.839866,-0.169508,-0.046680
23.2909,state,-0.906750,-0.856351,-0.203574,-0.336278
23.3009,state,-0.913192,-0.868532,-0.379206,-0.209934
23.3110,state,-0.918439,-0.871855,-0.181686,-0.038390
23.3117,desired,-0.946666,-0.946666,-0.111111,-0.111111
23.3142,state,-0.927492,-0.872264,-0.259603,-0.037908
23.3210,state,-0.896539,-0.839866,-0.169508,-0.046680
23.3310,state,-0.906750,-0.856351,-0.203574,-0.336278
23.3409,state,-0.913192,-0.868532,-0.379206,-0.209934
23.3416,desired,-0.949999,-0.949999,-0.111111,-0.111111
23.3510,state,-0.918439,-0.871855,-0.181686,-0.038390
23.3610,state,-0.927492,-0.872264,-0.259603,-0.037908
23.3716,desired,-0.953335,-0.953335,-0.111111,-0.111111
23.3719,state,-0.896539,-0.839866,-0.169508,-0.046680
23.3810,state,-0.906750,-0.856351,-0.203574,-0.336278
23.3911,state,-0.913192,-0.868532,-0.379206,-0.209934
23.4010,state,-0.918439,-0.871855,-0.181686,-0.038390
23.4017,desired,-0.956666,-0.956666,-0.111111,-0.111111
23.4111,state,-0.927492,-0.872264,-0.259603,-0.037908
23.4136,state,-0.929780,-0.872652,-0.172943,-0.037558
23.4140,state,-0.939974,-0.888726,-0.207654,-0.334751
23.4210,state,-0.913192,-0.868532,-0.379206,-0.209934
23.4220,desired,-0.958889,-0.958889,-0.111111,-0.111111
23.4309,state,-0.918439,-0.871855,-0.181686,-0.038390
23.4409,state,-0.927492,-0.872264,-0.259603,-0.037908
23.4510,state,-0.929780,-0.872652,-0.172943,-0.037558
23.4519,desired,-0.962223,-0.962223,-0.111111,-0.111111
23.4609,state,-0.939974,-0.888726,-0.207654,-0.334751
23.4710,state,-0.913192,-0.868532,-0.379206,-0.209934
23.4809,state,-0.918439,-0.871855,-0.181686,-0.038390
23.4815,desired,-0.965556,-0.965556,-0.111111,-0.111111
23.4910,state,-0.927492,-0.872264,-0.259603,-0.037908
23.5010,state,-0.929780,-0.872652,-0.172943,-0.037558
23.5110,state,-0.939974,-0.888726,-0.207654,-0.334751
23.5118,desired,-0.968888,-0.968888,-0.111111,-0.111111
23.5143,state,-0.946415,-0.901161,-0.383331,-0.216644
23.5160,state,-0.951662,-0.905232,-0.185761,-0.038671
23.5210,state,-0.927492,-0.872264,-0.259603,-0.037908
23.5310,state,-0.929780,-0.872652,-0.172943,-0.037558
23.5316,desired,-0.971111,-0.971111,-0.111111,-0.111111
23.5409,state,-0.939974,-0.888726,-0.207654,-0.334751
23.5510,state,-0.946415,-0.901161,-0.383331,-0.216644
23.5614,desired,-0.974444,-0.974444,-0.111111,-0.111111
23.5616,state,-0.951662,-0.905232,-0.185761,-0.038671
23.5710,state,-0.927492,-0.872264,-0.259603,-0.037908
23.5810,state,-0.929780,-0.872652,-0.172943,-0.037558
23.5914,desired,-0.977777,-0.977777,-0.111111,-0.111111
23.5916,state,-0.939974,-0.888726,-0.207654,-0.334751
23.6010,state,-0.946415,-0.901161,-0.383331,-0.216644
23.6115,desired,-0.980002,-0.980002,-0.111111,-0.111111
23.6116,state,-0.951662,-0.905232,-0.185761,-0.038671
23.6129,state,-0.960716,-0.905598,-0.263652,-0.037920
23.6210,state,-0.929780,-0.872652,-0.172943,-0.037558
23.6310,state,-0.939974,-0.888726,-0.207654,-0.334751
23.6410,state,-0.946415,-0.901161,-0.383331,-0.216644
23.6416,desired,-0.983333,-0.983333,-0.111111,-0.111111
23.6510,state,-0.951662,-0.905232,-0.185761,-0.038671
23.6610,state,-0.960716,-0.905598,-0.263652,-0.037920
23.6709,state,-0.929780,-0.872652,-0.172943,-0.037558
23.6715,desired,-0.986665,-0.986665,-0.111111,-0.111111
23.6809,state,-0.939974,-0.888726,-0.207654,-0.334751
23.6910,state,-0.946415,-0.901161,-0.383331,-0.216644
23.7009,state,-0.951662,-0.905232,-0.185761,-0.038671
23.7016,desired,-0.989998,-0.989998,-0.111111,-0.111111
23.7110,state,-0.960716,-0.905598,-0.263652,-0.037920
23.7119,state,-0.963005,-0.905919,-0.176947,-0.037243
23.7131,state,-0.973200,-0.921792,-0.211627,-0.332609
23.7209,state,-0.946415,-0.901161,-0.383331,-0.216644
23.7309,state,-0.951662,-0.905232,-0.185761,-0.038671
23.7316,desired,-0.993331,-0.993331,-0.111111,-0.111111
23.7409,state,-0.960716,-0.905598,-0.263652,-0.037920
23.7513,desired,-0.995555,-0.995555,-0.111111,-0.111111
23.7515,state,-0.963005,-0.905919,-0.176947,-0.037243
23.7610,state,-0.973200,-0.921792,-0.211627,-0.332609
23.7709,state,-0.946415,-0.901161,-0.383331,-0.216644
23.7810,state,-0.951662,-0.905232,-0.185761,-0.038671
23.7818,desired,-0.998887,-0.998887,-0.111111,-0.111111
23.7910,state,-0.960716,-0.905598,-0.263652,-0.037920
23.8010,state,-0.963005,-0.905919,-0.176947,-0.037243
23.8018,desired,-1.000000,-1.000000,0.000000,0.000000
23.8111,state,-0.973200,-0.921792,-0.211627,-0.332609
23.8133,state,-0.979642,-0.934156,-0.387243,-0.217063
23.8135,state,-0.984890,-0.938287,-0.189650,-0.039120
23.8210,state,-0.960716,-0.905598,-0.263652,-0.037920
23.8216,desired,-1.000000,-1.000000,0.000000,0.000000
23.8310,state,-0.963005,-0.905919,-0.176947,-0.037243
23.8409,state,-0.973200,-0.921792,-0.211627,-0.332609
23.8510,state,-0.979642,-0.934156,-0.387243,-0.217063
23.8515,desired,-1.000000,-1.000000,0.000000,0.000000
23.8610,state,-0.984890,-0.938287,-0.189650,-0.039120
23.8710,state,-0.960716,-0.905598,-0.263652,-0.037920
23.8809,state,-0.963005,-0.905919,-0.176947,-0.037243
23.8815,desired,-1.000000,-1.000000,0.000000,0.000000
23.8910,state,-0.973200,-0.921792,-0.211627,-0.332609
23.9009,state,-0.979642,-0.934156,-0.387243,-0.217063
23.9015,desired,-1.000000,-1.000000,0.000000,0.000000
23.9111,state,-0.984890,-0.938287,-0.189650,-0.039120
23.9138,state,-0.993084,-0.938632,-0.258097,-0.038413
23.9210,state,-0.963005,-0.905919,-0.176947,-0.037243
23.9216,desired,-1.000000,-1.000000,0.000000,0.000000
23.9310,state,-0.973200,-0.921792,-0.211627,-0.332609
23.9410,state,-0.979642,-0.934156,-0.387243,-0.217063
23.9511,state,-0.984890,-0.938287,-0.189650,-0.039120
23.9519,desired,-1.000000,-1.000000,0.000000,0.000000
23.9609,state,-0.993084,-0.938632,-0.258097,-0.038413
23.9710,state,-0.963005,-0.905919,-0.176947,-0.037243
23.9810,state,-0.973200,-0.921792,-0.211627,-0.332609
23.9817,desired,-1.000000,-1.000000,0.000000,0.000000
23.9910,state,-0.979642,-0.934156,-0.387243,-0.217063
24.0010,state,-0.984890,-0.938287,-0.189650,-0.039120
24.0111,state,-0.993084,-0.938632,-0.258097,-0.038413
24.0120,desired,-1.000000,-1.000000,0.000000,0.000000
24.0139,state,-0.995149,-0.938934,-0.179882,-0.037771
24.0142,state,-0.995320,-0.939199,-0.173399,-0.037213
24.0210,state,-0.979642,-0.934156,-0.387243,-0.217063
24.0310,state,-0.984890,-0.938287,-0.189650,-0.039120
24.0413,desired,-1.000000,-1.000000,0.000000,0.000000
24.0415,state,-0.993084,-0.938632,-0.258097,-0.038413
24.0510,state,-0.995149,-0.938934,-0.179882,-0.037771
24.0609,state,-0.995320,-0.939199,-0.173399,-0.037213
24.0710,state,-0.979642,-0.934156,-0.387243,-0.217063
24.0715,desired,-1.000000,-1.000000,0.000000,0.000000
24.0809,state,-0.984890,-0.938287,-0.189650,-0.039120
24.0909,state,-0.993084,-0.938632,-0.258097,-0.038413
24.1009,state,-0.995149,-0.938934,-0.179882,-0.037771
24.1013,desired,-1.000000,-1.000000,0.000000,0.000000
24.1109,state,-0.995320,-0.939199,-0.173399,-0.037213
24.1130,state,-0.995334,-0.939432,-0.172864,-0.036728
24.1134,state,-0.995335,-0.939636,-0.172816,-0.036304
24.1214,desired,-1.000000,-1.000000,0.000000,0.000000
24.1216,state,-0.993084,-0.938632,-0.258097,-0.038413
24.1309,state,-0.995149,-0.938934,-0.179882,-0.037771
24.1409,state,-0.995320,-0.939199,-0.173399,-0.037213
24.1416,desired,-1.000000,-1.000000,0.000000,0.000000
24.1509,state,-0.995334,-0.939432,-0.172864,-0.036728
24.1609,state,-0.995335,-0.939636,-0.172816,-0.036304
24.1709,state,-0.993084,-0.938632,-0.258097,-0.038413
24.1715,desired,-1.000000,-1.000000,0.000000,0.000000
24.1810,state,-0.995149,-0.938934,-0.179882,-0.037771
24.1909,state,-0.995320,-0.939199,-0.173399,-0.037213
24.1915,desired,-1.000000,-1.000000,0.000000,0.000000
24.2009,state,-0.995334,-0.939432,-0.172864,-0.036728
24.2110,state,-0.995335,-0.939636,-0.172816,-0.036304
24.2115,desired,-1.000000,-1.000000,0.000000,0.000000
24.2127,state,-0.995335,-0.939816,-0.172816,-0.035933
24.2211,state,-0.995149,-0.938934,-0.179882,-0.037771
24.2310,state,-0.995320,-0.939199,-0.173399,-0.037213
24.2410,state,-0.995334,-0.939432,-0.172864,-0.036728
24.2424,desired,-1.000000,-1.000000,0.000000,0.000000
24.2510,state,-0.995335,-0.939636,-0.172816,-0.036304
24.2611,state,-0.995335,-0.939816,-0.172816,-0.035933
24.2625,desired,-1.000000,-1.000000,0.000000,0.000000
24.2710,state,-0.995149,-0.938934,-0.179882,-0.037771
24.2810,state,-0.995320,-0.939199,-0.173399,-0.037213
24.2910,state,-0.995334,-0.939432,-0.172864,-0.036728
24.2918,desired,-1.000000,-1.000000,0.000000,0.000000
24.3011,state,-0.995335,-0.939636,-0.172816,-0.036304
24.3110,state,-0.995335,-0.939816,-0.172816,-0.035933
24.3130,state,-0.995335,-0.939974,-0.172816,-0.035608
24.3149,state,-0.995335,-0.940114,-0.172816,-0.035323
24.3212,state,-0.995334,-0.939432,-0.172864,-0.036728
24.3225,desired,-1.000000,-1.000000,0.000000,0.000000
24.3310,state,-0.995335,-0.939636,-0.172816,-0.036304
24.3411,state,-0.995335,-0.939816,-0.172816,-0.035933
24.3510,state,-0.995335,-0.939974,-0.172816,-0.035608
24.3516,desired,-1.000000,-1.000000,0.000000,0.000000
24.3610,state,-0.995335,-0.940114,-0.172816,-0.035323
24.3710,state,-0.995334,-0.939432,-0.172864,-0.036728
24.3811,state,-0.995335,-0.939636,-0.172816,-0.036304
24.3819,desired,-1.000000,-1.000000,0.000000,0.000000
24.3910,state,-0.995335,-0.939816,-0.172816,-0.035933
24.4011,state,-0.995335,-0.939974,-0.172816,-0.035608
24.4110,state,-0.995335,-0.940114,-0.172816,-0.035323
24.4115,desired,-1.000000,-1.000000,0.000000,0.000000
24.4130,state,-0.995335,-0.940237,-0.172816,-0.035073
24.4154,state,-0.995335,-0.940345,-0.172816,-0.034854
24.4211,state,-0.995335,-0.939816,-0.172816,-0.035933
24.4310,state,-0.995335,-0.939974,-0.172816,-0.035608
24.4411,state,-0.995335,-0.940114,-0.172816,-0.035323
24.4417,desired,-1.000000,-1.000000,0.000000,0.000000
24.4510,state,-0.995335,-0.940237,-0.172816,-0.035073
24.4610,state,-0.995335,-0.940345,-0.172816,-0.034854
24.4713,desired,-1.000000,-1.000000,0.000000,0.000000
24.4716,state,-0.995335,-0.939816,-0.172816,-0.035933
24.4811,state,-0.995335,-0.939974,-0.172816,-0.035608
24.4910,state,-0.995335,-0.940114,-0.172816,-0.035323
24.5010,state,-0.995335,-0.940237,-0.172816,-0.035073
24.5018,desired,-1.000000,-1.000000,0.000000,0.000000
24.5110,state,-0.995335,-0.940345,-0.172816,-0.034854
24.5134,state,-0.995335,-0.940441,-0.172816,-0.034660
24.5216,desired,-1.000000,-1.000000,0.000000,0.000000
24.5219,state,-0.995335,-0.939974,-0.172816,-0.035608
24.5310,state,-0.995335,-0.940114,-0.172816,-0.035323
24.5409,state,-0.995335,-0.940237,-0.172816,-0.035073
24.5509,state,-0.995335,-0.940345,-0.172816,-0.034854
24.5517,desired,-1.000000,-1.000000,0.000000,0.000000
24.5609,state,-0.995335,-0.940441,-0.172816,-0.034660
24.5709,state,-0.995335,-0.939974,-0.172816,-0.035608
24.5809,state,-0.995335,-0.940114,-0.172816,-0.035323
24.5814,desired,-1.000000,-1.000000,0.000000,0.000000
24.5911,state,-0.995335,-0.940237,-0.172816,-0.035073
24.6009,state,-0.995335,-0.940345,-0.172816,-0.034854
24.6110,state,-0.995335,-0.940441,-0.172816,-0.034660
24.6116,desired,-1.000000,-1.000000,0.000000,0.000000
24.6128,state,-0.995335,-0.940525,-0.172816,-0.034491
24.6130,state,-0.995335,-0.940599,-0.172816,-0.034341
24.6209,state,-0.995335,-0.940237,-0.172816,-0.035073
24.6309,state,-0.995335,-0.940345,-0.172816,-0.034854
24.6409,state,-0.995335,-0.940441,-0.172816,-0.034660
24.6414,desired,-1.000000,-1.000000,0.000000,0.000000
24.6510,state,-0.995335,-0.940525,-0.172816,-0.034491
24.6611,state,-0.995335,-0.940599,-0.172816,-0.034341
24.6615,desired,-1.000000,-1.000000,0.000000,0.000000
24.6709,state,-0.995335,-0.940237,-0.172816,-0.035073
24.6810,state,-0.995335,-0.940345,-0.172816,-0.034854
24.6909,state,-0.995335,-0.940441,-0.172816,-0.034660
24.6917,desired,-1.000000,-1.000000,0.000000,0.000000
24.7011,state,-0.995335,-0.940525,-0.172816,-0.034491
24.7110,state,-0.995335,-0.940599,-0.172816,-0.034341
24.7162,state,-0.995335,-0.940665,-0.172816,-0.034209
24.7166,state,-0.995335,-0.940723,-0.172816,-0.034093
24.7211,state,-0.995335,-0.940441,-0.172816,-0.034660
24.7220,desired,-1.000000,-1.000000,0.000000,0.000000
24.7310,state,-0.995335,-0.940525,-0.172816,-0.034491
24.7409,state,-0.995335,-0.940599,-0.172816,-0.034341
24.7509,state,-0.995335,-0.940665,-0.172816,-0.034209
24.7514,desired,-1.000000,-1.000000,0.000000,0.000000
24.7609,state,-0.995335,-0.940723,-0.172816,-0.034093
24.7709,state,-0.995335,-0.940441,-0.172816,-0.034660
24.7809,state,-0.995335,-0.940525,-0.172816,-0.034491
24.7817,desired,-1.000000,-1.000000,0.000000,0.000000
24.7910,state,-0.995335,-0.940599,-0.172816,-0.034341
24.8015,desired,-0.959945,-0.959945,4.000000,4.000000
24.8018,state,-0.995335,-0.940665,-0.172816,-0.034209
24.8109,state,-0.995335,-0.940723,-0.172816,-0.034093
24.8211,state,-0.995335,-0.940441,-0.172816,-0.034660
24.8219,desired,-0.879865,-0.879865,4.000000,4.000000
24.8234,state,-0.995335,-0.940774,-0.172816,-0.033991
24.8310,state,-0.995335,-0.940599,-0.172816,-0.034341
24.8409,state,-0.995335,-0.940665,-0.172816,-0.034209
24.8510,state,-0.995335,-0.940723,-0.172816,-0.034093
24.8516,desired,-0.760005,-0.760005,4.000000,4.000000
24.8610,state,-0.995335,-0.940441,-0.172816,-0.034660
24.8710,state,-0.995335,-0.940774,-0.172816,-0.033991
24.8811,state,-0.995335,-0.940599,-0.172816,-0.034341
24.8818,desired,-0.639933,-0.639933,4.000000,4.000000
24.8910,state,-0.995335,-0.940665,-0.172816,-0.034209
24.9009,state,-0.995335,-0.940723,-0.172816,-0.034093
24.9109,state,-0.995335,-0.940441,-0.172816,-0.034660
24.9115,desired,-0.519994,-0.519994,4.000000,4.000000
24.9126,state,-0.995335,-0.940819,-0.172816,-0.033901
24.9149,state,-0.959266,-0.923962,-0.021993,0.275201
24.9210,state,-0.995335,-0.940665,-0.172816,-0.034209
24.9309,state,-0.995335,-0.940723,-0.172816,-0.034093
24.9414,desired,-0.400049,-0.400049,4.000000,4.000000
24.9416,state,-0.995335,-0.940441,-0.172816,-0.034660
24.9510,state,-0.995335,-0.940819,-0.172816,-0.033901
24.9610,state,-0.959266,-0.923962,-0.021993,0.275201
24.9616,desired,-0.320009,-0.320009,4.000000,4.000000
24.9710,state,-0.995335,-0.940665,-0.172816,-0.034209
24.9809,state,-0.995335,-0.940723,-0.172816,-0.034093
24.9914,desired,-0.200008,-0.200008,4.000000,4.000000
24.9916,state,-0.995335,-0.940441,-0.172816,-0.034660
25.0009,state,-0.995335,-0.940819,-0.172816,-0.033901
25.0110,state,-0.959266,-0.923962,-0.021993,0.275201
25.0210,state,-0.995335,-0.940665,-0.172816,-0.034209
25.0215,desired,-0.079938,-0.079938,4.000000,4.000000
25.0232,state,-0.759781,-0.902496,7.526230,0.666429
25.0240,state,-0.573785,-0.816912,0.523856,1.640829
25.0310,state,-0.995335,-0.940819,-0.172816,-0.033901
25.0410,state,-0.959266,-0.923962,-0.021993,0.275201
25.0510,state,-0.995335,-0.940665,-0.172816,-0.034209
25.0516,desired,0.000000,0.000000,0.000000,0.000000
25.0610,state,-0.759781,-0.902496,7.526230,0.666429
25.0709,state,-0.573785,-0.816912,0.523856,1.640829
25.0810,state,-0.995335,-0.940819,-0.172816,-0.033901
25.0815,desired,0.000000,0.000000,0.000000,0.000000
25.0911,state,-0.959266,-0.923962,-0.021993,0.275201
25.1013,desired,0.000000,0.000000,0.000000,0.000000
25.1015,state,-0.995335,-0.940665,-0.172816,-0.034209
25.1110,state,-0.759781,-0.902496,7.526230,0.666429
25.1211,state,-0.573785,-0.816912,0.523856,1.640829
25.1219,desired,0.000000,0.000000,0.000000,0.000000
25.1236,state,-0.248356,-0.701190,3.347024,1.953738
25.1311,state,-0.959266,-0.923962,-0.021993,0.275201
25.1409,state,-0.995335,-0.940665,-0.172816,-0.034209
25.1509,state,-0.759781,-0.902496,7.526230,0.666429
25.1514,desired,0.000000,0.000000,0.000000,0.000000
25.1609,state,-0.573785,-0.816912,0.523856,1.640829
25.1713,desired,0.000000,0.000000,0.000000,0.000000
25.1715,state,-0.248356,-0.701190,3.347024,1.953738
25.1809,state,-0.959266,-0.923962,-0.021993,0.275201
25.1910,state,-0.995335,-0.940665,-0.172816,-0.034209
25.2009,state,-0.759781,-0.902496,7.526230,0.666429
25.2015,desired,0.000000,0.000000,0.000000,0.000000
25.2110,state,-0.573785,-0.816912,0.523856,1.640829
25.2210,state,-0.248356,-0.701190,3.347024,1.953738
25.2215,desired,0.000000,0.000000,0.000000,0.000000
25.2227,state,-0.166451,-0.577383,0.244646,2.030761
25.2228,state,-0.015854,-0.452165,0.600551,2.042209
25.2309,state,-0.759781,-0.902496,7.526230,0.666429
25.2409,state,-0.573785,-0.816912,0.523856,1.640829
25.2510,state,-0.248356,-0.701190,3.347024,1.953738
25.2514,desired,0.000000,0.000000,0.000000,0.000000
25.2609,state,-0.166451,-0.577383,0.244646,2.030761
25.2711,state,-0.015854,-0.452165,0.600551,2.042209
25.2718,desired,0.000000,0.000000,0.000000,0.000000
25.2809,state,-0.759781,-0.902496,7.526230,0.666429
25.2910,state,-0.573785,-0.816912,0.523856,1.640829
25.3009,state,-0.248356,-0.701190,3.347024,1.953738
25.3015,desired,0.000000,0.000000,0.000000,0.000000
25.3109,state,-0.166451,-0.577383,0.244646,2.030761
25.3165,state,-0.001300,-0.327307,0.049252,2.036941
25.3168,state,-0.000107,-0.203249,0.004039,2.027854
25.3210,state,-0.573785,-0.816912,0.523856,1.640829
25.3216,desired,0.000000,0.000000,0.000000,0.000000
25.3310,state,-0.248356,-0.701190,3.347024,1.953738
25.3409,state,-0.166451,-0.577383,0.244646,2.030761
25.3509,state,-0.001300,-0.327307,0.049252,2.036941
25.3517,desired,0.000000,0.000000,0.000000,0.000000
25.3609,state,-0.000107,-0.203249,0.004039,2.027854
25.3711,state,-0.573785,-0.816912,0.523856,1.640829
25.3719,desired,0.000000,0.000000,0.000000,0.000000
25.3810,state,-0.248356,-0.701190,3.347024,1.953738
25.3910,state,-0.166451,-0.577383,0.244646,2.030761
25.4010,state,-0.001300,-0.327307,0.049252,2.036941
25.4014,desired,0.000000,0.000000,0.000000,0.000000
25.4109,state,-0.000107,-0.203249,0.004039,2.027854
25.4210,state,-0.573785,-0.816912,0.523856,1.640829
25.4238,state,-0.000009,-0.080077,0.000331,2.018312
25.4309,state,-0.166451,-0.577383,0.244646,2.030761
25.4314,desired,0.000000,0.000000,0.000000,0.000000
25.4409,state,-0.001300,-0.327307,0.049252,2.036941
25.4511,state,-0.000107,-0.203249,0.004039,2.027854
25.4519,desired,0.000000,0.000000,0.000000,0.000000
25.4609,state,-0.573785,-0.816912,0.523856,1.640829
25.4710,state,-0.000009,-0.080077,0.000331,2.018312
25.4809,state,-0.166451,-0.577383,0.244646,2.030761
25.4815,desired,0.000000,0.000000,0.000000,0.000000
25.4909,state,-0.001300,-0.327307,0.049252,2.036941
25.5010,state,-0.000107,-0.203249,0.004039,2.027854
25.5110,state,-0.573785,-0.816912,0.523856,1.640829
25.5115,desired,0.000000,0.000000,0.000000,0.000000
25.5210,state,-0.000009,-0.080077,0.000331,2.018312
25.5227,state,-0.000001,0.025195,0.000027,1.240972
25.5239,state,-0.000000,0.035383,0.000002,-0.005603
25.5310,state,-0.000107,-0.203249,0.004039,2.027854
25.5409,state,-0.573785,-0.816912,0.523856,1.640829
25.5416,desired,0.000000,0.000000,0.000000,0.000000
25.5511,state,-0.000009,-0.080077,0.000331,2.018312
25.5613,state,-0.000001,0.025195,0.000027,1.240972
25.5713,desired,0.000000,0.000000,0.000000,0.000000
25.5715,state,-0.000000,0.035383,0.000002,-0.005603
25.5810,state,-0.000107,-0.203249,0.004039,2.027854
25.5914,desired,0.000000,0.000000,0.000000,0.000000
25.5917,state,-0.573785,-0.816912,0.523856,1.640829
25.6010,state,-0.000009,-0.080077,0.000331,2.018312
25.6110,state,-0.000001,0.025195,0.000027,1.240972
25.6214,desired,0.000000,0.000000,0.000000,0.000000
25.6217,state,-0.000000,0.035383,0.000002,-0.005603
25.6226,state,-0.000000,0.034955,0.000000,-0.005288
25.6237,state,-0.000000,0.034546,0.000000,-0.004997
25.6310,state,-0.000009,-0.080077,0.000331,2.018312
25.6410,state,-0.000001,0.025195,0.000027,1.240972
25.6510,state,-0.000000,0.035383,0.000002,-0.005603
25.6516,desired,0.000000,0.000000,0.000000,0.000000
25.6610,state,-0.000000,0.034955,0.000000,-0.005288
25.6709,state,-0.000000,0.034546,0.000000,-0.004997
25.6810,state,-0.000009,-0.080077,0.000331,2.018312
25.6816,desired,0.000000,0.000000,0.000000,0.000000
25.6910,state,-0.000001,0.025195,0.000027,1.240972
25.7010,state,-0.000000,0.035383,0.000002,-0.005603
25.7110,state,-0.000000,0.034955,0.000000,-0.005288
25.7115,desired,0.000000,0.000000,0.000000,0.000000
25.7210,state,-0.000000,0.034546,0.000000,-0.004997
25.7224,state,-0.000000,0.034156,0.000000,-0.004728
25.7313,desired,0.000000,0.000000,0.000000,0.000000
25.7314,state,-0.000001,0.025195,0.000027,1.240972
25.7409,state,-0.000000,0.035383,0.000002,-0.005603
25.7509,state,-0.000000,0.034955,0.000000,-0.005288
25.7613,desired,0.000000,0.000000,0.000000,0.000000
25.7616,state,-0.000000,0.034546,0.000000,-0.004997
25.7710,state,-0.000000,0.034156,0.000000,-0.004728
25.7810,state,-0.000001,0.025195,0.000027,1.240972
25.7816,desired,0.000000,0.000000,0.000000,0.000000
25.7911,state,-0.000000,0.035383,0.000002,-0.005603
25.8009,state,-0.000000,0.034955,0.000000,-0.005288
25.8110,state,-0.000000,0.034546,0.000000,-0.004997
25.8115,desired,0.000000,0.000000,0.000000,0.000000
25.8211,state,-0.000000,0.034156,0.000000,-0.004728
25.8235,state,-0.000000,0.033783,0.000000,-0.004480
25.8238,state,-0.000000,0.033426,0.000000,-0.004249
25.8311,state,-0.000000,0.034955,0.000000,-0.005288
25.8319,desired,0.000000,0.000000,0.000000,0.000000
25.8410,state,-0.000000,0.034546,0.000000,-0.004997
25.8511,state,-0.000000,0.034156,0.000000,-0.004728
25.8610,state,-0.000000,0.033783,0.000000,-0.004480
25.8617,desired,0.000000,0.000000,0.000000,0.000000
25.8710,state,-0.000000,0.033426,0.000000,-0.004249
25.8810,state,-0.000000,0.034955,0.000000,-0.005288
25.8910,state,-0.000000,0.034546,0.000000,-0.004997
25.8916,desired,0.000000,0.000000,0.000000,0.000000
25.9010,state,-0.000000,0.034156,0.000000,-0.004728
25.9111,state,-0.000000,0.033783,0.000000,-0.004480
25.9118,desired,0.000000,0.000000,0.000000,0.000000
25.9141,state,-0.000000,0.033083,0.000000,-0.004035
25.9152,state,-0.000000,0.032754,0.000000,-0.003836
25.9210,state,-0.000000,0.034546,0.000000,-0.004997
25.9310,state,-0.000000,0.034156,0.000000,-0.004728
25.9414,desired,0.000000,0.000000,0.000000,0.000000
25.9416,state,-0.000000,0.033783,0.000000,-0.004480
25.9510,state,-0.000000,0.033083,0.000000,-0.004035
25.9610,state,-0.000000,0.032754,0.000000,-0.003836
25.9712,desired,0.000000,0.000000,0.000000,0.000000
25.9714,state,-0.000000,0.034546,0.000000,-0.004997
25.9810,state,-0.000000,0.034156,0.000000,-0.004728
25.9914,desired,0.000000,0.000000,0.000000,0.000000
25.9916,state,-0.000000,0.033783,0.000000,-0.004480
26.0010,state,-0.000000,0.033083,0.000000,-0.004035
26.0115,desired,0.000000,0.000000,0.000000,0.000000
26.0118,state,-0.000000,0.032754,0.000000,-0.003836
26.0154,state,-0.000000,0.032437,0.000000,-0.003651
26.0210,state,-0.000000,0.034156,0.000000,-0.004728
26.0310,state,-0.000000,0.033783,0.000000,-0.004480
26.0410,state,-0.000000,0.033083,0.000000,-0.004035
26.0416,desired,0.000000,0.000000,0.000000,0.000000
26.0511,state,-0.000000,0.032754,0.000000,-0.003836
26.0610,state,-0.000000,0.032437,0.000000,-0.003651
26.0716,desired,0.000000,0.000000,0.000000,0.000000
26.0719,state,-0.000000,0.034156,0.000000,-0.004728
26.0810,state,-0.000000,0.033783,0.000000,-0.004480
26.0910,state,-0.000000,0.033083,0.000000,-0.004035
26.1010,state,-0.000000,0.032754,0.000000,-0.003836
26.1015,desired,0.000000,0.000000,0.000000,0.000000
26.1110,state,-0.000000,0.032437,0.000000,-0.003651
26.1210,state,-0.000000,0.034156,0.000000,-0.004728
26.1215,desired,0.000000,0.000000,0.000000,0.000000
26.1227,state,-0.000000,0.032133,0.000000,-0.003477
26.1233,state,-0.000000,0.031839,0.000000,-0.003315
26.1310,state,-0.000000,0.032754,0.000000,-0.003836
26.1410,state,-0.000000,0.032437,0.000000,-0.003651
26.1510,state,-0.000000,0.034156,0.000000,-0.004728
26.1516,desired,0.000000,0.000000,0.000000,0.000000
26.1610,state,-0.000000,0.032133,0.000000,-0.003477
26.1711,state,-0.000000,0.031839,0.000000,-0.003315
26.1716,desired,0.000000,0.000000,0.000000,0.000000
26.1810,state,-0.000000,0.032754,0.000000,-0.003836
26.1909,state,-0.000000,0.032437,0.000000,-0.003651
26.2013,desired,0.000000,0.000000,0.000000,0.000000
26.2016,state,-0.000000,0.034156,0.000000,-0.004728
26.2111,state,-0.000000,0.032133,0.000000,-0.003477
26.2210,state,-0.000000,0.031839,0.000000,-0.003315
26.2217,desired,0.000000,0.000000,0.000000,0.000000
26.2231,state,-0.000000,0.031556,0.000000,-0.003164
26.2239,state,-0.000000,0.031283,0.000000,-0.003021
26.2310,state,-0.000000,0.034156,0.000000,-0.004728
26.2410,state,-0.000000,0.032133,0.000000,-0.003477
26.2511,state,-0.000000,0.031839,0.000000,-0.003315
26.2519,desired,0.000000,0.000000,0.000000,0.000000
26.2610,state,-0.000000,0.031556,0.000000,-0.003164
26.2710,state,-0.000000,0.031283,0.000000,-0.003021
26.2810,state,-0.000000,0.034156,0.000000,-0.004728
26.2816,desired,0.000000,0.000000,0.000000,0.000000
26.2910,state,-0.000000,0.032133,0.000000,-0.003477
26.3010,state,-0.000000,0.031839,0.000000,-0.003315
26.3110,state,-0.000000,0.031556,0.000000,-0.003164
26.3116,desired,0.000000,0.000000,0.000000,0.000000
26.3210,state,-0.000000,0.031283,0.000000,-0.003021
26.3228,state,-0.000000,0.031019,0.000000,-0.002888
26.3310,state,-0.000000,0.032133,0.000000,-0.003477
26.3410,state,-0.000000,0.031839,0.000000,-0.003315
26.3416,desired,0.000000,0.000000,0.000000,0.000000
26.3509,state,-0.000000,0.031556,0.000000,-0.003164
26.3610,state,-0.000000,0.031283,0.000000,-0.003021
26.3709,state,-0.000000,0.031019,0.000000,-0.002888
26.3715,desired,0.000000,0.000000,0.000000,0.000000
26.3810,state,-0.000000,0.032133,0.000000,-0.003477
26.3910,state,-0.000000,0.031839,0.000000,-0.003315
26.4009,state,-0.000000,0.031556,0.000000,-0.003164
26.4015,desired,0.000000,0.000000,0.000000,0.000000
26.4110,state,-0.000000,0.031283,0.000000,-0.003021
26.4210,state,-0.000000,0.031019,0.000000,-0.002888
26.4216,desired,0.000000,0.000000,0.000000,0.000000
26.4229,state,-0.000000,0.030764,0.000000,-0.002762
26.4231,state,-0.000000,0.030517,0.000000,-0.002644
26.4310,state,-0.000000,0.031556,0.000000,-0.003164
26.4409,state,-0.000000,0.031283,0.000000,-0.003021
26.4510,state,-0.000000,0.031019,0.000000,-0.002888
26.4515,desired,0.000000,0.000000,0.000000,0.000000
26.4609,state,-0.000000,0.030764,0.000000,-0.002762
26.4710,state,-0.000000,0.030517,0.000000,-0.002644
26.4809,state,-0.000000,0.031556,0.000000,-0.003164
26.4814,desired,0.000000,0.000000,0.000000,0.000000
26.4910,state,-0.000000,0.031283,0.000000,-0.003021
26.5013,desired,0.000000,0.000000,0.000000,0.000000
26.5015,state,-0.000000,0.031019,0.000000,-0.002888
26.5110,state,-0.000000,0.030764,0.000000,-0.002762
26.5210,state,-0.000000,0.030517,0.000000,-0.002644
26.5216,desired,0.000000,0.000000,0.000000,0.000000
26.5226,state,-0.000000,0.030278,0.000000,-0.002532
26.5244,state,-0.000000,0.030046,0.000000,-0.002427
26.5310,state,-0.000000,0.031019,0.000000,-0.002888
26.5410,state,-0.000000,0.030764,0.000000,-0.002762
26.5510,state,-0.000000,0.030517,0.000000,-0.002644
26.5516,desired,0.000000,0.000000,0.000000,0.000000
26.5610,state,-0.000000,0.030278,0.000000,-0.002532
26.5710,state,-0.000000,0.030046,0.000000,-0.002427
26.5718,desired,0.000000,0.000000,0.000000,0.000000
26.5810,state,-0.000000,0.031019,0.000000,-0.002888
26.5910,state,-0.000000,0.030764,0.000000,-0.002762
26.6010,state,-0.000000,0.030517,0.000000,-0.002644
26.6016,desired,0.000000,0.000000,0.000000,0.000000
26.6110,state,-0.000000,0.030278,0.000000,-0.002532
26.6214,desired,0.000000,0.000000,0.000000,0.000000
26.6216,state,-0.000000,0.030046,0.000000,-0.002427
26.6234,state,-0.000000,0.029821,0.000000,-0.002328
26.6310,state,-0.000000,0.030764,0.000000,-0.002762
26.6409,state,-0.000000,0.030517,0.000000,-0.002644
26.6509,state,-0.000000,0.030278,0.000000,-0.002532
26.6515,desired,0.000000,0.000000,0.000000,0.000000
26.6609,state,-0.000000,0.030046,0.000000,-0.002427
26.6709,state,-0.000000,0.029821,0.000000,-0.002328
26.6809,state,-0.000000,0.030764,0.000000,-0.002762
26.6815,desired,0.000000,0.000000,0.000000,0.000000
26.6910,state,-0.000000,0.030517,0.000000,-0.002644
26.7009,state,-0.000000,0.030278,0.000000,-0.002532
26.7109,state,-0.000000,0.030046,0.000000,-0.002427
26.7115,desired,0.000000,0.000000,0.000000,0.000000
26.7211,state,-0.000000,0.029821,0.000000,-0.002328
26.7224,state,-0.000000,0.029603,0.000000,-0.002234
26.7233,state,-0.000000,0.029391,0.000000,-0.002145
26.7310,state,-0.000000,0.030278,0.000000,-0.002532
26.7316,desired,0.000000,0.000000,0.000000,0.000000
26.7409,state,-0.000000,0.030046,0.000000,-0.002427
26.7509,state,-0.000000,0.029821,0.000000,-0.002328
26.7609,state,-0.000000,0.029603,0.000000,-0.002234
26.7615,desired,0.000000,0.000000,0.000000,0.000000
26.7709,state,-0.000000,0.029391,0.000000,-0.002145
26.7809,state,-0.000000,0.030278,0.000000,-0.002532
26.7909,state,-0.000000,0.030046,0.000000,-0.002427
26.7915,desired,0.000000,0.000000,0.000000,0.000000
26.8010,state,-0.000000,0.029821,0.000000,-0.002328
26.8109,state,-0.000000,0.029603,0.000000,-0.002234
26.8115,desired,0.000000,0.000000,0.000000,0.000000
26.8210,state,-0.000000,0.029391,0.000000,-0.002145
26.8224,state,-0.000000,0.029185,0.000000,-0.002060
26.8233,state,-0.000000,0.028984,0.000000,-0.001980
26.8310,state,-0.000000,0.029821,0.000000,-0.002328
26.8409,state,-0.000000,0.029603,0.000000,-0.002234
26.8416,desired,0.000000,0.000000,0.000000,0.000000
26.8509,state,-0.000000,0.029391,0.000000,-0.002145
26.8609,state,-0.000000,0.029185,0.000000,-0.002060
26.8710,state,-0.000000,0.028984,0.000000,-0.001980
26.8718,desired,0.000000,0.000000,0.000000,0.000000
26.8809,state,-0.000000,0.029821,0.000000,-0.002328
26.8909,state,-0.000000,0.029603,0.000000,-0.002234
26.9010,state,-0.000000,0.029391,0.000000,-0.002145
26.9015,desired,0.000000,0.000000,0.000000,0.000000
26.9110,state,-0.000000,0.029185,0.000000,-0.002060
26.9209,state,-0.000000,0.028984,0.000000,-0.001980
26.9224,state,-0.000000,0.028789,0.000000,-0.001904
26.9309,state,-0.000000,0.029603,0.000000,-0.002234
26.9316,desired,0.000000,0.000000,0.000000,0.000000
26.9410,state,-0.000000,0.029391,0.000000,-0.002145
26.9509,state,-0.000000,0.029185,0.000000,-0.002060
26.9517,desired,0.000000,0.000000,0.000000,0.000000
26.9609,state,-0.000000,0.028984,0.000000,-0.001980
26.9710,state,-0.000000,0.028789,0.000000,-0.001904
26.9715,desired,0.000000,0.000000,0.000000,0.000000
26.9809,state,-0.000000,0.029603,0.000000,-0.002234
26.9909,state,-0.000000,0.029391,0.000000,-0.002145
27.0010,state,-0.000000,0.029185,0.000000,-0.002060
27.0016,desired,0.000000,0.000000,0.000000,0.000000
27.0111,state,-0.000000,0.028984,0.000000,-0.001980
27.0210,state,-0.000000,0.028789,0.000000,-0.001904
27.0216,desired,0.000000,0.000000,0.000000,0.000000
27.0222,state,-0.000000,0.028599,0.000000,-0.001832
27.0228,state,-0.000000,0.028414,0.000000,-0.001763
27.0310,state,-0.000000,0.029185,0.000000,-0.002060
27.0410,state,-0.000000,0.028984,0.000000,-0.001980
27.0510,state,-0.000000,0.028789,0.000000,-0.001904
27.0516,desired,0.000000,0.000000,4.000000,4.000000
27.0610,state,-0.000000,0.028599,0.000000,-0.001832
27.0716,desired,0.080063,0.080063,4.000000,4.000000
27.0719,state,-0.000000,0.028414,0.000000,-0.001763
27.0810,state,-0.000000,0.029185,0.000000,-0.002060
27.0910,state,-0.000000,0.028984,0.000000,-0.001980
27.1010,state,-0.000000,0.028789,0.000000,-0.001904
27.1015,desired,0.199944,0.199944,4.000000,4.000000
27.1110,state,-0.000000,0.028599,0.000000,-0.001832
27.1148,state,-0.000000,0.028233,0.000000,-0.001697
27.1170,state,-0.000000,0.028057,0.000000,-0.001635
27.1210,state,-0.000000,0.028984,0.000000,-0.001980
27.1216,desired,0.279954,0.279954,4.000000,4.000000
27.1310,state,-0.000000,0.028789,0.000000,-0.001904
27.1410,state,-0.000000,0.028599,0.000000,-0.001832
27.1509,state,-0.000000,0.028233,0.000000,-0.001697
27.1516,desired,0.399962,0.399962,4.000000,4.000000
27.1610,state,-0.000000,0.028057,0.000000,-0.001635
27.1710,state,-0.000000,0.028984,0.000000,-0.001980
27.1810,state,-0.000000,0.028789,0.000000,-0.001904
27.1816,desired,0.519974,0.519974,4.000000,4.000000
27.1910,state,-0.000000,0.028599,0.000000,-0.001832
27.2010,state,-0.000000,0.028233,0.000000,-0.001697
27.2109,state,-0.000000,0.028057,0.000000,-0.001635
27.2116,desired,0.639933,0.639933,4.000000,4.000000
27.2210,state,-0.000000,0.028984,0.000000,-0.001980
27.2234,state,0.154970,0.073628,1.702585,1.392332
27.2310,state,-0.000000,0.028599,0.000000,-0.001832
27.2317,desired,0.719950,0.719950,4.000000,4.000000
27.2410,state,-0.000000,0.028233,0.000000,-0.001697
27.2509,state,-0.000000,0.028057,0.000000,-0.001635
27.2609,state,-0.000000,0.028984,0.000000,-0.001980
27.2615,desired,0.839914,0.839914,4.000000,4.000000
27.2709,state,0.154970,0.073628,1.702585,1.392332
27.2810,state,-0.000000,0.028599,0.000000,-0.001832
27.2818,desired,0.919976,0.919976,4.000000,4.000000
27.2910,state,-0.000000,0.028233,0.000000,-0.001697
27.3009,state,-0.000000,0.028057,0.000000,-0.001635
27.3110,state,-0.000000,0.028984,0.000000,-0.001980
27.3116,desired,1.000000,1.000000,0.000000,0.000000
27.3211,state,0.154970,0.073628,1.702585,1.392332
27.3234,state,0.195246,0.180668,0.177043,1.842747
27.3243,state,0.558308,0.297799,1.575492,1.963563
27.3309,state,-0.000000,0.028057,0.000000,-0.001635
27.3409,state,-0.000000,0.028984,0.000000,-0.001980
27.3415,desired,1.000000,1.000000,0.000000,0.000000
27.3509,state,0.154970,0.073628,1.702585,1.392332
27.3609,state,0.195246,0.180668,0.177043,1.842747
27.3615,desired,1.000000,1.000000,0.000000,0.000000
27.3710,state,0.558308,0.297799,1.575492,1.963563
27.3810,state,-0.000000,0.028057,0.000000,-0.001635
27.3910,state,-0.000000,0.028984,0.000000,-0.001980
27.3917,desired,1.000000,1.000000,0.000000,0.000000
27.4009,state,0.154970,0.073628,1.702585,1.392332
27.4110,state,0.195246,0.180668,0.177043,1.842747
27.4212,state,0.558308,0.297799,1.575492,1.963563
27.4221,desired,1.000000,1.000000,0.000000,0.000000
27.4241,state,0.789668,0.417028,7.920234,1.980515
27.4250,state,0.978302,0.536163,0.817943,1.979495
27.4311,state,0.154970,0.073628,1.702585,1.392332
27.4409,state,0.195246,0.180668,0.177043,1.842747
27.4510,state,0.558308,0.297799,1.575492,1.963563
27.4518,desired,1.000000,1.000000,0.000000,0.000000
27.4610,state,0.789668,0.417028,7.920234,1.980515
27.4710,state,0.978302,0.536163,0.817943,1.979495
27.4813,desired,1.000000,1.000000,0.000000,0.000000
27.4816,state,0.154970,0.073628,1.702585,1.392332
27.4910,state,0.195246,0.180668,0.177043,1.842747
27.5010,state,0.558308,0.297799,1.575492,1.963563
27.5016,desired,1.000000,1.000000,0.000000,0.000000
27.5110,state,0.789668,0.417028,7.920234,1.980515
27.5210,state,0.978302,0.536163,0.817943,1.979495
27.5238,state,0.993925,0.654777,0.226243,1.973966
27.5250,state,0.995219,0.772697,0.177239,1.965505
27.5310,state,0.558308,0.297799,1.575492,1.963563
27.5316,desired,1.000000,1.000000,0.000000,0.000000
27.5409,state,0.789668,0.417028,7.920234,1.980515
27.5509,state,0.978302,0.536163,0.817943,1.979495
27.5610,state,0.993925,0.654777,0.226243,1.973966
27.5616,desired,1.000000,1.000000,0.000000,0.000000
27.5710,state,0.995219,0.772697,0.177239,1.965505
27.5810,state,0.558308,0.297799,1.575492,1.963563
27.5910,state,0.789668,0.417028,7.920234,1.980515
27.5916,desired,1.000000,1.000000,0.000000,0.000000
27.6010,state,0.978302,0.536163,0.817943,1.979495
27.6110,state,0.993925,0.654777,0.226243,1.973966
27.6209,state,0.995219,0.772697,0.177239,1.965505
27.6214,desired,1.000000,1.000000,0.000000,0.000000
27.6225,state,0.995326,0.889774,0.173180,1.954112
27.6310,state,0.789668,0.417028,7.920234,1.980515
27.6410,state,0.978302,0.536163,0.817943,1.979495
27.6509,state,0.993925,0.654777,0.226243,1.973966
27.6514,desired,1.000000,1.000000,0.000000,0.000000
27.6609,state,0.995219,0.772697,0.177239,1.965505
27.6710,state,0.995326,0.889774,0.173180,1.954112
27.6810,state,0.789668,0.417028,7.920234,1.980515
27.6816,desired,1.000000,1.000000,0.000000,0.000000
27.6910,state,0.978302,0.536163,0.817943,1.979495
27.7009,state,0.993925,0.654777,0.226243,1.973966
27.7110,state,0.995219,0.772697,0.177239,1.965505
27.7118,desired,1.000000,1.000000,0.000000,0.000000
27.7213,state,0.995326,0.889774,0.173180,1.954112
27.7225,state,0.995335,0.990308,0.172844,1.246356
27.7226,state,0.995335,0.998133,0.172819,0.003682
27.7309,state,0.993925,0.654777,0.226243,1.973966
27.7314,desired,1.000000,1.000000,0.000000,0.000000
27.7409,state,0.995219,0.772697,0.177239,1.965505
27.7509,state,0.995326,0.889774,0.173180,1.954112
27.7609,state,0.995335,0.990308,0.172844,1.246356
27.7616,desired,1.000000,1.000000,0.000000,0.000000
27.7709,state,0.995335,0.998133,0.172819,0.003682
27.7809,state,0.993925,0.654777,0.226243,1.973966
27.7909,state,0.995219,0.772697,0.177239,1.965505
27.7915,desired,1.000000,1.000000,0.000000,0.000000
27.8010,state,0.995326,0.889774,0.173180,1.954112
27.8110,state,0.995335,0.990308,0.172844,1.246356
27.8211,state,0.995335,0.998133,0.172819,0.003682
27.8216,desired,1.000000,1.000000,0.000000,0.000000
27.8226,state,0.995335,0.996224,0.172819,0.004237
27.8236,state,0.995335,0.994358,0.172819,0.004942
27.8309,state,0.995326,0.889774,0.173180,1.954112
27.8410,state,0.995335,0.990308,0.172844,1.246356
27.8510,state,0.995335,0.998133,0.172819,0.003682
27.8518,desired,1.000000,1.000000,0.000000,0.000000
27.8610,state,0.995335,0.996224,0.172819,0.004237
27.8710,state,0.995335,0.994358,0.172819,0.004942
27.8811,state,0.995326,0.889774,0.173180,1.954112
27.8820,desired,1.000000,1.000000,0.000000,0.000000
27.8910,state,0.995335,0.990308,0.172844,1.246356
27.9010,state,0.995335,0.998133,0.172819,0.003682
27.9110,state,0.995335,0.996224,0.172819,0.004237
27.9118,desired,1.000000,1.000000,0.000000,0.000000
27.9216,state,0.995335,0.994358,0.172819,0.004942
27.9235,state,0.995335,0.992546,0.172819,0.005794
27.9310,state,0.995335,0.990308,0.172844,1.246356
27.9316,desired,1.000000,1.000000,0.000000,0.000000
27.9410,state,0.995335,0.998133,0.172819,0.003682
27.9510,state,0.995335,0.996224,0.172819,0.004237
27.9610,state,0.995335,0.994358,0.172819,0.004942
27.9618,desired,1.000000,1.000000,0.000000,0.000000
27.9710,state,0.995335,0.992546,0.172819,0.005794
27.9810,state,0.995335,0.990308,0.172844,1.246356
27.9816,desired,1.000000,1.000000,0.000000,0.000000
27.9911,state,0.995335,0.998133,0.172819,0.003682
28.0011,state,0.995335,0.996224,0.172819,0.004237
28.0019,desired,1.000000,1.000000,0.000000,0.000000
28.0110,state,0.995335,0.994358,0.172819,0.004942
28.0211,state,0.995335,0.992546,0.172819,0.005794
28.0219,desired,1.000000,1.000000,0.000000,0.000000
28.0234,state,0.995335,0.990795,0.172819,0.006786
28.0251,state,0.995335,0.989114,0.172819,0.007905
28.0310,state,0.995335,0.996224,0.172819,0.004237
28.0410,state,0.995335,0.994358,0.172819,0.004942
28.0514,desired,1.000000,1.000000,0.000000,0.000000
28.0517,state,0.995335,0.992546,0.172819,0.005794
28.0611,state,0.995335,0.990795,0.172819,0.006786
28.0710,state,0.995335,0.989114,0.172819,0.007905
28.0716,desired,1.000000,1.000000,0.000000,0.000000
28.0809,state,0.995335,0.996224,0.172819,0.004237
28.0910,state,0.995335,0.994358,0.172819,0.004942
28.1011,state,0.995335,0.992546,0.172819,0.005794
28.1020,desired,1.000000,1.000000,0.000000,0.000000
28.1110,state,0.995335,0.990795,0.172819,0.006786
28.1211,state,0.995335,0.989114,0.172819,0.007905
28.1222,desired,1.000000,1.000000,0.000000,0.000000
28.1233,state,0.995335,0.987510,0.172819,0.009131
28.1256,state,0.995335,0.985989,0.172819,0.010444
28.1310,state,0.995335,0.992546,0.172819,0.005794
28.1409,state,0.995335,0.990795,0.172819,0.006786
28.1510,state,0.995335,0.989114,0.172819,0.007905
28.1515,desired,1.000000,1.000000,0.000000,0.000000
28.1609,state,0.995335,0.987510,0.172819,0.009131
28.1709,state,0.995335,0.985989,0.172819,0.010444
28.1809,state,0.995335,0.992546,0.172819,0.005794
28.1814,desired,1.000000,1.000000,0.000000,0.000000
28.1909,state,0.995335,0.990795,0.172819,0.006786
28.2009,state,0.995335,0.989114,0.172819,0.007905
28.2110,state,0.995335,0.987510,0.172819,0.009131
28.2114,desired,1.000000,1.000000,0.000000,0.000000
28.2211,state,0.995335,0.985989,0.172819,0.010444
28.2225,state,0.995335,0.984554,0.172819,0.011819
28.2310,state,0.995335,0.990795,0.172819,0.006786
28.2315,desired,1.000000,1.000000,0.000000,0.000000
28.2409,state,0.995335,0.989114,0.172819,0.007905
28.2510,state,0.995335,0.987510,0.172819,0.009131
28.2610,state,0.995335,0.985989,0.172819,0.010444
28.2614,desired,1.000000,1.000000,0.000000,0.000000
28.2711,state,0.995335,0.984554,0.172819,0.011819
28.2810,state,0.995335,0.990795,0.172819,0.006786
28.2910,state,0.995335,0.989114,0.172819,0.007905
28.2915,desired,1.000000,1.000000,0.000000,0.000000
28.3010,state,0.995335,0.987510,0.172819,0.009131
28.3111,state,0.995335,0.985989,0.172819,0.010444
28.3119,desired,1.000000,1.000000,0.000000,0.000000
28.3212,state,0.995335,0.984554,0.172819,0.011819
28.3237,state,0.995335,0.983209,0.172819,0.013230
28.3240,state,0.995335,0.981956,0.172819,0.014656
28.3311,state,0.995335,0.987510,0.172819,0.009131
28.3320,desired,1.000000,1.000000,0.000000,0.000000
28.3409,state,0.995335,0.985989,0.172819,0.010444
28.3510,state,0.995335,0.984554,0.172819,0.011819
28.3609,state,0.995335,0.983209,0.172819,0.013230
28.3615,desired,1.000000,1.000000,0.000000,0.000000
28.3711,state,0.995335,0.981956,0.172819,0.014656
28.3810,state,0.995335,0.987510,0.172819,0.009131
28.3909,state,0.995335,0.985989,0.172819,0.010444
28.3914,desired,1.000000,1.000000,0.000000,0.000000
28.4009,state,0.995335,0.984554,0.172819,0.011819
28.4109,state,0.995335,0.983209,0.172819,0.013230
28.4209,state,0.995335,0.981956,0.172819,0.014656
28.4216,desired,1.000000,1.000000,0.000000,0.000000
28.4232,state,0.995335,0.980793,0.172819,0.016072
28.4243,state,0.995335,0.979719,0.172819,0.017462
28.4309,state,0.995335,0.984554,0.172819,0.011819
28.4409,state,0.995335,0.983209,0.172819,0.013230
28.4415,desired,1.000000,1.000000,0.000000,0.000000
28.4509,state,0.995335,0.981956,0.172819,0.014656
28.4609,state,0.995335,0.980793,0.172819,0.016072
28.4710,state,0.995335,0.979719,0.172819,0.017462
28.4714,desired,1.000000,1.000000,0.000000,0.000000
28.4809,state,0.995335,0.984554,0.172819,0.011819
28.4909,state,0.995335,0.983209,0.172819,0.013230
28.5009,state,0.995335,0.981956,0.172819,0.014656
28.5014,desired,1.000000,1.000000,0.000000,0.000000
28.5109,state,0.995335,0.980793,0.172819,0.016072
28.5209,state,0.995335,0.979719,0.172819,0.017462
28.5226,state,0.995335,0.978732,0.172819,0.018810
28.5309,state,0.995335,0.983209,0.172819,0.013230
28.5314,desired,1.000000,1.000000,0.000000,0.000000
28.5409,state,0.995335,0.981956,0.172819,0.014656
28.5509,state,0.995335,0.980793,0.172819,0.016072
28.5609,state,0.995335,0.979719,0.172819,0.017462
28.5614,desired,1.000000,1.000000,0.000000,0.000000
28.5710,state,0.995335,0.978732,0.172819,0.018810
28.5809,state,0.995335,0.983209,0.172819,0.013230
28.5909,state,0.995335,0.981956,0.172819,0.014656
28.5914,desired,1.000000,1.000000,0.000000,0.000000
28.6011,state,0.995335,0.980793,0.172819,0.016072
28.6109,state,0.995335,0.979719,0.172819,0.017462
28.6209,state,0.995335,0.978732,0.172819,0.018810
28.6214,desired,1.000000,1.000000,0.000000,0.000000
28.6225,state,0.995335,0.977828,0.172819,0.020101
28.6233,state,0.995335,0.977004,0.172819,0.021328
28.6309,state,0.995335,0.980793,0.172819,0.016072
28.6410,state,0.995335,0.979719,0.172819,0.017462
28.6416,desired,1.000000,1.000000,0.000000,0.000000
28.6509,state,0.995335,0.978732,0.172819,0.018810
28.6610,state,0.995335,0.977828,0.172819,0.020101
28.6618,desired,1.000000,1.000000,0.000000,0.000000
28.6709,state,0.995335,0.977004,0.172819,0.021328
28.6809,state,0.995335,0.980793,0.172819,0.016072
28.6909,state,0.995335,0.979719,0.172819,0.017462
28.6914,desired,1.000000,1.000000,0.000000,0.000000
28.7010,state,0.995335,0.978732,0.172819,0.018810
28.7110,state,0.995335,0.977828,0.172819,0.020101
28.7211,state,0.995335,0.977004,0.172819,0.021328
28.7219,desired,1.000000,1.000000,0.000000,0.000000
28.7239,state,0.995335,0.976255,0.172819,0.022482
28.7260,state,0.995335,0.975576,0.172819,0.023561
28.7309,state,0.995335,0.978732,0.172819,0.018810
28.7409,state,0.995335,0.977828,0.172819,0.020101
28.7509,state,0.995335,0.977004,0.172819,0.021328
28.7516,desired,1.000000,1.000000,0.000000,0.000000
28.7610,state,0.995335,0.976255,0.172819,0.022482
28.7709,state,0.995335,0.975576,0.172819,0.023561
28.7809,state,0.995335,0.978732,0.172819,0.018810
28.7815,desired,1.000000,1.000000,0.000000,0.000000
28.7910,state,0.995335,0.977828,0.172819,0.020101
28.8011,state,0.995335,0.977004,0.172819,0.021328
28.8020,desired,1.000000,1.000000,0.000000,0.000000
28.8109,state,0.995335,0.976255,0.172819,0.022482
28.8211,state,0.995335,0.975576,0.172819,0.023561
28.8220,desired,1.000000,1.000000,0.000000,0.000000
28.8238,state,0.995335,0.974963,0.172819,0.024564
28.8310,state,0.995335,0.977828,0.172819,0.020101
28.8410,state,0.995335,0.977004,0.172819,0.021328
28.8510,state,0.995335,0.976255,0.172819,0.022482
28.8516,desired,1.000000,1.000000,0.000000,0.000000
28.8611,state,0.995335,0.975576,0.172819,0.023561
28.8710,state,0.995335,0.974963,0.172819,0.024564
28.8810,state,0.995335,0.977828,0.172819,0.020101
28.8816,desired,1.000000,1.000000,0.000000,0.000000
28.8910,state,0.995335,0.977004,0.172819,0.021328
28.9011,state,0.995335,0.976255,0.172819,0.022482
28.9019,desired,1.000000,1.000000,0.000000,0.000000
28.9110,state,0.995335,0.975576,0.172819,0.023561
28.9210,state,0.995335,0.974963,0.172819,0.024564
28.9223,state,0.995335,0.974410,0.172819,0.025489
28.9224,state,0.995335,0.973912,0.172819,0.026339
28.9310,state,0.995335,0.976255,0.172819,0.022482
28.9316,desired,1.000000,1.000000,0.000000,0.000000
28.9410,state,0.995335,0.975576,0.172819,0.023561
28.9510,state,0.995335,0.974963,0.172819,0.024564
28.9610,state,0.995335,0.974410,0.172819,0.025489
28.9616,desired,1.000000,1.000000,0.000000,0.000000
28.9709,state,0.995335,0.973912,0.172819,0.026339
28.9810,state,0.995335,0.976255,0.172819,0.022482
28.9816,desired,1.000000,1.000000,0.000000,0.000000
28.9910,state,0.995335,0.975576,0.172819,0.023561
29.0010,state,0.995335,0.974963,0.172819,0.024564
29.0016,desired,1.000000,1.000000,0.000000,0.000000
29.0110,state,0.995335,0.974410,0.172819,0.025489
29.0211,state,0.995335,0.973912,0.172819,0.026339
29.0221,desired,1.000000,1.000000,0.000000,0.000000
29.0243,state,0.995335,0.973465,0.172819,0.027117
29.0253,state,0.995335,0.973065,0.172819,0.027824
29.0310,state,0.995335,0.974963,0.172819,0.024564
29.0410,state,0.995335,0.974410,0.172819,0.025489
29.0510,state,0.995335,0.973912,0.172819,0.026339
29.0516,desired,1.000000,1.000000,0.000000,0.000000
29.0610,state,0.995335,0.973465,0.172819,0.027117
29.0709,state,0.995335,0.973065,0.172819,0.027824
29.0809,state,0.995335,0.974963,0.172819,0.024564
29.0816,desired,1.000000,1.000000,0.000000,0.000000
29.0910,state,0.995335,0.974410,0.172819,0.025489
29.1009,state,0.995335,0.973912,0.172819,0.026339
29.1110,state,0.995335,0.973465,0.172819,0.027117
29.1115,desired,1.000000,1.000000,0.000000,0.000000
29.1209,state,0.995335,0.973065,0.172819,0.027824
29.1229,state,0.995335,0.972707,0.172819,0.028467
29.1310,state,0.995335,0.974410,0.172819,0.025489
29.1316,desired,1.000000,1.000000,0.000000,0.000000
29.1410,state,0.995335,0.973912,0.172819,0.026339
29.1510,state,0.995335,0.973465,0.172819,0.027117
29.1610,state,0.995335,0.973065,0.172819,0.027824
29.1616,desired,1.000000,1.000000,0.000000,0.000000
29.1709,state,0.995335,0.972707,0.172819,0.028467
29.1811,state,0.995335,0.974410,0.172819,0.025489
29.1817,desired,1.000000,1.000000,0.000000,0.000000
29.1910,state,0.995335,0.973912,0.172819,0.026339
29.2010,state,0.995335,0.973465,0.172819,0.027117
29.2110,state,0.995335,0.973065,0.172819,0.027824
29.2116,desired,1.000000,1.000000,0.000000,0.000000
29.2211,state,0.995335,0.972707,0.172819,0.028467
29.2234,state,0.995335,0.972388,0.172819,0.029047
29.2239,state,0.995335,0.972102,0.172819,0.029571
29.2310,state,0.995335,0.973465,0.172819,0.027117
29.2410,state,0.995335,0.973065,0.172819,0.027824
29.2416,desired,1.000000,1.000000,0.000000,0.000000
29.2510,state,0.995335,0.972707,0.172819,0.028467
29.2610,state,0.995335,0.972388,0.172819,0.029047
29.2710,state,0.995335,0.972102,0.172819,0.029571
29.2715,desired,1.000000,1.000000,0.000000,0.000000
29.2811,state,0.995335,0.973465,0.172819,0.027117
29.2910,state,0.995335,0.973065,0.172819,0.027824
29.3010,state,0.995335,0.972707,0.172819,0.028467
29.3016,desired,1.000000,1.000000,0.000000,0.000000
29.3110,state,0.995335,0.972388,0.172819,0.029047
29.3212,state,0.995335,0.972102,0.172819,0.029571
29.3236,state,0.995335,0.971848,0.172819,0.030043
29.3253,state,0.995335,0.971621,0.172819,0.030466
29.3310,state,0.995335,0.972707,0.172819,0.028467
29.3318,desired,1.000000,1.000000,0.000000,0.000000
29.3409,state,0.995335,0.972388,0.172819,0.029047
29.3509,state,0.995335,0.972102,0.172819,0.029571
29.3609,state,0.995335,0.971848,0.172819,0.030043
29.3614,desired,1.000000,1.000000,0.000000,0.000000
29.3710,state,0.995335,0.971621,0.172819,0.030466
29.3810,state,0.995335,0.972707,0.172819,0.028467
29.3816,desired,1.000000,1.000000,0.000000,0.000000
29.3910,state,0.995335,0.972388,0.172819,0.029047
29.4010,state,0.995335,0.972102,0.172819,0.029571
29.4110,state,0.995335,0.971848,0.172819,0.030043
29.4116,desired,1.000000,1.000000,0.000000,0.000000
29.4210,state,0.995335,0.971621,0.172819,0.030466
29.4232,state,0.995335,0.971419,0.172819,0.030846
29.4310,state,0.995335,0.972388,0.172819,0.029047
29.4410,state,0.995335,0.972102,0.172819,0.029571
29.4416,desired,1.000000,1.000000,0.000000,0.000000
29.4510,state,0.995335,0.971848,0.172819,0.030043
29.4609,state,0.995335,0.971621,0.172819,0.030466
29.4709,state,0.995335,0.971419,0.172819,0.030846
29.4714,desired,1.000000,1.000000,0.000000,0.000000
29.4810,state,0.995335,0.972388,0.172819,0.029047
29.4910,state,0.995335,0.972102,0.172819,0.029571
29.4916,desired,1.000000,1.000000,0.000000,0.000000
29.5010,state,0.995335,0.971848,0.172819,0.030043
29.5110,state,0.995335,0.971621,0.172819,0.030466
29.5209,state,0.995335,0.971419,0.172819,0.030846
29.5216,desired,1.000000,1.000000,0.000000,0.000000
29.5224,state,0.995335,0.971240,0.172819,0.031186
29.5231,state,0.995335,0.971081,0.172819,0.031489
29.5310,state,0.995335,0.971848,0.172819,0.030043
29.5409,state,0.995335,0.971621,0.172819,0.030466
29.5511,state,0.995335,0.971419,0.172819,0.030846
29.5520,desired,1.000000,1.000000,0.000000,0.000000
29.5610,state,0.995335,0.971240,0.172819,0.031186
29.5710,state,0.995335,0.971081,0.172819,0.031489
29.5810,state,0.995335,0.971848,0.172819,0.030043
29.5816,desired,1.000000,1.000000,0.000000,0.000000
29.5910,state,0.995335,0.971621,0.172819,0.030466
29.6010,state,0.995335,0.971419,0.172819,0.030846
29.6110,state,0.995335,0.971240,0.172819,0.031186
29.6115,desired,1.000000,1.000000,0.000000,0.000000
29.6209,state,0.995335,0.971081,0.172819,0.031489
29.6232,state,0.995335,0.970940,0.172819,0.031759
29.6248,state,0.995335,0.970815,0.172819,0.032001
29.6310,state,0.995335,0.971419,0.172819,0.030846
29.6316,desired,1.000000,1.000000,0.000000,0.000000
29.6410,state,0.995335,0.971240,0.172819,0.031186
29.6510,state,0.995335,0.971081,0.172819,0.031489
29.6610,state,0.995335,0.970940,0.172819,0.031759
29.6616,desired,1.000000,1.000000,0.000000,0.000000
29.6710,state,0.995335,0.970815,0.172819,0.032001
29.6811,state,0.995335,0.971419,0.172819,0.030846
29.6819,desired,1.000000,1.000000,0.000000,0.000000
29.6912,state,0.995335,0.971240,0.172819,0.031186
29.7010,state,0.995335,0.971081,0.172819,0.031489
29.7111,state,0.995335,0.970940,0.172819,0.031759
29.7117,desired,1.000000,1.000000,0.000000,0.000000
29.7211,state,0.995335,0.970815,0.172819,0.032001
29.7237,state,0.995335,0.970704,0.172819,0.032216
29.7311,state,0.995335,0.971240,0.172819,0.031186
29.7410,state,0.995335,0.971081,0.172819,0.031489
29.7415,desired,1.000000,1.000000,0.000000,0.000000
29.7509,state,0.995335,0.970940,0.172819,0.031759
29.7610,state,0.995335,0.970815,0.172819,0.032001
29.7709,state,0.995335,0.970704,0.172819,0.032216
29.7715,desired,1.000000,1.000000,0.000000,0.000000
29.7809,state,0.995335,0.971240,0.172819,0.031186
29.7909,state,0.995335,0.971081,0.172819,0.031489
29.8010,state,0.995335,0.970940,0.172819,0.031759
29.8016,desired,1.000000,1.000000,-8.000000,-8.000000
29.8110,state,0.995335,0.970815,0.172819,0.032001
29.8211,state,0.995335,0.970704,0.172819,0.032216
29.8220,desired,0.839815,0.839815,-8.000000,-8.000000
29.8232,state,0.995335,0.970605,0.172819,0.032407
29.8235,state,0.995335,0.970517,0.172819,0.032561
29.8311,state,0.995335,0.970940,0.172819,0.031759
29.8410,state,0.995335,0.970815,0.172819,0.032001
29.8510,state,0.995335,0.970704,0.172819,0.032216
29.8516,desired,0.600026,0.600026,-8.000000,-8.000000
29.8610,state,0.995335,0.970605,0.172819,0.032407
29.8710,state,0.995335,0.970517,0.172819,0.032561
29.8810,state,0.995335,0.970940,0.172819,0.031759
29.8816,desired,0.360015,0.360015,-8.000000,-8.000000
29.8910,state,0.995335,0.970815,0.172819,0.032001
29.9009,state,0.995335,0.970704,0.172819,0.032216
29.9109,state,0.995335,0.970605,0.172819,0.032407
29.9114,desired,0.120125,0.120125,-8.000000,-8.000000
29.9211,state,0.995335,0.970517,0.172819,0.032561
29.9235,state,0.995335,0.970437,0.172819,0.032654
29.9244,state,0.995335,0.970363,0.172819,0.032779
29.9309,state,0.995335,0.970704,0.172819,0.032216
29.9314,desired,-0.039919,-0.039919,-8.000000,-8.000000
29.9409,state,0.995335,0.970605,0.172819,0.032407
29.9509,state,0.995335,0.970517,0.172819,0.032561
29.9609,state,0.995335,0.970437,0.172819,0.032654
29.9614,desired,-0.279845,-0.279845,-8.000000,-8.000000
29.9709,state,0.995335,0.970363,0.172819,0.032779
29.9810,state,0.995335,0.970704,0.172819,0.032216
29.9816,desired,-0.439980,-0.439980,-8.000000,-8.000000
29.9910,state,0.995335,0.970605,0.172819,0.032407
30.0009,state,0.995335,0.970517,0.172819,0.032561
30.0110,state,0.995335,0.970437,0.172819,0.032654
30.0116,desired,-0.679979,-0.679979,-8.000000,-8.000000
30.0209,state,0.995335,0.970363,0.172819,0.032779
30.0232,state,0.427413,0.938323,-8.596409,-0.996581
30.0311,state,0.995335,0.970605,0.172819,0.032407
30.0317,desired,-0.840145,-0.840145,-8.000000,-8.000000
30.0409,state,0.995335,0.970517,0.172819,0.032561
30.0510,state,0.995335,0.970437,0.172819,0.032654
30.0610,state,0.995335,0.970363,0.172819,0.032779
30.0615,desired,-1.000000,-1.000000,0.000000,0.000000
30.0710,state,0.427413,0.938323,-8.596409,-0.996581
30.0810,state,0.995335,0.970605,0.172819,0.032407
30.0911,state,0.995335,0.970517,0.172819,0.032561
30.0919,desired,-1.000000,-1.000000,0.000000,0.000000
30.1010,state,0.995335,0.970437,0.172819,0.032654
30.1110,state,0.995335,0.970363,0.172819,0.032779
30.1211,state,0.427413,0.938323,-8.596409,-0.996581
30.1221,desired,-1.000000,-1.000000,0.000000,0.000000
30.1230,state,0.217819,0.842045,-0.669334,-1.752936
30.1233,state,-0.554912,0.723151,-4.734332,-1.984783
30.1311,state,0.995335,0.970437,0.172819,0.032654
30.1410,state,0.995335,0.970363,0.172819,0.032779
30.1510,state,0.427413,0.938323,-8.596409,-0.996581
30.1516,desired,-1.000000,-1.000000,0.000000,0.000000
30.1610,state,0.217819,0.842045,-0.669334,-1.752936
30.1716,desired,-1.000000,-1.000000,0.000000,0.000000
30.1719,state,-0.554912,0.723151,-4.734332,-1.984783
30.1810,state,0.995335,0.970437,0.172819,0.032654
30.1910,state,0.995335,0.970363,0.172819,0.032779
30.2010,state,0.427413,0.938323,-8.596409,-0.996581
30.2016,desired,-1.000000,-1.000000,0.000000,0.000000
30.2111,state,0.217819,0.842045,-0.669334,-1.752936
30.2213,state,-0.554912,0.723151,-4.734332,-1.984783
30.2217,desired,-1.000000,-1.000000,0.000000,0.000000
30.2230,state,-0.823277,0.598420,-6.655694,-2.039949
30.2235,state,-0.981084,0.472848,-0.712578,-2.045974
30.2310,state,0.427413,0.938323,-8.596409,-0.996581
30.2409,state,0.217819,0.842045,-0.669334,-1.752936
30.2509,state,-0.554912,0.723151,-4.734332,-1.984783
30.2514,desired,-1.000000,-1.000000,0.000000,0.000000
30.2609,state,-0.823277,0.598420,-6.655694,-2.039949
30.2709,state,-0.981084,0.472848,-0.712578,-2.045974
30.2714,desired,-1.000000,-1.000000,0.000000,0.000000
30.2809,state,0.427413,0.938323,-8.596409,-0.996581
30.2909,state,0.217819,0.842045,-0.669334,-1.752936
30.3012,desired,-1.000000,-1.000000,0.000000,0.000000
30.3014,state,-0.554912,0.723151,-4.734332,-1.984783
30.3109,state,-0.823277,0.598420,-6.655694,-2.039949
30.3209,state,-0.981084,0.472848,-0.712578,-2.045974
30.3227,state,-0.994155,0.347775,-0.217516,-2.039371
30.3309,state,0.217819,0.842045,-0.669334,-1.752936
30.3315,desired,-1.000000,-1.000000,0.000000,0.000000
30.3410,state,-0.554912,0.723151,-4.734332,-1.984783
30.3510,state,-0.823277,0.598420,-6.655694,-2.039949
30.3610,state,-0.981084,0.472848,-0.712578,-2.045974
30.3617,desired,-1.000000,-1.000000,0.000000,0.000000
30.3710,state,-0.994155,0.347775,-0.217516,-2.039371
30.3810,state,0.217819,0.842045,-0.669334,-1.752936
30.3910,state,-0.554912,0.723151,-4.734332,-1.984783
30.3919,desired,-1.000000,-1.000000,0.000000,0.000000
30.4010,state,-0.823277,0.598420,-6.655694,-2.039949
30.4111,state,-0.981084,0.472848,-0.712578,-2.045974
30.4119,desired,-1.000000,-1.000000,0.000000,0.000000
30.4217,state,-0.994155,0.347775,-0.217516,-2.039371
30.4246,state,-0.995238,0.223536,-0.176517,-2.029889
30.4260,state,-0.995327,0.100198,-0.173122,-2.020137
30.4311,state,-0.823277,0.598420,-6.655694,-2.039949
30.4410,state,-0.981084,0.472848,-0.712578,-2.045974
30.4417,desired,-1.000000,-1.000000,0.000000,0.000000
30.4510,state,-0.994155,0.347775,-0.217516,-2.039371
30.4609,state,-0.995238,0.223536,-0.176517,-2.029889
30.4710,state,-0.995327,0.100198,-0.173122,-2.020137
30.4716,desired,-1.000000,-1.000000,0.000000,0.000000
30.4809,state,-0.823277,0.598420,-6.655694,-2.039949
30.4914,desired,-1.000000,-1.000000,0.000000,0.000000
30.4916,state,-0.981084,0.472848,-0.712578,-2.045974
30.5010,state,-0.994155,0.347775,-0.217516,-2.039371
30.5110,state,-0.995238,0.223536,-0.176517,-2.029889
30.5209,state,-0.995327,0.100198,-0.173122,-2.020137
30.5216,desired,-1.000000,-1.000000,0.000000,0.000000
30.5225,state,-0.995335,-0.022253,-0.172837,-2.010901
30.5233,state,-0.995335,-0.143864,-0.172816,-2.002540
30.5311,state,-0.994155,0.347775,-0.217516,-2.039371
30.5410,state,-0.995238,0.223536,-0.176517,-2.029889
30.5416,desired,-1.000000,-1.000000,0.000000,0.000000
30.5510,state,-0.995327,0.100198,-0.173122,-2.020137
30.5610,state,-0.995335,-0.022253,-0.172837,-2.010901
30.5714,desired,-1.000000,-1.000000,0.000000,0.000000
30.5716,state,-0.995335,-0.143864,-0.172816,-2.002540
30.5810,state,-0.994155,0.347775,-0.217516,-2.039371
30.5910,state,-0.995238,0.223536,-0.176517,-2.029889
30.5916,desired,-1.000000,-1.000000,0.000000,0.000000
30.6010,state,-0.995327,0.100198,-0.173122,-2.020137
30.6110,state,-0.995335,-0.022253,-0.172837,-2.010901
30.6216,state,-0.995335,-0.143864,-0.172816,-2.002540
30.6223,desired,-1.000000,-1.000000,0.000000,0.000000
30.6252,state,-0.995335,-0.264701,-0.172816,-1.995249
30.6310,state,-0.995238,0.223536,-0.176517,-2.029889
30.6411,state,-0.995327,0.100198,-0.173122,-2.020137
30.6509,state,-0.995335,-0.022253,-0.172837,-2.010901
30.6514,desired,-1.000000,-1.000000,0.000000,0.000000
30.6611,state,-0.995335,-0.143864,-0.172816,-2.002540
30.6710,state,-0.995335,-0.264701,-0.172816,-1.995249
30.6716,desired,-1.000000,-1.000000,0.000000,0.000000
30.6810,state,-0.995238,0.223536,-0.176517,-2.029889
30.6910,state,-0.995327,0.100198,-0.173122,-2.020137
30.6916,desired,-1.000000,-1.000000,0.000000,0.000000
30.7011,state,-0.995335,-0.022253,-0.172837,-2.010901
30.7110,state,-0.995335,-0.143864,-0.172816,-2.002540
30.7221,state,-0.995335,-0.264701,-0.172816,-1.995249
30.7228,desired,-1.000000,-1.000000,0.000000,0.000000
30.7240,state,-0.995335,-0.384845,-0.172816,-1.989218
30.7247,state,-0.995335,-0.504387,-0.172816,-1.984490
30.7310,state,-0.995335,-0.022253,-0.172837,-2.010901
30.7410,state,-0.995335,-0.143864,-0.172816,-2.002540
30.7510,state,-0.995335,-0.264701,-0.172816,-1.995249
30.7516,desired,-1.000000,-1.000000,0.000000,0.000000
30.7610,state,-0.995335,-0.384845,-0.172816,-1.989218
30.7710,state,-0.995335,-0.504387,-0.172816,-1.984490
30.7810,state,-0.995335,-0.022253,-0.172837,-2.010901
30.7816,desired,-1.000000,-1.000000,0.000000,0.000000
30.7910,state,-0.995335,-0.143864,-0.172816,-2.002540
30.8009,state,-0.995335,-0.264701,-0.172816,-1.995249
30.8110,state,-0.995335,-0.384845,-0.172816,-1.989218
30.8116,desired,-1.000000,-1.000000,0.000000,0.000000
30.8211,state,-0.995335,-0.504387,-0.172816,-1.984490
30.8230,state,-0.995335,-0.623425,-0.172816,-1.981026
30.8239,state,-0.995335,-0.742045,-0.172816,-1.978576
30.8310,state,-0.995335,-0.264701,-0.172816,-1.995249
30.8315,desired,-1.000000,-1.000000,0.000000,0.000000
30.8410,state,-0.995335,-0.384845,-0.172816,-1.989218
30.8510,state,-0.995335,-0.504387,-0.172816,-1.984490
30.8610,state,-0.995335,-0.623425,-0.172816,-1.981026
30.8616,desired,-1.000000,-1.000000,0.000000,0.000000
30.8710,state,-0.995335,-0.742045,-0.172816,-1.978576
30.8810,state,-0.995335,-0.264701,-0.172816,-1.995249
30.8910,state,-0.995335,-0.384845,-0.172816,-1.989218
30.8916,desired,-1.000000,-1.000000,0.000000,0.000000
30.9010,state,-0.995335,-0.504387,-0.172816,-1.984490
30.9110,state,-0.995335,-0.623425,-0.172816,-1.981026
30.9218,state,-0.995335,-0.742045,-0.172816,-1.978576
30.9225,desired,-1.000000,-1.000000,0.000000,0.000000
30.9244,state,-0.995335,-0.860283,-0.172816,-1.975670
30.9310,state,-0.995335,-0.384845,-0.172816,-1.989218
30.9410,state,-0.995335,-0.504387,-0.172816,-1.984490
30.9510,state,-0.995335,-0.623425,-0.172816,-1.981026
30.9516,desired,-1.000000,-1.000000,0.000000,0.000000
30.9610,state,-0.995335,-0.742045,-0.172816,-1.978576
30.9710,state,-0.995335,-0.860283,-0.172816,-1.975670
30.9809,state,-0.995335,-0.384845,-0.172816,-1.989218
30.9814,desired,-1.000000,-1.000000,0.000000,0.000000
30.9910,state,-0.995335,-0.504387,-0.172816,-1.984490
31.0010,state,-0.995335,-0.623425,-0.172816,-1.981026
31.0016,desired,-1.000000,-1.000000,0.000000,0.000000
31.0110,state,-0.995335,-0.742045,-0.172816,-1.978576
31.0210,state,-0.995335,-0.860283,-0.172816,-1.975670
31.0215,desired,-1.000000,-1.000000,0.000000,0.000000
31.0222,state,-0.995335,-0.975980,-0.172816,-1.864869
31.0236,state,-0.995335,-1.006748,-0.172816,-0.001892
31.0310,state,-0.995335,-0.623425,-0.172816,-1.981026
31.0410,state,-0.995335,-0.742045,-0.172816,-1.978576
31.0509,state,-0.995335,-0.860283,-0.172816,-1.975670
31.0517,desired,-1.000000,-1.000000,0.000000,0.000000
31.0610,state,-0.995335,-0.975980,-0.172816,-1.864869
31.0710,state,-0.995335,-1.006748,-0.172816,-0.001892
31.0718,desired,-1.000000,-1.000000,0.000000,0.000000
31.0810,state,-0.995335,-0.623425,-0.172816,-1.981026
31.0910,state,-0.995335,-0.742045,-0.172816,-1.978576
31.1010,state,-0.995335,-0.860283,-0.172816,-1.975670
31.1020,desired,-1.000000,-1.000000,0.000000,0.000000
31.1110,state,-0.995335,-0.975980,-0.172816,-1.864869
31.1211,state,-0.995335,-1.006748,-0.172816,-0.001892
31.1220,desired,-1.000000,-1.000000,0.000000,0.000000
31.1240,state,-0.995335,-1.004743,-0.172816,-0.002716
31.1266,state,-0.995335,-1.002746,-0.172816,-0.002820
31.1311,state,-0.995335,-0.860283,-0.172816,-1.975670
31.1409,state,-0.995335,-0.975980,-0.172816,-1.864869
31.1510,state,-0.995335,-1.006748,-0.172816,-0.001892
31.1519,desired,-1.000000,-1.000000,0.000000,0.000000
31.1609,state,-0.995335,-1.004743,-0.172816,-0.002716
31.1709,state,-0.995335,-1.002746,-0.172816,-0.002820
31.1809,state,-0.995335,-0.860283,-0.172816,-1.975670
31.1814,desired,-1.000000,-1.000000,0.000000,0.000000
31.1909,state,-0.995335,-0.975980,-0.172816,-1.864869
31.2009,state,-0.995335,-1.006748,-0.172816,-0.001892
31.2110,state,-0.995335,-1.004743,-0.172816,-0.002716
31.2114,desired,-1.000000,-1.000000,0.000000,0.000000
31.2215,state,-0.995335,-1.002746,-0.172816,-0.002820
31.2234,state,-0.995335,-1.000762,-0.172816,-0.003015
31.2309,state,-0.995335,-0.975980,-0.172816,-1.864869
31.2410,state,-0.995335,-1.006748,-0.172816,-0.001892
31.2414,desired,-1.000000,-1.000000,0.000000,0.000000
31.2510,state,-0.995335,-1.004743,-0.172816,-0.002716
31.2610,state,-0.995335,-1.002746,-0.172816,-0.002820
31.2710,state,-0.995335,-1.000762,-0.172816,-0.003015
31.2716,desired,-1.000000,-1.000000,0.000000,0.000000
31.2809,state,-0.995335,-0.975980,-0.172816,-1.864869
31.2909,state,-0.995335,-1.006748,-0.172816,-0.001892
31.3014,desired,-1.000000,-1.000000,0.000000,0.000000
31.3015,state,-0.995335,-1.004743,-0.172816,-0.002716
31.3109,state,-0.995335,-1.002746,-0.172816,-0.002820
31.3217,state,-0.995335,-1.000762,-0.172816,-0.003015
31.3222,desired,-1.000000,-1.000000,0.000000,0.000000
31.3231,state,-0.995335,-0.998798,-0.172816,-0.003323
31.3236,state,-0.995335,-0.996861,-0.172816,-0.003761
31.3309,state,-0.995335,-1.004743,-0.172816,-0.002716
31.3410,state,-0.995335,-1.002746,-0.172816,-0.002820
31.3509,state,-0.995335,-1.000762,-0.172816,-0.003015
31.3514,desired,-1.000000,-1.000000,0.000000,0.000000
31.3610,state,-0.995335,-0.998798,-0.172816,-0.003323
31.3709,state,-0.995335,-0.996861,-0.172816,-0.003761
31.3810,state,-0.995335,-1.004743,-0.172816,-0.002716
31.3813,desired,-1.000000,-1.000000,0.000000,0.000000
31.3910,state,-0.995335,-1.002746,-0.172816,-0.002820
31.4010,state,-0.995335,-1.000762,-0.172816,-0.003015
31.4110,state,-0.995335,-0.998798,-0.172816,-0.003323
31.4115,desired,-1.000000,-1.000000,0.000000,0.000000
31.4215,state,-0.995335,-0.996861,-0.172816,-0.003761
31.4247,state,-0.995335,-0.994960,-0.172816,-0.004341
31.4258,state,-0.995335,-0.993104,-0.172816,-0.005069
31.4309,state,-0.995335,-1.000762,-0.172816,-0.003015
31.4409,state,-0.995335,-0.998798,-0.172816,-0.003323
31.4415,desired,-1.000000,-1.000000,0.000000,0.000000
31.4509,state,-0.995335,-0.996861,-0.172816,-0.003761
31.4609,state,-0.995335,-0.994960,-0.172816,-0.004341
31.4709,state,-0.995335,-0.993104,-0.172816,-0.005069
31.4714,desired,-1.000000,-1.000000,0.000000,0.000000
31.4809,state,-0.995335,-1.000762,-0.172816,-0.003015
31.4910,state,-0.995335,-0.998798,-0.172816,-0.003323
31.4914,desired,-1.000000,-1.000000,0.000000,0.000000
31.5009,state,-0.995335,-0.996861,-0.172816,-0.003761
31.5110,state,-0.995335,-0.994960,-0.172816,-0.004341
31.5210,state,-0.995335,-0.993104,-0.172816,-0.005069
31.5219,desired,-1.000000,-1.000000,0.000000,0.000000
31.5231,state,-0.995335,-0.991302,-0.172816,-0.005944
31.5311,state,-0.995335,-0.998798,-0.172816,-0.003323
31.5409,state,-0.995335,-0.996861,-0.172816,-0.003761
31.5510,state,-0.995335,-0.994960,-0.172816,-0.004341
31.5516,desired,-1.000000,-1.000000,0.000000,0.000000
31.5610,state,-0.995335,-0.993104,-0.172816,-0.005069
31.5710,state,-0.995335,-0.991302,-0.172816,-0.005944
31.5811,state,-0.995335,-0.998798,-0.172816,-0.003323
31.5819,desired,-1.000000,-1.000000,0.000000,0.000000
31.5910,state,-0.995335,-0.996861,-0.172816,-0.003761
31.6010,state,-0.995335,-0.994960,-0.172816,-0.004341
31.6110,state,-0.995335,-0.993104,-0.172816,-0.005069
31.6116,desired,-1.000000,-1.000000,0.000000,0.000000
31.6214,state,-0.995335,-0.991302,-0.172816,-0.005944
31.6236,state,-0.995335,-0.989563,-0.172816,-0.006958
31.6242,state,-0.995335,-0.987895,-0.172816,-0.008095
31.6310,state,-0.995335,-0.994960,-0.172816,-0.004341
31.6316,desired,-1.000000,-1.000000,0.000000,0.000000
31.6410,state,-0.995335,-0.993104,-0.172816,-0.005069
31.6511,state,-0.995335,-0.991302,-0.172816,-0.005944
31.6517,desired,-1.000000,-1.000000,0.000000,0.000000
31.6610,state,-0.995335,-0.989563,-0.172816,-0.006958
31.6709,state,-0.995335,-0.987895,-0.172816,-0.008095
31.6809,state,-0.995335,-0.994960,-0.172816,-0.004341
31.6816,desired,-1.000000,-1.000000,0.000000,0.000000
31.6910,state,-0.995335,-0.993104,-0.172816,-0.005069
31.7010,state,-0.995335,-0.991302,-0.172816,-0.005944
31.7019,desired,-1.000000,-1.000000,0.000000,0.000000
31.7109,state,-0.995335,-0.989563,-0.172816,-0.006958
31.7218,state,-0.995335,-0.987895,-0.172816,-0.008095
31.7223,desired,-1.000000,-1.000000,0.000000,0.000000
31.7233,state,-0.995335,-0.986305,-0.172816,-0.009336
31.7243,state,-0.995335,-0.984799,-0.172816,-0.010659
31.7310,state,-0.995335,-0.991302,-0.172816,-0.005944
31.7409,state,-0.995335,-0.989563,-0.172816,-0.006958
31.7509,state,-0.995335,-0.987895,-0.172816,-0.008095
31.7515,desired,-1.000000,-1.000000,0.000000,0.000000
31.7609,state,-0.995335,-0.986305,-0.172816,-0.009336
31.7716,state,-0.995335,-0.984799,-0.172816,-0.010659
31.7810,state,-0.995335,-0.991302,-0.172816,-0.005944
31.7816,desired,-1.000000,-1.000000,0.000000,0.000000
31.7909,state,-0.995335,-0.989563,-0.172816,-0.006958
31.8009,state,-0.995335,-0.987895,-0.172816,-0.008095
31.8109,state,-0.995335,-0.986305,-0.172816,-0.009336
31.8115,desired,-1.000000,-1.000000,0.000000,0.000000
31.8210,state,-0.995335,-0.984799,-0.172816,-0.010659
31.8226,state,-0.995335,-0.983380,-0.172816,-0.012039
31.8310,state,-0.995335,-0.989563,-0.172816,-0.006958
31.8316,desired,-1.000000,-1.000000,0.000000,0.000000
31.8410,state,-0.995335,-0.987895,-0.172816,-0.008095
31.8509,state,-0.995335,-0.986305,-0.172816,-0.009336
31.8609,state,-0.995335,-0.984799,-0.172816,-0.010659
31.8616,desired,-1.000000,-1.000000,0.000000,0.000000
31.8709,state,-0.995335,-0.983380,-0.172816,-0.012039
31.8809,state,-0.995335,-0.989563,-0.172816,-0.006958
31.8909,state,-0.995335,-0.987895,-0.172816,-0.008095
31.8916,desired,-1.000000,-1.000000,0.000000,0.000000
31.9009,state,-0.995335,-0.986305,-0.172816,-0.009336
31.9113,state,-0.995335,-0.984799,-0.172816,-0.010659
31.9210,state,-0.995335,-0.983380,-0.172816,-0.012039
31.9219,desired,-1.000000,-1.000000,0.000000,0.000000
31.9227,state,-0.995335,-0.982051,-0.172816,-0.013454
31.9229,state,-0.995335,-0.980812,-0.172816,-0.014878
31.9309,state,-0.995335,-0.986305,-0.172816,-0.009336
31.9409,state,-0.995335,-0.984799,-0.172816,-0.010659
31.9509,state,-0.995335,-0.983380,-0.172816,-0.012039
31.9515,desired,-1.000000,-1.000000,0.000000,0.000000
31.9610,state,-0.995335,-0.982051,-0.172816,-0.013454
31.9710,state,-0.995335,-0.980812,-0.172816,-0.014878
31.9716,desired,-1.000000,-1.000000,0.000000,0.000000
31.9810,state,-0.995335,-0.986305,-0.172816,-0.009336
31.9910,state,-0.995335,-0.984799,-0.172816,-0.010659
31.9916,desired,-1.000000,-1.000000,0.000000,0.000000
32.0009,state,-0.995335,-0.983380,-0.172816,-0.012039
32.0110,state,-0.995335,-0.982051,-0.172816,-0.013454
32.0118,desired,-1.000000,-1.000000,0.000000,0.000000
32.0213,state,-0.995335,-0.980812,-0.172816,-0.014878
32.0232,state,-0.995335,-0.979665,-0.172816,-0.016290
32.0241,state,-0.995335,-0.978606,-0.172816,-0.017672
32.0310,state,-0.995335,-0.983380,-0.172816,-0.012039
32.0319,desired,-1.000000,-1.000000,0.000000,0.000000
32.0410,state,-0.995335,-0.982051,-0.172816,-0.013454
32.0510,state,-0.995335,-0.980812,-0.172816,-0.014878
32.0609,state,-0.995335,-0.979665,-0.172816,-0.016290
32.0616,desired,-1.000000,-1.000000,0.000000,0.000000
32.0710,state,-0.995335,-0.978606,-0.172816,-0.017672
32.0810,state,-0.995335,-0.983380,-0.172816,-0.012039
32.0910,state,-0.995335,-0.982051,-0.172816,-0.013454
32.0916,desired,-1.000000,-1.000000,0.000000,0.000000
32.1010,state,-0.995335,-0.980812,-0.172816,-0.014878
32.1110,state,-0.995335,-0.979665,-0.172816,-0.016290
32.1209,state,-0.995335,-0.978606,-0.172816,-0.017672
32.1214,desired,-1.000000,-1.000000,0.000000,0.000000
32.1234,state,-0.995335,-0.977633,-0.172816,-0.019010
32.1310,state,-0.995335,-0.982051,-0.172816,-0.013454
32.1409,state,-0.995335,-0.980812,-0.172816,-0.014878
32.1416,desired,-1.000000,-1.000000,0.000000,0.000000
32.1510,state,-0.995335,-0.979665,-0.172816,-0.016290
32.1610,state,-0.995335,-0.978606,-0.172816,-0.017672
32.1710,state,-0.995335,-0.977633,-0.172816,-0.019010
32.1715,desired,-1.000000,-1.000000,0.000000,0.000000
32.1810,state,-0.995335,-0.982051,-0.172816,-0.013454
32.1910,state,-0.995335,-0.980812,-0.172816,-0.014878
32.2009,state,-0.995335,-0.979665,-0.172816,-0.016290
32.2015,desired,-1.000000,-1.000000,0.000000,0.000000
32.2111,state,-0.995335,-0.978606,-0.172816,-0.017672
32.2215,state,-0.995335,-0.977633,-0.172816,-0.019010
32.2228,desired,-1.000000,-1.000000,0.000000,0.000000
32.2249,state,-0.995335,-0.976744,-0.172816,-0.020290
32.2266,state,-0.995335,-0.975932,-0.172816,-0.021504
32.2311,state,-0.995335,-0.979665,-0.172816,-0.016290
32.2409,state,-0.995335,-0.978606,-0.172816,-0.017672
32.2510,state,-0.995335,-0.977633,-0.172816,-0.019010
32.2515,desired,-1.000000,-1.000000,0.000000,0.000000
32.2610,state,-0.995335,-0.976744,-0.172816,-0.020290
32.2711,state,-0.995335,-0.975932,-0.172816,-0.021504
32.2719,desired,-1.000000,-1.000000,0.000000,0.000000
32.2810,state,-0.995335,-0.979665,-0.172816,-0.016290
32.2910,state,-0.995335,-0.978606,-0.172816,-0.017672
32.3010,state,-0.995335,-0.977633,-0.172816,-0.019010
32.3014,desired,-1.000000,-1.000000,0.000000,0.000000
32.3111,state,-0.995335,-0.976744,-0.172816,-0.020290
32.3218,state,-0.995335,-0.975932,-0.172816,-0.021504
32.3226,desired,-1.000000,-1.000000,0.000000,0.000000
32.3248,state,-0.995335,-0.975195,-0.172816,-0.022646
32.3259,state,-0.995335,-0.974528,-0.172816,-0.023712
32.3310,state,-0.995335,-0.977633,-0.172816,-0.019010
32.3409,state,-0.995335,-0.976744,-0.172816,-0.020290
32.3509,state,-0.995335,-0.975932,-0.172816,-0.021504
32.3515,desired,-1.000000,-1.000000,0.000000,0.000000
32.3609,state,-0.995335,-0.975195,-0.172816,-0.022646
32.3709,state,-0.995335,-0.974528,-0.172816,-0.023712
32.3810,state,-0.995335,-0.977633,-0.172816,-0.019010
32.3816,desired,-1.000000,-1.000000,0.000000,0.000000
32.3911,state,-0.995335,-0.976744,-0.172816,-0.020290
32.4009,state,-0.995335,-0.975932,-0.172816,-0.021504
32.4110,state,-0.995335,-0.975195,-0.172816,-0.022646
32.4118,desired,-1.000000,-1.000000,0.000000,0.000000
32.4220,state,-0.995335,-0.974528,-0.172816,-0.023712
32.4234,state,-0.995335,-0.973925,-0.172816,-0.024701
32.4310,state,-0.995335,-0.976744,-0.172816,-0.020290
32.4410,state,-0.995335,-0.975932,-0.172816,-0.021504
32.4417,desired,-1.000000,-1.000000,0.000000,0.000000
32.4510,state,-0.995335,-0.975195,-0.172816,-0.022646
32.4610,state,-0.995335,-0.974528,-0.172816,-0.023712
32.4710,state,-0.995335,-0.973925,-0.172816,-0.024701
32.4716,desired,-1.000000,-1.000000,0.000000,0.000000
32.4810,state,-0.995335,-0.976744,-0.172816,-0.020290
32.4914,desired,-1.000000,-1.000000,0.000000,0.000000
32.4916,state,-0.995335,-0.975932,-0.172816,-0.021504
32.5010,state,-0.995335,-0.975195,-0.172816,-0.022646
32.5110,state,-0.995335,-0.974528,-0.172816,-0.023712
32.5211,state,-0.995335,-0.973925,-0.172816,-0.024701
32.5218,desired,-1.000000,-1.000000,0.000000,0.000000
32.5231,state,-0.995335,-0.973381,-0.172816,-0.025614
32.5232,state,-0.995335,-0.972892,-0.172816,-0.026451
32.5310,state,-0.995335,-0.975195,-0.172816,-0.022646
32.5409,state,-0.995335,-0.974528,-0.172816,-0.023712
32.5510,state,-0.995335,-0.973925,-0.172816,-0.024701
32.5516,desired,-1.000000,-1.000000,0.111111,0.111111
32.5610,state,-0.995335,-0.973381,-0.172816,-0.025614
32.5709,state,-0.995335,-0.972892,-0.172816,-0.026451
32.5815,desired,-0.996667,-0.996667,0.111111,0.111111
32.5819,state,-0.995335,-0.975195,-0.172816,-0.022646
32.5910,state,-0.995335,-0.974528,-0.172816,-0.023712
32.6010,state,-0.995335,-0.973925,-0.172816,-0.024701
32.6109,state,-0.995335,-0.973381,-0.172816,-0.025614
32.6113,desired,-0.993334,-0.993334,0.111111,0.111111
32.6212,state,-0.995335,-0.972892,-0.172816,-0.026451
32.6258,state,-0.995335,-0.972454,-0.172816,-0.027215
32.6268,state,-0.995335,-0.972061,-0.172816,-0.027912
32.6315,desired,-0.991111,-0.991111,0.111111,0.111111
32.6319,state,-0.995335,-0.973925,-0.172816,-0.024701
32.6410,state,-0.995335,-0.973381,-0.172816,-0.025614
32.6510,state,-0.995335,-0.972892,-0.172816,-0.026451
32.6610,state,-0.995335,-0.972454,-0.172816,-0.027215
32.6618,desired,-0.987779,-0.987779,0.111111,0.111111
32.6710,state,-0.995335,-0.972061,-0.172816,-0.027912
32.6810,state,-0.995335,-0.973925,-0.172816,-0.024701
32.6816,desired,-0.985556,-0.985556,0.111111,0.111111
32.6910,state,-0.995335,-0.973381,-0.172816,-0.025614
32.7010,state,-0.995335,-0.972892,-0.172816,-0.026451
32.7110,state,-0.995335,-0.972454,-0.172816,-0.027215
32.7116,desired,-0.982223,-0.982223,0.111111,0.111111
32.7209,state,-0.995335,-0.972061,-0.172816,-0.027912
32.7238,state,-0.990164,-0.964377,-0.116220,0.202759
32.7310,state,-0.995335,-0.973381,-0.172816,-0.025614
32.7316,desired,-0.979998,-0.979998,0.111111,0.111111
32.7410,state,-0.995335,-0.972892,-0.172816,-0.026451
32.7510,state,-0.995335,-0.972454,-0.172816,-0.027215
32.7610,state,-0.995335,-0.972061,-0.172816,-0.027912
32.7616,desired,-0.976667,-0.976667,0.111111,0.111111
32.7710,state,-0.990164,-0.964377,-0.116220,0.202759
32.7810,state,-0.995335,-0.973381,-0.172816,-0.025614
32.7910,state,-0.995335,-0.972892,-0.172816,-0.026451
32.7916,desired,-0.973334,-0.973334,0.111111,0.111111
32.8010,state,-0.995335,-0.972454,-0.172816,-0.027215
32.8110,state,-0.995335,-0.972061,-0.172816,-0.027912
32.8211,state,-0.990164,-0.964377,-0.116220,0.202759
32.8219,desired,-0.970000,-0.970000,0.111111,0.111111
32.8233,state,-0.988812,-0.953836,-0.167438,0.047179
32.8240,state,-0.978694,-0.949238,-0.129847,-0.026617
32.8310,state,-0.995335,-0.972454,-0.172816,-0.027215
32.8410,state,-0.995335,-0.972061,-0.172816,-0.027912
32.8510,state,-0.990164,-0.964377,-0.116220,0.202759
32.8515,desired,-0.966669,-0.966669,0.111111,0.111111
32.8609,state,-0.988812,-0.953836,-0.167438,0.047179
32.8710,state,-0.978694,-0.949238,-0.129847,-0.026617
32.8810,state,-0.995335,-0.972454,-0.172816,-0.027215
32.8818,desired,-0.963336,-0.963336,0.111111,0.111111
32.8910,state,-0.995335,-0.972061,-0.172816,-0.027912
32.9009,state,-0.990164,-0.964377,-0.116220,0.202759
32.9015,desired,-0.961113,-0.961113,0.111111,0.111111
32.9110,state,-0.988812,-0.953836,-0.167438,0.047179
32.9210,state,-0.978694,-0.949238,-0.129847,-0.026617
32.9217,desired,-0.958887,-0.958887,0.111111,0.111111
32.9236,state,-0.972803,-0.947910,0.024684,0.019666
32.9242,state,-0.968071,-0.937088,-0.153455,0.153813
32.9311,state,-0.990164,-0.964377,-0.116220,0.202759
32.9410,state,-0.988812,-0.953836,-0.167438,0.047179
32.9509,state,-0.978694,-0.949238,-0.129847,-0.026617
32.9516,desired,-0.955557,-0.955557,0.111111,0.111111
32.9610,state,-0.972803,-0.947910,0.024684,0.019666
32.9710,state,-0.968071,-0.937088,-0.153455,0.153813
32.9718,desired,-0.953334,-0.953334,0.111111,0.111111
32.9810,state,-0.990164,-0.964377,-0.116220,0.202759
32.9909,state,-0.988812,-0.953836,-0.167438,0.047179
33.0009,state,-0.978694,-0.949238,-0.129847,-0.026617
33.0015,desired,-0.950002,-0.950002,0.111111,0.111111
33.0109,state,-0.972803,-0.947910,0.024684,0.019666
33.0209,state,-0.968071,-0.937088,-0.153455,0.153813
33.0238,state,-0.958199,-0.926458,-0.064526,0.170272
33.0313,desired,-0.946668,-0.946668,0.111111,0.111111
33.0315,state,-0.988812,-0.953836,-0.167438,0.047179
33.0409,state,-0.978694,-0.949238,-0.129847,-0.026617
33.0510,state,-0.972803,-0.947910,0.024684,0.019666
33.0610,state,-0.968071,-0.937088,-0.153455,0.153813
33.0617,desired,-0.943334,-0.943334,0.111111,0.111111
33.0709,state,-0.958199,-0.926458,-0.064526,0.170272
33.0809,state,-0.988812,-0.953836,-0.167438,0.047179
33.0814,desired,-0.941112,-0.941112,0.111111,0.111111
33.0909,state,-0.978694,-0.949238,-0.129847,-0.026617
33.1009,state,-0.972803,-0.947910,0.024684,0.019666
33.1113,desired,-0.937779,-0.937779,0.111111,0.111111
33.1116,state,-0.968071,-0.937088,-0.153455,0.153813
33.1210,state,-0.958199,-0.926458,-0.064526,0.170272
33.1251,state,-0.955688,-0.922956,-0.159625,-0.026010
33.1254,state,-0.945475,-0.922561,-0.125633,-0.026692
33.1309,state,-0.972803,-0.947910,0.024684,0.019666
33.1409,state,-0.968071,-0.937088,-0.153455,0.153813
33.1415,desired,-0.934445,-0.934445,0.111111,0.111111
33.1509,state,-0.958199,-0.926458,-0.064526,0.170272
33.1609,state,-0.955688,-0.922956,-0.159625,-0.026010
33.1615,desired,-0.932223,-0.932223,0.111111,0.111111
33.1710,state,-0.945475,-0.922561,-0.125633,-0.026692
33.1810,state,-0.972803,-0.947910,0.024684,0.019666
33.1909,state,-0.968071,-0.937088,-0.153455,0.153813
33.1914,desired,-0.928890,-0.928890,0.111111,0.111111
33.2010,state,-0.958199,-0.926458,-0.064526,0.170272
33.2109,state,-0.955688,-0.922956,-0.159625,-0.026010
33.2115,desired,-0.926668,-0.926668,0.111111,0.111111
33.2211,state,-0.945475,-0.922561,-0.125633,-0.026692
33.2252,state,-0.939032,-0.917677,0.049987,0.202310
33.2276,state,-0.933784,-0.900025,-0.147586,0.197836
33.2310,state,-0.958199,-0.926458,-0.064526,0.170272
33.2315,desired,-0.924441,-0.924441,0.111111,0.111111
33.2409,state,-0.955688,-0.922956,-0.159625,-0.026010
33.2509,state,-0.945475,-0.922561,-0.125633,-0.026692
33.2609,state,-0.939032,-0.917677,0.049987,0.202310
33.2615,desired,-0.921112,-0.921112,0.111111,0.111111
33.2709,state,-0.933784,-0.900025,-0.147586,0.197836
33.2810,state,-0.958199,-0.926458,-0.064526,0.170272
33.2910,state,-0.955688,-0.922956,-0.159625,-0.026010
33.2916,desired,-0.917778,-0.917778,0.111111,0.111111
33.3010,state,-0.945475,-0.922561,-0.125633,-0.026692
33.3110,state,-0.939032,-0.917677,0.049987,0.202310
33.3211,state,-0.933784,-0.900025,-0.147586,0.197836
33.3219,desired,-0.914445,-0.914445,0.111111,0.111111
33.3231,state,-0.924731,-0.893842,-0.069685,0.040775
33.3310,state,-0.955688,-0.922956,-0.159625,-0.026010
33.3410,state,-0.945475,-0.922561,-0.125633,-0.026692
33.3509,state,-0.939032,-0.917677,0.049987,0.202310
33.3515,desired,-0.911113,-0.911113,0.111111,0.111111
33.3609,state,-0.933784,-0.900025,-0.147586,0.197836
33.3709,state,-0.924731,-0.893842,-0.069685,0.040775
33.3810,state,-0.955688,-0.922956,-0.159625,-0.026010
33.3816,desired,-0.907779,-0.907779,0.111111,0.111111
33.3910,state,-0.945475,-0.922561,-0.125633,-0.026692
33.4010,state,-0.939032,-0.917677,0.049987,0.202310
33.4110,state,-0.933784,-0.900025,-0.147586,0.197836
33.4118,desired,-0.904446,-0.904446,0.111111,0.111111
33.4212,state,-0.924731,-0.893842,-0.069685,0.040775
33.4235,state,-0.922443,-0.893443,-0.156349,-0.026396
33.4256,state,-0.913251,-0.886524,-0.125812,0.152371
33.4310,state,-0.939032,-0.917677,0.049987,0.202310
33.4318,desired,-0.902224,-0.902224,0.111111,0.111111
33.4409,state,-0.933784,-0.900025,-0.147586,0.197836
33.4509,state,-0.924731,-0.893842,-0.069685,0.040775
33.4609,state,-0.922443,-0.893443,-0.156349,-0.026396
33.4615,desired,-0.898891,-0.898891,0.111111,0.111111
33.4710,state,-0.913251,-0.886524,-0.125812,0.152371
33.4810,state,-0.939032,-0.917677,0.049987,0.202310
33.4910,state,-0.933784,-0.900025,-0.147586,0.197836
33.4918,desired,-0.895558,-0.895558,0.111111,0.111111
33.5009,state,-0.924731,-0.893842,-0.069685,0.040775
33.5109,state,-0.922443,-0.893443,-0.156349,-0.026396
33.5212,state,-0.913251,-0.886524,-0.125812,0.152371
33.5219,desired,-0.892224,-0.892224,0.111111,0.111111
33.5233,state,-0.906908,-0.875994,0.053596,0.170788
33.5239,state,-0.901670,-0.868900,-0.143608,-0.025747
33.5309,state,-0.924731,-0.893842,-0.069685,0.040775
33.5409,state,-0.922443,-0.893443,-0.156349,-0.026396
33.5509,state,-0.913251,-0.886524,-0.125812,0.152371
33.5514,desired,-0.888891,-0.888891,0.111111,0.111111
33.5609,state,-0.906908,-0.875994,0.053596,0.170788
33.5709,state,-0.901670,-0.868900,-0.143608,-0.025747
33.5715,desired,-0.886668,-0.886668,0.111111,0.111111
33.5810,state,-0.924731,-0.893842,-0.069685,0.040775
33.5910,state,-0.922443,-0.893443,-0.156349,-0.026396
33.6009,state,-0.913251,-0.886524,-0.125812,0.152371
33.6015,desired,-0.883334,-0.883334,0.111111,0.111111
33.6110,state,-0.906908,-0.875994,0.053596,0.170788
33.6211,state,-0.901670,-0.868900,-0.143608,-0.025747
33.6219,desired,-0.881110,-0.881110,0.111111,0.111111
33.6229,state,-0.891757,-0.868507,-0.056209,-0.024430
33.6310,state,-0.922443,-0.893443,-0.156349,-0.026396
33.6409,state,-0.913251,-0.886524,-0.125812,0.152371
33.6509,state,-0.906908,-0.875994,0.053596,0.170788
33.6516,desired,-0.877780,-0.877780,0.111111,0.111111
33.6609,state,-0.901670,-0.868900,-0.143608,-0.025747
33.6709,state,-0.891757,-0.868507,-0.056209,-0.024430
33.6809,state,-0.922443,-0.893443,-0.156349,-0.026396
33.6815,desired,-0.874446,-0.874446,0.111111,0.111111
33.6910,state,-0.913251,-0.886524,-0.125812,0.152371
33.7010,state,-0.906908,-0.875994,0.053596,0.170788
33.7109,state,-0.901670,-0.868900,-0.143608,-0.025747
33.7116,desired,-0.871113,-0.871113,0.111111,0.111111
33.7211,state,-0.891757,-0.868507,-0.056209,-0.024430
33.7238,state,-0.889245,-0.868055,-0.151366,-0.024093
33.7249,state,-0.879034,-0.849807,-0.117294,0.288508
33.7310,state,-0.906908,-0.875994,0.053596,0.170788
33.7409,state,-0.901670,-0.868900,-0.143608,-0.025747
33.7416,desired,-0.867780,-0.867780,0.111111,0.111111
33.7509,state,-0.891757,-0.868507,-0.056209,-0.024430
33.7609,state,-0.889245,-0.868055,-0.151366,-0.024093
33.7710,state,-0.879034,-0.849807,-0.117294,0.288508
33.7716,desired,-0.864445,-0.864445,0.111111,0.111111
33.7810,state,-0.906908,-0.875994,0.053596,0.170788
33.7910,state,-0.901670,-0.868900,-0.143608,-0.025747
33.8009,state,-0.891757,-0.868507,-0.056209,-0.024430
33.8016,desired,-0.861113,-0.861113,0.111111,0.111111
33.8109,state,-0.889245,-0.868055,-0.151366,-0.024093
33.8217,state,-0.879034,-0.849807,-0.117294,0.288508
33.8224,desired,-0.858890,-0.858890,0.111111,0.111111
33.8230,state,-0.872592,-0.840566,0.058347,0.082515
33.8234,state,-0.867347,-0.839329,-0.139112,-0.024847
33.8310,state,-0.891757,-0.868507,-0.056209,-0.024430
33.8409,state,-0.889245,-0.868055,-0.151366,-0.024093
33.8509,state,-0.879034,-0.849807,-0.117294,0.288508
33.8516,desired,-0.855558,-0.855558,0.111111,0.111111
33.8609,state,-0.872592,-0.840566,0.058347,0.082515
33.8709,state,-0.867347,-0.839329,-0.139112,-0.024847
33.8813,desired,-0.852224,-0.852224,0.111111,0.111111
33.8816,state,-0.891757,-0.868507,-0.056209,-0.024430
33.8909,state,-0.889245,-0.868055,-0.151366,-0.024093
33.9009,state,-0.879034,-0.849807,-0.117294,0.288508
33.9113,desired,-0.848891,-0.848891,0.111111,0.111111
33.9116,state,-0.872592,-0.840566,0.058347,0.082515
33.9211,state,-0.867347,-0.839329,-0.139112,-0.024847
33.9250,state,-0.858296,-0.833279,-0.061156,0.171748
33.9310,state,-0.889245,-0.868055,-0.151366,-0.024093
33.9316,desired,-0.846668,-0.846668,0.111111,0.111111
33.9409,state,-0.879034,-0.849807,-0.117294,0.288508
33.9509,state,-0.872592,-0.840566,0.058347,0.082515
33.9613,desired,-0.843336,-0.843336,0.111111,0.111111
33.9615,state,-0.867347,-0.839329,-0.139112,-0.024847
33.9710,state,-0.858296,-0.833279,-0.061156,0.171748
33.9810,state,-0.889245,-0.868055,-0.151366,-0.024093
33.9816,desired,-0.841107,-0.841107,0.111111,0.111111
33.9910,state,-0.879034,-0.849807,-0.117294,0.288508
34.0011,state,-0.872592,-0.840566,0.058347,0.082515
34.0110,state,-0.867347,-0.839329,-0.139112,-0.024847
34.0115,desired,-0.837778,-0.837778,0.111111,0.111111
34.0211,state,-0.858296,-0.833279,-0.061156,0.171748
34.0237,state,-0.856010,-0.823325,-0.147746,0.049168
34.0239,state,-0.846819,-0.820328,-0.117126,-0.024680
34.0310,state,-0.872592,-0.840566,0.058347,0.082515
34.0410,state,-0.867347,-0.839329,-0.139112,-0.024847
34.0416,desired,-0.834444,-0.834444,0.111111,0.111111
34.0510,state,-0.858296,-0.833279,-0.061156,0.171748
34.0610,state,-0.856010,-0.823325,-0.147746,0.049168
34.0709,state,-0.846819,-0.820328,-0.117126,-0.024680
34.0714,desired,-0.831113,-0.831113,0.111111,0.111111
34.0810,state,-0.872592,-0.840566,0.058347,0.082515
34.0910,state,-0.867347,-0.839329,-0.139112,-0.024847
34.0919,desired,-0.828888,-0.828888,0.111111,0.111111
34.1010,state,-0.858296,-0.833279,-0.061156,0.171748
34.1110,state,-0.856010,-0.823325,-0.147746,0.049168
34.1115,desired,-0.826666,-0.826666,0.111111,0.111111
34.1211,state,-0.846819,-0.820328,-0.117126,-0.024680
34.1249,state,-0.840475,-0.816900,0.062403,0.132481
34.1260,state,-0.835237,-0.802847,-0.134787,0.160083
34.1311,state,-0.858296,-0.833279,-0.061156,0.171748
34.1319,desired,-0.824442,-0.824442,0.111111,0.111111
34.1410,state,-0.856010,-0.823325,-0.147746,0.049168
34.1510,state,-0.846819,-0.820328,-0.117126,-0.024680
34.1610,state,-0.840475,-0.816900,0.062403,0.132481
34.1616,desired,-0.821111,-0.821111,0.111111,0.111111
34.1710,state,-0.835237,-0.802847,-0.134787,0.160083
34.1810,state,-0.858296,-0.833279,-0.061156,0.171748
34.1913,desired,-0.817779,-0.817779,0.111111,0.111111
34.1916,state,-0.856010,-0.823325,-0.147746,0.049168
34.2011,state,-0.846819,-0.820328,-0.117126,-0.024680
34.2110,state,-0.840475,-0.816900,0.062403,0.132481
34.2116,desired,-0.815556,-0.815556,0.111111,0.111111
34.2211,state,-0.835237,-0.802847,-0.134787,0.160083
34.2233,state,-0.825327,-0.800278,-0.047348,-0.023373
34.2310,state,-0.856010,-0.823325,-0.147746,0.049168
34.2409,state,-0.846819,-0.820328,-0.117126,-0.024680
34.2413,desired,-0.812222,-0.812222,0.111111,0.111111
34.2509,state,-0.840475,-0.816900,0.062403,0.132481
34.2609,state,-0.835237,-0.802847,-0.134787,0.160083
34.2716,desired,-0.808890,-0.808890,0.111111,0.111111
34.2719,state,-0.825327,-0.800278,-0.047348,-0.023373
34.2810,state,-0.856010,-0.823325,-0.147746,0.049168
34.2909,state,-0.846819,-0.820328,-0.117126,-0.024680
34.3010,state,-0.840475,-0.816900,0.062403,0.132481
34.3015,desired,-0.805557,-0.805557,0.111111,0.111111
34.3110,state,-0.835237,-0.802847,-0.134787,0.160083
34.3210,state,-0.825327,-0.800278,-0.047348,-0.023373
34.3213,desired,-0.803331,-0.803331,0.111111,0.111111
34.3228,state,-0.822816,-0.799930,-0.142414,-0.024131
34.3230,state,-0.812609,-0.783911,-0.108274,0.254247
34.3310,state,-0.840475,-0.816900,0.062403,0.132481
34.3410,state,-0.835237,-0.802847,-0.134787,0.160083
34.3510,state,-0.825327,-0.800278,-0.047348,-0.023373
34.3515,desired,-0.800001,-0.800001,0.111111,0.111111
34.3610,state,-0.822816,-0.799930,-0.142414,-0.024131
34.3710,state,-0.812609,-0.783911,-0.108274,0.254247
34.3811,state,-0.840475,-0.816900,0.062403,0.132481
34.3817,desired,-0.796667,-0.796667,0.111111,0.111111
34.3910,state,-0.835237,-0.802847,-0.134787,0.160083
34.4010,state,-0.825327,-0.800278,-0.047348,-0.023373
34.4017,desired,-0.794444,-0.794444,0.111111,0.111111
34.4110,state,-0.822816,-0.799930,-0.142414,-0.024131
34.4210,state,-0.812609,-0.783911,-0.108274,0.254247
34.4218,desired,-0.792220,-0.792220,0.111111,0.111111
34.4236,state,-0.806169,-0.778164,0.067421,-0.022654
34.4249,state,-0.800927,-0.777797,-0.129952,-0.023176
34.4310,state,-0.825327,-0.800278,-0.047348,-0.023373
34.4409,state,-0.822816,-0.799930,-0.142414,-0.024131
34.4509,state,-0.812609,-0.783911,-0.108274,0.254247
34.4515,desired,-0.788890,-0.788890,0.111111,0.111111
34.4609,state,-0.806169,-0.778164,0.067421,-0.022654
34.4710,state,-0.800927,-0.777797,-0.129952,-0.023176
34.4809,state,-0.825327,-0.800278,-0.047348,-0.023373
34.4816,desired,-0.785557,-0.785557,0.111111,0.111111
34.4909,state,-0.822816,-0.799930,-0.142414,-0.024131
34.5009,state,-0.812609,-0.783911,-0.108274,0.254247
34.5109,state,-0.806169,-0.778164,0.067421,-0.022654
34.5115,desired,-0.782223,-0.782223,0.111111,0.111111
34.5210,state,-0.800927,-0.777797,-0.129952,-0.023176
34.5229,state,-0.791877,-0.767694,-0.051926,0.265427
34.5310,state,-0.822816,-0.799930,-0.142414,-0.024131
34.5316,desired,-0.780000,-0.780000,0.111111,0.111111
34.5409,state,-0.812609,-0.783911,-0.108274,0.254247
34.5510,state,-0.806169,-0.778164,0.067421,-0.022654
34.5610,state,-0.800927,-0.777797,-0.129952,-0.023176
34.5616,desired,-0.776667,-0.776667,0.111111,0.111111
34.5710,state,-0.791877,-0.767694,-0.051926,0.265427
34.5810,state,-0.822816,-0.799930,-0.142414,-0.024131
34.5910,state,-0.812609,-0.783911,-0.108274,0.254247
34.5916,desired,-0.773334,-0.773334,0.111111,0.111111
34.6010,state,-0.806169,-0.778164,0.067421,-0.022654
34.6114,desired,-0.771111,-0.771111,0.111111,0.111111
34.6116,state,-0.800927,-0.777797,-0.129952,-0.023176
34.6214,state,-0.791877,-0.767694,-0.051926,0.265427
34.6230,state,-0.789592,-0.756849,-0.138454,0.023095
34.6232,state,-0.779403,-0.756469,-0.103568,-0.022697
34.6314,desired,-0.768889,-0.768889,0.111111,0.111111
34.6316,state,-0.806169,-0.778164,0.067421,-0.022654
34.6410,state,-0.800927,-0.777797,-0.129952,-0.023176
34.6510,state,-0.791877,-0.767694,-0.051926,0.265427
34.6609,state,-0.789592,-0.756849,-0.138454,0.023095
34.6615,desired,-0.765557,-0.765557,0.111111,0.111111
34.6709,state,-0.779403,-0.756469,-0.103568,-0.022697
34.6810,state,-0.806169,-0.778164,0.067421,-0.022654
34.6818,desired,-0.763334,-0.763334,0.111111,0.111111
34.6909,state,-0.800927,-0.777797,-0.129952,-0.023176
34.7009,state,-0.791877,-0.767694,-0.051926,0.265427
34.7015,desired,-0.761112,-0.761112,0.111111,0.111111
34.7110,state,-0.789592,-0.756849,-0.138454,0.023095
34.7211,state,-0.779403,-0.756469,-0.103568,-0.022697
34.7226,desired,-0.758887,-0.758887,0.111111,0.111111
34.7250,state,-0.773508,-0.752349,0.050884,0.169287
34.7263,state,-0.768783,-0.737136,-0.127041,0.167936
34.7310,state,-0.791877,-0.767694,-0.051926,0.265427
34.7410,state,-0.789592,-0.756849,-0.138454,0.023095
34.7510,state,-0.779403,-0.756469,-0.103568,-0.022697
34.7516,desired,-0.755554,-0.755554,0.111111,0.111111
34.7610,state,-0.773508,-0.752349,0.050884,0.169287
34.7710,state,-0.768783,-0.737136,-0.127041,0.167936
34.7810,state,-0.791877,-0.767694,-0.051926,0.265427
34.7816,desired,-0.752220,-0.752220,0.111111,0.111111
34.7910,state,-0.789592,-0.756849,-0.138454,0.023095
34.8015,desired,-0.749998,-0.749998,0.111111,0.111111
34.8018,state,-0.779403,-0.756469,-0.103568,-0.022697
34.8110,state,-0.773508,-0.752349,0.050884,0.169287
34.8211,state,-0.768783,-0.737136,-0.127041,0.167936
34.8248,state,-0.758915,-0.735816,-0.037947,-0.022109
34.8310,state,-0.789592,-0.756849,-0.138454,0.023095
34.8316,desired,-0.746667,-0.746667,0.111111,0.111111
34.8410,state,-0.779403,-0.756469,-0.103568,-0.022697
34.8510,state,-0.773508,-0.752349,0.050884,0.169287
34.8610,state,-0.768783,-0.737136,-0.127041,0.167936
34.8618,desired,-0.743335,-0.743335,0.111111,0.111111
34.8709,state,-0.758915,-0.735816,-0.037947,-0.022109
34.8810,state,-0.789592,-0.756849,-0.138454,0.023095
34.8816,desired,-0.741112,-0.741112,0.111111,0.111111
34.8910,state,-0.779403,-0.756469,-0.103568,-0.022697
34.9010,state,-0.773508,-0.752349,0.050884,0.169287
34.9016,desired,-0.738884,-0.738884,0.111111,0.111111
34.9110,state,-0.768783,-0.737136,-0.127041,0.167936
34.9210,state,-0.758915,-0.735816,-0.037947,-0.022109
34.9224,state,-0.756410,-0.735494,-0.132811,-0.022612
34.9226,state,-0.746204,-0.718333,-0.098577,0.270754
34.9310,state,-0.773508,-0.752349,0.050884,0.169287
34.9316,desired,-0.735556,-0.735556,0.111111,0.111111
34.9410,state,-0.768783,-0.737136,-0.127041,0.167936
34.9510,state,-0.758915,-0.735816,-0.037947,-0.022109
34.9610,state,-0.756410,-0.735494,-0.132811,-0.022612
34.9618,desired,-0.732223,-0.732223,0.111111,0.111111
34.9709,state,-0.746204,-0.718333,-0.098577,0.270754
34.9810,state,-0.773508,-0.752349,0.050884,0.169287
34.9816,desired,-0.730001,-0.730001,0.111111,0.111111
34.9909,state,-0.768783,-0.737136,-0.127041,0.167936
35.0010,state,-0.758915,-0.735816,-0.037947,-0.022109
35.0110,state,-0.756410,-0.735494,-0.132811,-0.022612
35.0117,desired,-0.726665,-0.726665,0.111111,0.111111
35.0210,state,-0.746204,-0.718333,-0.098577,0.270754
35.0230,state,-0.739764,-0.712564,0.077183,-0.021210
35.0232,state,-0.734523,-0.712228,-0.120126,-0.021666
35.0310,state,-0.758915,-0.735816,-0.037947,-0.022109
35.0410,state,-0.756410,-0.735494,-0.132811,-0.022612
35.0416,desired,-0.723333,-0.723333,0.111111,0.111111
35.0510,state,-0.746204,-0.718333,-0.098577,0.270754
35.0609,state,-0.739764,-0.712564,0.077183,-0.021210
35.0709,state,-0.734523,-0.712228,-0.120126,-0.021666
35.0716,desired,-0.720002,-0.720002,0.111111,0.111111
35.0810,state,-0.758915,-0.735816,-0.037947,-0.022109
35.0910,state,-0.756410,-0.735494,-0.132811,-0.022612
35.0916,desired,-0.717778,-0.717778,0.111111,0.111111
35.1009,state,-0.746204,-0.718333,-0.098577,0.270754
35.1110,state,-0.739764,-0.712564,0.077183,-0.021210
35.1115,desired,-0.715555,-0.715555,0.111111,0.111111
35.1211,state,-0.734523,-0.712228,-0.120126,-0.021666
35.1227,state,-0.725474,-0.701992,-0.042056,0.270759
35.1311,state,-0.756410,-0.735494,-0.132811,-0.022612
35.1315,desired,-0.713329,-0.713329,0.111111,0.111111
35.1410,state,-0.746204,-0.718333,-0.098577,0.270754
35.1509,state,-0.739764,-0.712564,0.077183,-0.021210
35.1609,state,-0.734523,-0.712228,-0.120126,-0.021666
35.1614,desired,-0.710001,-0.710001,0.111111,0.111111
35.1709,state,-0.725474,-0.701992,-0.042056,0.270759
35.1810,state,-0.756410,-0.735494,-0.132811,-0.022612
35.1914,desired,-0.706667,-0.706667,0.111111,0.111111
35.1916,state,-0.746204,-0.718333,-0.098577,0.270754
35.2009,state,-0.739764,-0.712564,0.077183,-0.021210
35.2110,state,-0.734523,-0.712228,-0.120126,-0.021666
35.2116,desired,-0.704444,-0.704444,0.111111,0.111111
35.2211,state,-0.725474,-0.701992,-0.042056,0.270759
35.2226,state,-0.723191,-0.691560,-0.128518,0.007971
35.2242,state,-0.713006,-0.691216,-0.093569,-0.021114
35.2310,state,-0.739764,-0.712564,0.077183,-0.021210
35.2316,desired,-0.702221,-0.702221,0.111111,0.111111
35.2409,state,-0.734523,-0.712228,-0.120126,-0.021666
35.2509,state,-0.725474,-0.701992,-0.042056,0.270759
35.2609,state,-0.723191,-0.691560,-0.128518,0.007971
35.2617,desired,-0.698890,-0.698890,0.111111,0.111111
35.2709,state,-0.713006,-0.691216,-0.093569,-0.021114
35.2809,state,-0.739764,-0.712564,0.077183,-0.021210
35.2909,state,-0.734523,-0.712228,-0.120126,-0.021666
35.2914,desired,-0.695556,-0.695556,0.111111,0.111111
35.3010,state,-0.725474,-0.701992,-0.042056,0.270759
35.3110,state,-0.723191,-0.691560,-0.128518,0.007971
35.3210,state,-0.713006,-0.691216,-0.093569,-0.021114
35.3215,desired,-0.692222,-0.692222,0.111111,0.111111
35.3230,state,-0.707114,-0.686947,0.060871,0.179710
35.3248,state,-0.702392,-0.671549,-0.116925,0.167937
35.3310,state,-0.725474,-0.701992,-0.042056,0.270759
35.3409,state,-0.723191,-0.691560,-0.128518,0.007971
35.3510,state,-0.713006,-0.691216,-0.093569,-0.021114
35.3516,desired,-0.688889,-0.688889,0.111111,0.111111
35.3610,state,-0.707114,-0.686947,0.060871,0.179710
35.3709,state,-0.702392,-0.671549,-0.116925,0.167937
35.3811,state,-0.725474,-0.701992,-0.042056,0.270759
35.3819,desired,-0.685553,-0.685553,0.111111,0.111111
35.3910,state,-0.723191,-0.691560,-0.128518,0.007971
35.4010,state,-0.713006,-0.691216,-0.093569,-0.021114
35.4111,state,-0.707114,-0.686947,0.060871,0.179710
35.4118,desired,-0.682222,-0.682222,0.111111,0.111111
35.4211,state,-0.702392,-0.671549,-0.116925,0.167937
35.4226,state,-0.692523,-0.670692,-0.027754,-0.020494
35.4310,state,-0.723191,-0.691560,-0.128518,0.007971
35.4315,desired,-0.679998,-0.679998,0.111111,0.111111
35.4409,state,-0.713006,-0.691216,-0.093569,-0.021114
35.4510,state,-0.707114,-0.686947,0.060871,0.179710
35.4610,state,-0.702392,-0.671549,-0.116925,0.167937
35.4616,desired,-0.676668,-0.676668,0.111111,0.111111
35.4709,state,-0.692523,-0.670692,-0.027754,-0.020494
35.4810,state,-0.723191,-0.691560,-0.128518,0.007971
35.4816,desired,-0.674445,-0.674445,0.111111,0.111111
35.4910,state,-0.713006,-0.691216,-0.093569,-0.021114
35.5009,state,-0.707114,-0.686947,0.060871,0.179710
35.5110,state,-0.702392,-0.671549,-0.116925,0.167937
35.5116,desired,-0.671112,-0.671112,0.111111,0.111111
35.5211,state,-0.692523,-0.670692,-0.027754,-0.020494
35.5222,state,-0.690020,-0.670395,-0.122574,-0.020945
35.5224,state,-0.679815,-0.652759,-0.088270,0.277024
35.5314,desired,-0.668889,-0.668889,0.111111,0.111111
35.5317,state,-0.707114,-0.686947,0.060871,0.179710
35.5409,state,-0.702392,-0.671549,-0.116925,0.167937
35.5510,state,-0.692523,-0.670692,-0.027754,-0.020494
35.5609,state,-0.690020,-0.670395,-0.122574,-0.020945
35.5615,desired,-0.665556,-0.665556,0.111111,0.111111
35.5709,state,-0.679815,-0.652759,-0.088270,0.277024
35.5810,state,-0.707114,-0.686947,0.060871,0.179710
35.5910,state,-0.702392,-0.671549,-0.116925,0.167937
35.5916,desired,-0.662223,-0.662223,0.111111,0.111111
35.6010,state,-0.692523,-0.670692,-0.027754,-0.020494
35.6110,state,-0.690020,-0.670395,-0.122574,-0.020945
35.6210,state,-0.679815,-0.652759,-0.088270,0.277024
35.6216,desired,-0.658888,-0.658888,0.111111,0.111111
35.6234,state,-0.673377,-0.647362,0.087480,-0.019605
35.6237,state,-0.668140,-0.647054,-0.109710,-0.020014
35.6310,state,-0.692523,-0.670692,-0.027754,-0.020494
35.6410,state,-0.690020,-0.670395,-0.122574,-0.020945
35.6510,state,-0.679815,-0.652759,-0.088270,0.277024
35.6516,desired,-0.655556,-0.655556,0.111111,0.111111
35.6610,state,-0.673377,-0.647362,0.087480,-0.019605
35.6710,state,-0.668140,-0.647054,-0.109710,-0.020014
35.6810,state,-0.692523,-0.670692,-0.027754,-0.020494
35.6820,desired,-0.652220,-0.652220,0.111111,0.111111
35.6910,state,-0.690020,-0.670395,-0.122574,-0.020945
35.7010,state,-0.679815,-0.652759,-0.088270,0.277024
35.7110,state,-0.673377,-0.647362,0.087480,-0.019605
35.7116,desired,-0.648889,-0.648889,0.111111,0.111111
35.7210,state,-0.668140,-0.647054,-0.109710,-0.020014
35.7243,state,-0.659093,-0.636489,-0.031589,0.281030
35.7310,state,-0.690020,-0.670395,-0.122574,-0.020945
35.7316,desired,-0.646665,-0.646665,0.111111,0.111111
35.7410,state,-0.679815,-0.652759,-0.088270,0.277024
35.7510,state,-0.673377,-0.647362,0.087480,-0.019605
35.7610,state,-0.668140,-0.647054,-0.109710,-0.020014
35.7616,desired,-0.643334,-0.643334,0.111111,0.111111
35.7710,state,-0.659093,-0.636489,-0.031589,0.281030
35.7810,state,-0.690020,-0.670395,-0.122574,-0.020945
35.7816,desired,-0.641111,-0.641111,0.111111,0.111111
35.7910,state,-0.679815,-0.652759,-0.088270,0.277024
35.8010,state,-0.673377,-0.647362,0.087480,-0.019605
35.8110,state,-0.668140,-0.647054,-0.109710,-0.020014
35.8117,desired,-0.637778,-0.637778,0.111111,0.111111
35.8211,state,-0.659093,-0.636489,-0.031589,0.281030
35.8232,state,-0.656812,-0.626614,-0.117984,-0.018607
35.8262,state,-0.646625,-0.626275,-0.082963,-0.018854
35.8310,state,-0.673377,-0.647362,0.087480,-0.019605
35.8316,desired,-0.635554,-0.635554,0.111111,0.111111
35.8410,state,-0.668140,-0.647054,-0.109710,-0.020014
35.8510,state,-0.659093,-0.636489,-0.031589,0.281030
35.8609,state,-0.656812,-0.626614,-0.117984,-0.018607
35.8615,desired,-0.632224,-0.632224,0.111111,0.111111
35.8710,state,-0.646625,-0.626275,-0.082963,-0.018854
35.8810,state,-0.673377,-0.647362,0.087480,-0.019605
35.8816,desired,-0.630000,-0.630000,0.111111,0.111111
35.8910,state,-0.668140,-0.647054,-0.109710,-0.020014
35.9009,state,-0.659093,-0.636489,-0.031589,0.281030
35.9110,state,-0.656812,-0.626614,-0.117984,-0.018607
35.9118,desired,-0.626665,-0.626665,0.111111,0.111111
35.9211,state,-0.646625,-0.626275,-0.082963,-0.018854
35.9224,state,-0.640189,-0.621496,0.092886,0.207309
35.9238,state,-0.634952,-0.605245,-0.104282,0.172431
35.9311,state,-0.659093,-0.636489,-0.031589,0.281030
35.9319,desired,-0.624442,-0.624442,0.111111,0.111111
35.9411,state,-0.656812,-0.626614,-0.117984,-0.018607
35.9510,state,-0.646625,-0.626275,-0.082963,-0.018854
35.9609,state,-0.640189,-0.621496,0.092886,0.207309
35.9615,desired,-0.621112,-0.621112,0.111111,0.111111
35.9710,state,-0.634952,-0.605245,-0.104282,0.172431
35.9810,state,-0.659093,-0.636489,-0.031589,0.281030
35.9816,desired,-0.618889,-0.618889,0.111111,0.111111
35.9910,state,-0.656812,-0.626614,-0.117984,-0.018607
36.0010,state,-0.646625,-0.626275,-0.082963,-0.018854
36.0110,state,-0.640189,-0.621496,0.092886,0.207309
36.0116,desired,-0.615555,-0.615555,0.111111,0.111111
36.0211,state,-0.634952,-0.605245,-0.104282,0.172431
36.0236,state,-0.626767,-0.604790,-0.035594,-0.017792
36.0310,state,-0.656812,-0.626614,-0.117984,-0.018607
36.0409,state,-0.646625,-0.626275,-0.082963,-0.018854
36.0415,desired,-0.612223,-0.612223,0.111111,0.111111
36.0509,state,-0.640189,-0.621496,0.092886,0.207309
36.0610,state,-0.634952,-0.605245,-0.104282,0.172431
36.0714,desired,-0.608889,-0.608889,0.111111,0.111111
36.0716,state,-0.626767,-0.604790,-0.035594,-0.017792
36.0810,state,-0.656812,-0.626614,-0.117984,-0.018607
36.0910,state,-0.646625,-0.626275,-0.082963,-0.018854
36.1009,state,-0.640189,-0.621496,0.092886,0.207309
36.1013,desired,-0.605556,-0.605556,0.111111,0.111111
36.1111,state,-0.634952,-0.605245,-0.104282,0.172431
36.1211,state,-0.626767,-0.604790,-0.035594,-0.017792
36.1237,state,-0.624712,-0.604460,-0.113460,-0.018254
36.1241,state,-0.613545,-0.587611,-0.073487,0.262880
36.1311,state,-0.640189,-0.621496,0.092886,0.207309
36.1319,desired,-0.602220,-0.602220,0.111111,0.111111
36.1410,state,-0.634952,-0.605245,-0.104282,0.172431
36.1510,state,-0.626767,-0.604790,-0.035594,-0.017792
36.1609,state,-0.624712,-0.604460,-0.113460,-0.018254
36.1616,desired,-0.598890,-0.598890,0.111111,0.111111
36.1710,state,-0.613545,-0.587611,-0.073487,0.262880
36.1814,desired,-0.596667,-0.596667,0.111111,0.111111
36.1816,state,-0.640189,-0.621496,0.092886,0.207309
36.1910,state,-0.634952,-0.605245,-0.104282,0.172431
36.2010,state,-0.626767,-0.604790,-0.035594,-0.017792
36.2110,state,-0.624712,-0.604460,-0.113460,-0.018254
36.2116,desired,-0.593334,-0.593334,0.111111,0.111111
36.2210,state,-0.613545,-0.587611,-0.073487,0.262880
36.2228,state,-0.607012,-0.583320,0.098763,-0.016952
36.2239,state,-0.601768,-0.582983,-0.098693,-0.017410
36.2311,state,-0.626767,-0.604790,-0.035594,-0.017792
36.2319,desired,-0.591109,-0.591109,0.111111,0.111111
36.2410,state,-0.624712,-0.604460,-0.113460,-0.018254
36.2510,state,-0.613545,-0.587611,-0.073487,0.262880
36.2610,state,-0.607012,-0.583320,0.098763,-0.016952
36.2616,desired,-0.587778,-0.587778,0.111111,0.111111
36.2710,state,-0.601768,-0.582983,-0.098693,-0.017410
36.2810,state,-0.626767,-0.604790,-0.035594,-0.017792
36.2816,desired,-0.585556,-0.585556,0.111111,0.111111
36.2910,state,-0.624712,-0.604460,-0.113460,-0.018254
36.3010,state,-0.613545,-0.587611,-0.073487,0.262880
36.3111,state,-0.607012,-0.583320,0.098763,-0.016952
36.3119,desired,-0.582220,-0.582220,0.111111,0.111111
36.3210,state,-0.601768,-0.582983,-0.098693,-0.017410
36.3240,state,-0.592723,-0.571695,-0.020579,0.300438
36.3311,state,-0.624712,-0.604460,-0.113460,-0.018254
36.3410,state,-0.613545,-0.587611,-0.073487,0.262880
36.3416,desired,-0.578889,-0.578889,0.111111,0.111111
36.3510,state,-0.607012,-0.583320,0.098763,-0.016952
36.3610,state,-0.601768,-0.582983,-0.098693,-0.017410
36.3710,state,-0.592723,-0.571695,-0.020579,0.300438
36.3716,desired,-0.575556,-0.575556,0.111111,0.111111
36.3810,state,-0.624712,-0.604460,-0.113460,-0.018254
36.3910,state,-0.613545,-0.587611,-0.073487,0.262880
36.4013,desired,-0.572222,-0.572222,0.111111,0.111111
36.4016,state,-0.607012,-0.583320,0.098763,-0.016952
36.4110,state,-0.601768,-0.582983,-0.098693,-0.017410
36.4210,state,-0.592723,-0.571695,-0.020579,0.300438
36.4218,desired,-0.569998,-0.569998,0.111111,0.111111
36.4226,state,-0.590444,-0.561730,-0.106905,-0.016449
36.4238,state,-0.580258,-0.561393,-0.071812,-0.016655
36.4310,state,-0.607012,-0.583320,0.098763,-0.016952
36.4410,state,-0.601768,-0.582983,-0.098693,-0.017410
36.4510,state,-0.592723,-0.571695,-0.020579,0.300438
36.4516,desired,-0.566667,-0.566667,0.111111,0.111111
36.4610,state,-0.590444,-0.561730,-0.106905,-0.016449
36.4709,state,-0.580258,-0.561393,-0.071812,-0.016655
36.4810,state,-0.607012,-0.583320,0.098763,-0.016952
36.4818,desired,-0.563331,-0.563331,0.111111,0.111111
36.4910,state,-0.601768,-0.582983,-0.098693,-0.017410
36.5009,state,-0.592723,-0.571695,-0.020579,0.300438
36.5110,state,-0.590444,-0.561730,-0.106905,-0.016449
36.5116,desired,-0.560000,-0.560000,0.111111,0.111111
36.5209,state,-0.580258,-0.561393,-0.071812,-0.016655
36.5232,state,-0.573822,-0.556446,0.104052,0.218005
36.5262,state,-0.568588,-0.540188,-0.093034,0.167880
36.5311,state,-0.592723,-0.571695,-0.020579,0.300438
36.5319,desired,-0.557776,-0.557776,0.111111,0.111111
36.5409,state,-0.590444,-0.561730,-0.106905,-0.016449
36.5510,state,-0.580258,-0.561393,-0.071812,-0.016655
36.5610,state,-0.573822,-0.556446,0.104052,0.218005
36.5618,desired,-0.554443,-0.554443,0.111111,0.111111
36.5710,state,-0.568588,-0.540188,-0.093034,0.167880
36.5810,state,-0.592723,-0.571695,-0.020579,0.300438
36.5818,desired,-0.552220,-0.552220,0.111111,0.111111
36.5910,state,-0.590444,-0.561730,-0.106905,-0.016449
36.6010,state,-0.580258,-0.561393,-0.071812,-0.016655
36.6110,state,-0.573822,-0.556446,0.104052,0.218005
36.6118,desired,-0.548887,-0.548887,0.111111,0.111111
36.6210,state,-0.568588,-0.540188,-0.093034,0.167880
36.6236,state,-0.559544,-0.539764,-0.014867,-0.015955
36.6311,state,-0.590444,-0.561730,-0.106905,-0.016449
36.6319,desired,-0.546664,-0.546664,0.111111,0.111111
36.6410,state,-0.580258,-0.561393,-0.071812,-0.016655
36.6510,state,-0.573822,-0.556446,0.104052,0.218005
36.6609,state,-0.568588,-0.540188,-0.093034,0.167880
36.6616,desired,-0.543334,-0.543334,0.111111,0.111111
36.6710,state,-0.559544,-0.539764,-0.014867,-0.015955
36.6810,state,-0.590444,-0.561730,-0.106905,-0.016449
36.6818,desired,-0.541109,-0.541109,0.111111,0.111111
36.6910,state,-0.580258,-0.561393,-0.071812,-0.016655
36.7010,state,-0.573822,-0.556446,0.104052,0.218005
36.7109,state,-0.568588,-0.540188,-0.093034,0.167880
36.7115,desired,-0.537778,-0.537778,0.111111,0.111111
36.7210,state,-0.559544,-0.539764,-0.014867,-0.015955
36.7235,state,-0.557265,-0.539457,-0.101166,-0.016359
36.7238,state,-0.547080,-0.522263,-0.066050,0.265938
36.7311,state,-0.573822,-0.556446,0.104052,0.218005
36.7319,desired,-0.535553,-0.535553,0.111111,0.111111
36.7410,state,-0.568588,-0.540188,-0.093034,0.167880
36.7510,state,-0.559544,-0.539764,-0.014867,-0.015955
36.7610,state,-0.557265,-0.539457,-0.101166,-0.016359
36.7616,desired,-0.532223,-0.532223,0.111111,0.111111
36.7710,state,-0.547080,-0.522263,-0.066050,0.265938
36.7810,state,-0.573822,-0.556446,0.104052,0.218005
36.7910,state,-0.568588,-0.540188,-0.093034,0.167880
36.7916,desired,-0.528889,-0.528889,0.111111,0.111111
36.8009,state,-0.559544,-0.539764,-0.014867,-0.015955
36.8109,state,-0.557265,-0.539457,-0.101166,-0.016359
36.8210,state,-0.547080,-0.522263,-0.066050,0.265938
36.8216,desired,-0.525556,-0.525556,0.111111,0.111111
36.8226,state,-0.540646,-0.518114,0.109793,-0.015307
36.8237,state,-0.535413,-0.517814,-0.087227,-0.015693
36.8310,state,-0.559544,-0.539764,-0.014867,-0.015955
36.8410,state,-0.557265,-0.539457,-0.101166,-0.016359
36.8415,desired,-0.523331,-0.523331,0.111111,0.111111
36.8510,state,-0.547080,-0.522263,-0.066050,0.265938
36.8609,state,-0.540646,-0.518114,0.109793,-0.015307
36.8709,state,-0.535413,-0.517814,-0.087227,-0.015693
36.8714,desired,-0.520000,-0.520000,0.111111,0.111111
36.8809,state,-0.559544,-0.539764,-0.014867,-0.015955
36.8909,state,-0.557265,-0.539457,-0.101166,-0.016359
36.9009,state,-0.547080,-0.522263,-0.066050,0.265938
36.9014,desired,-0.516667,-0.516667,0.111111,0.111111
36.9109,state,-0.540646,-0.518114,0.109793,-0.015307
36.9209,state,-0.535413,-0.517814,-0.087227,-0.015693
36.9215,desired,-0.514445,-0.514445,0.111111,0.111111
36.9226,state,-0.526368,-0.506268,-0.009022,0.308818
36.9310,state,-0.557265,-0.539457,-0.101166,-0.016359
36.9409,state,-0.547080,-0.522263,-0.066050,0.265938
36.9510,state,-0.540646,-0.518114,0.109793,-0.015307
36.9515,desired,-0.511108,-0.511108,0.111111,0.111111
36.9609,state,-0.535413,-0.517814,-0.087227,-0.015693
36.9710,state,-0.526368,-0.506268,-0.009022,0.308818
36.9810,state,-0.557265,-0.539457,-0.101166,-0.016359
36.9818,desired,-0.507779,-0.507779,0.111111,0.111111
36.9910,state,-0.547080,-0.522263,-0.066050,0.265938
37.0009,state,-0.540646,-0.518114,0.109793,-0.015307
37.0109,state,-0.535413,-0.517814,-0.087227,-0.015693
37.0115,desired,-0.504446,-0.504446,0.111111,0.111111
37.0209,state,-0.526368,-0.506268,-0.009022,0.308818
37.0231,state,-0.524090,-0.496444,-0.095313,-0.014935
37.0243,state,-0.513908,-0.496154,-0.060182,-0.015059
37.0311,state,-0.540646,-0.518114,0.109793,-0.015307
37.0321,desired,-0.502219,-0.502219,0.111111,0.111111
37.0410,state,-0.535413,-0.517814,-0.087227,-0.015693
37.0510,state,-0.526368,-0.506268,-0.009022,0.308818
37.0610,state,-0.524090,-0.496444,-0.095313,-0.014935
37.0619,desired,-0.498890,-0.498890,0.111111,0.111111
37.0710,state,-0.513908,-0.496154,-0.060182,-0.015059
37.0810,state,-0.540646,-0.518114,0.109793,-0.015307
37.0819,desired,-0.496667,-0.496667,0.111111,0.111111
37.0910,state,-0.535413,-0.517814,-0.087227,-0.015693
37.1009,state,-0.526368,-0.506268,-0.009022,0.308818
37.1109,state,-0.524090,-0.496444,-0.095313,-0.014935
37.1114,desired,-0.493335,-0.493335,0.111111,0.111111
37.1210,state,-0.513908,-0.496154,-0.060182,-0.015059
37.1226,state,-0.507473,-0.491095,0.115729,0.227471
37.1239,state,-0.502241,-0.474846,-0.081297,0.164052
37.1310,state,-0.526368,-0.506268,-0.009022,0.308818
37.1316,desired,-0.491108,-0.491108,0.111111,0.111111
37.1410,state,-0.524090,-0.496444,-0.095313,-0.014935
37.1510,state,-0.513908,-0.496154,-0.060182,-0.015059
37.1610,state,-0.507473,-0.491095,0.115729,0.227471
37.1618,desired,-0.487777,-0.487777,0.111111,0.111111
37.1710,state,-0.502241,-0.474846,-0.081297,0.164052
37.1810,state,-0.526368,-0.506268,-0.009022,0.308818
37.1819,desired,-0.485554,-0.485554,0.111111,0.111111
37.1909,state,-0.524090,-0.496444,-0.095313,-0.014935
37.2010,state,-0.513908,-0.496154,-0.060182,-0.015059
37.2109,state,-0.507473,-0.491095,0.115729,0.227471
37.2115,desired,-0.482223,-0.482223,0.111111,0.111111
37.2210,state,-0.502241,-0.474846,-0.081297,0.164052
37.2228,state,-0.493196,-0.474478,-0.003075,-0.014439
37.2310,state,-0.524090,-0.496444,-0.095313,-0.014935
37.2316,desired,-0.479999,-0.479999,0.111111,0.111111
37.2409,state,-0.513908,-0.496154,-0.060182,-0.015059
37.2510,state,-0.507473,-0.491095,0.115729,0.227471
37.2609,state,-0.502241,-0.474846,-0.081297,0.164052
37.2615,desired,-0.476668,-0.476668,0.111111,0.111111
37.2709,state,-0.493196,-0.474478,-0.003075,-0.014439
37.2810,state,-0.524090,-0.496444,-0.095313,-0.014935
37.2816,desired,-0.474445,-0.474445,0.111111,0.111111
37.2910,state,-0.513908,-0.496154,-0.060182,-0.015059
37.3010,state,-0.507473,-0.491095,0.115729,0.227471
37.3016,desired,-0.472222,-0.472222,0.111111,0.111111
37.3110,state,-0.502241,-0.474846,-0.081297,0.164052
37.3209,state,-0.493196,-0.474478,-0.003075,-0.014439
37.3223,state,-0.490918,-0.474220,-0.089346,-0.014759
37.3225,state,-0.480736,-0.456785,-0.054185,0.267720
37.3310,state,-0.507473,-0.491095,0.115729,0.227471
37.3317,desired,-0.468887,-0.468887,0.111111,0.111111
37.3410,state,-0.502241,-0.474846,-0.081297,0.164052
37.3510,state,-0.493196,-0.474478,-0.003075,-0.014439
37.3610,state,-0.490918,-0.474220,-0.089346,-0.014759
37.3616,desired,-0.465556,-0.465556,0.111111,0.111111
37.3710,state,-0.480736,-0.456785,-0.054185,0.267720
37.3810,state,-0.507473,-0.491095,0.115729,0.227471
37.3910,state,-0.502241,-0.474846,-0.081297,0.164052
37.3916,desired,-0.462223,-0.462223,0.111111,0.111111
37.4010,state,-0.493196,-0.474478,-0.003075,-0.014439
37.4110,state,-0.490918,-0.474220,-0.089346,-0.014759
37.4210,state,-0.480736,-0.456785,-0.054185,0.267720
37.4217,desired,-0.458885,-0.458885,0.111111,0.111111
37.4227,state,-0.474302,-0.452805,0.121728,-0.013842
37.4254,state,-0.469070,-0.452558,-0.075265,-0.014141
37.4310,state,-0.493196,-0.474478,-0.003075,-0.014439
37.4410,state,-0.490918,-0.474220,-0.089346,-0.014759
37.4510,state,-0.480736,-0.456785,-0.054185,0.267720
37.4516,desired,-0.455556,-0.455556,0.111111,0.111111
37.4610,state,-0.474302,-0.452805,0.121728,-0.013842
37.4710,state,-0.469070,-0.452558,-0.075265,-0.014141
37.4810,state,-0.493196,-0.474478,-0.003075,-0.014439
37.4816,desired,-0.452223,-0.452223,0.111111,0.111111
37.4910,state,-0.490918,-0.474220,-0.089346,-0.014759
37.5010,state,-0.480736,-0.456785,-0.054185,0.267720
37.5016,desired,-0.450000,-0.450000,0.111111,0.111111
37.5110,state,-0.474302,-0.452805,0.121728,-0.013842
37.5210,state,-0.469070,-0.452558,-0.075265,-0.014141
37.5311,state,-0.493196,-0.474478,-0.003075,-0.014439
37.5319,desired,-0.446665,-0.446665,0.111111,0.111111
37.5334,state,-0.460026,-0.440778,0.002982,0.316736
37.5411,state,-0.480736,-0.456785,-0.054185,0.267720
37.5510,state,-0.474302,-0.452805,0.121728,-0.013842
37.5610,state,-0.469070,-0.452558,-0.075265,-0.014141
37.5616,desired,-0.443334,-0.443334,0.111111,0.111111
37.5711,state,-0.493196,-0.474478,-0.003075,-0.014439
37.5810,state,-0.460026,-0.440778,0.002982,0.316736
37.5816,desired,-0.441112,-0.441112,0.111111,0.111111
37.5910,state,-0.480736,-0.456785,-0.054185,0.267720
37.6010,state,-0.474302,-0.452805,0.121728,-0.013842
37.6110,state,-0.469070,-0.452558,-0.075265,-0.014141
37.6116,desired,-0.437778,-0.437778,0.111111,0.111111
37.6210,state,-0.493196,-0.474478,-0.003075,-0.014439
37.6311,state,-0.460026,-0.440778,0.002982,0.316736
37.6319,desired,-0.435554,-0.435554,0.111111,0.111111
37.6334,state,-0.457749,-0.431123,-0.083271,-0.013504
37.6340,state,-0.447567,-0.430890,-0.048093,-0.013540
37.6410,state,-0.469070,-0.452558,-0.075265,-0.014141
37.6510,state,-0.493196,-0.474478,-0.003075,-0.014439
37.6609,state,-0.460026,-0.440778,0.002982,0.316736
37.6614,desired,-0.432223,-0.432223,0.111111,0.111111
37.6710,state,-0.457749,-0.431123,-0.083271,-0.013504
37.6809,state,-0.447567,-0.430890,-0.048093,-0.013540
37.6814,desired,-0.430001,-0.430001,0.111111,0.111111
37.6910,state,-0.469070,-0.452558,-0.075265,-0.014141
37.7009,state,-0.493196,-0.474478,-0.003075,-0.014439
37.7109,state,-0.460026,-0.440778,0.002982,0.316736
37.7115,desired,-0.426668,-0.426668,0.111111,0.111111
37.7210,state,-0.457749,-0.431123,-0.083271,-0.013504
37.7311,state,-0.447567,-0.430890,-0.048093,-0.013540
37.7320,desired,-0.424442,-0.424442,0.111111,0.111111
37.7334,state,-0.441134,-0.425727,0.127854,0.237035
37.7350,state,-0.435902,-0.409524,-0.069127,0.159437
37.7409,state,-0.460026,-0.440778,0.002982,0.316736
37.7510,state,-0.457749,-0.431123,-0.083271,-0.013504
37.7610,state,-0.447567,-0.430890,-0.048093,-0.013540
37.7618,desired,-0.421110,-0.421110,0.111111,0.111111
37.7709,state,-0.441134,-0.425727,0.127854,0.237035
37.7809,state,-0.435902,-0.409524,-0.069127,0.159437
37.7909,state,-0.460026,-0.440778,0.002982,0.316736
37.7914,desired,-0.417778,-0.417778,0.111111,0.111111
37.8009,state,-0.457749,-0.431123,-0.083271,-0.013504
37.8109,state,-0.447567,-0.430890,-0.048093,-0.013540
37.8213,desired,-0.414445,-0.414445,0.111111,0.111111
37.8214,state,-0.441134,-0.425727,0.127854,0.237035
37.8310,state,-0.435902,-0.409524,-0.069127,0.159437
37.8329,state,-0.426858,-0.409219,0.009125,-0.012943
37.8410,state,-0.457749,-0.431123,-0.083271,-0.013504
37.8413,desired,-0.412222,-0.412222,0.111111,0.111111
37.8510,state,-0.447567,-0.430890,-0.048093,-0.013540
37.8610,state,-0.441134,-0.425727,0.127854,0.237035
37.8710,state,-0.435902,-0.409524,-0.069127,0.159437
37.8721,desired,-0.408890,-0.408890,0.111111,0.111111
37.8810,state,-0.426858,-0.409219,0.009125,-0.012943
37.8910,state,-0.457749,-0.431123,-0.083271,-0.013504
37.9010,state,-0.447567,-0.430890,-0.048093,-0.013540
37.9020,desired,-0.405556,-0.405556,0.111111,0.111111
37.9110,state,-0.441134,-0.425727,0.127854,0.237035
37.9210,state,-0.435902,-0.409524,-0.069127,0.159437
37.9311,state,-0.426858,-0.409219,0.009125,-0.012943
37.9320,desired,-0.402222,-0.402222,0.111111,0.111111
37.9412,state,-0.457749,-0.431123,-0.083271,-0.013504
37.9520,desired,-0.399998,-0.399998,0.111111,0.111111
37.9524,state,-0.447567,-0.430890,-0.048093,-0.013540
37.9611,state,-0.441134,-0.425727,0.127854,0.237035
37.9665,state,-0.424582,-0.409015,-0.077099,-0.013180
37.9669,state,-0.414401,-0.391344,-0.041896,0.268959
37.9712,state,-0.457749,-0.431123,-0.083271,-0.013504
37.9818,desired,-0.396667,-0.396667,0.111111,0.111111
37.9823,state,-0.447567,-0.430890,-0.048093,-0.013540
37.9912,state,-0.441134,-0.425727,0.127854,0.237035
38.0011,state,-0.424582,-0.409015,-0.077099,-0.013180
38.0025,desired,-0.394442,-0.394442,0.111111,0.111111
38.0111,state,-0.414401,-0.391344,-0.041896,0.268959
38.0210,state,-0.457749,-0.431123,-0.083271,-0.013504
38.0311,state,-0.447567,-0.430890,-0.048093,-0.013540
38.0319,desired,-0.391109,-0.391109,0.111111,0.111111
38.0335,state,-0.407967,-0.387557,0.134060,-0.012363
38.0348,state,-0.402737,-0.387368,-0.062893,-0.012578
38.0410,state,-0.414401,-0.391344,-0.041896,0.268959
38.0510,state,-0.457749,-0.431123,-0.083271,-0.013504
38.0619,desired,-0.387778,-0.387778,0.111111,0.111111
38.0623,state,-0.447567,-0.430890,-0.048093,-0.013540
38.0711,state,-0.407967,-0.387557,0.134060,-0.012363
38.0819,desired,-0.385555,-0.385555,0.111111,0.111111
38.0821,state,-0.402737,-0.387368,-0.062893,-0.012578
38.0911,state,-0.414401,-0.391344,-0.041896,0.268959
38.1011,state,-0.457749,-0.431123,-0.083271,-0.013504
38.1023,desired,-0.383331,-0.383331,0.111111,0.111111
38.1111,state,-0.447567,-0.430890,-0.048093,-0.013540
38.1209,state,-0.407967,-0.387557,0.134060,-0.012363
38.1312,state,-0.402737,-0.387368,-0.062893,-0.012578
38.1321,desired,-0.379999,-0.379999,0.111111,0.111111
38.1345,state,-0.393691,-0.375338,0.015399,0.324938
38.1410,state,-0.457749,-0.431123,-0.083271,-0.013504
38.1510,state,-0.447567,-0.430890,-0.048093,-0.013540
38.1610,state,-0.407967,-0.387557,0.134060,-0.012363
38.1621,desired,-0.376668,-0.376668,0.111111,0.111111
38.1710,state,-0.402737,-0.387368,-0.062893,-0.012578
38.1810,state,-0.393691,-0.375338,0.015399,0.324938
38.1918,desired,-0.373334,-0.373334,0.111111,0.111111
38.1921,state,-0.457749,-0.431123,-0.083271,-0.013504
38.2010,state,-0.447567,-0.430890,-0.048093,-0.013540
38.2110,state,-0.407967,-0.387557,0.134060,-0.012363
38.2210,state,-0.402737,-0.387368,-0.062893,-0.012578
38.2221,desired,-0.370002,-0.370002,0.111111,0.111111
38.2230,state,-0.391415,-0.365890,-0.070829,-0.012022
38.2281,state,-0.380239,-0.365715,-0.031396,-0.011979
38.2310,state,-0.447567,-0.430890,-0.048093,-0.013540
38.2410,state,-0.407967,-0.387557,0.134060,-0.012363
38.2536,desired,-0.366668,-0.366668,0.111111,0.111111
38.2538,state,-0.402737,-0.387368,-0.062893,-0.012578
38.2610,state,-0.391415,-0.365890,-0.070829,-0.012022
38.2710,state,-0.380239,-0.365715,-0.031396,-0.011979
38.2716,desired,-0.364444,-0.364444,0.111111,0.111111
38.2809,state,-0.447567,-0.430890,-0.048093,-0.013540
38.2909,state,-0.407967,-0.387557,0.134060,-0.012363
38.3009,state,-0.402737,-0.387368,-0.062893,-0.012578
38.3018,desired,-0.361113,-0.361113,0.111111,0.111111
38.3110,state,-0.391415,-0.365890,-0.070829,-0.012022
38.3210,state,-0.380239,-0.365715,-0.031396,-0.011979
38.3311,state,-0.447567,-0.430890,-0.048093,-0.013540
38.3317,desired,-0.357776,-0.357776,0.111111,0.111111
38.3328,state,-0.374253,-0.360435,0.119567,0.247302
38.3338,state,-0.369530,-0.344320,-0.058292,0.153397
38.3410,state,-0.391415,-0.365890,-0.070829,-0.012022
38.3510,state,-0.380239,-0.365715,-0.031396,-0.011979
38.3610,state,-0.447567,-0.430890,-0.048093,-0.013540
38.3616,desired,-0.354445,-0.354445,0.111111,0.111111
38.3710,state,-0.374253,-0.360435,0.119567,0.247302
38.3809,state,-0.369530,-0.344320,-0.058292,0.153397
38.3910,state,-0.391415,-0.365890,-0.070829,-0.012022
38.3916,desired,-0.351111,-0.351111,0.111111,0.111111
38.4010,state,-0.380239,-0.365715,-0.031396,-0.011979
38.4110,state,-0.447567,-0.430890,-0.048093,-0.013540
38.4210,state,-0.374253,-0.360435,0.119567,0.247302
38.4216,desired,-0.347778,-0.347778,0.111111,0.111111
38.4310,state,-0.369530,-0.344320,-0.058292,0.153397
38.4326,state,-0.360528,-0.344080,0.021573,-0.011395
38.4410,state,-0.380239,-0.365715,-0.031396,-0.011979
38.4510,state,-0.447567,-0.430890,-0.048093,-0.013540
38.4516,desired,-0.344445,-0.344445,0.111111,0.111111
38.4609,state,-0.374253,-0.360435,0.119567,0.247302
38.4710,state,-0.369530,-0.344320,-0.058292,0.153397
38.4810,state,-0.360528,-0.344080,0.021573,-0.011395
38.4816,desired,-0.341111,-0.341111,0.111111,0.111111
38.4910,state,-0.380239,-0.365715,-0.031396,-0.011979
38.5010,state,-0.447567,-0.430890,-0.048093,-0.013540
38.5110,state,-0.374253,-0.360435,0.119567,0.247302
38.5116,desired,-0.337778,-0.337778,0.111111,0.111111
38.5210,state,-0.369530,-0.344320,-0.058292,0.153397
38.5311,state,-0.360528,-0.344080,0.021573,-0.011395
38.5320,desired,-0.335552,-0.335552,0.111111,0.111111
38.5334,state,-0.358256,-0.343932,-0.064488,-0.011555
38.5342,state,-0.348076,-0.326005,-0.029234,0.269674
38.5410,state,-0.374253,-0.360435,0.119567,0.247302
38.5509,state,-0.369530,-0.344320,-0.058292,0.153397
38.5610,state,-0.360528,-0.344080,0.021573,-0.011395
38.5615,desired,-0.332223,-0.332223,0.111111,0.111111
38.5710,state,-0.358256,-0.343932,-0.064488,-0.011555
38.5810,state,-0.348076,-0.326005,-0.029234,0.269674
38.5815,desired,-0.330001,-0.330001,0.111111,0.111111
38.5910,state,-0.374253,-0.360435,0.119567,0.247302
38.6010,state,-0.369530,-0.344320,-0.058292,0.153397
38.6110,state,-0.360528,-0.344080,0.021573,-0.011395
38.6116,desired,-0.326667,-0.326667,0.111111,0.111111
38.6210,state,-0.358256,-0.343932,-0.064488,-0.011555
38.6310,state,-0.348076,-0.326005,-0.029234,0.269674
38.6317,desired,-0.324443,-0.324443,0.111111,0.111111
38.6328,state,-0.341643,-0.322441,0.146731,-0.010821
38.6338,state,-0.336414,-0.322309,-0.050169,-0.010960
38.6410,state,-0.360528,-0.344080,0.021573,-0.011395
38.6510,state,-0.358256,-0.343932,-0.064488,-0.011555
38.6609,state,-0.348076,-0.326005,-0.029234,0.269674
38.6615,desired,-0.321112,-0.321112,0.111111,0.111111
38.6709,state,-0.341643,-0.322441,0.146731,-0.010821
38.6810,state,-0.336414,-0.322309,-0.050169,-0.010960
38.6816,desired,-0.318889,-0.318889,0.111111,0.111111
38.6910,state,-0.360528,-0.344080,0.021573,-0.011395
38.7010,state,-0.358256,-0.343932,-0.064488,-0.011555
38.7018,desired,-0.316666,-0.316666,0.111111,0.111111
38.7109,state,-0.348076,-0.326005,-0.029234,0.269674
38.7210,state,-0.341643,-0.322441,0.146731,-0.010821
38.7310,state,-0.336414,-0.322309,-0.050169,-0.010960
38.7315,desired,-0.313333,-0.313333,0.111111,0.111111
38.7325,state,-0.327371,-0.310000,0.028132,0.333611
38.7411,state,-0.358256,-0.343932,-0.064488,-0.011555
38.7509,state,-0.348076,-0.326005,-0.029234,0.269674
38.7610,state,-0.341643,-0.322441,0.146731,-0.010821
38.7618,desired,-0.309999,-0.309999,0.111111,0.111111
38.7709,state,-0.336414,-0.322309,-0.050169,-0.010960
38.7809,state,-0.327371,-0.310000,0.028132,0.333611
38.7910,state,-0.358256,-0.343932,-0.064488,-0.011555
38.7919,desired,-0.306665,-0.306665,0.111111,0.111111
38.8011,state,-0.348076,-0.326005,-0.029234,0.269674
38.8109,state,-0.341643,-0.322441,0.146731,-0.010821
38.8209,state,-0.336414,-0.322309,-0.050169,-0.010960
38.8214,desired,-0.303334,-0.303334,0.111111,0.111111
38.8309,state,-0.327371,-0.310000,0.028132,0.333611
38.8323,state,-0.325096,-0.300808,-0.058046,-0.010479
38.8329,state,-0.314917,-0.300693,-0.022788,-0.010367
38.8410,state,-0.341643,-0.322441,0.146731,-0.010821
38.8415,desired,-0.301111,-0.301111,0.111111,0.111111
38.8509,state,-0.336414,-0.322309,-0.050169,-0.010960
38.8609,state,-0.327371,-0.310000,0.028132,0.333611
38.8709,state,-0.325096,-0.300808,-0.058046,-0.010479
38.8714,desired,-0.297779,-0.297779,0.111111,0.111111
38.8810,state,-0.314917,-0.300693,-0.022788,-0.010367
38.8909,state,-0.341643,-0.322441,0.146731,-0.010821
38.8914,desired,-0.295556,-0.295556,0.111111,0.111111
38.9009,state,-0.336414,-0.322309,-0.050169,-0.010960
38.9110,state,-0.327371,-0.310000,0.028132,0.333611
38.9209,state,-0.325096,-0.300808,-0.058046,-0.010479
38.9215,desired,-0.292223,-0.292223,0.111111,0.111111
38.9310,state,-0.314917,-0.300693,-0.022788,-0.010367
38.9322,state,-0.307940,-0.294887,0.174530,0.278374
38.9332,state,-0.302197,-0.278095,-0.041728,0.152225
38.9409,state,-0.327371,-0.310000,0.028132,0.333611
38.9509,state,-0.325096,-0.300808,-0.058046,-0.010479
38.9514,desired,-0.288890,-0.288890,0.111111,0.111111
38.9609,state,-0.314917,-0.300693,-0.022788,-0.010367
38.9709,state,-0.307940,-0.294887,0.174530,0.278374
38.9810,state,-0.302197,-0.278095,-0.041728,0.152225
38.9815,desired,-0.285553,-0.285553,0.111111,0.111111
38.9910,state,-0.327371,-0.310000,0.028132,0.333611
39.0010,state,-0.325096,-0.300808,-0.058046,-0.010479
39.0110,state,-0.314917,-0.300693,-0.022788,-0.010367
39.0116,desired,-0.282223,-0.282223,0.111111,0.111111
39.0210,state,-0.307940,-0.294887,0.174530,0.278374
39.0310,state,-0.302197,-0.278095,-0.041728,0.152225
39.0317,desired,-0.279999,-0.279999,0.111111,0.111111
39.0328,state,-0.293973,-0.277909,0.025527,-0.009632
39.0410,state,-0.325096,-0.300808,-0.058046,-0.010479
39.0510,state,-0.314917,-0.300693,-0.022788,-0.010367
39.0610,state,-0.307940,-0.294887,0.174530,0.278374
39.0616,desired,-0.276667,-0.276667,0.111111,0.111111
39.0710,state,-0.302197,-0.278095,-0.041728,0.152225
39.0810,state,-0.293973,-0.277909,0.025527,-0.009632
39.0910,state,-0.325096,-0.300808,-0.058046,-0.010479
39.0916,desired,-0.273333,-0.273333,0.111111,0.111111
39.1010,state,-0.314917,-0.300693,-0.022788,-0.010367
39.1109,state,-0.307940,-0.294887,0.174530,0.278374
39.1210,state,-0.302197,-0.278095,-0.041728,0.152225
39.1216,desired,-0.270000,-0.270000,0.111111,0.111111
39.1311,state,-0.293973,-0.277909,0.025527,-0.009632
39.1329,state,-0.291919,-0.277810,-0.052285,-0.009729
39.1333,state,-0.281758,-0.260865,-0.016330,0.254494
39.1410,state,-0.307940,-0.294887,0.174530,0.278374
39.1417,desired,-0.267777,-0.267777,0.111111,0.111111
39.1510,state,-0.302197,-0.278095,-0.041728,0.152225
39.1610,state,-0.293973,-0.277909,0.025527,-0.009632
39.1710,state,-0.291919,-0.277810,-0.052285,-0.009729
39.1716,desired,-0.264445,-0.264445,0.111111,0.111111
39.1810,state,-0.281758,-0.260865,-0.016330,0.254494
39.1910,state,-0.307940,-0.294887,0.174530,0.278374
39.2010,state,-0.302197,-0.278095,-0.041728,0.152225
39.2016,desired,-0.261111,-0.261111,0.111111,0.111111
39.2110,state,-0.293973,-0.277909,0.025527,-0.009632
39.2210,state,-0.291919,-0.277810,-0.052285,-0.009729
39.2310,state,-0.281758,-0.260865,-0.016330,0.254494
39.2316,desired,-0.257778,-0.257778,0.111111,0.111111
39.2340,state,-0.275327,-0.257743,0.159721,-0.009262
39.2353,state,-0.270098,-0.257670,-0.037144,-0.009332
39.2409,state,-0.293973,-0.277909,0.025527,-0.009632
39.2509,state,-0.291919,-0.277810,-0.052285,-0.009729
39.2609,state,-0.281758,-0.260865,-0.016330,0.254494
39.2614,desired,-0.254445,-0.254445,0.111111,0.111111
39.2709,state,-0.275327,-0.257743,0.159721,-0.009262
39.2809,state,-0.270098,-0.257670,-0.037144,-0.009332
39.2814,desired,-0.252222,-0.252222,0.111111,0.111111
39.2910,state,-0.293973,-0.277909,0.025527,-0.009632
39.3009,state,-0.291919,-0.277810,-0.052285,-0.009729
39.3110,state,-0.281758,-0.260865,-0.016330,0.254494
39.3116,desired,-0.248890,-0.248890,0.111111,0.111111
39.3209,state,-0.275327,-0.257743,0.159721,-0.009262
39.3309,state,-0.270098,-0.257670,-0.037144,-0.009332
39.3323,state,-0.261056,-0.244833,0.041182,0.348139
39.3409,state,-0.291919,-0.277810,-0.052285,-0.009729
39.3414,desired,-0.245556,-0.245556,0.111111,0.111111
39.3509,state,-0.281758,-0.260865,-0.016330,0.254494
39.3610,state,-0.275327,-0.257743,0.159721,-0.009262
39.3710,state,-0.270098,-0.257670,-0.037144,-0.009332
39.3714,desired,-0.242225,-0.242225,0.111111,0.111111
39.3810,state,-0.261056,-0.244833,0.041182,0.348139
39.3911,state,-0.291919,-0.277810,-0.052285,-0.009729
39.3919,desired,-0.239998,-0.239998,0.111111,0.111111
39.4011,state,-0.281758,-0.260865,-0.016330,0.254494
39.4110,state,-0.275327,-0.257743,0.159721,-0.009262
39.4210,state,-0.270098,-0.257670,-0.037144,-0.009332
39.4216,desired,-0.236669,-0.236669,0.111111,0.111111
39.4310,state,-0.261056,-0.244833,0.041182,0.348139
39.4323,state,-0.258781,-0.235848,-0.044970,-0.008865
39.4332,state,-0.247605,-0.235791,-0.005452,-0.008694
39.4410,state,-0.275327,-0.257743,0.159721,-0.009262
39.4416,desired,-0.234445,-0.234445,0.111111,0.111111
39.4510,state,-0.270098,-0.257670,-0.037144,-0.009332
39.4609,state,-0.261056,-0.244833,0.041182,0.348139
39.4710,state,-0.258781,-0.235848,-0.044970,-0.008865
39.4716,desired,-0.231111,-0.231111,0.111111,0.111111
39.4810,state,-0.247605,-0.235791,-0.005452,-0.008694
39.4910,state,-0.275327,-0.257743,0.159721,-0.009262
39.5010,state,-0.270098,-0.257670,-0.037144,-0.009332
39.5016,desired,-0.227778,-0.227778,0.111111,0.111111
39.5110,state,-0.261056,-0.244833,0.041182,0.348139
39.5210,state,-0.258781,-0.235848,-0.044970,-0.008865
39.5311,state,-0.247605,-0.235791,-0.005452,-0.008694
39.5319,desired,-0.224442,-0.224442,0.111111,0.111111
39.5328,state,-0.241076,-0.229811,0.166838,0.291654
39.5352,state,-0.235841,-0.213252,-0.030291,0.141142
39.5409,state,-0.261056,-0.244833,0.041182,0.348139
39.5511,state,-0.258781,-0.235848,-0.044970,-0.008865
39.5609,state,-0.247605,-0.235791,-0.005452,-0.008694
39.5614,desired,-0.221111,-0.221111,0.111111,0.111111
39.5710,state,-0.241076,-0.229811,0.166838,0.291654
39.5809,state,-0.235841,-0.213252,-0.030291,0.141142
39.5910,state,-0.261056,-0.244833,0.041182,0.348139
39.5916,desired,-0.217778,-0.217778,0.111111,0.111111
39.6009,state,-0.258781,-0.235848,-0.044970,-0.008865
39.6110,state,-0.247605,-0.235791,-0.005452,-0.008694
39.6210,state,-0.241076,-0.229811,0.166838,0.291654
39.6215,desired,-0.214445,-0.214445,0.111111,0.111111
39.6310,state,-0.235841,-0.213252,-0.030291,0.141142
39.6328,state,-0.227658,-0.213133,0.038575,-0.007989
39.6416,desired,-0.212220,-0.212220,0.111111,0.111111
39.6419,state,-0.258781,-0.235848,-0.044970,-0.008865
39.6509,state,-0.247605,-0.235791,-0.005452,-0.008694
39.6609,state,-0.241076,-0.229811,0.166838,0.291654
39.6709,state,-0.235841,-0.213252,-0.030291,0.141142
39.6714,desired,-0.208890,-0.208890,0.111111,0.111111
39.6809,state,-0.227658,-0.213133,0.038575,-0.007989
39.6909,state,-0.258781,-0.235848,-0.044970,-0.008865
39.6915,desired,-0.206667,-0.206667,0.111111,0.111111
39.7010,state,-0.247605,-0.235791,-0.005452,-0.008694
39.7110,state,-0.241076,-0.229811,0.166838,0.291654
39.7116,desired,-0.204445,-0.204445,0.111111,0.111111
39.7210,state,-0.235841,-0.213252,-0.030291,0.141142
39.7309,state,-0.227658,-0.213133,0.038575,-0.007989
39.7323,state,-0.225607,-0.213090,-0.039100,-0.008026
39.7328,state,-0.215448,-0.195834,-0.003109,0.254003
39.7410,state,-0.241076,-0.229811,0.166838,0.291654
39.7416,desired,-0.201112,-0.201112,0.111111,0.111111
39.7510,state,-0.235841,-0.213252,-0.030291,0.141142
39.7609,state,-0.227658,-0.213133,0.038575,-0.007989
39.7710,state,-0.225607,-0.213090,-0.039100,-0.008026
39.7714,desired,-0.197779,-0.197779,0.111111,0.111111
39.7810,state,-0.215448,-0.195834,-0.003109,0.254003
39.7910,state,-0.241076,-0.229811,0.166838,0.291654
39.8010,state,-0.235841,-0.213252,-0.030291,0.141142
39.8016,desired,-0.194445,-0.194445,0.111111,0.111111
39.8110,state,-0.227658,-0.213133,0.038575,-0.007989
39.8209,state,-0.225607,-0.213090,-0.039100,-0.008026
39.8212,desired,-0.192223,-0.192223,0.111111,0.111111
39.8310,state,-0.215448,-0.195834,-0.003109,0.254003
39.8335,state,-0.209017,-0.193030,0.172964,-0.007570
39.8345,state,-0.203790,-0.193011,-0.023876,-0.007586
39.8409,state,-0.227658,-0.213133,0.038575,-0.007989
39.8510,state,-0.225607,-0.213090,-0.039100,-0.008026
39.8516,desired,-0.188890,-0.188890,0.111111,0.111111
39.8609,state,-0.215448,-0.195834,-0.003109,0.254003
39.8709,state,-0.209017,-0.193030,0.172964,-0.007570
39.8810,state,-0.203790,-0.193011,-0.023876,-0.007586
39.8815,desired,-0.185556,-0.185556,0.111111,0.111111
39.8909,state,-0.227658,-0.213133,0.038575,-0.007989
39.9010,state,-0.225607,-0.213090,-0.039100,-0.008026
39.9110,state,-0.215448,-0.195834,-0.003109,0.254003
39.9116,desired,-0.182223,-0.182223,0.111111,0.111111
39.9210,state,-0.209017,-0.193030,0.172964,-0.007570
39.9310,state,-0.203790,-0.193011,-0.023876,-0.007586
39.9316,desired,-0.180000,-0.180000,0.111111,0.111111
39.9326,state,-0.194749,-0.179789,0.054456,0.358299
39.9410,state,-0.225607,-0.213090,-0.039100,-0.008026
39.9510,state,-0.215448,-0.195834,-0.003109,0.254003
39.9609,state,-0.209017,-0.193030,0.172964,-0.007570
39.9616,desired,-0.176668,-0.176668,0.111111,0.111111
39.9710,state,-0.203790,-0.193011,-0.023876,-0.007586
39.9810,state,-0.194749,-0.179789,0.054456,0.358299
39.9816,desired,-0.174445,-0.174445,0.111111,0.111111
39.9909,state,-0.225607,-0.213090,-0.039100,-0.008026
40.0009,state,-0.215448,-0.195834,-0.003109,0.254003
40.0110,state,-0.209017,-0.193030,0.172964,-0.007570
40.0116,desired,-0.171112,-0.171112,0.111111,0.111111
40.0210,state,-0.203790,-0.193011,-0.023876,-0.007586
40.0310,state,-0.194749,-0.179789,0.054456,0.358299
40.0316,desired,-0.168889,-0.168889,0.111111,0.111111
40.0326,state,-0.192475,-0.171230,-0.031666,-0.007161
40.0345,state,-0.182297,-0.171227,0.003643,-0.006955
40.0410,state,-0.209017,-0.193030,0.172964,-0.007570
40.0509,state,-0.203790,-0.193011,-0.023876,-0.007586
40.0609,state,-0.194749,-0.179789,0.054456,0.358299
40.0614,desired,-0.165556,-0.165556,0.111111,0.111111
40.0709,state,-0.192475,-0.171230,-0.031666,-0.007161
40.0810,state,-0.182297,-0.171227,0.003643,-0.006955
40.0816,desired,-0.163334,-0.163334,0.111111,0.111111
40.0910,state,-0.209017,-0.193030,0.172964,-0.007570
40.1010,state,-0.203790,-0.193011,-0.023876,-0.007586
40.1113,desired,-0.160000,-0.160000,0.111111,0.111111
40.1116,state,-0.194749,-0.179789,0.054456,0.358299
40.1209,state,-0.192475,-0.171230,-0.031666,-0.007161
40.1310,state,-0.182297,-0.171227,0.003643,-0.006955
40.1316,desired,-0.157778,-0.157778,0.111111,0.111111
40.1326,state,-0.175321,-0.164994,0.201002,0.308938
40.1336,state,-0.169579,-0.148707,-0.015202,0.126382
40.1410,state,-0.194749,-0.179789,0.054456,0.358299
40.1510,state,-0.192475,-0.171230,-0.031666,-0.007161
40.1610,state,-0.182297,-0.171227,0.003643,-0.006955
40.1616,desired,-0.154445,-0.154445,0.111111,0.111111
40.1710,state,-0.175321,-0.164994,0.201002,0.308938
40.1809,state,-0.169579,-0.148707,-0.015202,0.126382
40.1910,state,-0.194749,-0.179789,0.054456,0.358299
40.1916,desired,-0.151111,-0.151111,0.111111,0.111111
40.2010,state,-0.192475,-0.171230,-0.031666,-0.007161
40.2110,state,-0.182297,-0.171227,0.003643,-0.006955
40.2210,state,-0.175321,-0.164994,0.201002,0.308938
40.2216,desired,-0.147778,-0.147778,0.111111,0.111111
40.2310,state,-0.169579,-0.148707,-0.015202,0.126382
40.2326,state,-0.160495,-0.148653,0.061544,-0.006268
40.2414,desired,-0.145556,-0.145556,0.111111,0.111111
40.2416,state,-0.192475,-0.171230,-0.031666,-0.007161
40.2510,state,-0.182297,-0.171227,0.003643,-0.006955
40.2610,state,-0.175321,-0.164994,0.201002,0.308938
40.2710,state,-0.169579,-0.148707,-0.015202,0.126382
40.2716,desired,-0.142223,-0.142223,0.111111,0.111111
40.2810,state,-0.160495,-0.148653,0.061544,-0.006268
40.2910,state,-0.192475,-0.171230,-0.031666,-0.007161
40.3010,state,-0.182297,-0.171227,0.003643,-0.006955
40.3016,desired,-0.138889,-0.138889,0.111111,0.111111
40.3110,state,-0.175321,-0.164994,0.201002,0.308938
40.3211,state,-0.169579,-0.148707,-0.015202,0.126382
40.3219,desired,-0.136665,-0.136665,0.111111,0.111111
40.3311,state,-0.160495,-0.148653,0.061544,-0.006268
40.3338,state,-0.158218,-0.148664,-0.024706,-0.006260
40.3341,state,-0.149039,-0.131061,0.006363,0.251940
40.3411,state,-0.175321,-0.164994,0.201002,0.308938
40.3420,desired,-0.134442,-0.134442,0.111111,0.111111
40.3509,state,-0.169579,-0.148707,-0.015202,0.126382
40.3610,state,-0.160495,-0.148653,0.061544,-0.006268
40.3709,state,-0.158218,-0.148664,-0.024706,-0.006260
40.3713,desired,-0.131112,-0.131112,0.111111,0.111111
40.3809,state,-0.149039,-0.131061,0.006363,0.251940
40.3910,state,-0.175321,-0.164994,0.201002,0.308938
40.3914,desired,-0.128889,-0.128889,0.111111,0.111111
40.4009,state,-0.169579,-0.148707,-0.015202,0.126382
40.4110,state,-0.160495,-0.148653,0.061544,-0.006268
40.4116,desired,-0.126667,-0.126667,0.111111,0.111111
40.4210,state,-0.158218,-0.148664,-0.024706,-0.006260
40.4309,state,-0.149039,-0.131061,0.006363,0.251940
40.4327,state,-0.142705,-0.128681,0.186061,-0.005792
40.4340,state,-0.137486,-0.128712,-0.010452,-0.005770
40.4410,state,-0.160495,-0.148653,0.061544,-0.006268
40.4415,desired,-0.123334,-0.123334,0.111111,0.111111
40.4511,state,-0.158218,-0.148664,-0.024706,-0.006260
40.4609,state,-0.149039,-0.131061,0.006363,0.251940
40.4613,desired,-0.121111,-0.121111,0.111111,0.111111
40.4710,state,-0.142705,-0.128681,0.186061,-0.005792
40.4809,state,-0.137486,-0.128712,-0.010452,-0.005770
40.4910,state,-0.160495,-0.148653,0.061544,-0.006268
40.4915,desired,-0.117778,-0.117778,0.111111,0.111111
40.5010,state,-0.158218,-0.148664,-0.024706,-0.006260
40.5116,desired,-0.115553,-0.115553,0.111111,0.111111
40.5119,state,-0.149039,-0.131061,0.006363,0.251940
40.5209,state,-0.142705,-0.128681,0.186061,-0.005792
40.5311,state,-0.137486,-0.128712,-0.010452,-0.005770
40.5338,state,-0.128445,-0.115008,0.067927,0.369743
40.5413,desired,-0.112223,-0.112223,0.111111,0.111111
40.5415,state,-0.158218,-0.148664,-0.024706,-0.006260
40.5511,state,-0.149039,-0.131061,0.006363,0.251940
40.5610,state,-0.142705,-0.128681,0.186061,-0.005792
40.5714,desired,-0.108890,-0.108890,0.111111,0.111111
40.5716,state,-0.137486,-0.128712,-0.010452,-0.005770
40.5810,state,-0.128445,-0.115008,0.067927,0.369743
40.5913,desired,-0.106667,-0.106667,0.111111,0.111111
40.5915,state,-0.158218,-0.148664,-0.024706,-0.006260
40.6009,state,-0.149039,-0.131061,0.006363,0.251940
40.6110,state,-0.142705,-0.128681,0.186061,-0.005792
40.6211,state,-0.137486,-0.128712,-0.010452,-0.005770
40.6219,desired,-0.103332,-0.103332,0.111111,0.111111
40.6310,state,-0.128445,-0.115008,0.067927,0.369743
40.6325,state,-0.126171,-0.107036,-0.018185,-0.005349
40.6331,state,-0.115992,-0.107083,0.017147,-0.005134
40.6410,state,-0.142705,-0.128681,0.186061,-0.005792
40.6509,state,-0.137486,-0.128712,-0.010452,-0.005770
40.6513,desired,-0.100000,-0.100000,0.111111,0.111111
40.6610,state,-0.128445,-0.115008,0.067927,0.369743
40.6710,state,-0.126171,-0.107036,-0.018185,-0.005349
40.6810,state,-0.115992,-0.107083,0.017147,-0.005134
40.6816,desired,-0.096667,-0.096667,0.111111,0.111111
40.6910,state,-0.142705,-0.128681,0.186061,-0.005792
40.7010,state,-0.137486,-0.128712,-0.010452,-0.005770
40.7110,state,-0.128445,-0.115008,0.067927,0.369743
40.7116,desired,-0.093333,-0.093333,0.111111,0.111111
40.7210,state,-0.126171,-0.107036,-0.018185,-0.005349
40.7310,state,-0.115992,-0.107083,0.017147,-0.005134
40.7322,state,-0.109016,-0.100512,0.214485,0.330382
40.7339,state,-0.103275,-0.084671,-0.001681,0.103974
40.7410,state,-0.128445,-0.115008,0.067927,0.369743
40.7416,desired,-0.090000,-0.090000,0.111111,0.111111
40.7509,state,-0.126171,-0.107036,-0.018185,-0.005349
40.7609,state,-0.115992,-0.107083,0.017147,-0.005134
40.7709,state,-0.109016,-0.100512,0.214485,0.330382
40.7714,desired,-0.086667,-0.086667,0.111111,0.111111
40.7810,state,-0.103275,-0.084671,-0.001681,0.103974
40.7910,state,-0.128445,-0.115008,0.067927,0.369743
40.8010,state,-0.126171,-0.107036,-0.018185,-0.005349
40.8016,desired,-0.083334,-0.083334,0.111111,0.111111
40.8110,state,-0.115992,-0.107083,0.017147,-0.005134
40.8210,state,-0.109016,-0.100512,0.214485,0.330382
40.8216,desired,-0.081111,-0.081111,0.111111,0.111111
40.8309,state,-0.103275,-0.084671,-0.001681,0.103974
40.8329,state,-0.094194,-0.084679,0.075062,-0.004447
40.8411,state,-0.126171,-0.107036,-0.018185,-0.005349
40.8420,desired,-0.078886,-0.078886,0.111111,0.111111
40.8510,state,-0.115992,-0.107083,0.017147,-0.005134
40.8610,state,-0.109016,-0.100512,0.214485,0.330382
40.8710,state,-0.103275,-0.084671,-0.001681,0.103974
40.8716,desired,-0.075556,-0.075556,0.111111,0.111111
40.8810,state,-0.094194,-0.084679,0.075062,-0.004447
40.8910,state,-0.126171,-0.107036,-0.018185,-0.005349
40.8916,desired,-0.073333,-0.073333,0.111111,0.111111
40.9010,state,-0.115992,-0.107083,0.017147,-0.005134
40.9110,state,-0.109016,-0.100512,0.214485,0.330382
40.9216,desired,-0.069999,-0.069999,0.111111,0.111111
40.9219,state,-0.103275,-0.084671,-0.001681,0.103974
40.9310,state,-0.094194,-0.084679,0.075062,-0.004447
40.9322,state,-0.091917,-0.084738,-0.011162,-0.004410
40.9324,state,-0.082739,-0.066726,0.019920,0.247407
40.9410,state,-0.109016,-0.100512,0.214485,0.330382
40.9510,state,-0.103275,-0.084671,-0.001681,0.103974
40.9516,desired,-0.066668,-0.066668,0.111111,0.111111
40.9610,state,-0.094194,-0.084679,0.075062,-0.004447
40.9710,state,-0.091917,-0.084738,-0.011162,-0.004410
40.9716,desired,-0.064445,-0.064445,0.111111,0.111111
40.9811,state,-0.082739,-0.066726,0.019920,0.247407
40.9910,state,-0.109016,-0.100512,0.214485,0.330382
41.0010,state,-0.103275,-0.084671,-0.001681,0.103974
41.0016,desired,-0.061113,-0.061113,0.111111,0.111111
41.0110,state,-0.094194,-0.084679,0.075062,-0.004447
41.0210,state,-0.091917,-0.084738,-0.011162,-0.004410
41.0313,desired,-0.057780,-0.057780,0.111111,0.111111
41.0315,state,-0.082739,-0.066726,0.019920,0.247407
41.0326,state,-0.076404,-0.064981,0.199628,-0.003892
41.0334,state,-0.071185,-0.065056,0.003125,-0.003850
41.0410,state,-0.094194,-0.084679,0.075062,-0.004447
41.0510,state,-0.091917,-0.084738,-0.011162,-0.004410
41.0609,state,-0.082739,-0.066726,0.019920,0.247407
41.0615,desired,-0.054446,-0.054446,0.111111,0.111111
41.0709,state,-0.076404,-0.064981,0.199628,-0.003892
41.0810,state,-0.071185,-0.065056,0.003125,-0.003850
41.0816,desired,-0.052223,-0.052223,0.111111,0.111111
41.0910,state,-0.094194,-0.084679,0.075062,-0.004447
41.1009,state,-0.091917,-0.084738,-0.011162,-0.004410
41.1114,desired,-0.048891,-0.048891,0.111111,0.111111
41.1116,state,-0.082739,-0.066726,0.019920,0.247407
41.1210,state,-0.076404,-0.064981,0.199628,-0.003892
41.1314,desired,-0.046667,-0.046667,0.111111,0.111111
41.1316,state,-0.071185,-0.065056,0.003125,-0.003850
41.1334,state,-0.062146,-0.050727,0.081499,0.382354
41.1410,state,-0.091917,-0.084738,-0.011162,-0.004410
41.1510,state,-0.082739,-0.066726,0.019920,0.247407
41.1609,state,-0.076404,-0.064981,0.199628,-0.003892
41.1616,desired,-0.043335,-0.043335,0.111111,0.111111
41.1710,state,-0.071185,-0.065056,0.003125,-0.003850
41.1810,state,-0.062146,-0.050727,0.081499,0.382354
41.1910,state,-0.091917,-0.084738,-0.011162,-0.004410
41.1916,desired,-0.040002,-0.040002,0.111111,0.111111
41.2010,state,-0.082739,-0.066726,0.019920,0.247407
41.2110,state,-0.076404,-0.064981,0.199628,-0.003892
41.2210,state,-0.071185,-0.065056,0.003125,-0.003850
41.2216,desired,-0.036668,-0.036668,0.111111,0.111111
41.2309,state,-0.062146,-0.050727,0.081499,0.382354
41.2322,state,-0.059873,-0.043681,-0.004592,-0.003360
41.2339,state,-0.048697,-0.043769,0.034980,-0.003181
41.2410,state,-0.076404,-0.064981,0.199628,-0.003892
41.2418,desired,-0.034443,-0.034443,0.111111,0.111111
41.2510,state,-0.071185,-0.065056,0.003125,-0.003850
41.2609,state,-0.062146,-0.050727,0.081499,0.382354
41.2709,state,-0.059873,-0.043681,-0.004592,-0.003360
41.2716,desired,-0.031113,-0.031113,0.111111,0.111111
41.2810,state,-0.048697,-0.043769,0.034980,-0.003181
41.2910,state,-0.076404,-0.064981,0.199628,-0.003892
41.2916,desired,-0.028890,-0.028890,0.111111,0.111111
41.3010,state,-0.071185,-0.065056,0.003125,-0.003850
41.3109,state,-0.062146,-0.050727,0.081499,0.382354
41.3214,desired,-0.025557,-0.025557,0.111111,0.111111
41.3216,state,-0.059873,-0.043681,-0.004592,-0.003360
41.3309,state,-0.048697,-0.043769,0.034980,-0.003181
41.3322,state,-0.042168,-0.036771,0.207327,0.356052
41.3333,state,-0.036934,-0.021736,0.010223,0.066468
41.3410,state,-0.062146,-0.050727,0.081499,0.382354
41.3510,state,-0.059873,-0.043681,-0.004592,-0.003360
41.3516,desired,-0.022224,-0.022224,0.111111,0.111111
41.3609,state,-0.048697,-0.043769,0.034980,-0.003181
41.3710,state,-0.042168,-0.036771,0.207327,0.356052
41.3810,state,-0.036934,-0.021736,0.010223,0.066468
41.3816,desired,-0.018889,-0.018889,0.111111,0.111111
41.3910,state,-0.062146,-0.050727,0.081499,0.382354
41.4009,state,-0.059873,-0.043681,-0.004592,-0.003360
41.4110,state,-0.048697,-0.043769,0.034980,-0.003181
41.4116,desired,-0.015557,-0.015557,0.111111,0.111111
41.4210,state,-0.042168,-0.036771,0.207327,0.356052
41.4312,state,-0.036934,-0.021736,0.010223,0.066468
41.4317,desired,-0.013331,-0.013331,0.111111,0.111111
41.4327,state,-0.028754,-0.021802,0.079096,-0.002469
41.4410,state,-0.059873,-0.043681,-0.004592,-0.003360
41.4510,state,-0.048697,-0.043769,0.034980,-0.003181
41.4609,state,-0.042168,-0.036771,0.207327,0.356052
41.4614,desired,-0.009998,-0.009998,0.111111,0.111111
41.4710,state,-0.036934,-0.021736,0.010223,0.066468
41.4810,state,-0.028754,-0.021802,0.079096,-0.002469
41.4910,state,-0.059873,-0.043681,-0.004592,-0.003360
41.4916,desired,-0.006666,-0.006666,0.111111,0.111111
41.5010,state,-0.048697,-0.043769,0.034980,-0.003181
41.5110,state,-0.042168,-0.036771,0.207327,0.356052
41.5209,state,-0.036934,-0.021736,0.010223,0.066468
41.5215,desired,-0.003334,-0.003334,0.111111,0.111111
41.5316,state,-0.028754,-0.021802,0.079096,-0.002469
41.5338,state,-0.026704,-0.021899,0.001473,-0.002427
41.5340,state,-0.016545,-0.003487,0.037504,0.241542
41.5410,state,-0.042168,-0.036771,0.207327,0.356052
41.5509,state,-0.036934,-0.021736,0.010223,0.066468
41.5519,desired,-0.000000,-0.000000,0.111111,0.111111
41.5610,state,-0.028754,-0.021802,0.079096,-0.002469
41.5710,state,-0.026704,-0.021899,0.001473,-0.002427
41.5810,state,-0.016545,-0.003487,0.037504,0.241542
41.5820,desired,0.003333,0.003333,0.111111,0.111111
41.5910,state,-0.042168,-0.036771,0.207327,0.356052
41.6010,state,-0.036934,-0.021736,0.010223,0.066468
41.6110,state,-0.028754,-0.021802,0.079096,-0.002469
41.6120,desired,0.006666,0.006666,0.111111,0.111111
41.6210,state,-0.026704,-0.021899,0.001473,-0.002427
41.6312,state,-0.016545,-0.003487,0.037504,0.241542
41.6326,desired,0.008894,0.008894,0.111111,0.111111
41.6354,state,-0.010115,-0.002689,0.213607,-0.001837
41.6375,state,-0.004888,-0.002796,0.016796,-0.001799
41.6410,state,-0.028754,-0.021802,0.079096,-0.002469
41.6510,state,-0.026704,-0.021899,0.001473,-0.002427
41.6610,state,-0.016545,-0.003487,0.037504,0.241542
41.6619,desired,0.012222,0.012222,0.111111,0.111111
41.6710,state,-0.010115,-0.002689,0.213607,-0.001837
41.6810,state,-0.004888,-0.002796,0.016796,-0.001799
41.6818,desired,0.014446,0.014446,0.111111,0.111111
41.6910,state,-0.028754,-0.021802,0.079096,-0.002469
41.7011,state,-0.026704,-0.021899,0.001473,-0.002427
41.7023,desired,0.016669,0.016669,0.111111,0.111111
41.7110,state,-0.016545,-0.003487,0.037504,0.241542
41.7211,state,-0.010115,-0.002689,0.213607,-0.001837
41.7318,desired,0.020003,0.020003,0.111111,0.111111
41.7320,state,-0.004888,-0.002796,0.016796,-0.001799
41.7341,state,0.005014,0.012706,0.104620,0.409162
41.7411,state,-0.026704,-0.021899,0.001473,-0.002427
41.7510,state,-0.016545,-0.003487,0.037504,0.241542
41.7609,state,-0.010115,-0.002689,0.213607,-0.001837
41.7615,desired,0.023333,0.023333,0.111111,0.111111
41.7710,state,-0.004888,-0.002796,0.016796,-0.001799
41.7810,state,0.005014,0.012706,0.104620,0.409162
41.7818,desired,0.025557,0.025557,0.111111,0.111111
41.7910,state,-0.026704,-0.021899,0.001473,-0.002427
41.8010,state,-0.016545,-0.003487,0.037504,0.241542
41.8016,desired,0.027780,0.027780,0.111111,0.111111
41.8110,state,-0.010115,-0.002689,0.213607,-0.001837
41.8210,state,-0.004888,-0.002796,0.016796,-0.001799
41.8314,desired,0.031110,0.031110,0.111111,0.111111
41.8316,state,0.005014,0.012706,0.104620,0.409162
41.8328,state,0.007511,0.019422,0.010043,-0.001337
41.8346,state,0.017706,0.019296,0.044682,-0.001195
41.8410,state,-0.010115,-0.002689,0.213607,-0.001837
41.8510,state,-0.004888,-0.002796,0.016796,-0.001799
41.8609,state,0.005014,0.012706,0.104620,0.409162
41.8616,desired,0.034444,0.034444,0.111111,0.111111
41.8709,state,0.007511,0.019422,0.010043,-0.001337
41.8810,state,0.017706,0.019296,0.044682,-0.001195
41.8910,state,-0.010115,-0.002689,0.213607,-0.001837
41.8916,desired,0.037777,0.037777,0.111111,0.111111
41.9010,state,-0.004888,-0.002796,0.016796,-0.001799
41.9110,state,0.005014,0.012706,0.104620,0.409162
41.9210,state,0.007511,0.019422,0.010043,-0.001337
41.9216,desired,0.041111,0.041111,0.111111,0.111111
41.9311,state,0.017706,0.019296,0.044682,-0.001195
41.9322,state,0.023595,0.025384,0.199318,0.313821
41.9329,state,0.028307,0.038339,0.021880,0.033181
41.9410,state,0.005014,0.012706,0.104620,0.409162
41.9510,state,0.007511,0.019422,0.010043,-0.001337
41.9516,desired,0.044444,0.044444,0.111111,0.111111
41.9609,state,0.017706,0.019296,0.044682,-0.001195
41.9709,state,0.023595,0.025384,0.199318,0.313821
41.9810,state,0.028307,0.038339,0.021880,0.033181
41.9816,desired,0.047777,0.047777,0.111111,0.111111
41.9910,state,0.005014,0.012706,0.104620,0.409162
42.0009,state,0.007511,0.019422,0.010043,-0.001337
42.0110,state,0.017706,0.019296,0.044682,-0.001195
42.0116,desired,0.051111,0.051111,0.111111,0.111111
42.0210,state,0.023595,0.025384,0.199318,0.313821
42.0309,state,0.028307,0.038339,0.021880,0.033181
42.0323,state,0.037306,0.038211,0.101841,-0.000726
42.0410,state,0.007511,0.019422,0.010043,-0.001337
42.0416,desired,0.054444,0.054444,0.111111,0.111111
42.0510,state,0.017706,0.019296,0.044682,-0.001195
42.0610,state,0.023595,0.025384,0.199318,0.313821
42.0710,state,0.028307,0.038339,0.021880,0.033181
42.0716,desired,0.057777,0.057777,0.111111,0.111111
42.0810,state,0.037306,0.038211,0.101841,-0.000726
42.0910,state,0.007511,0.019422,0.010043,-0.001337
42.1010,state,0.017706,0.019296,0.044682,-0.001195
42.1016,desired,0.061111,0.061111,0.111111,0.111111
42.1110,state,0.023595,0.025384,0.199318,0.313821
42.1210,state,0.028307,0.038339,0.021880,0.033181
42.1315,state,0.037306,0.038211,0.101841,-0.000726
42.1322,desired,0.064490,0.064490,0.111111,0.111111
42.1334,state,0.039576,0.038069,0.015872,-0.000695
42.1340,state,0.050752,0.059059,0.055457,0.268349
42.1410,state,0.023595,0.025384,0.199318,0.313821
42.1510,state,0.028307,0.038339,0.021880,0.033181
42.1614,desired,0.067777,0.067777,0.111111,0.111111
42.1616,state,0.037306,0.038211,0.101841,-0.000726
42.1710,state,0.039576,0.038069,0.015872,-0.000695
42.1810,state,0.050752,0.059059,0.055457,0.268349
42.1910,state,0.023595,0.025384,0.199318,0.313821
42.1918,desired,0.071110,0.071110,0.111111,0.111111
42.2010,state,0.028307,0.038339,0.021880,0.033181
42.2110,state,0.037306,0.038211,0.101841,-0.000726
42.2117,desired,0.073335,0.073335,0.111111,0.111111
42.2210,state,0.039576,0.038069,0.015872,-0.000695
42.2312,state,0.050752,0.059059,0.055457,0.268349
42.2325,desired,0.075560,0.075560,0.111111,0.111111
42.2346,state,0.057280,0.060214,0.227800,-0.000318
42.2358,state,0.062515,0.060041,0.030698,-0.000292
42.2410,state,0.037306,0.038211,0.101841,-0.000726
42.2510,state,0.039576,0.038069,0.015872,-0.000695
42.2610,state,0.050752,0.059059,0.055457,0.268349
42.2616,desired,0.078888,0.078888,0.111111,0.111111
42.2709,state,0.057280,0.060214,0.227800,-0.000318
42.2810,state,0.062515,0.060041,0.030698,-0.000292
42.2910,state,0.037306,0.038211,0.101841,-0.000726
42.2918,desired,0.082224,0.082224,0.111111,0.111111
42.3010,state,0.039576,0.038069,0.015872,-0.000695
42.3110,state,0.050752,0.059059,0.055457,0.268349
42.3210,state,0.057280,0.060214,0.227800,-0.000318
42.3218,desired,0.085555,0.085555,0.111111,0.111111
42.3311,state,0.062515,0.060041,0.030698,-0.000292
42.3329,state,0.071556,0.074264,0.109031,0.382389
42.3409,state,0.039576,0.038069,0.015872,-0.000695
42.3509,state,0.050752,0.059059,0.055457,0.268349
42.3514,desired,0.088888,0.088888,0.111111,0.111111
42.3609,state,0.057280,0.060214,0.227800,-0.000318
42.3709,state,0.062515,0.060041,0.030698,-0.000292
42.3809,state,0.071556,0.074264,0.109031,0.382389
42.3814,desired,0.092221,0.092221,0.111111,0.111111
42.3909,state,0.039576,0.038069,0.015872,-0.000695
42.4009,state,0.050752,0.059059,0.055457,0.268349
42.4110,state,0.057280,0.060214,0.227800,-0.000318
42.4116,desired,0.095555,0.095555,0.111111,0.111111
42.4210,state,0.062515,0.060041,0.030698,-0.000292
42.4310,state,0.071556,0.074264,0.109031,0.382389
42.4315,desired,0.097778,0.097778,0.111111,0.111111
42.4323,state,0.073829,0.080266,0.022929,-0.000101
42.4334,state,0.083009,0.080060,0.054029,0.000003
42.4410,state,0.057280,0.060214,0.227800,-0.000318
42.4510,state,0.062515,0.060041,0.030698,-0.000292
42.4610,state,0.071556,0.074264,0.109031,0.382389
42.4619,desired,0.101112,0.101112,0.111111,0.111111
42.4710,state,0.073829,0.080266,0.022929,-0.000101
42.4811,state,0.083009,0.080060,0.054029,0.000003
42.4820,desired,0.103335,0.103335,0.111111,0.111111
42.4910,state,0.057280,0.060214,0.227800,-0.000318
42.5010,state,0.062515,0.060041,0.030698,-0.000292
42.5110,state,0.071556,0.074264,0.109031,0.382389
42.5116,desired,0.106666,0.106666,0.111111,0.111111
42.5210,state,0.073829,0.080266,0.022929,-0.000101
42.5312,state,0.083009,0.080060,0.054029,0.000003
42.5325,desired,0.108892,0.108892,0.111111,0.111111
42.5343,state,0.089343,0.086200,0.233698,0.321839
42.5353,state,0.094561,0.099292,0.037223,0.037043
42.5411,state,0.071556,0.074264,0.109031,0.382389
42.5511,state,0.073829,0.080266,0.022929,-0.000101
42.5611,state,0.083009,0.080060,0.054029,0.000003
42.5625,desired,0.112224,0.112224,0.111111,0.111111
42.5710,state,0.089343,0.086200,0.233698,0.321839
42.5811,state,0.094561,0.099292,0.037223,0.037043
42.5911,state,0.071556,0.074264,0.109031,0.382389
42.5925,desired,0.115558,0.115558,0.111111,0.111111
42.6010,state,0.073829,0.080266,0.022929,-0.000101
42.6111,state,0.083009,0.080060,0.054029,0.000003
42.6210,state,0.089343,0.086200,0.233698,0.321839
42.6216,desired,0.118888,0.118888,0.111111,0.111111
42.6312,state,0.094561,0.099292,0.037223,0.037043
42.6343,state,0.104463,0.099068,0.125067,0.000208
42.6410,state,0.073829,0.080266,0.022929,-0.000101
42.6511,state,0.083009,0.080060,0.054029,0.000003
42.6519,desired,0.122224,0.122224,0.111111,0.111111
42.6610,state,0.089343,0.086200,0.233698,0.321839
42.6711,state,0.094561,0.099292,0.037223,0.037043
42.6810,state,0.104463,0.099068,0.125067,0.000208
42.6816,desired,0.125555,0.125555,0.111111,0.111111
42.6911,state,0.073829,0.080266,0.022929,-0.000101
42.7010,state,0.083009,0.080060,0.054029,0.000003
42.7114,desired,0.128888,0.128888,0.111111,0.111111
42.7116,state,0.089343,0.086200,0.233698,0.321839
42.7210,state,0.094561,0.099292,0.037223,0.037043
42.7309,state,0.104463,0.099068,0.125067,0.000208
42.7324,state,0.106959,0.098827,0.030488,0.000220
42.7326,state,0.117155,0.119680,0.065118,0.268886
42.7410,state,0.089343,0.086200,0.233698,0.321839
42.7418,desired,0.132221,0.132221,0.111111,0.111111
42.7510,state,0.094561,0.099292,0.037223,0.037043
42.7610,state,0.104463,0.099068,0.125067,0.000208
42.7710,state,0.106959,0.098827,0.030488,0.000220
42.7717,desired,0.135555,0.135555,0.111111,0.111111
42.7810,state,0.117155,0.119680,0.065118,0.268886
42.7911,state,0.089343,0.086200,0.233698,0.321839
42.7924,desired,0.137780,0.137780,0.111111,0.111111
42.8010,state,0.094561,0.099292,0.037223,0.037043
42.8110,state,0.104463,0.099068,0.125067,0.000208
42.8210,state,0.106959,0.098827,0.030488,0.000220
42.8220,desired,0.141111,0.141111,0.111111,0.111111
42.8312,state,0.117155,0.119680,0.065118,0.268886
42.8340,state,0.123588,0.120727,0.241079,0.000355
42.8362,state,0.128815,0.120440,0.044266,0.000359
42.8410,state,0.104463,0.099068,0.125067,0.000208
42.8510,state,0.106959,0.098827,0.030488,0.000220
42.8516,desired,0.144444,0.144444,0.111111,0.111111
42.8610,state,0.117155,0.119680,0.065118,0.268886
42.8710,state,0.123588,0.120727,0.241079,0.000355
42.8716,desired,0.146667,0.146667,0.111111,0.111111
42.8810,state,0.128815,0.120440,0.044266,0.000359
42.8910,state,0.104463,0.099068,0.125067,0.000208
42.9014,desired,0.149999,0.149999,0.111111,0.111111
42.9016,state,0.106959,0.098827,0.030488,0.000220
42.9110,state,0.117155,0.119680,0.065118,0.268886
42.9210,state,0.123588,0.120727,0.241079,0.000355
42.9216,desired,0.152221,0.152221,0.111111,0.111111
42.9310,state,0.128815,0.120440,0.044266,0.000359
42.9331,state,0.136995,0.133699,0.113159,0.363900
42.9410,state,0.106959,0.098827,0.030488,0.000220
42.9510,state,0.117155,0.119680,0.065118,0.268886
42.9516,desired,0.155561,0.155561,0.111111,0.111111
42.9610,state,0.123588,0.120727,0.241079,0.000355
42.9709,state,0.128815,0.120440,0.044266,0.000359
42.9813,desired,0.158888,0.158888,0.111111,0.111111
42.9816,state,0.136995,0.133699,0.113159,0.363900
42.9910,state,0.106959,0.098827,0.030488,0.000220
43.0010,state,0.117155,0.119680,0.065118,0.268886
43.0016,desired,0.161111,0.161111,0.111111,0.111111
43.0109,state,0.123588,0.120727,0.241079,0.000355
43.0210,state,0.128815,0.120440,0.044266,0.000359
43.0311,state,0.136995,0.133699,0.113159,0.363900
43.0324,desired,0.164446,0.164446,0.111111,0.111111
43.0353,state,0.139045,0.139192,0.035524,0.000368
43.0370,state,0.150203,0.138862,0.075778,0.000436
43.0409,state,0.123588,0.120727,0.241079,0.000355
43.0510,state,0.128815,0.120440,0.044266,0.000359
43.0610,state,0.136995,0.133699,0.113159,0.363900
43.0617,desired,0.167777,0.167777,0.111111,0.111111
43.0709,state,0.139045,0.139192,0.035524,0.000368
43.0810,state,0.150203,0.138862,0.075778,0.000436
43.0817,desired,0.170000,0.170000,0.111111,0.111111
43.0910,state,0.123588,0.120727,0.241079,0.000355
43.1010,state,0.128815,0.120440,0.044266,0.000359
43.1110,state,0.136995,0.133699,0.113159,0.363900
43.1117,desired,0.173332,0.173332,0.111111,0.111111
43.1210,state,0.139045,0.139192,0.035524,0.000368
43.1309,state,0.150203,0.138862,0.075778,0.000436
43.1327,state,0.156730,0.145866,0.248179,0.372300
43.1340,state,0.161966,0.160671,0.051053,0.060415
43.1410,state,0.136995,0.133699,0.113159,0.363900
43.1417,desired,0.176666,0.176666,0.111111,0.111111
43.1510,state,0.139045,0.139192,0.035524,0.000368
43.1610,state,0.150203,0.138862,0.075778,0.000436
43.1617,desired,0.178890,0.178890,0.111111,0.111111
43.1710,state,0.156730,0.145866,0.248179,0.372300
43.1810,state,0.161966,0.160671,0.051053,0.060415
43.1816,desired,0.181113,0.181113,0.111111,0.111111
43.1910,state,0.136995,0.133699,0.113159,0.363900
43.2010,state,0.139045,0.139192,0.035524,0.000368
43.2018,desired,0.183335,0.183335,0.111111,0.111111
43.2110,state,0.150203,0.138862,0.075778,0.000436
43.2210,state,0.156730,0.145866,0.248179,0.372300
43.2310,state,0.161966,0.160671,0.051053,0.060415
43.2325,desired,0.186664,0.186664,0.111111,0.111111
43.2342,state,0.171008,0.160321,0.129379,0.000505
43.2411,state,0.139045,0.139192,0.035524,0.000368
43.2509,state,0.150203,0.138862,0.075778,0.000436
43.2514,desired,0.188889,0.188889,0.111111,0.111111
43.2609,state,0.156730,0.145866,0.248179,0.372300
43.2710,state,0.161966,0.160671,0.051053,0.060415
43.2810,state,0.171008,0.160321,0.129379,0.000505
43.2817,desired,0.192222,0.192222,0.111111,0.111111
43.2909,state,0.139045,0.139192,0.035524,0.000368
43.3009,state,0.150203,0.138862,0.075778,0.000436
43.3109,state,0.156730,0.145866,0.248179,0.372300
43.3115,desired,0.195555,0.195555,0.111111,0.111111
43.3210,state,0.161966,0.160671,0.051053,0.060415
43.3311,state,0.171008,0.160321,0.129379,0.000505
43.3322,desired,0.197781,0.197781,0.111111,0.111111
43.3342,state,0.173282,0.159942,0.043254,0.000505
43.3349,state,0.183459,0.179151,0.078563,0.253705
43.3410,state,0.156730,0.145866,0.248179,0.372300
43.3510,state,0.161966,0.160671,0.051053,0.060415
43.3610,state,0.171008,0.160321,0.129379,0.000505
43.3616,desired,0.201113,0.201113,0.111111,0.111111
43.3710,state,0.173282,0.159942,0.043254,0.000505
43.3810,state,0.183459,0.179151,0.078563,0.253705
43.3910,state,0.156730,0.145866,0.248179,0.372300
43.3916,desired,0.204444,0.204444,0.111111,0.111111
43.4010,state,0.161966,0.160671,0.051053,0.060415
43.4110,state,0.171008,0.160321,0.129379,0.000505
43.4116,desired,0.206668,0.206668,0.111111,0.111111
43.4210,state,0.173282,0.159942,0.043254,0.000505
43.4310,state,0.183459,0.179151,0.078563,0.253705
43.4337,state,0.189891,0.179764,0.254579,0.000597
43.4348,state,0.195118,0.179342,0.057748,0.000607
43.4411,state,0.171008,0.160321,0.129379,0.000505
43.4417,desired,0.210002,0.210002,0.111111,0.111111
43.4510,state,0.173282,0.159942,0.043254,0.000505
43.4610,state,0.183459,0.179151,0.078563,0.253705
43.4710,state,0.189891,0.179764,0.254579,0.000597
43.4716,desired,0.213333,0.213333,0.111111,0.111111
43.4810,state,0.195118,0.179342,0.057748,0.000607
43.4910,state,0.171008,0.160321,0.129379,0.000505
43.5010,state,0.173282,0.159942,0.043254,0.000505
43.5016,desired,0.216666,0.216666,0.111111,0.111111
43.5110,state,0.183459,0.179151,0.078563,0.253705
43.5210,state,0.189891,0.179764,0.254579,0.000597
43.5216,desired,0.218891,0.218891,0.111111,0.111111
43.5311,state,0.195118,0.179342,0.057748,0.000607
43.5344,state,0.203299,0.192707,0.126640,0.369401
43.5410,state,0.173282,0.159942,0.043254,0.000505
43.5510,state,0.183459,0.179151,0.078563,0.253705
43.5515,desired,0.222224,0.222224,0.111111,0.111111
43.5609,state,0.189891,0.179764,0.254579,0.000597
43.5710,state,0.195118,0.179342,0.057748,0.000607
43.5809,state,0.203299,0.192707,0.126640,0.369401
43.5814,desired,0.225555,0.225555,0.111111,0.111111
43.5910,state,0.173282,0.159942,0.043254,0.000505
43.6010,state,0.183459,0.179151,0.078563,0.253705
43.6110,state,0.189891,0.179764,0.254579,0.000597
43.6115,desired,0.228890,0.228890,0.111111,0.111111
43.6209,state,0.195118,0.179342,0.057748,0.000607
43.6310,state,0.203299,0.192707,0.126640,0.369401
43.6327,state,0.205350,0.198169,0.048982,0.000699
43.6354,state,0.215507,0.197712,0.084972,0.000804
43.6409,state,0.189891,0.179764,0.254579,0.000597
43.6415,desired,0.232220,0.232220,0.111111,0.111111
43.6510,state,0.195118,0.179342,0.057748,0.000607
43.6609,state,0.203299,0.192707,0.126640,0.369401
43.6614,desired,0.234443,0.234443,0.111111,0.111111
43.6709,state,0.205350,0.198169,0.048982,0.000699
43.6809,state,0.215507,0.197712,0.084972,0.000804
43.6814,desired,0.236666,0.236666,0.111111,0.111111
43.6910,state,0.189891,0.179764,0.254579,0.000597
43.7009,state,0.195118,0.179342,0.057748,0.000607
43.7109,state,0.203299,0.192707,0.126640,0.369401
43.7114,desired,0.240000,0.240000,0.111111,0.111111
43.7216,state,0.205350,0.198169,0.048982,0.000699
43.7311,state,0.215507,0.197712,0.084972,0.000804
43.7329,state,0.222482,0.204564,0.282396,0.371310
43.7342,state,0.228225,0.219191,0.066173,0.060023
43.7409,state,0.203299,0.192707,0.126640,0.369401
43.7415,desired,0.243333,0.243333,0.111111,0.111111
43.7509,state,0.205350,0.198169,0.048982,0.000699
43.7609,state,0.215507,0.197712,0.084972,0.000804
43.7709,state,0.222482,0.204564,0.282396,0.371310
43.7715,desired,0.246666,0.246666,0.111111,0.111111
43.7809,state,0.228225,0.219191,0.066173,0.060023
43.7909,state,0.203299,0.192707,0.126640,0.369401
43.8009,state,0.205350,0.198169,0.048982,0.000699
43.8013,desired,0.249999,0.249999,0.111111,0.111111
43.8109,state,0.215507,0.197712,0.084972,0.000804
43.8209,state,0.222482,0.204564,0.282396,0.371310
43.8214,desired,0.252221,0.252221,0.111111,0.111111
43.8311,state,0.228225,0.219191,0.066173,0.060023
43.8358,state,0.237309,0.218733,0.142903,0.001186
43.8411,state,0.205350,0.198169,0.048982,0.000699
43.8418,desired,0.254447,0.254447,0.111111,0.111111
43.8510,state,0.215507,0.197712,0.084972,0.000804
43.8611,state,0.222482,0.204564,0.282396,0.371310
43.8709,state,0.228225,0.219191,0.066173,0.060023
43.8716,desired,0.257777,0.257777,0.111111,0.111111
43.8809,state,0.237309,0.218733,0.142903,0.001186
43.8909,state,0.205350,0.198169,0.048982,0.000699
43.9010,state,0.215507,0.197712,0.084972,0.000804
43.9018,desired,0.261113,0.261113,0.111111,0.111111
43.9110,state,0.222482,0.204564,0.282396,0.371310
43.9210,state,0.228225,0.219191,0.066173,0.060023
43.9310,state,0.237309,0.218733,0.142903,0.001186
43.9318,desired,0.264443,0.264443,0.111111,0.111111
43.9323,state,0.239586,0.218253,0.056635,0.001264
43.9325,state,0.249765,0.237354,0.091913,0.254350
43.9410,state,0.222482,0.204564,0.282396,0.371310
43.9510,state,0.228225,0.219191,0.066173,0.060023
43.9515,desired,0.266666,0.266666,0.111111,0.111111
43.9609,state,0.237309,0.218733,0.142903,0.001186
43.9710,state,0.239586,0.218253,0.056635,0.001264
43.9809,state,0.249765,0.237354,0.091913,0.254350
43.9814,desired,0.269999,0.269999,0.111111,0.111111
43.9909,state,0.222482,0.204564,0.282396,0.371310
44.0010,state,0.228225,0.219191,0.066173,0.060023
44.0110,state,0.237309,0.218733,0.142903,0.001186
44.0116,desired,0.273333,0.273333,0.111111,0.111111
44.0210,state,0.239586,0.218253,0.056635,0.001264
44.0310,state,0.249765,0.237354,0.091913,0.254350
44.0315,desired,0.275555,0.275555,0.111111,0.111111
44.0342,state,0.256198,0.237876,0.267967,0.001797
44.0346,state,0.261428,0.237387,0.071063,0.001926
44.0412,state,0.237309,0.218733,0.142903,0.001186
44.0510,state,0.239586,0.218253,0.056635,0.001264
44.0611,state,0.249765,0.237354,0.091913,0.254350
44.0625,desired,0.278890,0.278890,0.111111,0.111111
44.0711,state,0.256198,0.237876,0.267967,0.001797
44.0811,state,0.261428,0.237387,0.071063,0.001926
44.0824,desired,0.281112,0.281112,0.111111,0.111111
44.0910,state,0.237309,0.218733,0.142903,0.001186
44.1010,state,0.239586,0.218253,0.056635,0.001264
44.1118,desired,0.284443,0.284443,0.111111,0.111111
44.1122,state,0.249765,0.237354,0.091913,0.254350
44.1211,state,0.256198,0.237876,0.267967,0.001797
44.1311,state,0.261428,0.237387,0.071063,0.001926
44.1325,desired,0.286667,0.286667,0.111111,0.111111
44.1338,state,0.270468,0.251278,0.149363,0.384269
44.1411,state,0.239586,0.218253,0.056635,0.001264
44.1510,state,0.249765,0.237354,0.091913,0.254350
44.1611,state,0.256198,0.237876,0.267967,0.001797
44.1624,desired,0.290002,0.290002,0.111111,0.111111
44.1710,state,0.261428,0.237387,0.071063,0.001926
44.1811,state,0.270468,0.251278,0.149363,0.384269
44.1911,state,0.239586,0.218253,0.056635,0.001264
44.1924,desired,0.293335,0.293335,0.111111,0.111111
44.2011,state,0.249765,0.237354,0.091913,0.254350
44.2110,state,0.256198,0.237876,0.267967,0.001797
44.2211,state,0.261428,0.237387,0.071063,0.001926
44.2225,desired,0.296669,0.296669,0.111111,0.111111
44.2312,state,0.270468,0.251278,0.149363,0.384269
44.2338,state,0.272742,0.257437,0.063231,0.002563
44.2342,state,0.281921,0.256957,0.094273,0.002850
44.2411,state,0.256198,0.237876,0.267967,0.001797
44.2419,desired,0.298893,0.298893,0.111111,0.111111
44.2510,state,0.261428,0.237387,0.071063,0.001926
44.2610,state,0.270468,0.251278,0.149363,0.384269
44.2710,state,0.272742,0.257437,0.063231,0.002563
44.2716,desired,0.302221,0.302221,0.111111,0.111111
44.2810,state,0.281921,0.256957,0.094273,0.002850
44.2910,state,0.256198,0.237876,0.267967,0.001797
44.2916,desired,0.304444,0.304444,0.111111,0.111111
44.3010,state,0.261428,0.237387,0.071063,0.001926
44.3110,state,0.270468,0.251278,0.149363,0.384269
44.3210,state,0.272742,0.257437,0.063231,0.002563
44.3219,desired,0.307780,0.307780,0.111111,0.111111
44.3310,state,0.281921,0.256957,0.094273,0.002850
44.3340,state,0.288255,0.262352,0.273955,0.300323
44.3349,state,0.293476,0.275991,0.077383,0.088710
44.3411,state,0.270468,0.251278,0.149363,0.384269
44.3422,desired,0.310002,0.310002,0.111111,0.111111
44.3510,state,0.272742,0.257437,0.063231,0.002563
44.3610,state,0.281921,0.256957,0.094273,0.002850
44.3618,desired,0.312226,0.312226,0.111111,0.111111
44.3710,state,0.288255,0.262352,0.273955,0.300323
44.3810,state,0.293476,0.275991,0.077383,0.088710
44.3910,state,0.270468,0.251278,0.149363,0.384269
44.3917,desired,0.315555,0.315555,0.111111,0.111111
44.4010,state,0.272742,0.257437,0.063231,0.002563
44.4110,state,0.281921,0.256957,0.094273,0.002850
44.4210,state,0.288255,0.262352,0.273955,0.300323
44.4218,desired,0.318888,0.318888,0.111111,0.111111
44.4310,state,0.293476,0.275991,0.077383,0.088710
44.4329,state,0.303381,0.275571,0.165206,0.003888
44.4409,state,0.272742,0.257437,0.063231,0.002563
44.4510,state,0.281921,0.256957,0.094273,0.002850
44.4516,desired,0.322221,0.322221,0.111111,0.111111
44.4610,state,0.288255,0.262352,0.273955,0.300323
44.4709,state,0.293476,0.275991,0.077383,0.088710
44.4809,state,0.303381,0.275571,0.165206,0.003888
44.4815,desired,0.325553,0.325553,0.111111,0.111111
44.4909,state,0.272742,0.257437,0.063231,0.002563
44.5015,desired,0.327776,0.327776,0.111111,0.111111
44.5018,state,0.281921,0.256957,0.094273,0.002850
44.5109,state,0.288255,0.262352,0.273955,0.300323
44.5209,state,0.293476,0.275991,0.077383,0.088710
44.5309,state,0.303381,0.275571,0.165206,0.003888
44.5316,desired,0.331109,0.331109,0.111111,0.111111
44.5331,state,0.305881,0.275124,0.070542,0.004119
44.5333,state,0.316076,0.294495,0.105098,0.291874
44.5410,state,0.288255,0.262352,0.273955,0.300323
44.5509,state,0.293476,0.275991,0.077383,0.088710
44.5516,desired,0.333332,0.333332,0.111111,0.111111
44.5609,state,0.303381,0.275571,0.165206,0.003888
44.5710,state,0.305881,0.275124,0.070542,0.004119
44.5810,state,0.316076,0.294495,0.105098,0.291874
44.5816,desired,0.336665,0.336665,0.111111,0.111111
44.5909,state,0.288255,0.262352,0.273955,0.300323
44.6027,desired,0.338888,0.338888,0.111111,0.111111
44.6029,state,0.293476,0.275991,0.077383,0.088710
44.6110,state,0.303381,0.275571,0.165206,0.003888
44.6210,state,0.305881,0.275124,0.070542,0.004119
44.6310,state,0.316076,0.294495,0.105098,0.291874
44.6314,desired,0.342221,0.342221,0.111111,0.111111
44.6332,state,0.322509,0.296958,0.281007,0.005257
44.6347,state,0.327737,0.296546,0.084134,0.005522
44.6410,state,0.303381,0.275571,0.165206,0.003888
44.6509,state,0.305881,0.275124,0.070542,0.004119
44.6609,state,0.316076,0.294495,0.105098,0.291874
44.6614,desired,0.345554,0.345554,0.111111,0.111111
44.6709,state,0.322509,0.296958,0.281007,0.005257
44.6809,state,0.327737,0.296546,0.084134,0.005522
44.6815,desired,0.347777,0.347777,0.111111,0.111111
44.6909,state,0.303381,0.275571,0.165206,0.003888
44.7009,state,0.305881,0.275124,0.070542,0.004119
44.7110,state,0.316076,0.294495,0.105098,0.291874
44.7116,desired,0.351110,0.351110,0.111111,0.111111
44.7210,state,0.322509,0.296958,0.281007,0.005257
44.7311,state,0.327737,0.296546,0.084134,0.005522
44.7319,desired,0.353337,0.353337,0.111111,0.111111
44.7334,state,0.336782,0.308493,0.162457,0.348499
44.7410,state,0.305881,0.275124,0.070542,0.004119
44.7509,state,0.316076,0.294495,0.105098,0.291874
44.7614,desired,0.356665,0.356665,0.111111,0.111111
44.7616,state,0.322509,0.296958,0.281007,0.005257
44.7710,state,0.327737,0.296546,0.084134,0.005522
44.7809,state,0.336782,0.308493,0.162457,0.348499
44.7815,desired,0.358888,0.358888,0.111111,0.111111
44.7910,state,0.305881,0.275124,0.070542,0.004119
44.8009,state,0.316076,0.294495,0.105098,0.291874
44.8114,desired,0.362220,0.362220,0.111111,0.111111
44.8116,state,0.322509,0.296958,0.281007,0.005257
44.8210,state,0.327737,0.296546,0.084134,0.005522
44.8312,state,0.336782,0.308493,0.162457,0.348499
44.8320,desired,0.364448,0.364448,0.111111,0.111111
44.8328,state,0.339057,0.316673,0.076264,0.006480
44.8340,state,0.349237,0.316303,0.111508,0.006985
44.8409,state,0.322509,0.296958,0.281007,0.005257
44.8511,state,0.327737,0.296546,0.084134,0.005522
44.8610,state,0.336782,0.308493,0.162457,0.348499
44.8616,desired,0.367776,0.367776,0.111111,0.111111
44.8710,state,0.339057,0.316673,0.076264,0.006480
44.8810,state,0.349237,0.316303,0.111508,0.006985
44.8911,state,0.322509,0.296958,0.281007,0.005257
44.8919,desired,0.371113,0.371113,0.111111,0.111111
44.9010,state,0.327737,0.296546,0.084134,0.005522
44.9110,state,0.336782,0.308493,0.162457,0.348499
44.9210,state,0.339057,0.316673,0.076264,0.006480
44.9216,desired,0.374443,0.374443,0.111111,0.111111
44.9311,state,0.349237,0.316303,0.111508,0.006985
44.9330,state,0.355124,0.320876,0.266099,0.256911
44.9345,state,0.359838,0.335505,0.088609,0.158646
44.9410,state,0.336782,0.308493,0.162457,0.348499
44.9416,desired,0.376667,0.376667,0.111111,0.111111
44.9509,state,0.339057,0.316673,0.076264,0.006480
44.9609,state,0.349237,0.316303,0.111508,0.006985
44.9710,state,0.355124,0.320876,0.266099,0.256911
44.9716,desired,0.379998,0.379998,0.111111,0.111111
44.9809,state,0.359838,0.335505,0.088609,0.158646
44.9911,state,0.336782,0.308493,0.162457,0.348499
44.9919,desired,0.382225,0.382225,0.111111,0.111111
45.0010,state,0.339057,0.316673,0.076264,0.006480
45.0109,state,0.349237,0.316303,0.111508,0.006985
45.0210,state,0.355124,0.320876,0.266099,0.256911
45.0216,desired,0.385555,0.385555,0.111111,0.111111
45.0311,state,0.359838,0.335505,0.088609,0.158646
45.0346,state,0.369700,0.335260,0.177970,0.008518
45.0411,state,0.339057,0.316673,0.076264,0.006480
45.0419,desired,0.387780,0.387780,0.111111,0.111111
45.0509,state,0.349237,0.316303,0.111508,0.006985
45.0610,state,0.355124,0.320876,0.266099,0.256911
45.0710,state,0.359838,0.335505,0.088609,0.158646
45.0716,desired,0.391110,0.391110,0.111111,0.111111
45.0809,state,0.369700,0.335260,0.177970,0.008518
45.0910,state,0.339057,0.316673,0.076264,0.006480
45.0916,desired,0.393333,0.393333,0.111111,0.111111
45.1010,state,0.349237,0.316303,0.111508,0.006985
45.1111,state,0.355124,0.320876,0.266099,0.256911
45.1118,desired,0.395557,0.395557,0.111111,0.111111
45.1210,state,0.359838,0.335505,0.088609,0.158646
45.1311,state,0.369700,0.335260,0.177970,0.008518
45.1321,desired,0.397780,0.397780,0.111111,0.111111
45.1344,state,0.372197,0.334958,0.083413,0.008788
45.1345,state,0.382396,0.353036,0.117963,0.304883
45.1410,state,0.355124,0.320876,0.266099,0.256911
45.1510,state,0.359838,0.335505,0.088609,0.158646
45.1614,desired,0.401109,0.401109,0.111111,0.111111
45.1616,state,0.369700,0.335260,0.177970,0.008518
45.1711,state,0.372197,0.334958,0.083413,0.008788
45.1809,state,0.382396,0.353036,0.117963,0.304883
45.1910,state,0.355124,0.320876,0.266099,0.256911
45.1916,desired,0.404442,0.404442,0.111111,0.111111
45.2010,state,0.359838,0.335505,0.088609,0.158646
45.2110,state,0.369700,0.335260,0.177970,0.008518
45.2118,desired,0.406667,0.406667,0.111111,0.111111
45.2209,state,0.372197,0.334958,0.083413,0.008788
45.2311,state,0.382396,0.353036,0.117963,0.304883
45.2332,state,0.388830,0.356645,0.293865,0.010749
45.2353,state,0.394061,0.356430,0.096929,0.010973
45.2410,state,0.369700,0.335260,0.177970,0.008518
45.2416,desired,0.410001,0.410001,0.111111,0.111111
45.2510,state,0.372197,0.334958,0.083413,0.008788
45.2610,state,0.382396,0.353036,0.117963,0.304883
45.2710,state,0.388830,0.356645,0.293865,0.010749
45.2716,desired,0.413331,0.413331,0.111111,0.111111
45.2810,state,0.394061,0.356430,0.096929,0.010973
45.2910,state,0.369700,0.335260,0.177970,0.008518
45.2916,desired,0.415554,0.415554,0.111111,0.111111
45.3010,state,0.372197,0.334958,0.083413,0.008788
45.3110,state,0.382396,0.353036,0.117963,0.304883
45.3116,desired,0.417777,0.417777,0.111111,0.111111
45.3209,state,0.388830,0.356645,0.293865,0.010749
45.3310,state,0.394061,0.356430,0.096929,0.010973
45.3314,desired,0.420001,0.420001,0.111111,0.111111
45.3334,state,0.403103,0.367164,0.175196,0.323963
45.3411,state,0.372197,0.334958,0.083413,0.008788
45.3510,state,0.382396,0.353036,0.117963,0.304883
45.3610,state,0.388830,0.356645,0.293865,0.010749
45.3618,desired,0.423331,0.423331,0.111111,0.111111
45.3711,state,0.394061,0.356430,0.096929,0.010973
45.3810,state,0.403103,0.367164,0.175196,0.323963
45.3818,desired,0.425555,0.425555,0.111111,0.111111
45.3911,state,0.372197,0.334958,0.083413,0.008788
45.4009,state,0.382396,0.353036,0.117963,0.304883
45.4110,state,0.388830,0.356645,0.293865,0.010749
45.4119,desired,0.428888,0.428888,0.111111,0.111111
45.4210,state,0.394061,0.356430,0.096929,0.010973
45.4310,state,0.403103,0.367164,0.175196,0.323963
45.4335,state,0.405379,0.376373,0.088990,0.012638
45.4346,state,0.415559,0.376240,0.124200,0.013038
45.4410,state,0.388830,0.356645,0.293865,0.010749
45.4417,desired,0.432223,0.432223,0.111111,0.111111
45.4509,state,0.394061,0.356430,0.096929,0.010973
45.4610,state,0.403103,0.367164,0.175196,0.323963
45.4709,state,0.405379,0.376373,0.088990,0.012638
45.4716,desired,0.435554,0.435554,0.111111,0.111111
45.4810,state,0.415559,0.376240,0.124200,0.013038
45.4910,state,0.388830,0.356645,0.293865,0.010749
45.5010,state,0.394061,0.356430,0.096929,0.010973
45.5016,desired,0.438887,0.438887,0.111111,0.111111
45.5110,state,0.403103,0.367164,0.175196,0.323963
45.5210,state,0.405379,0.376373,0.088990,0.012638
45.5309,state,0.415559,0.376240,0.124200,0.013038
45.5315,desired,0.442219,0.442219,0.111111,0.111111
45.5342,state,0.421449,0.380359,0.278825,0.228214
45.5363,state,0.426165,0.395290,0.101241,0.195556
45.5410,state,0.403103,0.367164,0.175196,0.323963
45.5510,state,0.405379,0.376373,0.088990,0.012638
45.5516,desired,0.444443,0.444443,0.111111,0.111111
45.5609,state,0.415559,0.376240,0.124200,0.013038
45.5709,state,0.421449,0.380359,0.278825,0.228214
45.5809,state,0.426165,0.395290,0.101241,0.195556
45.5814,desired,0.447776,0.447776,0.111111,0.111111
45.5909,state,0.403103,0.367164,0.175196,0.323963
45.6010,state,0.405379,0.376373,0.088990,0.012638
45.6014,desired,0.449999,0.449999,0.111111,0.111111
45.6109,state,0.415559,0.376240,0.124200,0.013038
45.6210,state,0.421449,0.380359,0.278825,0.228214
45.6311,state,0.426165,0.395290,0.101241,0.195556
45.6320,desired,0.453336,0.453336,0.111111,0.111111
45.6346,state,0.436027,0.395334,0.190554,0.015109
45.6410,state,0.405379,0.376373,0.088990,0.012638
45.6510,state,0.415559,0.376240,0.124200,0.013038
45.6610,state,0.421449,0.380359,0.278825,0.228214
45.6616,desired,0.456665,0.456665,0.111111,0.111111
45.6710,state,0.426165,0.395290,0.101241,0.195556
45.6811,state,0.436027,0.395334,0.190554,0.015109
45.6819,desired,0.458890,0.458890,0.111111,0.111111
45.6910,state,0.405379,0.376373,0.088990,0.012638
45.7009,state,0.415559,0.376240,0.124200,0.013038
45.7109,state,0.421449,0.380359,0.278825,0.228214
45.7115,desired,0.462220,0.462220,0.111111,0.111111
45.7210,state,0.426165,0.395290,0.101241,0.195556
45.7309,state,0.436027,0.395334,0.190554,0.015109
45.7329,state,0.438524,0.395292,0.095975,0.015164
45.7331,state,0.448722,0.412354,0.130475,0.310500
45.7410,state,0.421449,0.380359,0.278825,0.228214
45.7416,desired,0.465555,0.465555,0.111111,0.111111
45.7509,state,0.426165,0.395290,0.101241,0.195556
45.7609,state,0.436027,0.395334,0.190554,0.015109
45.7709,state,0.438524,0.395292,0.095975,0.015164
45.7714,desired,0.468889,0.468889,0.111111,0.111111
45.7810,state,0.448722,0.412354,0.130475,0.310500
45.7910,state,0.421449,0.380359,0.278825,0.228214
45.8009,state,0.426165,0.395290,0.101241,0.195556
45.8016,desired,0.472221,0.472221,0.111111,0.111111
45.8110,state,0.436027,0.395334,0.190554,0.015109
45.8210,state,0.438524,0.395292,0.095975,0.015164
45.8218,desired,0.474446,0.474446,0.111111,0.111111
45.8311,state,0.448722,0.412354,0.130475,0.310500
45.8343,state,0.455158,0.417659,0.306370,0.017325
45.8370,state,0.460390,0.417701,0.109376,0.017323
45.8411,state,0.436027,0.395334,0.190554,0.015109
45.8419,desired,0.476671,0.476671,0.111111,0.111111
45.8510,state,0.438524,0.395292,0.095975,0.015164
45.8610,state,0.448722,0.412354,0.130475,0.310500
45.8710,state,0.455158,0.417659,0.306370,0.017325
45.8715,desired,0.480000,0.480000,0.111111,0.111111
45.8811,state,0.460390,0.417701,0.109376,0.017323
45.8910,state,0.436027,0.395334,0.190554,0.015109
45.9011,state,0.438524,0.395292,0.095975,0.015164
45.9017,desired,0.483334,0.483334,0.111111,0.111111
45.9110,state,0.448722,0.412354,0.130475,0.310500
45.9210,state,0.455158,0.417659,0.306370,0.017325
45.9310,state,0.460390,0.417701,0.109376,0.017323
45.9317,desired,0.486665,0.486665,0.111111,0.111111
45.9341,state,0.469436,0.427533,0.187643,0.303694
45.9410,state,0.438524,0.395292,0.095975,0.015164
45.9510,state,0.448722,0.412354,0.130475,0.310500
45.9516,desired,0.488888,0.488888,0.111111,0.111111
45.9609,state,0.455158,0.417659,0.306370,0.017325
45.9710,state,0.460390,0.417701,0.109376,0.017323
45.9810,state,0.469436,0.427533,0.187643,0.303694
45.9816,desired,0.492222,0.492222,0.111111,0.111111
45.9909,state,0.438524,0.395292,0.095975,0.015164
46.0010,state,0.448722,0.412354,0.130475,0.310500
46.0109,state,0.455158,0.417659,0.306370,0.017325
46.0116,desired,0.495554,0.495554,0.111111,0.111111
46.0210,state,0.460390,0.417701,0.109376,0.017323
46.0310,state,0.469436,0.427533,0.187643,0.303694
46.0318,desired,0.497779,0.497779,0.111111,0.111111
46.0333,state,0.471714,0.437957,0.101369,0.058036
46.0335,state,0.480895,0.438075,0.132304,0.018953
46.0410,state,0.455158,0.417659,0.306370,0.017325
46.0509,state,0.460390,0.417701,0.109376,0.017323
46.0614,desired,0.501111,0.501111,0.111111,0.111111
46.0616,state,0.469436,0.427533,0.187643,0.303694
46.0709,state,0.471714,0.437957,0.101369,0.058036
46.0810,state,0.480895,0.438075,0.132304,0.018953
46.0914,desired,0.504444,0.504444,0.111111,0.111111
46.0916,state,0.455158,0.417659,0.306370,0.017325
46.1011,state,0.460390,0.417701,0.109376,0.017323
46.1110,state,0.469436,0.427533,0.187643,0.303694
46.1214,desired,0.507778,0.507778,0.111111,0.111111
46.1216,state,0.471714,0.437957,0.101369,0.058036
46.1309,state,0.480895,0.438075,0.132304,0.018953
46.1340,state,0.487773,0.442250,0.333186,0.225906
46.1350,state,0.493511,0.457949,0.117163,0.224142
46.1410,state,0.469436,0.427533,0.187643,0.303694
46.1416,desired,0.510000,0.510000,0.111111,0.111111
46.1510,state,0.471714,0.437957,0.101369,0.058036
46.1610,state,0.480895,0.438075,0.132304,0.018953
46.1710,state,0.487773,0.442250,0.333186,0.225906
46.1716,desired,0.513334,0.513334,0.111111,0.111111
46.1810,state,0.493511,0.457949,0.117163,0.224142
46.1910,state,0.469436,0.427533,0.187643,0.303694
46.2010,state,0.471714,0.437957,0.101369,0.058036
46.2016,desired,0.516666,0.516666,0.111111,0.111111
46.2110,state,0.480895,0.438075,0.132304,0.018953
46.2210,state,0.487773,0.442250,0.333186,0.225906
46.2216,desired,0.518889,0.518889,0.111111,0.111111
46.2311,state,0.493511,0.457949,0.117163,0.224142
46.2339,state,0.502601,0.460173,0.193860,0.020651
46.2410,state,0.471714,0.437957,0.101369,0.058036
46.2416,desired,0.521111,0.521111,0.111111,0.111111
46.2510,state,0.480895,0.438075,0.132304,0.018953
46.2609,state,0.487773,0.442250,0.333186,0.225906
46.2711,state,0.493511,0.457949,0.117163,0.224142
46.2717,desired,0.524445,0.524445,0.111111,0.111111
46.2810,state,0.502601,0.460173,0.193860,0.020651
46.2911,state,0.471714,0.437957,0.101369,0.058036
46.2917,desired,0.526668,0.526668,0.111111,0.111111
46.3010,state,0.480895,0.438075,0.132304,0.018953
46.3109,state,0.487773,0.442250,0.333186,0.225906
46.3210,state,0.493511,0.457949,0.117163,0.224142
46.3216,desired,0.529999,0.529999,0.111111,0.111111
46.3310,state,0.502601,0.460173,0.193860,0.020651
46.3340,state,0.504883,0.460316,0.107421,0.020467
46.3342,state,0.515065,0.474839,0.142550,0.281753
46.3410,state,0.487773,0.442250,0.333186,0.225906
46.3416,desired,0.532223,0.532223,0.111111,0.111111
46.3511,state,0.493511,0.457949,0.117163,0.224142
46.3610,state,0.502601,0.460173,0.193860,0.020651
46.3711,state,0.504883,0.460316,0.107421,0.020467
46.3719,desired,0.535557,0.535557,0.111111,0.111111
46.3809,state,0.515065,0.474839,0.142550,0.281753
46.3910,state,0.487773,0.442250,0.333186,0.225906
46.4010,state,0.493511,0.457949,0.117163,0.224142
46.4016,desired,0.538888,0.538888,0.111111,0.111111
46.4109,state,0.502601,0.460173,0.193860,0.020651
46.4210,state,0.504883,0.460316,0.107421,0.020467
46.4309,state,0.515065,0.474839,0.142550,0.281753
46.4315,desired,0.542220,0.542220,0.111111,0.111111
46.4355,state,0.521499,0.481232,0.318443,0.061628
46.4366,state,0.526732,0.481427,0.121419,0.021744
46.4410,state,0.502601,0.460173,0.193860,0.020651
46.4510,state,0.504883,0.460316,0.107421,0.020467
46.4516,desired,0.544444,0.544444,0.111111,0.111111
46.4611,state,0.515065,0.474839,0.142550,0.281753
46.4709,state,0.521499,0.481232,0.318443,0.061628
46.4809,state,0.526732,0.481427,0.121419,0.021744
46.4815,desired,0.547777,0.547777,0.111111,0.111111
46.4909,state,0.502601,0.460173,0.193860,0.020651
46.5009,state,0.504883,0.460316,0.107421,0.020467
46.5110,state,0.515065,0.474839,0.142550,0.281753
46.5118,desired,0.551113,0.551113,0.111111,0.111111
46.5210,state,0.521499,0.481232,0.318443,0.061628
46.5312,state,0.526732,0.481427,0.121419,0.021744
46.5325,desired,0.553336,0.553336,0.111111,0.111111
46.5346,state,0.534916,0.489971,0.190183,0.273819
46.5411,state,0.504883,0.460316,0.107421,0.020467
46.5511,state,0.515065,0.474839,0.142550,0.281753
46.5610,state,0.521499,0.481232,0.318443,0.061628
46.5616,desired,0.556668,0.556668,0.111111,0.111111
46.5710,state,0.526732,0.481427,0.121419,0.021744
46.5809,state,0.534916,0.489971,0.190183,0.273819
46.5910,state,0.504883,0.460316,0.107421,0.020467
46.5916,desired,0.560001,0.560001,0.111111,0.111111
46.6010,state,0.515065,0.474839,0.142550,0.281753
46.6110,state,0.521499,0.481232,0.318443,0.061628
46.6211,state,0.526732,0.481427,0.121419,0.021744
46.6219,desired,0.563335,0.563335,0.111111,0.111111
46.6311,state,0.534916,0.489971,0.190183,0.273819
46.6345,state,0.536970,0.500466,0.112380,0.087251
46.6348,state,0.548134,0.506935,0.152415,0.113071
46.6411,state,0.521499,0.481232,0.318443,0.061628
46.6510,state,0.526732,0.481427,0.121419,0.021744
46.6515,desired,0.566667,0.566667,0.111111,0.111111
46.6610,state,0.534916,0.489971,0.190183,0.273819
46.6710,state,0.536970,0.500466,0.112380,0.087251
46.6810,state,0.548134,0.506935,0.152415,0.113071
46.6816,desired,0.570002,0.570002,0.111111,0.111111
46.6910,state,0.521499,0.481232,0.318443,0.061628
46.7010,state,0.526732,0.481427,0.121419,0.021744
46.7113,desired,0.573332,0.573332,0.111111,0.111111
46.7115,state,0.534916,0.489971,0.190183,0.273819
46.7210,state,0.536970,0.500466,0.112380,0.087251
46.7310,state,0.548134,0.506935,0.152415,0.113071
46.7316,desired,0.575557,0.575557,0.111111,0.111111
46.7327,state,0.554666,0.508428,0.324727,0.086670
46.7351,state,0.559909,0.519664,0.127313,0.202075
46.7410,state,0.534916,0.489971,0.190183,0.273819
46.7510,state,0.536970,0.500466,0.112380,0.087251
46.7610,state,0.548134,0.506935,0.152415,0.113071
46.7616,desired,0.578887,0.578887,0.111111,0.111111
46.7710,state,0.554666,0.508428,0.324727,0.086670
46.7810,state,0.559909,0.519664,0.127313,0.202075
46.7819,desired,0.581112,0.581112,0.111111,0.111111
46.7910,state,0.534916,0.489971,0.190183,0.273819
46.8010,state,0.536970,0.500466,0.112380,0.087251
46.8114,desired,0.584443,0.584443,0.111111,0.111111
46.8117,state,0.548134,0.506935,0.152415,0.113071
46.8211,state,0.554666,0.508428,0.324727,0.086670
46.8310,state,0.559909,0.519664,0.127313,0.202075
46.8318,desired,0.586668,0.586668,0.111111,0.111111
46.8337,state,0.568955,0.528421,0.205472,0.187747
46.8411,state,0.536970,0.500466,0.112380,0.087251
46.8510,state,0.548134,0.506935,0.152415,0.113071
46.8610,state,0.554666,0.508428,0.324727,0.086670
46.8619,desired,0.590001,0.590001,0.111111,0.111111
46.8709,state,0.559909,0.519664,0.127313,0.202075
46.8809,state,0.568955,0.528421,0.205472,0.187747
46.8911,state,0.536970,0.500466,0.112380,0.087251
46.8920,desired,0.593335,0.593335,0.111111,0.111111
46.9010,state,0.548134,0.506935,0.152415,0.113071
46.9110,state,0.554666,0.508428,0.324727,0.086670
46.9211,state,0.559909,0.519664,0.127313,0.202075
46.9219,desired,0.596669,0.596669,0.111111,0.111111
46.9310,state,0.568955,0.528421,0.205472,0.187747
46.9336,state,0.571235,0.531056,0.119149,0.024205
46.9340,state,0.581418,0.531350,0.154241,0.025964
46.9411,state,0.554666,0.508428,0.324727,0.086670
46.9511,state,0.559909,0.519664,0.127313,0.202075
46.9520,desired,0.600002,0.600002,0.111111,0.111111
46.9610,state,0.568955,0.528421,0.205472,0.187747
46.9710,state,0.571235,0.531056,0.119149,0.024205
46.9810,state,0.581418,0.531350,0.154241,0.025964
46.9816,desired,0.603333,0.603333,0.111111,0.111111
46.9910,state,0.554666,0.508428,0.324727,0.086670
47.0010,state,0.559909,0.519664,0.127313,0.202075
47.0109,state,0.568955,0.528421,0.205472,0.187747
47.0116,desired,0.606665,0.606665,0.111111,0.111111
47.0210,state,0.571235,0.531056,0.119149,0.024205
47.0310,state,0.581418,0.531350,0.154241,0.025964
47.0329,state,0.587854,0.536062,0.330128,0.248481
47.0356,state,0.593089,0.553694,0.133023,0.263956
47.0411,state,0.568955,0.528421,0.205472,0.187747
47.0419,desired,0.610002,0.610002,0.111111,0.111111
47.0511,state,0.571235,0.531056,0.119149,0.024205
47.0610,state,0.581418,0.531350,0.154241,0.025964
47.0710,state,0.587854,0.536062,0.330128,0.248481
47.0722,desired,0.613336,0.613336,0.111111,0.111111
47.0811,state,0.593089,0.553694,0.133023,0.263956
47.0911,state,0.568955,0.528421,0.205472,0.187747
47.1010,state,0.571235,0.531056,0.119149,0.024205
47.1018,desired,0.616668,0.616668,0.111111,0.111111
47.1109,state,0.581418,0.531350,0.154241,0.025964
47.1211,state,0.587854,0.536062,0.330128,0.248481
47.1219,desired,0.618891,0.618891,0.111111,0.111111
47.1310,state,0.593089,0.553694,0.133023,0.263956
47.1335,state,0.602133,0.562031,0.211171,0.139581
47.1410,state,0.571235,0.531056,0.119149,0.024205
47.1510,state,0.581418,0.531350,0.154241,0.025964
47.1516,desired,0.622223,0.622223,0.111111,0.111111
47.1610,state,0.587854,0.536062,0.330128,0.248481
47.1711,state,0.593089,0.553694,0.133023,0.263956
47.1721,desired,0.624446,0.624446,0.111111,0.111111
47.1811,state,0.602133,0.562031,0.211171,0.139581
47.1912,state,0.571235,0.531056,0.119149,0.024205
47.1925,desired,0.626672,0.626672,0.111111,0.111111
47.2012,state,0.581418,0.531350,0.154241,0.025964
47.2112,state,0.587854,0.536062,0.330128,0.248481
47.2210,state,0.593089,0.553694,0.133023,0.263956
47.2218,desired,0.630002,0.630002,0.111111,0.111111
47.2310,state,0.602133,0.562031,0.211171,0.139581
47.2334,state,0.604413,0.562360,0.124838,0.026104
47.2354,state,0.614599,0.562910,0.159910,0.031721
47.2411,state,0.587854,0.536062,0.330128,0.248481
47.2510,state,0.593089,0.553694,0.133023,0.263956
47.2517,desired,0.633335,0.633335,0.111111,0.111111
47.2610,state,0.602133,0.562031,0.211171,0.139581
47.2710,state,0.604413,0.562360,0.124838,0.026104
47.2810,state,0.614599,0.562910,0.159910,0.031721
47.2817,desired,0.636668,0.636668,0.111111,0.111111
47.2910,state,0.587854,0.536062,0.330128,0.248481
47.3010,state,0.593089,0.553694,0.133023,0.263956
47.3110,state,0.602133,0.562031,0.211171,0.139581
47.3116,desired,0.639999,0.639999,0.111111,0.111111
47.3211,state,0.604413,0.562360,0.124838,0.026104
47.3310,state,0.614599,0.562910,0.159910,0.031721
47.3334,state,0.621035,0.567794,0.335770,0.249043
47.3357,state,0.626271,0.585524,0.138630,0.269480
47.3411,state,0.602133,0.562031,0.211171,0.139581
47.3419,desired,0.643336,0.643336,0.111111,0.111111
47.3510,state,0.604413,0.562360,0.124838,0.026104
47.3610,state,0.614599,0.562910,0.159910,0.031721
47.3710,state,0.621035,0.567794,0.335770,0.249043
47.3718,desired,0.646669,0.646669,0.111111,0.111111
47.3810,state,0.626271,0.585524,0.138630,0.269480
47.3910,state,0.602133,0.562031,0.211171,0.139581
47.4010,state,0.604413,0.562360,0.124838,0.026104
47.4018,desired,0.650002,0.650002,0.111111,0.111111
47.4110,state,0.614599,0.562910,0.159910,0.031721
47.4210,state,0.621035,0.567794,0.335770,0.249043
47.4310,state,0.626271,0.585524,0.138630,0.269480
47.4317,desired,0.653331,0.653331,0.111111,0.111111
47.4334,state,0.635317,0.594342,0.216771,0.148044
47.4411,state,0.604413,0.562360,0.124838,0.026104
47.4510,state,0.614599,0.562910,0.159910,0.031721
47.4516,desired,0.655554,0.655554,0.111111,0.111111
47.4610,state,0.621035,0.567794,0.335770,0.249043
47.4709,state,0.626271,0.585524,0.138630,0.269480
47.4811,state,0.635317,0.594342,0.216771,0.148044
47.4819,desired,0.658890,0.658890,0.111111,0.111111
47.4910,state,0.604413,0.562360,0.124838,0.026104
47.5010,state,0.614599,0.562910,0.159910,0.031721
47.5109,state,0.621035,0.567794,0.335770,0.249043
47.5116,desired,0.662221,0.662221,0.111111,0.111111
47.5210,state,0.626271,0.585524,0.138630,0.269480
47.5311,state,0.635317,0.594342,0.216771,0.148044
47.5317,desired,0.664447,0.664447,0.111111,0.111111
47.5332,state,0.637597,0.594735,0.130407,0.028141
47.5336,state,0.647783,0.595308,0.165439,0.033375
47.5411,state,0.621035,0.567794,0.335770,0.249043
47.5510,state,0.626271,0.585524,0.138630,0.269480
47.5610,state,0.635317,0.594342,0.216771,0.148044
47.5620,desired,0.667779,0.667779,0.111111,0.111111
47.5711,state,0.637597,0.594735,0.130407,0.028141
47.5811,state,0.647783,0.595308,0.165439,0.033375
47.5911,state,0.621035,0.567794,0.335770,0.249043
47.5919,desired,0.671113,0.671113,0.111111,0.111111
47.6010,state,0.626271,0.585524,0.138630,0.269480
47.6110,state,0.635317,0.594342,0.216771,0.148044
47.6209,state,0.637597,0.594735,0.130407,0.028141
47.6215,desired,0.674443,0.674443,0.111111,0.111111
47.6310,state,0.647783,0.595308,0.165439,0.033375
47.6331,state,0.654219,0.600125,0.341295,0.246109
47.6340,state,0.659456,0.617767,0.144113,0.271797
47.6411,state,0.635317,0.594342,0.216771,0.148044
47.6419,desired,0.676669,0.676669,0.111111,0.111111
47.6510,state,0.637597,0.594735,0.130407,0.028141
47.6610,state,0.647783,0.595308,0.165439,0.033375
47.6710,state,0.654219,0.600125,0.341295,0.246109
47.6718,desired,0.680002,0.680002,0.111111,0.111111
47.6811,state,0.659456,0.617767,0.144113,0.271797
47.6910,state,0.635317,0.594342,0.216771,0.148044
47.7010,state,0.637597,0.594735,0.130407,0.028141
47.7017,desired,0.683331,0.683331,0.111111,0.111111
47.7109,state,0.647783,0.595308,0.165439,0.033375
47.7211,state,0.654219,0.600125,0.341295,0.246109
47.7219,desired,0.685558,0.685558,0.111111,0.111111
47.7311,state,0.659456,0.617767,0.144113,0.271797
47.7336,state,0.668501,0.626868,0.222212,0.154242
47.7411,state,0.637597,0.594735,0.130407,0.028141
47.7419,desired,0.687781,0.687781,0.111111,0.111111
47.7509,state,0.647783,0.595308,0.165439,0.033375
47.7609,state,0.654219,0.600125,0.341295,0.246109
47.7709,state,0.659456,0.617767,0.144113,0.271797
47.7715,desired,0.691110,0.691110,0.111111,0.111111
47.7811,state,0.668501,0.626868,0.222212,0.154242
47.7910,state,0.637597,0.594735,0.130407,0.028141
47.8011,state,0.647783,0.595308,0.165439,0.033375
47.8019,desired,0.694447,0.694447,0.111111,0.111111
47.8109,state,0.654219,0.600125,0.341295,0.246109
47.8211,state,0.659456,0.617767,0.144113,0.271797
47.8309,state,0.668501,0.626868,0.222212,0.154242
47.8315,desired,0.697775,0.697775,0.111111,0.111111
47.8325,state,0.670781,0.627296,0.135835,0.029724
47.8331,state,0.680970,0.627842,0.170849,0.033773
47.8411,state,0.654219,0.600125,0.341295,0.246109
47.8509,state,0.659456,0.617767,0.144113,0.271797
47.8513,desired,0.699998,0.699998,0.111111,0.111111
47.8610,state,0.668501,0.626868,0.222212,0.154242
47.8709,state,0.670781,0.627296,0.135835,0.029724
47.8714,desired,0.702221,0.702221,0.111111,0.111111
47.8810,state,0.680970,0.627842,0.170849,0.033773
47.8909,state,0.654219,0.600125,0.341295,0.246109
47.9010,state,0.659456,0.617767,0.144113,0.271797
47.9018,desired,0.705557,0.705557,0.111111,0.111111
47.9109,state,0.668501,0.626868,0.222212,0.154242
47.9210,state,0.670781,0.627296,0.135835,0.029724
47.9309,state,0.680970,0.627842,0.170849,0.033773
47.9314,desired,0.708888,0.708888,0.111111,0.111111
47.9328,state,0.687407,0.632579,0.346667,0.244007
47.9330,state,0.692645,0.650164,0.149451,0.274117
47.9410,state,0.668501,0.626868,0.222212,0.154242
47.9510,state,0.670781,0.627296,0.135835,0.029724
47.9610,state,0.680970,0.627842,0.170849,0.033773
47.9616,desired,0.712220,0.712220,0.111111,0.111111
47.9709,state,0.687407,0.632579,0.346667,0.244007
47.9809,state,0.692645,0.650164,0.149451,0.274117
47.9909,state,0.668501,0.626868,0.222212,0.154242
47.9915,desired,0.715555,0.715555,0.111111,0.111111
48.0009,state,0.670781,0.627296,0.135835,0.029724
48.0109,state,0.680970,0.627842,0.170849,0.033773
48.0209,state,0.687407,0.632579,0.346667,0.244007
48.0214,desired,0.718887,0.718887,0.111111,0.111111
48.0309,state,0.692645,0.650164,0.149451,0.274117
48.0329,state,0.701692,0.659498,0.227537,0.159351
48.0409,state,0.670781,0.627296,0.135835,0.029724
48.0415,desired,0.721110,0.721110,0.111111,0.111111
48.0509,state,0.680970,0.627842,0.170849,0.033773
48.0609,state,0.687407,0.632579,0.346667,0.244007
48.0709,state,0.692645,0.650164,0.149451,0.274117
48.0714,desired,0.724444,0.724444,0.111111,0.111111
48.0809,state,0.701692,0.659498,0.227537,0.159351
48.0910,state,0.670781,0.627296,0.135835,0.029724
48.1009,state,0.680970,0.627842,0.170849,0.033773
48.1015,desired,0.727776,0.727776,0.111111,0.111111
48.1111,state,0.687407,0.632579,0.346667,0.244007
48.1209,state,0.692645,0.650164,0.149451,0.274117
48.1214,desired,0.730000,0.730000,0.111111,0.111111
48.1309,state,0.701692,0.659498,0.227537,0.159351
48.1325,state,0.703973,0.659950,0.141124,0.031124
48.1330,state,0.714158,0.660466,0.176086,0.034157
48.1410,state,0.687407,0.632579,0.346667,0.244007
48.1417,desired,0.732223,0.732223,0.111111,0.111111
48.1511,state,0.692645,0.650164,0.149451,0.274117
48.1610,state,0.701692,0.659498,0.227537,0.159351
48.1710,state,0.703973,0.659950,0.141124,0.031124
48.1718,desired,0.735558,0.735558,0.111111,0.111111
48.1810,state,0.714158,0.660466,0.176086,0.034157
48.1911,state,0.687407,0.632579,0.346667,0.244007
48.2010,state,0.692645,0.650164,0.149451,0.274117
48.2016,desired,0.738889,0.738889,0.111111,0.111111
48.2110,state,0.701692,0.659498,0.227537,0.159351
48.2210,state,0.703973,0.659950,0.141124,0.031124
48.2216,desired,0.741111,0.741111,0.111111,0.111111
48.2311,state,0.714158,0.660466,0.176086,0.034157
48.2337,state,0.720596,0.665129,0.351938,0.242086
48.2346,state,0.725836,0.682656,0.154654,0.276124
48.2411,state,0.701692,0.659498,0.227537,0.159351
48.2425,desired,0.743336,0.743336,0.111111,0.111111
48.2511,state,0.703973,0.659950,0.141124,0.031124
48.2611,state,0.714158,0.660466,0.176086,0.034157
48.2721,desired,0.746669,0.746669,0.111111,0.111111
48.2726,state,0.720596,0.665129,0.351938,0.242086
48.2811,state,0.725836,0.682656,0.154654,0.276124
48.2912,state,0.701692,0.659498,0.227537,0.159351
48.3010,state,0.703973,0.659950,0.141124,0.031124
48.3020,desired,0.750000,0.750000,0.111111,0.111111
48.3110,state,0.714158,0.660466,0.176086,0.034157
48.3210,state,0.720596,0.665129,0.351938,0.242086
48.3310,state,0.725836,0.682656,0.154654,0.276124
48.3320,desired,0.753333,0.753333,0.111111,0.111111
48.3335,state,0.734885,0.692184,0.232736,0.163791
48.3410,state,0.703973,0.659950,0.141124,0.031124
48.3511,state,0.714158,0.660466,0.176086,0.034157
48.3519,desired,0.755558,0.755558,0.111111,0.111111
48.3610,state,0.720596,0.665129,0.351938,0.242086
48.3711,state,0.725836,0.682656,0.154654,0.276124
48.3810,state,0.734885,0.692184,0.232736,0.163791
48.3816,desired,0.758888,0.758888,0.111111,0.111111
48.3911,state,0.703973,0.659950,0.141124,0.031124
48.4010,state,0.714158,0.660466,0.176086,0.034157
48.4016,desired,0.761111,0.761111,0.111111,0.111111
48.4110,state,0.720596,0.665129,0.351938,0.242086
48.4210,state,0.725836,0.682656,0.154654,0.276124
48.4310,state,0.734885,0.692184,0.232736,0.163791
48.4318,desired,0.764446,0.764446,0.111111,0.111111
48.4337,state,0.737168,0.692654,0.146273,0.032422
48.4352,state,0.747355,0.693179,0.181200,0.035177
48.4410,state,0.720596,0.665129,0.351938,0.242086
48.4511,state,0.725836,0.682656,0.154654,0.276124
48.4519,desired,0.766669,0.766669,0.111111,0.111111
48.4609,state,0.734885,0.692184,0.232736,0.163791
48.4710,state,0.737168,0.692654,0.146273,0.032422
48.4810,state,0.747355,0.693179,0.181200,0.035177
48.4816,desired,0.769998,0.769998,0.111111,0.111111
48.4909,state,0.720596,0.665129,0.351938,0.242086
48.5009,state,0.725836,0.682656,0.154654,0.276124
48.5110,state,0.734885,0.692184,0.232736,0.163791
48.5116,desired,0.773333,0.773333,0.111111,0.111111
48.5210,state,0.737168,0.692654,0.146273,0.032422
48.5309,state,0.747355,0.693179,0.181200,0.035177
48.5338,state,0.753793,0.697767,0.357001,0.240354
48.5342,state,0.759033,0.715231,0.159702,0.277766
48.5409,state,0.734885,0.692184,0.232736,0.163791
48.5414,desired,0.776664,0.776664,0.111111,0.111111
48.5511,state,0.737168,0.692654,0.146273,0.032422
48.5610,state,0.747355,0.693179,0.181200,0.035177
48.5616,desired,0.778888,0.778888,0.111111,0.111111
48.5710,state,0.753793,0.697767,0.357001,0.240354
48.5809,state,0.759033,0.715231,0.159702,0.277766
48.5911,state,0.734885,0.692184,0.232736,0.163791
48.5919,desired,0.782224,0.782224,0.111111,0.111111
48.6010,state,0.737168,0.692654,0.146273,0.032422
48.6110,state,0.747355,0.693179,0.181200,0.035177
48.6210,state,0.753793,0.697767,0.357001,0.240354
48.6217,desired,0.785554,0.785554,0.111111,0.111111
48.6311,state,0.759033,0.715231,0.159702,0.277766
48.6337,state,0.768081,0.724911,0.237741,0.167511
48.6411,state,0.737168,0.692654,0.146273,0.032422
48.6419,desired,0.787780,0.787780,0.111111,0.111111
48.6510,state,0.747355,0.693179,0.181200,0.035177
48.6610,state,0.753793,0.697767,0.357001,0.240354
48.6710,state,0.759033,0.715231,0.159702,0.277766
48.6716,desired,0.791109,0.791109,0.111111,0.111111
48.6811,state,0.768081,0.724911,0.237741,0.167511
48.6910,state,0.737168,0.692654,0.146273,0.032422
48.6916,desired,0.793332,0.793332,0.111111,0.111111
48.7010,state,0.747355,0.693179,0.181200,0.035177
48.7110,state,0.753793,0.697767,0.357001,0.240354
48.7210,state,0.759033,0.715231,0.159702,0.277766
48.7216,desired,0.796666,0.796666,0.111111,0.111111
48.7311,state,0.768081,0.724911,0.237741,0.167511
48.7328,state,0.770365,0.725395,0.151256,0.033634
48.7338,state,0.780553,0.725887,0.186162,0.035491
48.7411,state,0.753793,0.697767,0.357001,0.240354
48.7419,desired,0.798891,0.798891,0.111111,0.111111
48.7511,state,0.759033,0.715231,0.159702,0.277766
48.7611,state,0.768081,0.724911,0.237741,0.167511
48.7710,state,0.770365,0.725395,0.151256,0.033634
48.7716,desired,0.802222,0.802222,0.111111,0.111111
48.7810,state,0.780553,0.725887,0.186162,0.035491
48.7910,state,0.753793,0.697767,0.357001,0.240354
48.8011,state,0.759033,0.715231,0.159702,0.277766
48.8019,desired,0.805557,0.805557,0.111111,0.111111
48.8109,state,0.768081,0.724911,0.237741,0.167511
48.8211,state,0.770365,0.725395,0.151256,0.033634
48.8219,desired,0.807781,0.807781,0.111111,0.111111
48.8310,state,0.780553,0.725887,0.186162,0.035491
48.8335,state,0.786992,0.730405,0.361953,0.238869
48.8365,state,0.792234,0.747822,0.164596,0.279567
48.8411,state,0.768081,0.724911,0.237741,0.167511
48.8509,state,0.770365,0.725395,0.151256,0.033634
48.8515,desired,0.811111,0.811111,0.111111,0.111111
48.8609,state,0.780553,0.725887,0.186162,0.035491
48.8710,state,0.786992,0.730405,0.361953,0.238869
48.8810,state,0.792234,0.747822,0.164596,0.279567
48.8815,desired,0.814444,0.814444,0.111111,0.111111
48.8909,state,0.768081,0.724911,0.237741,0.167511
48.9010,state,0.770365,0.725395,0.151256,0.033634
48.9109,state,0.780553,0.725887,0.186162,0.035491
48.9116,desired,0.817776,0.817776,0.111111,0.111111
48.9210,state,0.786992,0.730405,0.361953,0.238869
48.9309,state,0.792234,0.747822,0.164596,0.279567
48.9325,state,0.801287,0.757660,0.242654,0.171257
48.9409,state,0.770365,0.725395,0.151256,0.033634
48.9415,desired,0.821110,0.821110,0.111111,0.111111
48.9510,state,0.780553,0.725887,0.186162,0.035491
48.9609,state,0.786992,0.730405,0.361953,0.238869
48.9709,state,0.792234,0.747822,0.164596,0.279567
48.9714,desired,0.824442,0.824442,0.111111,0.111111
48.9810,state,0.801287,0.757660,0.242654,0.171257
48.9909,state,0.770365,0.725395,0.151256,0.033634
48.9913,desired,0.826665,0.826665,0.111111,0.111111
49.0010,state,0.780553,0.725887,0.186162,0.035491
49.0109,state,0.786992,0.730405,0.361953,0.238869
49.0210,state,0.792234,0.747822,0.164596,0.279567
49.0216,desired,0.829998,0.829998,0.111111,0.111111
49.0309,state,0.801287,0.757660,0.242654,0.171257
49.0325,state,0.803572,0.758160,0.156094,0.034840
49.0335,state,0.813757,0.758617,0.190945,0.035730
49.0410,state,0.786992,0.730405,0.361953,0.238869
49.0418,desired,0.832221,0.832221,0.111111,0.111111
49.0510,state,0.792234,0.747822,0.164596,0.279567
49.0612,state,0.801287,0.757660,0.242654,0.171257
49.0709,state,0.803572,0.758160,0.156094,0.034840
49.0714,desired,0.835553,0.835553,0.111111,0.111111
49.0809,state,0.813757,0.758617,0.190945,0.035730
49.0909,state,0.786992,0.730405,0.361953,0.238869
49.0914,desired,0.837776,0.837776,0.111111,0.111111
49.1009,state,0.792234,0.747822,0.164596,0.279567
49.1109,state,0.801287,0.757660,0.242654,0.171257
49.1116,desired,0.839998,0.839998,0.111111,0.111111
49.1210,state,0.803572,0.758160,0.156094,0.034840
49.1310,state,0.813757,0.758617,0.190945,0.035730
49.1318,desired,0.842222,0.842222,0.111111,0.111111
49.1326,state,0.820196,0.763044,0.366700,0.237136
49.1344,state,0.825438,0.780417,0.169330,0.281446
49.1410,state,0.801287,0.757660,0.242654,0.171257
49.1509,state,0.803572,0.758160,0.156094,0.034840
49.1610,state,0.813757,0.758617,0.190945,0.035730
49.1614,desired,0.845554,0.845554,0.111111,0.111111
49.1710,state,0.820196,0.763044,0.366700,0.237136
49.1810,state,0.825438,0.780417,0.169330,0.281446
49.1816,desired,0.847780,0.847780,0.111111,0.111111
49.1911,state,0.801287,0.757660,0.242654,0.171257
49.2009,state,0.803572,0.758160,0.156094,0.034840
49.2110,state,0.813757,0.758617,0.190945,0.035730
49.2118,desired,0.851113,0.851113,0.111111,0.111111
49.2210,state,0.820196,0.763044,0.366700,0.237136
49.2310,state,0.825438,0.780417,0.169330,0.281446
49.2339,state,0.834490,0.790413,0.247341,0.174924
49.2410,state,0.803572,0.758160,0.156094,0.034840
49.2417,desired,0.854448,0.854448,0.111111,0.111111
49.2509,state,0.813757,0.758617,0.190945,0.035730
49.2610,state,0.820196,0.763044,0.366700,0.237136
49.2709,state,0.825438,0.780417,0.169330,0.281446
49.2715,desired,0.857776,0.857776,0.111111,0.111111
49.2810,state,0.834490,0.790413,0.247341,0.174924
49.2909,state,0.803572,0.758160,0.156094,0.034840
49.3010,state,0.813757,0.758617,0.190945,0.035730
49.3016,desired,0.861113,0.861113,0.111111,0.111111
49.3110,state,0.820196,0.763044,0.366700,0.237136
49.3210,state,0.825438,0.780417,0.169330,0.281446
49.3310,state,0.834490,0.790413,0.247341,0.174924
49.3316,desired,0.864446,0.864446,0.111111,0.111111
49.3410,state,0.803572,0.758160,0.156094,0.034840
49.3428,state,0.836776,0.790930,0.160767,0.036049
49.3430,state,0.846969,0.791358,0.195603,0.036014
49.3509,state,0.825438,0.780417,0.169330,0.281446
49.3609,state,0.834490,0.790413,0.247341,0.174924
49.3614,desired,0.867771,0.867771,0.111111,0.111111
49.3710,state,0.803572,0.758160,0.156094,0.034840
49.3810,state,0.836776,0.790930,0.160767,0.036049
49.3816,desired,0.870002,0.870002,0.111111,0.111111
49.3911,state,0.846969,0.791358,0.195603,0.036014
49.4009,state,0.825438,0.780417,0.169330,0.281446
49.4109,state,0.834490,0.790413,0.247341,0.174924
49.4115,desired,0.873332,0.873332,0.111111,0.111111
49.4210,state,0.803572,0.758160,0.156094,0.034840
49.4310,state,0.836776,0.790930,0.160767,0.036049
49.4316,desired,0.875557,0.875557,0.111111,0.111111
49.4411,state,0.846969,0.791358,0.195603,0.036014
49.4427,state,0.853408,0.795713,0.371323,0.235731
49.4435,state,0.858652,0.813044,0.173899,0.283158
49.4511,state,0.803572,0.758160,0.156094,0.034840
49.4525,desired,0.877780,0.877780,0.111111,0.111111
49.4610,state,0.836776,0.790930,0.160767,0.036049
49.4710,state,0.846969,0.791358,0.195603,0.036014
49.4810,state,0.853408,0.795713,0.371323,0.235731
49.4818,desired,0.881112,0.881112,0.111111,0.111111
49.4911,state,0.858652,0.813044,0.173899,0.283158
49.5010,state,0.803572,0.758160,0.156094,0.034840
49.5110,state,0.836776,0.790930,0.160767,0.036049
49.5120,desired,0.884443,0.884443,0.111111,0.111111
49.5210,state,0.846969,0.791358,0.195603,0.036014
49.5310,state,0.853408,0.795713,0.371323,0.235731
49.5320,desired,0.886668,0.886668,0.111111,0.111111
49.5411,state,0.858652,0.813044,0.173899,0.283158
49.5510,state,0.803572,0.758160,0.156094,0.034840
49.5610,state,0.836776,0.790930,0.160767,0.036049
49.5620,desired,0.889998,0.889998,0.111111,0.111111
49.5710,state,0.846969,0.791358,0.195603,0.036014
49.5744,state,0.867703,0.823181,0.251868,0.178261
49.5810,state,0.858652,0.813044,0.173899,0.283158
49.5910,state,0.803572,0.758160,0.156094,0.034840
49.5916,desired,0.893335,0.893335,0.111111,0.111111
49.6009,state,0.836776,0.790930,0.160767,0.036049
49.6110,state,0.846969,0.791358,0.195603,0.036014
49.6209,state,0.867703,0.823181,0.251868,0.178261
49.6214,desired,0.896665,0.896665,0.111111,0.111111
49.6310,state,0.858652,0.813044,0.173899,0.283158
49.6410,state,0.803572,0.758160,0.156094,0.034840
49.6416,desired,0.898887,0.898887,0.111111,0.111111
49.6427,state,0.869989,0.824088,0.165276,0.036495
49.6435,state,0.880178,0.824453,0.200053,0.035741
49.6510,state,0.867703,0.823181,0.251868,0.178261
49.6610,state,0.858652,0.813044,0.173899,0.283158
49.6710,state,0.803572,0.758160,0.156094,0.034840
49.6716,desired,0.902223,0.902223,0.111111,0.111111
49.6810,state,0.869989,0.824088,0.165276,0.036495
49.6910,state,0.880178,0.824453,0.200053,0.035741
49.6916,desired,0.904446,0.904446,0.111111,0.111111
49.7009,state,0.867703,0.823181,0.251868,0.178261
49.7111,state,0.858652,0.813044,0.173899,0.283158
49.7209,state,0.803572,0.758160,0.156094,0.034840
49.7214,desired,0.907775,0.907775,0.111111,0.111111
49.7310,state,0.869989,0.824088,0.165276,0.036495
49.7410,state,0.880178,0.824453,0.200053,0.035741
49.7416,desired,0.909999,0.909999,0.111111,0.111111
49.7427,state,0.887164,0.828920,0.397168,0.245031
49.7434,state,0.892926,0.846979,0.180205,0.295451
49.7510,state,0.803572,0.758160,0.156094,0.034840
49.7610,state,0.869989,0.824088,0.165276,0.036495
49.7709,state,0.880178,0.824453,0.200053,0.035741
49.7715,desired,0.913331,0.913331,0.111111,0.111111
49.7809,state,0.887164,0.828920,0.397168,0.245031
49.7909,state,0.892926,0.846979,0.180205,0.295451
49.7916,desired,0.915554,0.915554,0.111111,0.111111
49.8010,state,0.803572,0.758160,0.156094,0.034840
49.8109,state,0.869989,0.824088,0.165276,0.036495
49.8209,state,0.880178,0.824453,0.200053,0.035741
49.8214,desired,0.918886,0.918886,0.111111,0.111111
49.8309,state,0.887164,0.828920,0.397168,0.245031
49.8411,state,0.892926,0.846979,0.180205,0.295451
49.8417,desired,0.921113,0.921113,0.111111,0.111111
49.8430,state,0.901157,0.856802,0.247053,0.158025
49.8510,state,0.869989,0.824088,0.165276,0.036495
49.8609,state,0.880178,0.824453,0.200053,0.035741
49.8710,state,0.887164,0.828920,0.397168,0.245031
49.8715,desired,0.924443,0.924443,0.111111,0.111111
49.8809,state,0.892926,0.846979,0.180205,0.295451
49.8910,state,0.901157,0.856802,0.247053,0.158025
49.9010,state,0.869989,0.824088,0.165276,0.036495
49.9015,desired,0.927776,0.927776,0.111111,0.111111
49.9109,state,0.880178,0.824453,0.200053,0.035741
49.9209,state,0.887164,0.828920,0.397168,0.245031
49.9309,state,0.892926,0.846979,0.180205,0.295451
49.9314,desired,0.931109,0.931109,0.111111,0.111111
49.9411,state,0.901157,0.856802,0.247053,0.158025
49.9478,state,0.903222,0.857230,0.168841,0.036668
49.9480,state,0.913396,0.857564,0.204295,0.036299
49.9509,state,0.887164,0.828920,0.397168,0.245031
49.9515,desired,0.933333,0.933333,0.111111,0.111111
49.9610,state,0.892926,0.846979,0.180205,0.295451
49.9709,state,0.901157,0.856802,0.247053,0.158025
49.9809,state,0.903222,0.857230,0.168841,0.036668
49.9814,desired,0.936665,0.936665,0.111111,0.111111
49.9909,state,0.913396,0.857564,0.204295,0.036299
50.0010,state,0.887164,0.828920,0.397168,0.245031
50.0015,desired,0.938889,0.938889,0.111111,0.111111
50.0110,state,0.892926,0.846979,0.180205,0.295451
50.0210,state,0.901157,0.856802,0.247053,0.158025
50.0309,state,0.903222,0.857230,0.168841,0.036668
50.0314,desired,0.942219,0.942219,0.111111,0.111111
50.0409,state,0.913396,0.857564,0.204295,0.036299
50.0430,state,0.919836,0.861801,0.380037,0.234830
50.0438,state,0.925082,0.879032,0.182509,0.284435
50.0509,state,0.901157,0.856802,0.247053,0.158025
50.0514,desired,0.944443,0.944443,0.111111,0.111111
50.0609,state,0.903222,0.857230,0.168841,0.036668
50.0710,state,0.913396,0.857564,0.204295,0.036299
50.0809,state,0.919836,0.861801,0.380037,0.234830
50.0816,desired,0.947776,0.947776,0.111111,0.111111
50.0910,state,0.925082,0.879032,0.182509,0.284435
50.1010,state,0.901157,0.856802,0.247053,0.158025
50.1017,desired,0.950000,0.950000,0.111111,0.111111
50.1110,state,0.903222,0.857230,0.168841,0.036668
50.1210,state,0.913396,0.857564,0.204295,0.036299
50.1310,state,0.919836,0.861801,0.380037,0.234830
50.1316,desired,0.953333,0.953333,0.111111,0.111111
50.1410,state,0.925082,0.879032,0.182509,0.284435
50.1435,state,0.934136,0.889211,0.260435,0.180889
50.1509,state,0.903222,0.857230,0.168841,0.036668
50.1609,state,0.913396,0.857564,0.204295,0.036299
50.1616,desired,0.956665,0.956665,0.111111,0.111111
50.1710,state,0.919836,0.861801,0.380037,0.234830
50.1810,state,0.925082,0.879032,0.182509,0.284435
50.1816,desired,0.958888,0.958888,0.111111,0.111111
50.1911,state,0.934136,0.889211,0.260435,0.180889
50.2010,state,0.903222,0.857230,0.168841,0.036668
50.2018,desired,0.961113,0.961113,0.111111,0.111111
50.2110,state,0.913396,0.857564,0.204295,0.036299
50.2210,state,0.919836,0.861801,0.380037,0.234830
50.2309,state,0.925082,0.879032,0.182509,0.284435
50.2315,desired,0.964444,0.964444,0.111111,0.111111
50.2410,state,0.934136,0.889211,0.260435,0.180889
50.2422,state,0.936425,0.890168,0.173758,0.037574
50.2440,state,0.946620,0.890492,0.208471,0.036895
50.2510,state,0.919836,0.861801,0.380037,0.234830
50.2609,state,0.925082,0.879032,0.182509,0.284435
50.2616,desired,0.967776,0.967776,0.111111,0.111111
50.2709,state,0.934136,0.889211,0.260435,0.180889
50.2809,state,0.936425,0.890168,0.173758,0.037574
50.2815,desired,0.969999,0.969999,0.111111,0.111111
50.2910,state,0.946620,0.890492,0.208471,0.036895
50.3010,state,0.919836,0.861801,0.380037,0.234830
50.3110,state,0.925082,0.879032,0.182509,0.284435
50.3116,desired,0.973333,0.973333,0.111111,0.111111
50.3210,state,0.934136,0.889211,0.260435,0.180889
50.3310,state,0.936425,0.890168,0.173758,0.037574
50.3410,state,0.946620,0.890492,0.208471,0.036895
50.3417,desired,0.976667,0.976667,0.111111,0.111111
50.3430,state,0.953062,0.894663,0.384157,0.233227
50.3437,state,0.958310,0.911809,0.186562,0.285059
50.3510,state,0.934136,0.889211,0.260435,0.180889
50.3609,state,0.936425,0.890168,0.173758,0.037574
50.3710,state,0.946620,0.890492,0.208471,0.036895
50.3716,desired,0.979999,0.979999,0.111111,0.111111
50.3810,state,0.953062,0.894663,0.384157,0.233227
50.3911,state,0.958310,0.911809,0.186562,0.285059
50.3925,desired,0.982224,0.982224,0.111111,0.111111
50.4011,state,0.934136,0.889211,0.260435,0.180889
50.4111,state,0.936425,0.890168,0.173758,0.037574
50.4211,state,0.946620,0.890492,0.208471,0.036895
50.4219,desired,0.985557,0.985557,0.111111,0.111111
50.4310,state,0.953062,0.894663,0.384157,0.233227
50.4409,state,0.958310,0.911809,0.186562,0.285059
50.4425,state,0.967362,0.922066,0.264421,0.183282
50.4511,state,0.936425,0.890168,0.173758,0.037574
50.4519,desired,0.988891,0.988891,0.111111,0.111111
50.4609,state,0.946620,0.890492,0.208471,0.036895
50.4710,state,0.953062,0.894663,0.384157,0.233227
50.4810,state,0.958310,0.911809,0.186562,0.285059
50.4817,desired,0.992222,0.992222,0.111111,0.111111
50.4911,state,0.967362,0.922066,0.264421,0.183282
50.5010,state,0.936425,0.890168,0.173758,0.037574
50.5110,state,0.946620,0.890492,0.208471,0.036895
50.5116,desired,0.995555,0.995555,0.111111,0.111111
50.5210,state,0.953062,0.894663,0.384157,0.233227
50.5310,state,0.958310,0.911809,0.186562,0.285059
50.5318,desired,0.997779,0.997779,0.111111,0.111111
50.5410,state,0.967362,0.922066,0.264421,0.183282
50.5421,state,0.969651,0.923117,0.177725,0.038354
50.5423,state,0.979848,0.923438,0.212403,0.037674
50.5511,state,0.953062,0.894663,0.384157,0.233227
50.5517,desired,1.000000,1.000000,0.000000,0.000000
50.5611,state,0.958310,0.911809,0.186562,0.285059
50.5710,state,0.967362,0.922066,0.264421,0.183282
50.5810,state,0.969651,0.923117,0.177725,0.038354
50.5817,desired,1.000000,1.000000,0.000000,0.000000
50.5910,state,0.979848,0.923438,0.212403,0.037674
50.6011,state,0.953062,0.894663,0.384157,0.233227
50.6111,state,0.958310,0.911809,0.186562,0.285059
50.6119,desired,1.000000,1.000000,0.000000,0.000000
50.6211,state,0.967362,0.922066,0.264421,0.183282
50.6311,state,0.969651,0.923117,0.177725,0.038354
50.6411,state,0.979848,0.923438,0.212403,0.037674
50.6419,desired,1.000000,1.000000,0.000000,0.000000
50.6425,state,0.980847,0.923719,0.174596,0.037083
50.6430,state,0.991936,0.940352,0.217480,0.346724
50.6511,state,0.967362,0.922066,0.264421,0.183282
50.6611,state,0.969651,0.923117,0.177725,0.038354
50.6711,state,0.979848,0.923438,0.212403,0.037674
50.6719,desired,1.000000,1.000000,0.000000,0.000000
50.6810,state,0.980847,0.923719,0.174596,0.037083
50.6909,state,0.991936,0.940352,0.217480,0.346724
50.7011,state,0.967362,0.922066,0.264421,0.183282
50.7019,desired,1.000000,1.000000,0.000000,0.000000
50.7109,state,0.969651,0.923117,0.177725,0.038354
50.7211,state,0.979848,0.923438,0.212403,0.037674
50.7314,desired,1.000000,1.000000,0.000000,0.000000
50.7316,state,0.980847,0.923719,0.174596,0.037083
50.7411,state,0.991936,0.940352,0.217480,0.346724
50.7441,state,0.994112,0.950489,0.218937,0.083539
50.7458,state,0.995234,0.950835,0.176659,0.038374
50.7510,state,0.979848,0.923438,0.212403,0.037674
50.7515,desired,1.000000,1.000000,0.000000,0.000000
50.7610,state,0.980847,0.923719,0.174596,0.037083
50.7710,state,0.991936,0.940352,0.217480,0.346724
50.7813,desired,1.000000,1.000000,0.000000,0.000000
50.7815,state,0.994112,0.950489,0.218937,0.083539
50.7911,state,0.995234,0.950835,0.176659,0.038374
50.8011,state,0.979848,0.923438,0.212403,0.037674
50.8019,desired,1.000000,1.000000,0.000000,0.000000
50.8111,state,0.980847,0.923719,0.174596,0.037083
50.8211,state,0.991936,0.940352,0.217480,0.346724
50.8219,desired,1.000000,1.000000,0.000000,0.000000
50.8311,state,0.994112,0.950489,0.218937,0.083539
50.8411,state,0.995234,0.950835,0.176659,0.038374
50.8430,state,0.995327,0.951118,0.173132,0.037774
50.8511,state,0.980847,0.923719,0.174596,0.037083
50.8519,desired,1.000000,1.000000,0.000000,0.000000
50.8610,state,0.991936,0.940352,0.217480,0.346724
50.8710,state,0.994112,0.950489,0.218937,0.083539
50.8811,state,0.995234,0.950835,0.176659,0.038374
50.8817,desired,1.000000,1.000000,0.000000,0.000000
50.8911,state,0.995327,0.951118,0.173132,0.037774
50.9011,state,0.980847,0.923719,0.174596,0.037083
50.9116,desired,1.000000,1.000000,0.000000,0.000000
50.9119,state,0.991936,0.940352,0.217480,0.346724
50.9211,state,0.994112,0.950489,0.218937,0.083539
50.9311,state,0.995234,0.950835,0.176659,0.038374
50.9411,state,0.995327,0.951118,0.173132,0.037774
50.9420,desired,1.000000,1.000000,0.000000,0.000000
50.9437,state,0.995335,0.951366,0.172839,0.037252
50.9454,state,0.995335,0.951584,0.172819,0.036796
50.9511,state,0.994112,0.950489,0.218937,0.083539
50.9610,state,0.995234,0.950835,0.176659,0.038374
50.9710,state,0.995327,0.951118,0.173132,0.037774
50.9716,desired,1.000000,1.000000,0.000000,0.000000
50.9810,state,0.995335,0.951366,0.172839,0.037252
50.9910,state,0.995335,0.951584,0.172819,0.036796
50.9916,desired,1.000000,1.000000,0.000000,0.000000
51.0010,state,0.994112,0.950489,0.218937,0.083539
51.0110,state,0.995234,0.950835,0.176659,0.038374
51.0210,state,0.995327,0.951118,0.173132,0.037774
51.0216,desired,1.000000,1.000000,0.000000,0.000000
51.0310,state,0.995335,0.951366,0.172839,0.037252
51.0411,state,0.995335,0.951584,0.172819,0.036796
51.0419,desired,1.000000,1.000000,0.000000,0.000000
51.0434,state,0.995335,0.951775,0.172819,0.036399
51.0442,state,0.995335,0.951944,0.172819,0.036051
51.0510,state,0.995327,0.951118,0.173132,0.037774
51.0610,state,0.995335,0.951366,0.172839,0.037252
51.0710,state,0.995335,0.951584,0.172819,0.036796
51.0716,desired,1.000000,1.000000,0.000000,0.000000
51.0810,state,0.995335,0.951775,0.172819,0.036399
51.0911,state,0.995335,0.951944,0.172819,0.036051
51.0919,desired,1.000000,1.000000,0.000000,0.000000
51.1010,state,0.995327,0.951118,0.173132,0.037774
51.1110,state,0.995335,0.951366,0.172839,0.037252
51.1210,state,0.995335,0.951584,0.172819,0.036796
51.1216,desired,1.000000,1.000000,0.000000,0.000000
51.1310,state,0.995335,0.951775,0.172819,0.036399
51.1410,state,0.995335,0.951944,0.172819,0.036051
51.1416,desired,1.000000,1.000000,0.000000,0.000000
51.1427,state,0.995335,0.952092,0.172819,0.035746
51.1510,state,0.995335,0.951366,0.172839,0.037252
51.1610,state,0.995335,0.951584,0.172819,0.036796
51.1710,state,0.995335,0.951775,0.172819,0.036399
51.1716,desired,1.000000,1.000000,0.000000,0.000000
51.1810,state,0.995335,0.951944,0.172819,0.036051
51.1910,state,0.995335,0.952092,0.172819,0.035746
51.1916,desired,1.000000,1.000000,0.000000,0.000000
51.2010,state,0.995335,0.951366,0.172839,0.037252
51.2110,state,0.995335,0.951584,0.172819,0.036796
51.2210,state,0.995335,0.951775,0.172819,0.036399
51.2216,desired,1.000000,1.000000,0.000000,0.000000
51.2310,state,0.995335,0.951944,0.172819,0.036051
51.2409,state,0.995335,0.952092,0.172819,0.035746
51.2426,state,0.995335,0.952222,0.172819,0.035479
51.2428,state,0.995335,0.952337,0.172819,0.035245
51.2510,state,0.995335,0.951775,0.172819,0.036399
51.2516,desired,1.000000,1.000000,0.000000,0.000000
51.2610,state,0.995335,0.951944,0.172819,0.036051
51.2710,state,0.995335,0.952092,0.172819,0.035746
51.2810,state,0.995335,0.952222,0.172819,0.035479
51.2816,desired,1.000000,1.000000,0.000000,0.000000
51.2910,state,0.995335,0.952337,0.172819,0.035245
51.3010,state,0.995335,0.951775,0.172819,0.036399
51.3111,state,0.995335,0.951944,0.172819,0.036051
51.3119,desired,1.000000,1.000000,0.000000,0.000000
51.3211,state,0.995335,0.952092,0.172819,0.035746
51.3311,state,0.995335,0.952222,0.172819,0.035479
51.3409,state,0.995335,0.952337,0.172819,0.035245
51.3415,desired,1.000000,1.000000,0.000000,0.000000
51.3428,state,0.995335,0.952439,0.172819,0.035039
51.3443,state,0.995335,0.952528,0.172819,0.034858
51.3510,state,0.995335,0.952092,0.172819,0.035746
51.3610,state,0.995335,0.952222,0.172819,0.035479
51.3616,desired,1.000000,1.000000,0.000000,0.000000
51.3710,state,0.995335,0.952337,0.172819,0.035245
51.3810,state,0.995335,0.952439,0.172819,0.035039
51.3816,desired,1.000000,1.000000,0.000000,0.000000
51.3910,state,0.995335,0.952528,0.172819,0.034858
51.4010,state,0.995335,0.952092,0.172819,0.035746
51.4110,state,0.995335,0.952222,0.172819,0.035479
51.4117,desired,1.000000,1.000000,0.000000,0.000000
51.4210,state,0.995335,0.952337,0.172819,0.035245
51.4310,state,0.995335,0.952439,0.172819,0.035039
51.4409,state,0.995335,0.952528,0.172819,0.034858
51.4414,desired,1.000000,1.000000,0.000000,0.000000
51.4433,state,0.995335,0.952607,0.172819,0.034698
51.4510,state,0.995335,0.952222,0.172819,0.035479
51.4610,state,0.995335,0.952337,0.172819,0.035245
51.4616,desired,1.000000,1.000000,0.000000,0.000000
51.4710,state,0.995335,0.952439,0.172819,0.035039
51.4810,state,0.995335,0.952528,0.172819,0.034858
51.4910,state,0.995335,0.952607,0.172819,0.034698
51.4917,desired,1.000000,1.000000,0.000000,0.000000
51.5010,state,0.995335,0.952222,0.172819,0.035479
51.5110,state,0.995335,0.952337,0.172819,0.035245
51.5210,state,0.995335,0.952439,0.172819,0.035039
51.5216,desired,1.000000,1.000000,0.000000,0.000000
51.5311,state,0.995335,0.952528,0.172819,0.034858
51.5409,state,0.995335,0.952607,0.172819,0.034698
51.5423,state,0.995335,0.952677,0.172819,0.034558
51.5433,state,0.995335,0.952738,0.172819,0.034435
51.5511,state,0.995335,0.952439,0.172819,0.035039
51.5519,desired,1.000000,1.000000,-0.111111,-0.111111
51.5609,state,0.995335,0.952528,0.172819,0.034858
51.5716,desired,0.997775,0.997775,-0.111111,-0.111111
51.5719,state,0.995335,0.952607,0.172819,0.034698
51.5811,state,0.995335,0.952677,0.172819,0.034558
51.5910,state,0.995335,0.952738,0.172819,0.034435
51.6016,desired,0.994446,0.994446,-0.111111,-0.111111
51.6019,state,0.995335,0.952439,0.172819,0.035039
51.6110,state,0.995335,0.952528,0.172819,0.034858
51.6210,state,0.995335,0.952607,0.172819,0.034698
51.6218,desired,0.992223,0.992223,-0.111111,-0.111111
51.6310,state,0.995335,0.952677,0.172819,0.034558
51.6411,state,0.995335,0.952738,0.172819,0.034435
51.6437,state,0.995335,0.952792,0.172819,0.034326
51.6460,state,0.995335,0.952840,0.172819,0.034230
51.6510,state,0.995335,0.952607,0.172819,0.034698
51.6516,desired,0.988891,0.988891,-0.111111,-0.111111
51.6610,state,0.995335,0.952677,0.172819,0.034558
51.6711,state,0.995335,0.952738,0.172819,0.034435
51.6719,desired,0.986667,0.986667,-0.111111,-0.111111
51.6811,state,0.995335,0.952792,0.172819,0.034326
51.6910,state,0.995335,0.952840,0.172819,0.034230
51.7011,state,0.995335,0.952607,0.172819,0.034698
51.7019,desired,0.983333,0.983333,-0.111111,-0.111111
51.7111,state,0.995335,0.952677,0.172819,0.034558
51.7211,state,0.995335,0.952738,0.172819,0.034435
51.7310,state,0.995335,0.952792,0.172819,0.034326
51.7316,desired,0.980002,0.980002,-0.111111,-0.111111
51.7411,state,0.995335,0.952840,0.172819,0.034230
51.7437,state,0.989302,0.952882,0.106784,0.034145
51.7511,state,0.995335,0.952677,0.172819,0.034558
51.7611,state,0.995335,0.952738,0.172819,0.034435
51.7619,desired,0.976667,0.976667,-0.111111,-0.111111
51.7711,state,0.995335,0.952792,0.172819,0.034326
51.7811,state,0.995335,0.952840,0.172819,0.034230
51.7819,desired,0.974444,0.974444,-0.111111,-0.111111
51.7911,state,0.989302,0.952882,0.106784,0.034145
51.8011,state,0.995335,0.952677,0.172819,0.034558
51.8111,state,0.995335,0.952738,0.172819,0.034435
51.8119,desired,0.971111,0.971111,-0.111111,-0.111111
51.8211,state,0.995335,0.952792,0.172819,0.034326
51.8311,state,0.995335,0.952840,0.172819,0.034230
51.8411,state,0.989302,0.952882,0.106784,0.034145
51.8419,desired,0.967778,0.967778,-0.111111,-0.111111
51.8435,state,0.987724,0.952920,0.166543,0.034070
51.8438,state,0.977587,0.952362,0.129654,0.020724
51.8509,state,0.995335,0.952792,0.172819,0.034326
51.8610,state,0.995335,0.952840,0.172819,0.034230
51.8711,state,0.989302,0.952882,0.106784,0.034145
51.8719,desired,0.964444,0.964444,-0.111111,-0.111111
51.8809,state,0.987724,0.952920,0.166543,0.034070
51.8909,state,0.977587,0.952362,0.129654,0.020724
51.9010,state,0.995335,0.952792,0.172819,0.034326
51.9016,desired,0.961114,0.961114,-0.111111,-0.111111
51.9110,state,0.995335,0.952840,0.172819,0.034230
51.9210,state,0.989302,0.952882,0.106784,0.034145
51.9310,state,0.987724,0.952920,0.166543,0.034070
51.9316,desired,0.957780,0.957780,-0.111111,-0.111111
51.9411,state,0.977587,0.952362,0.129654,0.020724
51.9436,state,0.971150,0.947192,-0.046157,-0.201433
51.9458,state,0.965902,0.929387,0.151431,-0.204685
51.9511,state,0.989302,0.952882,0.106784,0.034145
51.9518,desired,0.955554,0.955554,-0.111111,-0.111111
51.9611,state,0.987724,0.952920,0.166543,0.034070
51.9711,state,0.977587,0.952362,0.129654,0.020724
51.9811,state,0.971150,0.947192,-0.046157,-0.201433
51.9819,desired,0.952223,0.952223,-0.111111,-0.111111
51.9911,state,0.965902,0.929387,0.151431,-0.204685
52.0011,state,0.989302,0.952882,0.106784,0.034145
52.0019,desired,0.950000,0.950000,-0.111111,-0.111111
52.0110,state,0.987724,0.952920,0.166543,0.034070
52.0210,state,0.977587,0.952362,0.129654,0.020724
52.0309,state,0.971150,0.947192,-0.046157,-0.201433
52.0313,desired,0.946672,0.946672,-0.111111,-0.111111
52.0410,state,0.965902,0.929387,0.151431,-0.204685
52.0440,state,0.955988,0.920793,0.064134,-0.103855
52.0510,state,0.987724,0.952920,0.166543,0.034070
52.0515,desired,0.944447,0.944447,-0.111111,-0.111111
52.0609,state,0.977587,0.952362,0.129654,0.020724
52.0709,state,0.971150,0.947192,-0.046157,-0.201433
52.0809,state,0.965902,0.929387,0.151431,-0.204685
52.0813,desired,0.941114,0.941114,-0.111111,-0.111111
52.0909,state,0.955988,0.920793,0.064134,-0.103855
52.1009,state,0.987724,0.952920,0.166543,0.034070
52.1110,state,0.977587,0.952362,0.129654,0.020724
52.1116,desired,0.937781,0.937781,-0.111111,-0.111111
52.1210,state,0.971150,0.947192,-0.046157,-0.201433
52.1309,state,0.965902,0.929387,0.151431,-0.204685
52.1411,state,0.955988,0.920793,0.064134,-0.103855
52.1419,desired,0.934445,0.934445,-0.111111,-0.111111
52.1427,state,0.953474,0.920474,0.159349,0.028842
52.1432,state,0.944262,0.920249,0.129549,0.029254
52.1510,state,0.971150,0.947192,-0.046157,-0.201433
52.1609,state,0.965902,0.929387,0.151431,-0.204685
52.1711,state,0.955988,0.920793,0.064134,-0.103855
52.1717,desired,0.931112,0.931112,-0.111111,-0.111111
52.1810,state,0.953474,0.920474,0.159349,0.028842
52.1911,state,0.944262,0.920249,0.129549,0.029254
52.2011,state,0.971150,0.947192,-0.046157,-0.201433
52.2019,desired,0.927778,0.927778,-0.111111,-0.111111
52.2111,state,0.965902,0.929387,0.151431,-0.204685
52.2210,state,0.955988,0.920793,0.064134,-0.103855
52.2311,state,0.953474,0.920474,0.159349,0.028842
52.2318,desired,0.924446,0.924446,-0.111111,-0.111111
52.2411,state,0.944262,0.920249,0.129549,0.029254
52.2426,state,0.937917,0.915549,-0.049765,-0.198429
52.2433,state,0.932678,0.897798,0.147481,-0.203062
52.2511,state,0.955988,0.920793,0.064134,-0.103855
52.2609,state,0.953474,0.920474,0.159349,0.028842
52.2616,desired,0.921114,0.921114,-0.111111,-0.111111
52.2712,state,0.944262,0.920249,0.129549,0.029254
52.2810,state,0.937917,0.915549,-0.049765,-0.198429
52.2817,desired,0.918891,0.918891,-0.111111,-0.111111
52.2911,state,0.932678,0.897798,0.147481,-0.203062
52.3010,state,0.955988,0.920793,0.064134,-0.103855
52.3110,state,0.953474,0.920474,0.159349,0.028842
52.3117,desired,0.915558,0.915558,-0.111111,-0.111111
52.3210,state,0.944262,0.920249,0.129549,0.029254
52.3310,state,0.937917,0.915549,-0.049765,-0.198429
52.3413,desired,0.912225,0.912225,-0.111111,-0.111111
52.3415,state,0.932678,0.897798,0.147481,-0.203062
52.3424,state,0.923625,0.890513,0.069544,-0.066493
52.3511,state,0.953474,0.920474,0.159349,0.028842
52.3610,state,0.944262,0.920249,0.129549,0.029254
52.3710,state,0.937917,0.915549,-0.049765,-0.198429
52.3718,desired,0.908891,0.908891,-0.111111,-0.111111
52.3811,state,0.932678,0.897798,0.147481,-0.203062
52.3910,state,0.923625,0.890513,0.069544,-0.066493
52.3918,desired,0.906667,0.906667,-0.111111,-0.111111
52.4011,state,0.953474,0.920474,0.159349,0.028842
52.4111,state,0.944262,0.920249,0.129549,0.029254
52.4210,state,0.937917,0.915549,-0.049765,-0.198429
52.4217,desired,0.903334,0.903334,-0.111111,-0.111111
52.4311,state,0.932678,0.897798,0.147481,-0.203062
52.4411,state,0.923625,0.890513,0.069544,-0.066493
52.4420,desired,0.901110,0.901110,-0.111111,-0.111111
52.4430,state,0.921337,0.890202,0.156214,0.027881
52.4434,state,0.910143,0.880996,0.117286,-0.180148
52.4511,state,0.937917,0.915549,-0.049765,-0.198429
52.4611,state,0.932678,0.897798,0.147481,-0.203062
52.4711,state,0.923625,0.890513,0.069544,-0.066493
52.4719,desired,0.897779,0.897779,-0.111111,-0.111111
52.4811,state,0.921337,0.890202,0.156214,0.027881
52.4910,state,0.910143,0.880996,0.117286,-0.180148
52.5010,state,0.937917,0.915549,-0.049765,-0.198429
52.5017,desired,0.894447,0.894447,-0.111111,-0.111111
52.5110,state,0.932678,0.897798,0.147481,-0.203062
52.5210,state,0.923625,0.890513,0.069544,-0.066493
52.5310,state,0.921337,0.890202,0.156214,0.027881
52.5317,desired,0.891114,0.891114,-0.111111,-0.111111
52.5411,state,0.910143,0.880996,0.117286,-0.180148
52.5431,state,0.903603,0.871741,-0.054696,-0.134110
52.5442,state,0.898349,0.865832,0.143132,0.026994
52.5510,state,0.923625,0.890513,0.069544,-0.066493
52.5517,desired,0.888891,0.888891,-0.111111,-0.111111
52.5609,state,0.921337,0.890202,0.156214,0.027881
52.5710,state,0.910143,0.880996,0.117286,-0.180148
52.5718,desired,0.886668,0.886668,-0.111111,-0.111111
52.5810,state,0.903603,0.871741,-0.054696,-0.134110
52.5910,state,0.898349,0.865832,0.143132,0.026994
52.5918,desired,0.884445,0.884445,-0.111111,-0.111111
52.6010,state,0.923625,0.890513,0.069544,-0.066493
52.6116,desired,0.882223,0.882223,-0.111111,-0.111111
52.6119,state,0.921337,0.890202,0.156214,0.027881
52.6211,state,0.910143,0.880996,0.117286,-0.180148
52.6310,state,0.903603,0.871741,-0.054696,-0.134110
52.6411,state,0.898349,0.865832,0.143132,0.026994
52.6417,desired,0.878889,0.878889,-0.111111,-0.111111
52.6428,state,0.890159,0.865574,0.074676,0.027329
52.6511,state,0.921337,0.890202,0.156214,0.027881
52.6610,state,0.910143,0.880996,0.117286,-0.180148
52.6710,state,0.903603,0.871741,-0.054696,-0.134110
52.6717,desired,0.875559,0.875559,-0.111111,-0.111111
52.6810,state,0.898349,0.865832,0.143132,0.026994
52.6910,state,0.890159,0.865574,0.074676,0.027329
52.6918,desired,0.873334,0.873334,-0.111111,-0.111111
52.7011,state,0.921337,0.890202,0.156214,0.027881
52.7110,state,0.910143,0.880996,0.117286,-0.180148
52.7210,state,0.903603,0.871741,-0.054696,-0.134110
52.7216,desired,0.870003,0.870003,-0.111111,-0.111111
52.7310,state,0.898349,0.865832,0.143132,0.026994
52.7409,state,0.890159,0.865574,0.074676,0.027329
52.7427,state,0.888098,0.865342,0.152762,0.027740
52.7441,state,0.877922,0.847913,0.117273,-0.278780
52.7509,state,0.903603,0.871741,-0.054696,-0.134110
52.7515,desired,0.866669,0.866669,-0.111111,-0.111111
52.7611,state,0.898349,0.865832,0.143132,0.026994
52.7710,state,0.890159,0.865574,0.074676,0.027329
52.7810,state,0.888098,0.865342,0.152762,0.027740
52.7818,desired,0.863334,0.863334,-0.111111,-0.111111
52.7910,state,0.877922,0.847913,0.117273,-0.278780
52.8010,state,0.903603,0.871741,-0.054696,-0.134110
52.8110,state,0.898349,0.865832,0.143132,0.026994
52.8118,desired,0.860001,0.860001,-0.111111,-0.111111
52.8210,state,0.890159,0.865574,0.074676,0.027329
52.8310,state,0.888098,0.865342,0.152762,0.027740
52.8409,state,0.877922,0.847913,0.117273,-0.278780
52.8414,desired,0.856671,0.856671,-0.111111,-0.111111
52.8428,state,0.871484,0.838448,-0.058434,-0.093775
52.8443,state,0.866241,0.836583,0.138975,0.026222
52.8509,state,0.890159,0.865574,0.074676,0.027329
52.8610,state,0.888098,0.865342,0.152762,0.027740
52.8616,desired,0.854447,0.854447,-0.111111,-0.111111
52.8710,state,0.877922,0.847913,0.117273,-0.278780
52.8810,state,0.871484,0.838448,-0.058434,-0.093775
52.8911,state,0.866241,0.836583,0.138975,0.026222
52.8919,desired,0.851111,0.851111,-0.111111,-0.111111
52.9009,state,0.890159,0.865574,0.074676,0.027329
52.9111,state,0.888098,0.865342,0.152762,0.027740
52.9209,state,0.877922,0.847913,0.117273,-0.278780
52.9215,desired,0.847781,0.847781,-0.111111,-0.111111
52.9309,state,0.871484,0.838448,-0.058434,-0.093775
52.9413,desired,0.845550,0.845550,-0.111111,-0.111111
52.9416,state,0.866241,0.836583,0.138975,0.026222
52.9425,state,0.856328,0.830210,0.051564,-0.178931
52.9511,state,0.888098,0.865342,0.152762,0.027740
52.9610,state,0.877922,0.847913,0.117273,-0.278780
52.9711,state,0.871484,0.838448,-0.058434,-0.093775
52.9719,desired,0.842224,0.842224,-0.111111,-0.111111
52.9811,state,0.866241,0.836583,0.138975,0.026222
52.9911,state,0.856328,0.830210,0.051564,-0.178931
52.9919,desired,0.840001,0.840001,-0.111111,-0.111111
53.0011,state,0.888098,0.865342,0.152762,0.027740
53.0111,state,0.877922,0.847913,0.117273,-0.278780
53.0118,desired,0.837778,0.837778,-0.111111,-0.111111
53.0211,state,0.871484,0.838448,-0.058434,-0.093775
53.0310,state,0.866241,0.836583,0.138975,0.026222
53.0411,state,0.856328,0.830210,0.051564,-0.178931
53.0420,desired,0.834445,0.834445,-0.111111,-0.111111
53.0434,state,0.853816,0.820196,0.146679,-0.048658
53.0436,state,0.844607,0.818237,0.116764,0.024805
53.0511,state,0.871484,0.838448,-0.058434,-0.093775
53.0610,state,0.866241,0.836583,0.138975,0.026222
53.0711,state,0.856328,0.830210,0.051564,-0.178931
53.0719,desired,0.831112,0.831112,-0.111111,-0.111111
53.0810,state,0.853816,0.820196,0.146679,-0.048658
53.0911,state,0.844607,0.818237,0.116764,0.024805
53.1011,state,0.871484,0.838448,-0.058434,-0.093775
53.1019,desired,0.827778,0.827778,-0.111111,-0.111111
53.1109,state,0.866241,0.836583,0.138975,0.026222
53.1210,state,0.856328,0.830210,0.051564,-0.178931
53.1309,state,0.853816,0.820196,0.146679,-0.048658
53.1316,desired,0.824447,0.824447,-0.111111,-0.111111
53.1411,state,0.844607,0.818237,0.116764,0.024805
53.1438,state,0.838263,0.814717,-0.062655,-0.137699
53.1451,state,0.833027,0.800489,0.134488,-0.161578
53.1513,desired,0.822225,0.822225,-0.111111,-0.111111
53.1515,state,0.856328,0.830210,0.051564,-0.178931
53.1609,state,0.853816,0.820196,0.146679,-0.048658
53.1710,state,0.844607,0.818237,0.116764,0.024805
53.1718,desired,0.820001,0.820001,-0.111111,-0.111111
53.1809,state,0.838263,0.814717,-0.062655,-0.137699
53.1911,state,0.833027,0.800489,0.134488,-0.161578
53.2010,state,0.856328,0.830210,0.051564,-0.178931
53.2014,desired,0.816669,0.816669,-0.111111,-0.111111
53.2111,state,0.853816,0.820196,0.146679,-0.048658
53.2209,state,0.844607,0.818237,0.116764,0.024805
53.2309,state,0.838263,0.814717,-0.062655,-0.137699
53.2315,desired,0.813336,0.813336,-0.111111,-0.111111
53.2409,state,0.833027,0.800489,0.134488,-0.161578
53.2425,state,0.823116,0.797871,0.047046,0.023534
53.2511,state,0.853816,0.820196,0.146679,-0.048658
53.2519,desired,0.811111,0.811111,-0.111111,-0.111111
53.2609,state,0.844607,0.818237,0.116764,0.024805
53.2711,state,0.838263,0.814717,-0.062655,-0.137699
53.2809,state,0.833027,0.800489,0.134488,-0.161578
53.2815,desired,0.807781,0.807781,-0.111111,-0.111111
53.2910,state,0.823116,0.797871,0.047046,0.023534
53.3010,state,0.853816,0.820196,0.146679,-0.048658
53.3016,desired,0.805556,0.805556,-0.111111,-0.111111
53.3110,state,0.844607,0.818237,0.116764,0.024805
53.3210,state,0.838263,0.814717,-0.062655,-0.137699
53.3310,state,0.833027,0.800489,0.134488,-0.161578
53.3316,desired,0.802226,0.802226,-0.111111,-0.111111
53.3411,state,0.823116,0.797871,0.047046,0.023534
53.3426,state,0.820607,0.797532,0.142103,0.024195
53.3436,state,0.810398,0.781649,0.107958,-0.252444
53.3511,state,0.838263,0.814717,-0.062655,-0.137699
53.3518,desired,0.799999,0.799999,-0.111111,-0.111111
53.3610,state,0.833027,0.800489,0.134488,-0.161578
53.3709,state,0.823116,0.797871,0.047046,0.023534
53.3816,desired,0.796667,0.796667,-0.111111,-0.111111
53.3819,state,0.820607,0.797532,0.142103,0.024195
53.3911,state,0.810398,0.781649,0.107958,-0.252444
53.4011,state,0.838263,0.814717,-0.062655,-0.137699
53.4109,state,0.833027,0.800489,0.134488,-0.161578
53.4114,desired,0.793336,0.793336,-0.111111,-0.111111
53.4209,state,0.823116,0.797871,0.047046,0.023534
53.4309,state,0.820607,0.797532,0.142103,0.024195
53.4411,state,0.810398,0.781649,0.107958,-0.252444
53.4422,desired,0.790001,0.790001,-0.111111,-0.111111
53.4438,state,0.804502,0.775954,-0.046397,0.023177
53.4454,state,0.799776,0.775621,0.131548,0.023650
53.4511,state,0.823116,0.797871,0.047046,0.023534
53.4611,state,0.820607,0.797532,0.142103,0.024195
53.4715,desired,0.786668,0.786668,-0.111111,-0.111111
53.4718,state,0.810398,0.781649,0.107958,-0.252444
53.4811,state,0.804502,0.775954,-0.046397,0.023177
53.4911,state,0.799776,0.775621,0.131548,0.023650
53.4919,desired,0.784445,0.784445,-0.111111,-0.111111
53.5010,state,0.823116,0.797871,0.047046,0.023534
53.5110,state,0.820607,0.797532,0.142103,0.024195
53.5210,state,0.810398,0.781649,0.107958,-0.252444
53.5216,desired,0.781114,0.781114,-0.111111,-0.111111
53.5309,state,0.804502,0.775954,-0.046397,0.023177
53.5411,state,0.799776,0.775621,0.131548,0.023650
53.5423,desired,0.778888,0.778888,-0.111111,-0.111111
53.5441,state,0.790768,0.766103,0.051909,-0.251248
53.5511,state,0.820607,0.797532,0.142103,0.024195
53.5611,state,0.810398,0.781649,0.107958,-0.252444
53.5709,state,0.804502,0.775954,-0.046397,0.023177
53.5716,desired,0.775559,0.775559,-0.111111,-0.111111
53.5810,state,0.799776,0.775621,0.131548,0.023650
53.5911,state,0.790768,0.766103,0.051909,-0.251248
53.5919,desired,0.773335,0.773335,-0.111111,-0.111111
53.6011,state,0.820607,0.797532,0.142103,0.024195
53.6109,state,0.810398,0.781649,0.107958,-0.252444
53.6210,state,0.804502,0.775954,-0.046397,0.023177
53.6216,desired,0.770003,0.770003,-0.111111,-0.111111
53.6309,state,0.799776,0.775621,0.131548,0.023650
53.6409,state,0.790768,0.766103,0.051909,-0.251248
53.6431,state,0.788487,0.755611,0.138304,-0.020989
53.6434,state,0.778298,0.755262,0.103408,0.023132
53.6511,state,0.804502,0.775954,-0.046397,0.023177
53.6519,desired,0.766666,0.766666,-0.111111,-0.111111
53.6610,state,0.799776,0.775621,0.131548,0.023650
53.6711,state,0.790768,0.766103,0.051909,-0.251248
53.6811,state,0.788487,0.755611,0.138304,-0.020989
53.6819,desired,0.763334,0.763334,-0.111111,-0.111111
53.6911,state,0.778298,0.755262,0.103408,0.023132
53.7011,state,0.804502,0.775954,-0.046397,0.023177
53.7019,desired,0.761107,0.761107,-0.111111,-0.111111
53.7111,state,0.799776,0.775621,0.131548,0.023650
53.7210,state,0.790768,0.766103,0.051909,-0.251248
53.7315,desired,0.757778,0.757778,-0.111111,-0.111111
53.7318,state,0.788487,0.755611,0.138304,-0.020989
53.7409,state,0.778298,0.755262,0.103408,0.023132
53.7433,state,0.771316,0.750469,-0.093693,-0.204386
53.7456,state,0.765560,0.733485,0.123036,-0.186854
53.7511,state,0.790768,0.766103,0.051909,-0.251248
53.7519,desired,0.755556,0.755556,-0.111111,-0.111111
53.7610,state,0.788487,0.755611,0.138304,-0.020989
53.7710,state,0.778298,0.755262,0.103408,0.023132
53.7811,state,0.771316,0.750469,-0.093693,-0.204386
53.7819,desired,0.752223,0.752223,-0.111111,-0.111111
53.7910,state,0.765560,0.733485,0.123036,-0.186854
53.8011,state,0.790768,0.766103,0.051909,-0.251248
53.8018,desired,0.750000,0.750000,-0.111111,-0.111111
53.8110,state,0.788487,0.755611,0.138304,-0.020989
53.8210,state,0.778298,0.755262,0.103408,0.023132
53.8310,state,0.771316,0.750469,-0.093693,-0.204386
53.8318,desired,0.746668,0.746668,-0.111111,-0.111111
53.8409,state,0.765560,0.733485,0.123036,-0.186854
53.8425,state,0.756466,0.731725,0.046576,0.021670
53.8511,state,0.788487,0.755611,0.138304,-0.020989
53.8519,desired,0.744445,0.744445,-0.111111,-0.111111
53.8610,state,0.778298,0.755262,0.103408,0.023132
53.8710,state,0.771316,0.750469,-0.093693,-0.204386
53.8810,state,0.765560,0.733485,0.123036,-0.186854
53.8817,desired,0.741114,0.741114,-0.111111,-0.111111
53.8911,state,0.756466,0.731725,0.046576,0.021670
53.9010,state,0.788487,0.755611,0.138304,-0.020989
53.9111,state,0.778298,0.755262,0.103408,0.023132
53.9116,desired,0.737776,0.737776,-0.111111,-0.111111
53.9210,state,0.771316,0.750469,-0.093693,-0.204386
53.9310,state,0.765560,0.733485,0.123036,-0.186854
53.9412,desired,0.734449,0.734449,-0.111111,-0.111111
53.9415,state,0.756466,0.731725,0.046576,0.021670
53.9432,state,0.754178,0.731385,0.133218,0.022203
53.9449,state,0.744991,0.717215,0.102519,-0.229945
53.9511,state,0.771316,0.750469,-0.093693,-0.204386
53.9610,state,0.765560,0.733485,0.123036,-0.186854
53.9618,desired,0.732225,0.732225,-0.111111,-0.111111
53.9710,state,0.756466,0.731725,0.046576,0.021670
53.9810,state,0.754178,0.731385,0.133218,0.022203
53.9818,desired,0.730001,0.730001,-0.111111,-0.111111
53.9911,state,0.744991,0.717215,0.102519,-0.229945
54.0010,state,0.771316,0.750469,-0.093693,-0.204386
54.0018,desired,0.727779,0.727779,-0.111111,-0.111111
54.0109,state,0.765560,0.733485,0.123036,-0.186854
54.0210,state,0.756466,0.731725,0.046576,0.021670
54.0314,desired,0.724448,0.724448,-0.111111,-0.111111
54.0317,state,0.754178,0.731385,0.133218,0.022203
54.0409,state,0.744991,0.717215,0.102519,-0.229945
54.0428,state,0.738652,0.712583,-0.076988,0.021440
54.0445,state,0.733420,0.712263,0.119990,0.021912
54.0514,desired,0.722223,0.722223,-0.111111,-0.111111
54.0516,state,0.756466,0.731725,0.046576,0.021670
54.0610,state,0.754178,0.731385,0.133218,0.022203
54.0710,state,0.744991,0.717215,0.102519,-0.229945
54.0809,state,0.738652,0.712583,-0.076988,0.021440
54.0814,desired,0.718893,0.718893,-0.111111,-0.111111
54.0909,state,0.733420,0.712263,0.119990,0.021912
54.1009,state,0.756466,0.731725,0.046576,0.021670
54.1014,desired,0.716669,0.716669,-0.111111,-0.111111
54.1109,state,0.754178,0.731385,0.133218,0.022203
54.1210,state,0.744991,0.717215,0.102519,-0.229945
54.1309,state,0.738652,0.712583,-0.076988,0.021440
54.1316,desired,0.713336,0.713336,-0.111111,-0.111111
54.1409,state,0.733420,0.712263,0.119990,0.021912
54.1425,state,0.723511,0.700575,0.032452,-0.309246
54.1510,state,0.754178,0.731385,0.133218,0.022203
54.1516,desired,0.711113,0.711113,-0.111111,-0.111111
54.1610,state,0.744991,0.717215,0.102519,-0.229945
54.1709,state,0.738652,0.712583,-0.076988,0.021440
54.1809,state,0.733420,0.712263,0.119990,0.021912
54.1815,desired,0.707782,0.707782,-0.111111,-0.111111
54.1910,state,0.723511,0.700575,0.032452,-0.309246
54.2009,state,0.754178,0.731385,0.133218,0.022203
54.2110,state,0.744991,0.717215,0.102519,-0.229945
54.2120,desired,0.704448,0.704448,-0.111111,-0.111111
54.2210,state,0.738652,0.712583,-0.076988,0.021440
54.2310,state,0.733420,0.712263,0.119990,0.021912
54.2318,desired,0.702223,0.702223,-0.111111,-0.111111
54.2409,state,0.723511,0.700575,0.032452,-0.309246
54.2439,state,0.721003,0.688602,0.127414,-0.034580
54.2442,state,0.710798,0.688233,0.093155,0.020825
54.2511,state,0.738652,0.712583,-0.076988,0.021440
54.2519,desired,0.700000,0.700000,-0.111111,-0.111111
54.2610,state,0.733420,0.712263,0.119990,0.021912
54.2710,state,0.723511,0.700575,0.032452,-0.309246
54.2810,state,0.721003,0.688602,0.127414,-0.034580
54.2818,desired,0.696667,0.696667,-0.111111,-0.111111
54.2910,state,0.710798,0.688233,0.093155,0.020825
54.3010,state,0.738652,0.712583,-0.076988,0.021440
54.3111,state,0.733420,0.712263,0.119990,0.021912
54.3124,desired,0.693334,0.693334,-0.111111,-0.111111
54.3210,state,0.723511,0.700575,0.032452,-0.309246
54.3309,state,0.721003,0.688602,0.127414,-0.034580
54.3409,state,0.710798,0.688233,0.093155,0.020825
54.3415,desired,0.690004,0.690004,-0.111111,-0.111111
54.3425,state,0.704358,0.683888,-0.082645,-0.183187
54.3437,state,0.699118,0.668372,0.114642,-0.168552
54.3511,state,0.723511,0.700575,0.032452,-0.309246
54.3609,state,0.721003,0.688602,0.127414,-0.034580
54.3616,desired,0.687781,0.687781,-0.111111,-0.111111
54.3710,state,0.710798,0.688233,0.093155,0.020825
54.3809,state,0.704358,0.683888,-0.082645,-0.183187
54.3910,state,0.699118,0.668372,0.114642,-0.168552
54.3920,desired,0.684445,0.684445,-0.111111,-0.111111
54.4010,state,0.723511,0.700575,0.032452,-0.309246
54.4111,state,0.721003,0.688602,0.127414,-0.034580
54.4210,state,0.710798,0.688233,0.093155,0.020825
54.4215,desired,0.681114,0.681114,-0.111111,-0.111111
54.4309,state,0.704358,0.683888,-0.082645,-0.183187
54.4411,state,0.699118,0.668372,0.114642,-0.168552
54.4419,desired,0.678888,0.678888,-0.111111,-0.111111
54.4441,state,0.690072,0.667545,0.036569,0.020202
54.4511,state,0.721003,0.688602,0.127414,-0.034580
54.4609,state,0.710798,0.688233,0.093155,0.020825
54.4710,state,0.704358,0.683888,-0.082645,-0.183187
54.4718,desired,0.675556,0.675556,-0.111111,-0.111111
54.4810,state,0.699118,0.668372,0.114642,-0.168552
54.4911,state,0.690072,0.667545,0.036569,0.020202
54.5010,state,0.721003,0.688602,0.127414,-0.034580
54.5016,desired,0.672225,0.672225,-0.111111,-0.111111
54.5111,state,0.710798,0.688233,0.093155,0.020825
54.5210,state,0.704358,0.683888,-0.082645,-0.183187
54.5310,state,0.699118,0.668372,0.114642,-0.168552
54.5317,desired,0.668892,0.668892,-0.111111,-0.111111
54.5411,state,0.690072,0.667545,0.036569,0.020202
54.5445,state,0.687790,0.667236,0.122976,0.020667
54.5469,state,0.678603,0.651553,0.092190,-0.248990
54.5509,state,0.704358,0.683888,-0.082645,-0.183187
54.5610,state,0.699118,0.668372,0.114642,-0.168552
54.5619,desired,0.665557,0.665557,-0.111111,-0.111111
54.5710,state,0.690072,0.667545,0.036569,0.020202
54.5811,state,0.687790,0.667236,0.122976,0.020667
54.5910,state,0.678603,0.651553,0.092190,-0.248990
54.5917,desired,0.662225,0.662225,-0.111111,-0.111111
54.6011,state,0.704358,0.683888,-0.082645,-0.183187
54.6110,state,0.699118,0.668372,0.114642,-0.168552
54.6210,state,0.690072,0.667545,0.036569,0.020202
54.6216,desired,0.658892,0.658892,-0.111111,-0.111111
54.6310,state,0.687790,0.667236,0.122976,0.020667
54.6412,state,0.678603,0.651553,0.092190,-0.248990
54.6423,desired,0.656665,0.656665,-0.111111,-0.111111
54.6436,state,0.672265,0.647272,-0.087325,0.019097
54.6444,state,0.667035,0.646937,0.109558,0.019586
54.6510,state,0.690072,0.667545,0.036569,0.020202
54.6610,state,0.687790,0.667236,0.122976,0.020667
54.6710,state,0.678603,0.651553,0.092190,-0.248990
54.6717,desired,0.653337,0.653337,-0.111111,-0.111111
54.6811,state,0.672265,0.647272,-0.087325,0.019097
54.6911,state,0.667035,0.646937,0.109558,0.019586
54.6919,desired,0.651112,0.651112,-0.111111,-0.111111
54.7011,state,0.690072,0.667545,0.036569,0.020202
54.7110,state,0.687790,0.667236,0.122976,0.020667
54.7210,state,0.678603,0.651553,0.092190,-0.248990
54.7216,desired,0.647782,0.647782,-0.111111,-0.111111
54.7311,state,0.672265,0.647272,-0.087325,0.019097
54.7411,state,0.667035,0.646937,0.109558,0.019586
54.7419,desired,0.645554,0.645554,-0.111111,-0.111111
54.7442,state,0.657127,0.635177,0.021959,-0.311870
54.7511,state,0.687790,0.667236,0.122976,0.020667
54.7611,state,0.678603,0.651553,0.092190,-0.248990
54.7710,state,0.672265,0.647272,-0.087325,0.019097
54.7716,desired,0.642225,0.642225,-0.111111,-0.111111
54.7810,state,0.667035,0.646937,0.109558,0.019586
54.7910,state,0.657127,0.635177,0.021959,-0.311870
54.8009,state,0.687790,0.667236,0.122976,0.020667
54.8013,desired,0.638893,0.638893,-0.111111,-0.111111
54.8110,state,0.678603,0.651553,0.092190,-0.248990
54.8210,state,0.672265,0.647272,-0.087325,0.019097
54.8216,desired,0.636669,0.636669,-0.111111,-0.111111
54.8311,state,0.667035,0.646937,0.109558,0.019586
54.8411,state,0.657127,0.635177,0.021959,-0.311870
54.8421,desired,0.634443,0.634443,-0.111111,-0.111111
54.8444,state,0.654621,0.624132,0.116861,-0.003846
54.8448,state,0.644415,0.623776,0.082535,0.018671
54.8511,state,0.672265,0.647272,-0.087325,0.019097
54.8611,state,0.667035,0.646937,0.109558,0.019586
54.8710,state,0.657127,0.635177,0.021959,-0.311870
54.8717,desired,0.631115,0.631115,-0.111111,-0.111111
54.8811,state,0.654621,0.624132,0.116861,-0.003846
54.8910,state,0.644415,0.623776,0.082535,0.018671
54.8919,desired,0.628890,0.628890,-0.111111,-0.111111
54.9011,state,0.672265,0.647272,-0.087325,0.019097
54.9111,state,0.667035,0.646937,0.109558,0.019586
54.9211,state,0.657127,0.635177,0.021959,-0.311870
54.9217,desired,0.625556,0.625556,-0.111111,-0.111111
54.9310,state,0.654621,0.624132,0.116861,-0.003846
54.9411,state,0.644415,0.623776,0.082535,0.018671
54.9422,desired,0.623333,0.623333,-0.111111,-0.111111
54.9433,state,0.638523,0.619485,-0.071869,-0.182486
54.9443,state,0.633803,0.604352,0.105856,-0.161654
54.9511,state,0.657127,0.635177,0.021959,-0.311870
54.9611,state,0.654621,0.624132,0.116861,-0.003846
54.9710,state,0.644415,0.623776,0.082535,0.018671
54.9717,desired,0.620004,0.620004,-0.111111,-0.111111
54.9811,state,0.638523,0.619485,-0.071869,-0.182486
54.9911,state,0.633803,0.604352,0.105856,-0.161654
54.9918,desired,0.617779,0.617779,-0.111111,-0.111111
55.0011,state,0.657127,0.635177,0.021959,-0.311870
55.0110,state,0.654621,0.624132,0.116861,-0.003846
55.0210,state,0.644415,0.623776,0.082535,0.018671
55.0216,desired,0.614448,0.614448,-0.111111,-0.111111
55.0310,state,0.638523,0.619485,-0.071869,-0.182486
55.0411,state,0.633803,0.604352,0.105856,-0.161654
55.0422,desired,0.612223,0.612223,-0.111111,-0.111111
55.0445,state,0.624796,0.603921,0.026082,0.018044
55.0510,state,0.654621,0.624132,0.116861,-0.003846
55.0611,state,0.644415,0.623776,0.082535,0.018671
55.0619,desired,0.610000,0.610000,-0.111111,-0.111111
55.0709,state,0.638523,0.619485,-0.071869,-0.182486
55.0810,state,0.633803,0.604352,0.105856,-0.161654
55.0818,desired,0.607777,0.607777,-0.111111,-0.111111
55.0910,state,0.624796,0.603921,0.026082,0.018044
55.1012,state,0.654621,0.624132,0.116861,-0.003846
55.1109,state,0.644415,0.623776,0.082535,0.018671
55.1116,desired,0.604448,0.604448,-0.111111,-0.111111
55.1209,state,0.638523,0.619485,-0.071869,-0.182486
55.1309,state,0.633803,0.604352,0.105856,-0.161654
55.1410,state,0.624796,0.603921,0.026082,0.018044
55.1417,desired,0.601115,0.601115,-0.111111,-0.111111
55.1424,state,0.622519,0.603608,0.112340,0.018487
55.1431,state,0.612338,0.586416,0.077291,-0.268120
55.1509,state,0.638523,0.619485,-0.071869,-0.182486
55.1609,state,0.633803,0.604352,0.105856,-0.161654
55.1709,state,0.624796,0.603921,0.026082,0.018044
55.1716,desired,0.597783,0.597783,-0.111111,-0.111111
55.1809,state,0.622519,0.603608,0.112340,0.018487
55.1909,state,0.612338,0.586416,0.077291,-0.268120
55.2009,state,0.638523,0.619485,-0.071869,-0.182486
55.2016,desired,0.594449,0.594449,-0.111111,-0.111111
55.2109,state,0.633803,0.604352,0.105856,-0.161654
55.2209,state,0.624796,0.603921,0.026082,0.018044
55.2216,desired,0.592226,0.592226,-0.111111,-0.111111
55.2309,state,0.622519,0.603608,0.112340,0.018487
55.2410,state,0.612338,0.586416,0.077291,-0.268120
55.2418,desired,0.590003,0.590003,-0.111111,-0.111111
55.2425,state,0.605359,0.582053,-0.119922,0.016979
55.2436,state,0.599608,0.581721,0.096593,0.017433
55.2509,state,0.624796,0.603921,0.026082,0.018044
55.2609,state,0.622519,0.603608,0.112340,0.018487
55.2709,state,0.612338,0.586416,0.077291,-0.268120
55.2715,desired,0.586671,0.586671,-0.111111,-0.111111
55.2811,state,0.605359,0.582053,-0.119922,0.016979
55.2909,state,0.599608,0.581721,0.096593,0.017433
55.3010,state,0.624796,0.603921,0.026082,0.018044
55.3015,desired,0.583336,0.583336,-0.111111,-0.111111
55.3109,state,0.622519,0.603608,0.112340,0.018487
55.3209,state,0.612338,0.586416,0.077291,-0.268120
55.3310,state,0.605359,0.582053,-0.119922,0.016979
55.3316,desired,0.580001,0.580001,-0.111111,-0.111111
55.3411,state,0.599608,0.581721,0.096593,0.017433
55.3424,state,0.590519,0.569820,0.020040,-0.316542
55.3510,state,0.622519,0.603608,0.112340,0.018487
55.3610,state,0.612338,0.586416,0.077291,-0.268120
55.3616,desired,0.576671,0.576671,-0.111111,-0.111111
55.3709,state,0.605359,0.582053,-0.119922,0.016979
55.3809,state,0.599608,0.581721,0.096593,0.017433
55.3909,state,0.590519,0.569820,0.020040,-0.316542
55.3914,desired,0.573338,0.573338,-0.111111,-0.111111
55.4011,state,0.622519,0.603608,0.112340,0.018487
55.4110,state,0.612338,0.586416,0.077291,-0.268120
55.4115,desired,0.571115,0.571115,-0.111111,-0.111111
55.4211,state,0.605359,0.582053,-0.119922,0.016979
55.4309,state,0.599608,0.581721,0.096593,0.017433
55.4409,state,0.590519,0.569820,0.020040,-0.316542
55.4415,desired,0.567782,0.567782,-0.111111,-0.111111
55.4428,state,0.588236,0.559461,0.106510,0.016215
55.4429,state,0.578049,0.559114,0.071430,0.016420
55.4510,state,0.605359,0.582053,-0.119922,0.016979
55.4610,state,0.599608,0.581721,0.096593,0.017433
55.4616,desired,0.565559,0.565559,-0.111111,-0.111111
55.4709,state,0.590519,0.569820,0.020040,-0.316542
55.4809,state,0.588236,0.559461,0.106510,0.016215
55.4909,state,0.578049,0.559114,0.071430,0.016420
55.4916,desired,0.562225,0.562225,-0.111111,-0.111111
55.5011,state,0.605359,0.582053,-0.119922,0.016979
55.5111,state,0.599608,0.581721,0.096593,0.017433
55.5119,desired,0.560001,0.560001,-0.111111,-0.111111
55.5211,state,0.590519,0.569820,0.020040,-0.316542
55.5309,state,0.588236,0.559461,0.106510,0.016215
55.5412,state,0.578049,0.559114,0.071430,0.016420
55.5419,desired,0.556665,0.556665,-0.111111,-0.111111
55.5442,state,0.571615,0.554221,-0.104401,-0.215042
55.5457,state,0.566381,0.538144,0.092652,-0.165561
55.5511,state,0.590519,0.569820,0.020040,-0.316542
55.5609,state,0.588236,0.559461,0.106510,0.016215
55.5709,state,0.578049,0.559114,0.071430,0.016420
55.5715,desired,0.553336,0.553336,-0.111111,-0.111111
55.5809,state,0.571615,0.554221,-0.104401,-0.215042
55.5909,state,0.566381,0.538144,0.092652,-0.165561
55.6009,state,0.590519,0.569820,0.020040,-0.316542
55.6014,desired,0.550002,0.550002,-0.111111,-0.111111
55.6109,state,0.588236,0.559461,0.106510,0.016215
55.6211,state,0.578049,0.559114,0.071430,0.016420
55.6219,desired,0.547778,0.547778,-0.111111,-0.111111
55.6309,state,0.571615,0.554221,-0.104401,-0.215042
55.6412,state,0.566381,0.538144,0.092652,-0.165561
55.6432,state,0.558195,0.537718,0.023891,0.015853
55.6510,state,0.588236,0.559461,0.106510,0.016215
55.6514,desired,0.544447,0.544447,-0.111111,-0.111111
55.6610,state,0.578049,0.559114,0.071430,0.016420
55.6710,state,0.571615,0.554221,-0.104401,-0.215042
55.6811,state,0.566381,0.538144,0.092652,-0.165561
55.6819,desired,0.541111,0.541111,-0.111111,-0.111111
55.6911,state,0.558195,0.537718,0.023891,0.015853
55.7011,state,0.588236,0.559461,0.106510,0.016215
55.7111,state,0.578049,0.559114,0.071430,0.016420
55.7119,desired,0.537778,0.537778,-0.111111,-0.111111
55.7210,state,0.571615,0.554221,-0.104401,-0.215042
55.7310,state,0.566381,0.538144,0.092652,-0.165561
55.7414,state,0.558195,0.537718,0.023891,0.015853
55.7418,desired,0.534447,0.534447,-0.111111,-0.111111
55.7424,state,0.556140,0.537410,0.101733,0.016257
55.7438,state,0.544977,0.520121,0.061713,-0.267061
55.7510,state,0.571615,0.554221,-0.104401,-0.215042
55.7610,state,0.566381,0.538144,0.092652,-0.165561
55.7711,state,0.558195,0.537718,0.023891,0.015853
55.7721,desired,0.531111,0.531111,-0.111111,-0.111111
55.7811,state,0.556140,0.537410,0.101733,0.016257
55.7911,state,0.544977,0.520121,0.061713,-0.267061
55.8011,state,0.571615,0.554221,-0.104401,-0.215042
55.8019,desired,0.527777,0.527777,-0.111111,-0.111111
55.8111,state,0.566381,0.538144,0.092652,-0.165561
55.8211,state,0.558195,0.537718,0.023891,0.015853
55.8311,state,0.556140,0.537410,0.101733,0.016257
55.8321,desired,0.524444,0.524444,-0.111111,-0.111111
55.8413,state,0.544977,0.520121,0.061713,-0.267061
55.8439,state,0.538445,0.515966,-0.110596,0.015207
55.8447,state,0.533202,0.515665,0.086800,0.015592
55.8510,state,0.558195,0.537718,0.023891,0.015853
55.8611,state,0.556140,0.537410,0.101733,0.016257
55.8619,desired,0.521111,0.521111,-0.111111,-0.111111
55.8710,state,0.544977,0.520121,0.061713,-0.267061
55.8811,state,0.538445,0.515966,-0.110596,0.015207
55.8911,state,0.533202,0.515665,0.086800,0.015592
55.8919,desired,0.517778,0.517778,-0.111111,-0.111111
55.9011,state,0.558195,0.537718,0.023891,0.015853
55.9111,state,0.556140,0.537410,0.101733,0.016257
55.9211,state,0.544977,0.520121,0.061713,-0.267061
55.9219,desired,0.514445,0.514445,-0.111111,-0.111111
55.9311,state,0.538445,0.515966,-0.110596,0.015207
55.9422,state,0.533202,0.515665,0.086800,0.015592
55.9429,desired,0.512220,0.512220,-0.111111,-0.111111
55.9447,state,0.524156,0.504110,0.008620,-0.309055
55.9511,state,0.556140,0.537410,0.101733,0.016257
55.9611,state,0.544977,0.520121,0.061713,-0.267061
55.9711,state,0.538445,0.515966,-0.110596,0.015207
55.9719,desired,0.508890,0.508890,-0.111111,-0.111111
55.9811,state,0.533202,0.515665,0.086800,0.015592
55.9910,state,0.524156,0.504110,0.008620,-0.309055
56.0010,state,0.556140,0.537410,0.101733,0.016257
56.0019,desired,0.505557,0.505557,-0.111111,-0.111111
56.0110,state,0.544977,0.520121,0.061713,-0.267061
56.0211,state,0.538445,0.515966,-0.110596,0.015207
56.0310,state,0.533202,0.515665,0.086800,0.015592
56.0317,desired,0.502225,0.502225,-0.111111,-0.111111
56.0422,state,0.524156,0.504110,0.008620,-0.309055
56.0454,state,0.521878,0.494297,0.094920,0.014856
56.0462,state,0.511695,0.494007,0.059782,0.014978
56.0511,state,0.538445,0.515966,-0.110596,0.015207
56.0519,desired,0.499999,0.499999,-0.111111,-0.111111
56.0610,state,0.533202,0.515665,0.086800,0.015592
56.0710,state,0.524156,0.504110,0.008620,-0.309055
56.0811,state,0.521878,0.494297,0.094920,0.014856
56.0819,desired,0.496667,0.496667,-0.111111,-0.111111
56.0910,state,0.511695,0.494007,0.059782,0.014978
56.1010,state,0.538445,0.515966,-0.110596,0.015207
56.1110,state,0.533202,0.515665,0.086800,0.015592
56.1116,desired,0.493336,0.493336,-0.111111,-0.111111
56.1210,state,0.524156,0.504110,0.008620,-0.309055
56.1309,state,0.521878,0.494297,0.094920,0.014856
56.1413,state,0.511695,0.494007,0.059782,0.014978
56.1417,desired,0.490003,0.490003,-0.111111,-0.111111
56.1431,state,0.505806,0.489312,-0.094752,-0.209120
56.1433,state,0.501089,0.473863,0.082855,-0.156798
56.1510,state,0.524156,0.504110,0.008620,-0.309055
56.1610,state,0.521878,0.494297,0.094920,0.014856
56.1711,state,0.511695,0.494007,0.059782,0.014978
56.1719,desired,0.486667,0.486667,-0.111111,-0.111111
56.1810,state,0.505806,0.489312,-0.094752,-0.209120
56.1911,state,0.501089,0.473863,0.082855,-0.156798
56.2016,desired,0.483335,0.483335,-0.111111,-0.111111
56.2019,state,0.524156,0.504110,0.008620,-0.309055
56.2111,state,0.521878,0.494297,0.094920,0.014856
56.2211,state,0.511695,0.494007,0.059782,0.014978
56.2310,state,0.505806,0.489312,-0.094752,-0.209120
56.2319,desired,0.480001,0.480001,-0.111111,-0.111111
56.2419,state,0.501089,0.473863,0.082855,-0.156798
56.2442,state,0.492088,0.473510,0.003027,0.014596
56.2510,state,0.521878,0.494297,0.094920,0.014856
56.2610,state,0.511695,0.494007,0.059782,0.014978
56.2619,desired,0.476667,0.476667,-0.111111,-0.111111
56.2709,state,0.505806,0.489312,-0.094752,-0.209120
56.2810,state,0.501089,0.473863,0.082855,-0.156798
56.2909,state,0.492088,0.473510,0.003027,0.014596
56.2916,desired,0.473337,0.473337,-0.111111,-0.111111
56.3010,state,0.521878,0.494297,0.094920,0.014856
56.3116,desired,0.471111,0.471111,-0.111111,-0.111111
56.3119,state,0.511695,0.494007,0.059782,0.014978
56.3210,state,0.505806,0.489312,-0.094752,-0.209120
56.3311,state,0.501089,0.473863,0.082855,-0.156798
56.3414,state,0.492088,0.473510,0.003027,0.014596
56.3420,desired,0.467776,0.467776,-0.111111,-0.111111
56.3430,state,0.489814,0.473264,0.089157,0.014904
56.3438,state,0.478631,0.454604,0.049755,-0.284756
56.3511,state,0.505806,0.489312,-0.094752,-0.209120
56.3610,state,0.501089,0.473863,0.082855,-0.156798
56.3710,state,0.492088,0.473510,0.003027,0.014596
56.3718,desired,0.464445,0.464445,-0.111111,-0.111111
56.3809,state,0.489814,0.473264,0.089157,0.014904
56.3910,state,0.478631,0.454604,0.049755,-0.284756
56.4009,state,0.505806,0.489312,-0.094752,-0.209120
56.4015,desired,0.461115,0.461115,-0.111111,-0.111111
56.4110,state,0.501089,0.473863,0.082855,-0.156798
56.4210,state,0.492088,0.473510,0.003027,0.014596
56.4218,desired,0.458890,0.458890,-0.111111,-0.111111
56.4310,state,0.489814,0.473264,0.089157,0.014904
56.4422,state,0.478631,0.454604,0.049755,-0.284756
56.4429,desired,0.456665,0.456665,-0.111111,-0.111111
56.4445,state,0.472099,0.450414,-0.122476,0.013657
56.4462,state,0.466859,0.450161,0.074830,0.013960
56.4512,state,0.492088,0.473510,0.003027,0.014596
56.4610,state,0.489814,0.473264,0.089157,0.014904
56.4710,state,0.478631,0.454604,0.049755,-0.284756
56.4716,desired,0.453333,0.453333,-0.111111,-0.111111
56.4810,state,0.472099,0.450414,-0.122476,0.013657
56.4910,state,0.466859,0.450161,0.074830,0.013960
56.5010,state,0.492088,0.473510,0.003027,0.014596
56.5016,desired,0.450002,0.450002,-0.111111,-0.111111
56.5110,state,0.489814,0.473264,0.089157,0.014904
56.5210,state,0.478631,0.454604,0.049755,-0.284756
56.5309,state,0.472099,0.450414,-0.122476,0.013657
56.5314,desired,0.446669,0.446669,-0.111111,-0.111111
56.5412,state,0.466859,0.450161,0.074830,0.013960
56.5454,state,0.458676,0.439354,0.006071,-0.292441
56.5510,state,0.489814,0.473264,0.089157,0.014904
56.5615,desired,0.443336,0.443336,-0.111111,-0.111111
56.5618,state,0.478631,0.454604,0.049755,-0.284756
56.5710,state,0.472099,0.450414,-0.122476,0.013657
56.5810,state,0.466859,0.450161,0.074830,0.013960
56.5909,state,0.458676,0.439354,0.006071,-0.292441
56.5917,desired,0.440004,0.440004,-0.111111,-0.111111
56.6010,state,0.489814,0.473264,0.089157,0.014904
56.6110,state,0.478631,0.454604,0.049755,-0.284756
56.6115,desired,0.437781,0.437781,-0.111111,-0.111111
56.6210,state,0.472099,0.450414,-0.122476,0.013657
56.6310,state,0.466859,0.450161,0.074830,0.013960
56.6317,desired,0.435558,0.435558,-0.111111,-0.111111
56.6411,state,0.458676,0.439354,0.006071,-0.292441
56.6429,state,0.456623,0.430253,0.083829,0.013623
56.6433,state,0.446462,0.430030,0.047958,0.013664
56.6516,desired,0.433335,0.433335,-0.111111,-0.111111
56.6519,state,0.472099,0.450414,-0.122476,0.013657
56.6611,state,0.466859,0.450161,0.074830,0.013960
56.6710,state,0.458676,0.439354,0.006071,-0.292441
56.6810,state,0.456623,0.430253,0.083829,0.013623
56.6816,desired,0.430002,0.430002,-0.111111,-0.111111
56.6911,state,0.446462,0.430030,0.047958,0.013664
56.7011,state,0.472099,0.450414,-0.122476,0.013657
56.7018,desired,0.427777,0.427777,-0.111111,-0.111111
56.7111,state,0.466859,0.450161,0.074830,0.013960
56.7211,state,0.458676,0.439354,0.006071,-0.292441
56.7311,state,0.456623,0.430253,0.083829,0.013623
56.7317,desired,0.424448,0.424448,-0.111111,-0.111111
56.7424,state,0.446462,0.430030,0.047958,0.013664
56.7440,state,0.439486,0.424422,-0.149404,-0.259860
56.7446,state,0.433739,0.407152,0.066965,-0.169506
56.7510,state,0.458676,0.439354,0.006071,-0.292441
56.7518,desired,0.422224,0.422224,-0.111111,-0.111111
56.7611,state,0.456623,0.430253,0.083829,0.013623
56.7710,state,0.446462,0.430030,0.047958,0.013664
56.7810,state,0.439486,0.424422,-0.149404,-0.259860
56.7816,desired,0.418891,0.418891,-0.111111,-0.111111
56.7910,state,0.433739,0.407152,0.066965,-0.169506
56.8011,state,0.458676,0.439354,0.006071,-0.292441
56.8110,state,0.456623,0.430253,0.083829,0.013623
56.8116,desired,0.415558,0.415558,-0.111111,-0.111111
56.8211,state,0.446462,0.430030,0.047958,0.013664
56.8311,state,0.439486,0.424422,-0.149404,-0.259860
56.8319,desired,0.413333,0.413333,-0.111111,-0.111111
56.8411,state,0.433739,0.407152,0.066965,-0.169506
56.8444,state,0.424654,0.406836,-0.009680,0.012751
56.8510,state,0.456623,0.430253,0.083829,0.013623
56.8614,desired,0.410002,0.410002,-0.111111,-0.111111
56.8616,state,0.446462,0.430030,0.047958,0.013664
56.8710,state,0.439486,0.424422,-0.149404,-0.259860
56.8810,state,0.433739,0.407152,0.066965,-0.169506
56.8910,state,0.424654,0.406836,-0.009680,0.012751
56.8916,desired,0.406669,0.406669,-0.111111,-0.111111
56.9011,state,0.456623,0.430253,0.083829,0.013623
56.9110,state,0.446462,0.430030,0.047958,0.013664
56.9211,state,0.439486,0.424422,-0.149404,-0.259860
56.9219,desired,0.403333,0.403333,-0.111111,-0.111111
56.9310,state,0.433739,0.407152,0.066965,-0.169506
56.9411,state,0.424654,0.406836,-0.009680,0.012751
56.9438,state,0.422374,0.406626,0.076672,0.012993
56.9439,state,0.412190,0.389235,0.041465,-0.264939
56.9510,state,0.439486,0.424422,-0.149404,-0.259860
56.9516,desired,0.400002,0.400002,-0.111111,-0.111111
56.9610,state,0.433739,0.407152,0.066965,-0.169506
56.9710,state,0.424654,0.406836,-0.009680,0.012751
56.9811,state,0.422374,0.406626,0.076672,0.012993
56.9819,desired,0.396667,0.396667,-0.111111,-0.111111
56.9910,state,0.412190,0.389235,0.041465,-0.264939
57.0010,state,0.439486,0.424422,-0.149404,-0.259860
57.0114,desired,0.393336,0.393336,-0.111111,-0.111111
57.0116,state,0.433739,0.407152,0.066965,-0.169506
57.0211,state,0.424654,0.406836,-0.009680,0.012751
57.0310,state,0.422374,0.406626,0.076672,0.012993
57.0411,state,0.412190,0.389235,0.041465,-0.264939
57.0421,desired,0.390000,0.390000,-0.111111,-0.111111
57.0432,state,0.405757,0.385509,-0.134432,0.012269
57.0452,state,0.400527,0.385319,0.062478,0.012484
57.0510,state,0.424654,0.406836,-0.009680,0.012751
57.0610,state,0.422374,0.406626,0.076672,0.012993
57.0710,state,0.412190,0.389235,0.041465,-0.264939
57.0718,desired,0.386669,0.386669,-0.111111,-0.111111
57.0810,state,0.405757,0.385509,-0.134432,0.012269
57.0910,state,0.400527,0.385319,0.062478,0.012484
57.0918,desired,0.384447,0.384447,-0.111111,-0.111111
57.1010,state,0.424654,0.406836,-0.009680,0.012751
57.1110,state,0.422374,0.406626,0.076672,0.012993
57.1214,desired,0.381114,0.381114,-0.111111,-0.111111
57.1216,state,0.412190,0.389235,0.041465,-0.264939
57.1311,state,0.405757,0.385509,-0.134432,0.012269
57.1409,state,0.400527,0.385319,0.062478,0.012484
57.1433,state,0.391485,0.373217,-0.015795,-0.326749
57.1510,state,0.422374,0.406626,0.076672,0.012993
57.1516,desired,0.377780,0.377780,-0.111111,-0.111111
57.1610,state,0.412190,0.389235,0.041465,-0.264939
57.1710,state,0.405757,0.385509,-0.134432,0.012269
57.1810,state,0.400527,0.385319,0.062478,0.012484
57.1818,desired,0.374447,0.374447,-0.111111,-0.111111
57.1910,state,0.391485,0.373217,-0.015795,-0.326749
57.2010,state,0.422374,0.406626,0.076672,0.012993
57.2110,state,0.412190,0.389235,0.041465,-0.264939
57.2117,desired,0.371114,0.371114,-0.111111,-0.111111
57.2210,state,0.405757,0.385509,-0.134432,0.012269
57.2309,state,0.400527,0.385319,0.062478,0.012484
57.2409,state,0.391485,0.373217,-0.015795,-0.326749
57.2416,desired,0.367782,0.367782,-0.111111,-0.111111
57.2437,state,0.389209,0.363750,0.070409,0.011939
57.2439,state,0.379026,0.363575,0.035179,0.011895
57.2511,state,0.405757,0.385509,-0.134432,0.012269
57.2610,state,0.400527,0.385319,0.062478,0.012484
57.2617,desired,0.365558,0.365558,-0.111111,-0.111111
57.2710,state,0.391485,0.373217,-0.015795,-0.326749
57.2810,state,0.389209,0.363750,0.070409,0.011939
57.2915,desired,0.362225,0.362225,-0.111111,-0.111111
57.2919,state,0.379026,0.363575,0.035179,0.011895
57.3010,state,0.405757,0.385509,-0.134432,0.012269
57.3110,state,0.400527,0.385319,0.062478,0.012484
57.3216,desired,0.358892,0.358892,-0.111111,-0.111111
57.3219,state,0.391485,0.373217,-0.015795,-0.326749
57.3311,state,0.389209,0.363750,0.070409,0.011939
57.3410,state,0.379026,0.363575,0.035179,0.011895
57.3434,state,0.372594,0.358286,-0.140727,-0.247836
57.3436,state,0.367365,0.342176,0.056153,-0.153013
57.3517,desired,0.355554,0.355554,-0.111111,-0.111111
57.3521,state,0.391485,0.373217,-0.015795,-0.326749
57.3610,state,0.389209,0.363750,0.070409,0.011939
57.3711,state,0.379026,0.363575,0.035179,0.011895
57.3810,state,0.372594,0.358286,-0.140727,-0.247836
57.3817,desired,0.352226,0.352226,-0.111111,-0.111111
57.3910,state,0.367365,0.342176,0.056153,-0.153013
57.4010,state,0.391485,0.373217,-0.015795,-0.326749
57.4016,desired,0.350003,0.350003,-0.111111,-0.111111
57.4109,state,0.389209,0.363750,0.070409,0.011939
57.4210,state,0.379026,0.363575,0.035179,0.011895
57.4216,desired,0.347779,0.347779,-0.111111,-0.111111
57.4310,state,0.372594,0.358286,-0.140727,-0.247836
57.4410,state,0.367365,0.342176,0.056153,-0.153013
57.4430,state,0.358320,0.341937,-0.022163,0.011320
57.4510,state,0.389209,0.363750,0.070409,0.011939
57.4516,desired,0.344447,0.344447,-0.111111,-0.111111
57.4610,state,0.379026,0.363575,0.035179,0.011895
57.4709,state,0.372594,0.358286,-0.140727,-0.247836
57.4809,state,0.367365,0.342176,0.056153,-0.153013
57.4815,desired,0.341115,0.341115,-0.111111,-0.111111
57.4910,state,0.358320,0.341937,-0.022163,0.011320
57.5010,state,0.389209,0.363750,0.070409,0.011939
57.5016,desired,0.338892,0.338892,-0.111111,-0.111111
57.5110,state,0.379026,0.363575,0.035179,0.011895
57.5210,state,0.372594,0.358286,-0.140727,-0.247836
57.5310,state,0.367365,0.342176,0.056153,-0.153013
57.5316,desired,0.335556,0.335556,-0.111111,-0.111111
57.5410,state,0.358320,0.341937,-0.022163,0.011320
57.5428,state,0.356044,0.341789,0.064050,0.011479
57.5430,state,0.345866,0.323846,0.028817,-0.269687
57.5510,state,0.372594,0.358286,-0.140727,-0.247836
57.5516,desired,0.333333,0.333333,-0.111111,-0.111111
57.5609,state,0.367365,0.342176,0.056153,-0.153013
57.5710,state,0.358320,0.341937,-0.022163,0.011320
57.5810,state,0.356044,0.341789,0.064050,0.011479
57.5816,desired,0.330003,0.330003,-0.111111,-0.111111
57.5910,state,0.345866,0.323846,0.028817,-0.269687
57.6011,state,0.372594,0.358286,-0.140727,-0.247836
57.6110,state,0.367365,0.342176,0.056153,-0.153013
57.6115,desired,0.326669,0.326669,-0.111111,-0.111111
57.6210,state,0.358320,0.341937,-0.022163,0.011320
57.6309,state,0.356044,0.341789,0.064050,0.011479
57.6413,state,0.345866,0.323846,0.028817,-0.269687
57.6420,desired,0.323333,0.323333,-0.111111,-0.111111
57.6444,state,0.339433,0.320292,-0.147190,0.010752
57.6457,state,0.334203,0.320161,0.049739,0.010889
57.6510,state,0.358320,0.341937,-0.022163,0.011320
57.6610,state,0.356044,0.341789,0.064050,0.011479
57.6709,state,0.345866,0.323846,0.028817,-0.269687
57.6715,desired,0.320004,0.320004,-0.111111,-0.111111
57.6810,state,0.339433,0.320292,-0.147190,0.010752
57.6910,state,0.334203,0.320161,0.049739,0.010889
57.7010,state,0.358320,0.341937,-0.022163,0.011320
57.7016,desired,0.316669,0.316669,-0.111111,-0.111111
57.7109,state,0.356044,0.341789,0.064050,0.011479
57.7211,state,0.345866,0.323846,0.028817,-0.269687
57.7218,desired,0.314445,0.314445,-0.111111,-0.111111
57.7309,state,0.339433,0.320292,-0.147190,0.010752
57.7411,state,0.334203,0.320161,0.049739,0.010889
57.7442,state,0.326021,0.308631,-0.019103,-0.314460
57.7509,state,0.356044,0.341789,0.064050,0.011479
57.7514,desired,0.311114,0.311114,-0.111111,-0.111111
57.7609,state,0.345866,0.323846,0.028817,-0.269687
57.7709,state,0.339433,0.320292,-0.147190,0.010752
57.7809,state,0.334203,0.320161,0.049739,0.010889
57.7815,desired,0.307781,0.307781,-0.111111,-0.111111
57.7910,state,0.326021,0.308631,-0.019103,-0.314460
57.8010,state,0.356044,0.341789,0.064050,0.011479
57.8016,desired,0.305556,0.305556,-0.111111,-0.111111
57.8109,state,0.345866,0.323846,0.028817,-0.269687
57.8210,state,0.339433,0.320292,-0.147190,0.010752
57.8309,state,0.334203,0.320161,0.049739,0.010889
57.8315,desired,0.302227,0.302227,-0.111111,-0.111111
57.8411,state,0.326021,0.308631,-0.019103,-0.314460
57.8442,state,0.323970,0.299842,0.058588,0.010573
57.8449,state,0.312813,0.299735,0.018415,0.010463
57.8509,state,0.339433,0.320292,-0.147190,0.010752
57.8515,desired,0.300004,0.300004,-0.111111,-0.111111
57.8610,state,0.334203,0.320161,0.049739,0.010889
57.8709,state,0.326021,0.308631,-0.019103,-0.314460
57.8715,desired,0.297782,0.297782,-0.111111,-0.111111
57.8810,state,0.323970,0.299842,0.058588,0.010573
57.8911,state,0.312813,0.299735,0.018415,0.010463
57.8917,desired,0.295556,0.295556,-0.111111,-0.111111
57.9010,state,0.339433,0.320292,-0.147190,0.010752
57.9110,state,0.334203,0.320161,0.049739,0.010889
57.9210,state,0.326021,0.308631,-0.019103,-0.314460
57.9218,desired,0.292222,0.292222,-0.111111,-0.111111
57.9310,state,0.323970,0.299842,0.058588,0.010573
57.9411,state,0.312813,0.299735,0.018415,0.010463
57.9464,state,0.306286,0.293866,-0.153936,-0.281900
57.9482,state,0.301049,0.276892,0.043231,-0.154290
57.9510,state,0.326021,0.308631,-0.019103,-0.314460
57.9520,desired,0.288893,0.288893,-0.111111,-0.111111
57.9610,state,0.323970,0.299842,0.058588,0.010573
57.9710,state,0.312813,0.299735,0.018415,0.010463
57.9810,state,0.306286,0.293866,-0.153936,-0.281900
57.9819,desired,0.285560,0.285560,-0.111111,-0.111111
57.9910,state,0.301049,0.276892,0.043231,-0.154290
58.0010,state,0.326021,0.308631,-0.019103,-0.314460
58.0021,desired,0.283336,0.283336,-0.111111,-0.111111
58.0110,state,0.323970,0.299842,0.058588,0.010573
58.0210,state,0.312813,0.299735,0.018415,0.010463
58.0216,desired,0.281112,0.281112,-0.111111,-0.111111
58.0309,state,0.306286,0.293866,-0.153936,-0.281900
58.0410,state,0.301049,0.276892,0.043231,-0.154290
58.0435,state,0.292006,0.276710,-0.035065,0.009663
58.0510,state,0.323970,0.299842,0.058588,0.010573
58.0516,desired,0.277781,0.277781,-0.111111,-0.111111
58.0610,state,0.312813,0.299735,0.018415,0.010463
58.0710,state,0.306286,0.293866,-0.153936,-0.281900
58.0810,state,0.301049,0.276892,0.043231,-0.154290
58.0818,desired,0.274448,0.274448,-0.111111,-0.111111
58.0909,state,0.292006,0.276710,-0.035065,0.009663
58.1011,state,0.323970,0.299842,0.058588,0.010573
58.1019,desired,0.272222,0.272222,-0.111111,-0.111111
58.1110,state,0.312813,0.299735,0.018415,0.010463
58.1211,state,0.306286,0.293866,-0.153936,-0.281900
58.1309,state,0.301049,0.276892,0.043231,-0.154290
58.1315,desired,0.268893,0.268893,-0.111111,-0.111111
58.1410,state,0.292006,0.276710,-0.035065,0.009663
58.1428,state,0.289731,0.276616,0.051103,0.009755
58.1431,state,0.279553,0.258669,0.015831,-0.266083
58.1509,state,0.306286,0.293866,-0.153936,-0.281900
58.1516,desired,0.266670,0.266670,-0.111111,-0.111111
58.1609,state,0.301049,0.276892,0.043231,-0.154290
58.1710,state,0.292006,0.276710,-0.035065,0.009663
58.1716,desired,0.264448,0.264448,-0.111111,-0.111111
58.1810,state,0.289731,0.276616,0.051103,0.009755
58.1910,state,0.279553,0.258669,0.015831,-0.266083
58.1916,desired,0.262225,0.262225,-0.111111,-0.111111
58.2009,state,0.306286,0.293866,-0.153936,-0.281900
58.2111,state,0.301049,0.276892,0.043231,-0.154290
58.2119,desired,0.260001,0.260001,-0.111111,-0.111111
58.2210,state,0.292006,0.276710,-0.035065,0.009663
58.2310,state,0.289731,0.276616,0.051103,0.009755
58.2412,state,0.279553,0.258669,0.015831,-0.266083
58.2424,desired,0.256666,0.256666,-0.111111,-0.111111
58.2457,state,0.273665,0.255425,-0.138813,0.009141
58.2474,state,0.268951,0.255350,0.038671,0.009212
58.2511,state,0.292006,0.276710,-0.035065,0.009663
58.2610,state,0.289731,0.276616,0.051103,0.009755
58.2710,state,0.279553,0.258669,0.015831,-0.266083
58.2716,desired,0.253337,0.253337,-0.111111,-0.111111
58.2810,state,0.273665,0.255425,-0.138813,0.009141
58.2910,state,0.268951,0.255350,0.038671,0.009212
58.3010,state,0.292006,0.276710,-0.035065,0.009663
58.3016,desired,0.250003,0.250003,-0.111111,-0.111111
58.3110,state,0.289731,0.276616,0.051103,0.009755
58.3210,state,0.279553,0.258669,0.015831,-0.266083
58.3310,state,0.273665,0.255425,-0.138813,0.009141
58.3316,desired,0.246671,0.246671,-0.111111,-0.111111
58.3411,state,0.268951,0.255350,0.038671,0.009212
58.3435,state,0.259090,0.242652,-0.050713,-0.344611
58.3509,state,0.289731,0.276616,0.051103,0.009755
58.3614,desired,0.243336,0.243336,-0.111111,-0.111111
58.3616,state,0.279553,0.258669,0.015831,-0.266083
58.3711,state,0.273665,0.255425,-0.138813,0.009141
58.3810,state,0.268951,0.255350,0.038671,0.009212
58.3921,desired,0.240001,0.240001,-0.111111,-0.111111
58.3925,state,0.259090,0.242652,-0.050713,-0.344611
58.4010,state,0.289731,0.276616,0.051103,0.009755
58.4110,state,0.279553,0.258669,0.015831,-0.266083
58.4210,state,0.273665,0.255425,-0.138813,0.009141
58.4220,desired,0.236669,0.236669,-0.111111,-0.111111
58.4310,state,0.268951,0.255350,0.038671,0.009212
58.4410,state,0.259090,0.242652,-0.050713,-0.344611
58.4416,desired,0.234446,0.234446,-0.111111,-0.111111
58.4428,state,0.256595,0.233772,0.043784,0.008784
58.4431,state,0.246399,0.233715,0.009182,0.008616
58.4510,state,0.273665,0.255425,-0.138813,0.009141
58.4609,state,0.268951,0.255350,0.038671,0.009212
58.4710,state,0.259090,0.242652,-0.050713,-0.344611
58.4717,desired,0.231114,0.231114,-0.111111,-0.111111
58.4810,state,0.256595,0.233772,0.043784,0.008784
58.4910,state,0.246399,0.233715,0.009182,0.008616
58.4916,desired,0.228891,0.228891,-0.111111,-0.111111
58.5010,state,0.273665,0.255425,-0.138813,0.009141
58.5109,state,0.268951,0.255350,0.038671,0.009212
58.5209,state,0.259090,0.242652,-0.050713,-0.344611
58.5215,desired,0.225559,0.225559,-0.111111,-0.111111
58.5309,state,0.256595,0.233772,0.043784,0.008784
58.5411,state,0.246399,0.233715,0.009182,0.008616
58.5419,desired,0.223334,0.223334,-0.111111,-0.111111
58.5440,state,0.239964,0.228100,-0.166780,-0.273244
58.5445,state,0.234736,0.212296,0.030094,-0.134638
58.5509,state,0.259090,0.242652,-0.050713,-0.344611
58.5610,state,0.256595,0.233772,0.043784,0.008784
58.5710,state,0.246399,0.233715,0.009182,0.008616
58.5718,desired,0.220003,0.220003,-0.111111,-0.111111
58.5811,state,0.239964,0.228100,-0.166780,-0.273244
58.5910,state,0.234736,0.212296,0.030094,-0.134638
58.6010,state,0.259090,0.242652,-0.050713,-0.344611
58.6016,desired,0.216669,0.216669,-0.111111,-0.111111
58.6111,state,0.256595,0.233772,0.043784,0.008784
58.6210,state,0.246399,0.233715,0.009182,0.008616
58.6311,state,0.239964,0.228100,-0.166780,-0.273244
58.6319,desired,0.213333,0.213333,-0.111111,-0.111111
58.6410,state,0.234736,0.212296,0.030094,-0.134638
58.6436,state,0.225695,0.212186,-0.048229,0.008037
58.6511,state,0.256595,0.233772,0.043784,0.008784
58.6520,desired,0.211111,0.211111,-0.111111,-0.111111
58.6610,state,0.246399,0.233715,0.009182,0.008616
58.6710,state,0.239964,0.228100,-0.166780,-0.273244
58.6813,desired,0.207781,0.207781,-0.111111,-0.111111
58.6815,state,0.234736,0.212296,0.030094,-0.134638
58.6911,state,0.225695,0.212186,-0.048229,0.008037
58.7010,state,0.256595,0.233772,0.043784,0.008784
58.7116,desired,0.204446,0.204446,-0.111111,-0.111111
58.7119,state,0.246399,0.233715,0.009182,0.008616
58.7210,state,0.239964,0.228100,-0.166780,-0.273244
58.7310,state,0.234736,0.212296,0.030094,-0.134638
58.7418,desired,0.201112,0.201112,-0.111111,-0.111111
58.7423,state,0.225695,0.212186,-0.048229,0.008037
58.7450,state,0.223421,0.212149,0.037900,0.008070
58.7461,state,0.213239,0.193614,0.002588,-0.268278
58.7511,state,0.239964,0.228100,-0.166780,-0.273244
58.7610,state,0.234736,0.212296,0.030094,-0.134638
58.7716,desired,0.197779,0.197779,-0.111111,-0.111111
58.7718,state,0.225695,0.212186,-0.048229,0.008037
58.7809,state,0.223421,0.212149,0.037900,0.008070
58.7916,desired,0.195555,0.195555,-0.111111,-0.111111
58.7919,state,0.213239,0.193614,0.002588,-0.268278
58.8009,state,0.239964,0.228100,-0.166780,-0.273244
58.8111,state,0.234736,0.212296,0.030094,-0.134638
58.8210,state,0.225695,0.212186,-0.048229,0.008037
58.8217,desired,0.192225,0.192225,-0.111111,-0.111111
58.8310,state,0.223421,0.212149,0.037900,0.008070
58.8409,state,0.213239,0.193614,0.002588,-0.268278
58.8432,state,0.207353,0.190658,-0.152004,0.007459
58.8439,state,0.202641,0.190638,0.025404,0.007476
58.8510,state,0.225695,0.212186,-0.048229,0.008037
58.8517,desired,0.188891,0.188891,-0.111111,-0.111111
58.8610,state,0.223421,0.212149,0.037900,0.008070
58.8709,state,0.213239,0.193614,0.002588,-0.268278
58.8810,state,0.207353,0.190658,-0.152004,0.007459
58.8817,desired,0.185559,0.185559,-0.111111,-0.111111
58.8911,state,0.202641,0.190638,0.025404,0.007476
58.9010,state,0.225695,0.212186,-0.048229,0.008037
58.9110,state,0.223421,0.212149,0.037900,0.008070
58.9117,desired,0.182225,0.182225,-0.111111,-0.111111
58.9210,state,0.213239,0.193614,0.002588,-0.268278
58.9309,state,0.207353,0.190658,-0.152004,0.007459
58.9409,state,0.202641,0.190638,0.025404,0.007476
58.9417,desired,0.178893,0.178893,-0.111111,-0.111111
58.9441,state,0.192779,0.177597,-0.064021,-0.353778
58.9510,state,0.223421,0.212149,0.037900,0.008070
58.9610,state,0.213239,0.193614,0.002588,-0.268278
58.9616,desired,0.176670,0.176670,-0.111111,-0.111111
58.9710,state,0.207353,0.190658,-0.152004,0.007459
58.9810,state,0.202641,0.190638,0.025404,0.007476
58.9910,state,0.192779,0.177597,-0.064021,-0.353778
58.9917,desired,0.173337,0.173337,-0.111111,-0.111111
59.0009,state,0.223421,0.212149,0.037900,0.008070
59.0110,state,0.213239,0.193614,0.002588,-0.268278
59.0214,desired,0.170003,0.170003,-0.111111,-0.111111
59.0216,state,0.207353,0.190658,-0.152004,0.007459
59.0309,state,0.202641,0.190638,0.025404,0.007476
59.0409,state,0.192779,0.177597,-0.064021,-0.353778
59.0422,state,0.190285,0.169163,0.030470,0.007085
59.0431,state,0.180091,0.169161,-0.004142,0.006882
59.0510,state,0.207353,0.190658,-0.152004,0.007459
59.0516,desired,0.166668,0.166668,-0.111111,-0.111111
59.0610,state,0.202641,0.190638,0.025404,0.007476
59.0710,state,0.192779,0.177597,-0.064021,-0.353778
59.0810,state,0.190285,0.169163,0.030470,0.007085
59.0816,desired,0.163336,0.163336,-0.111111,-0.111111
59.0911,state,0.180091,0.169161,-0.004142,0.006882
59.1010,state,0.207353,0.190658,-0.152004,0.007459
59.1016,desired,0.161114,0.161114,-0.111111,-0.111111
59.1110,state,0.202641,0.190638,0.025404,0.007476
59.1210,state,0.192779,0.177597,-0.064021,-0.353778
59.1309,state,0.190285,0.169163,0.030470,0.007085
59.1316,desired,0.157781,0.157781,-0.111111,-0.111111
59.1409,state,0.180091,0.169161,-0.004142,0.006882
59.1441,state,0.173658,0.163310,-0.180109,-0.289685
59.1453,state,0.168430,0.147772,0.016722,-0.119943
59.1510,state,0.192779,0.177597,-0.064021,-0.353778
59.1521,desired,0.155558,0.155558,-0.111111,-0.111111
59.1610,state,0.190285,0.169163,0.030470,0.007085
59.1710,state,0.180091,0.169161,-0.004142,0.006882
59.1720,desired,0.153335,0.153335,-0.111111,-0.111111
59.1810,state,0.173658,0.163310,-0.180109,-0.289685
59.1910,state,0.168430,0.147772,0.016722,-0.119943
59.2010,state,0.192779,0.177597,-0.064021,-0.353778
59.2020,desired,0.150003,0.150003,-0.111111,-0.111111
59.2110,state,0.190285,0.169163,0.030470,0.007085
59.2210,state,0.180091,0.169161,-0.004142,0.006882
59.2224,desired,0.147780,0.147780,-0.111111,-0.111111
59.2311,state,0.173658,0.163310,-0.180109,-0.289685
59.2411,state,0.168430,0.147772,0.016722,-0.119943
59.2433,state,0.159389,0.147725,-0.061624,0.006288
59.2510,state,0.190285,0.169163,0.030470,0.007085
59.2518,desired,0.144446,0.144446,-0.111111,-0.111111
59.2610,state,0.180091,0.169161,-0.004142,0.006882
59.2709,state,0.173658,0.163310,-0.180109,-0.289685
59.2810,state,0.168430,0.147772,0.016722,-0.119943
59.2816,desired,0.141114,0.141114,-0.111111,-0.111111
59.2910,state,0.159389,0.147725,-0.061624,0.006288
59.3010,state,0.190285,0.169163,0.030470,0.007085
59.3110,state,0.180091,0.169161,-0.004142,0.006882
59.3117,desired,0.137780,0.137780,-0.111111,-0.111111
59.3210,state,0.173658,0.163310,-0.180109,-0.289685
59.3310,state,0.168430,0.147772,0.016722,-0.119943
59.3413,desired,0.134448,0.134448,-0.111111,-0.111111
59.3416,state,0.159389,0.147725,-0.061624,0.006288
59.3421,state,0.157116,0.147739,0.024493,0.006277
59.3432,state,0.147936,0.129935,-0.006589,-0.254094
59.3511,state,0.173658,0.163310,-0.180109,-0.289685
59.3614,desired,0.132225,0.132225,-0.111111,-0.111111
59.3616,state,0.168430,0.147772,0.016722,-0.119943
59.3709,state,0.159389,0.147725,-0.061624,0.006288
59.3810,state,0.157116,0.147739,0.024493,0.006277
59.3909,state,0.147936,0.129935,-0.006589,-0.254094
59.3917,desired,0.128892,0.128892,-0.111111,-0.111111
59.4009,state,0.173658,0.163310,-0.180109,-0.289685
59.4110,state,0.168430,0.147772,0.016722,-0.119943
59.4116,desired,0.126669,0.126669,-0.111111,-0.111111
59.4210,state,0.159389,0.147725,-0.061624,0.006288
59.4309,state,0.157116,0.147739,0.024493,0.006277
59.4414,desired,0.123334,0.123334,-0.111111,-0.111111
59.4417,state,0.147936,0.129935,-0.006589,-0.254094
59.4439,state,0.141057,0.127531,-0.207625,0.005786
59.4441,state,0.135324,0.127565,0.008259,0.005762
59.4510,state,0.159389,0.147725,-0.061624,0.006288
59.4610,state,0.157116,0.147739,0.024493,0.006277
59.4710,state,0.147936,0.129935,-0.006589,-0.254094
59.4718,desired,0.120002,0.120002,-0.111111,-0.111111
59.4809,state,0.141057,0.127531,-0.207625,0.005786
59.4909,state,0.135324,0.127565,0.008259,0.005762
59.5010,state,0.159389,0.147725,-0.061624,0.006288
59.5016,desired,0.116669,0.116669,-0.111111,-0.111111
59.5109,state,0.157116,0.147739,0.024493,0.006277
59.5209,state,0.147936,0.129935,-0.006589,-0.254094
59.5310,state,0.141057,0.127531,-0.207625,0.005786
59.5318,desired,0.113334,0.113334,-0.111111,-0.111111
59.5411,state,0.135324,0.127565,0.008259,0.005762
59.5426,state,0.126242,0.113058,-0.068507,-0.389161
59.5510,state,0.157116,0.147739,0.024493,0.006277
59.5610,state,0.147936,0.129935,-0.006589,-0.254094
59.5616,desired,0.110003,0.110003,-0.111111,-0.111111
59.5710,state,0.141057,0.127531,-0.207625,0.005786
59.5811,state,0.135324,0.127565,0.008259,0.005762
59.5817,desired,0.107779,0.107779,-0.111111,-0.111111
59.5910,state,0.126242,0.113058,-0.068507,-0.389161
59.6010,state,0.157116,0.147739,0.024493,0.006277
59.6110,state,0.147936,0.129935,-0.006589,-0.254094
59.6117,desired,0.104448,0.104448,-0.111111,-0.111111
59.6209,state,0.141057,0.127531,-0.207625,0.005786
59.6310,state,0.135324,0.127565,0.008259,0.005762
59.6320,desired,0.102224,0.102224,-0.111111,-0.111111
59.6410,state,0.126242,0.113058,-0.068507,-0.389161
59.6432,state,0.123965,0.104741,0.017723,0.005271
59.6439,state,0.113785,0.104788,-0.017602,0.005046
59.6510,state,0.141057,0.127531,-0.207625,0.005786
59.6516,desired,0.100001,0.100001,-0.111111,-0.111111
59.6610,state,0.135324,0.127565,0.008259,0.005762
59.6710,state,0.126242,0.113058,-0.068507,-0.389161
59.6810,state,0.123965,0.104741,0.017723,0.005271
59.6816,desired,0.096669,0.096669,-0.111111,-0.111111
59.6910,state,0.113785,0.104788,-0.017602,0.005046
59.7010,state,0.141057,0.127531,-0.207625,0.005786
59.7110,state,0.135324,0.127565,0.008259,0.005762
59.7118,desired,0.093336,0.093336,-0.111111,-0.111111
59.7210,state,0.126242,0.113058,-0.068507,-0.389161
59.7311,state,0.123965,0.104741,0.017723,0.005271
59.7319,desired,0.091111,0.091111,-0.111111,-0.111111
59.7411,state,0.113785,0.104788,-0.017602,0.005046
59.7454,state,0.107354,0.098725,-0.193590,-0.304729
59.7471,state,0.102127,0.083821,0.003198,-0.095449
59.7511,state,0.126242,0.113058,-0.068507,-0.389161
59.7520,desired,0.088885,0.088885,-0.111111,-0.111111
59.7610,state,0.123965,0.104741,0.017723,0.005271
59.7710,state,0.113785,0.104788,-0.017602,0.005046
59.7810,state,0.107354,0.098725,-0.193590,-0.304729
59.7817,desired,0.085558,0.085558,-0.111111,-0.111111
59.7910,state,0.102127,0.083821,0.003198,-0.095449
59.8010,state,0.126242,0.113058,-0.068507,-0.389161
59.8113,desired,0.082226,0.082226,-0.111111,-0.111111
59.8118,state,0.123965,0.104741,0.017723,0.005271
59.8210,state,0.113785,0.104788,-0.017602,0.005046
59.8310,state,0.107354,0.098725,-0.193590,-0.304729
59.8318,desired,0.080003,0.080003,-0.111111,-0.111111
59.8409,state,0.102127,0.083821,0.003198,-0.095449
59.8418,state,0.093948,0.083835,-0.065694,0.004445
59.8510,state,0.123965,0.104741,0.017723,0.005271
59.8610,state,0.113785,0.104788,-0.017602,0.005046
59.8616,desired,0.076670,0.076670,-0.111111,-0.111111
59.8710,state,0.107354,0.098725,-0.193590,-0.304729
59.8810,state,0.102127,0.083821,0.003198,-0.095449
59.8911,state,0.093948,0.083835,-0.065694,0.004445
59.8919,desired,0.073334,0.073334,-0.111111,-0.111111
59.9010,state,0.123965,0.104741,0.017723,0.005271
59.9111,state,0.113785,0.104788,-0.017602,0.005046
59.9210,state,0.107354,0.098725,-0.193590,-0.304729
59.9216,desired,0.070003,0.070003,-0.111111,-0.111111
59.9309,state,0.102127,0.083821,0.003198,-0.095449
59.9409,state,0.093948,0.083835,-0.065694,0.004445
59.9437,state,0.091899,0.083896,0.011930,0.004407
59.9443,state,0.080741,0.064524,-0.028332,-0.260212
59.9510,state,0.107354,0.098725,-0.193590,-0.304729
59.9516,desired,0.066668,0.066668,-0.111111,-0.111111
59.9610,state,0.102127,0.083821,0.003198,-0.095449
59.9710,state,0.093948,0.083835,-0.065694,0.004445
59.9815,desired,0.063336,0.063336,-0.111111,-0.111111
59.9818,state,0.091899,0.083896,0.011930,0.004407
59.9910,state,0.080741,0.064524,-0.028332,-0.260212
60.0010,state,0.107354,0.098725,-0.193590,-0.304729
60.0018,desired,0.061112,0.061112,-0.111111,-0.111111
60.0109,state,0.102127,0.083821,0.003198,-0.095449
60.0210,state,0.093948,0.083835,-0.065694,0.004445
60.0310,state,0.091899,0.083896,0.011930,0.004407
60.0316,desired,0.057780,0.057780,-0.111111,-0.111111
60.0409,state,0.080741,0.064524,-0.028332,-0.260212
60.0433,state,0.074214,0.062636,-0.200732,0.003809
60.0438,state,0.068979,0.062712,-0.003632,0.003767
60.0509,state,0.093948,0.083835,-0.065694,0.004445
60.0610,state,0.091899,0.083896,0.011930,0.004407
60.0620,desired,0.054447,0.054447,-0.111111,-0.111111
60.0709,state,0.080741,0.064524,-0.028332,-0.260212
60.0810,state,0.074214,0.062636,-0.200732,0.003809
60.0910,state,0.068979,0.062712,-0.003632,0.003767
60.0917,desired,0.051114,0.051114,-0.111111,-0.111111
60.1010,state,0.093948,0.083835,-0.065694,0.004445
60.1110,state,0.091899,0.083896,0.011930,0.004407
60.1211,state,0.080741,0.064524,-0.028332,-0.260212
60.1220,desired,0.047778,0.047778,-0.111111,-0.111111
60.1309,state,0.074214,0.062636,-0.200732,0.003809
60.1410,state,0.068979,0.062712,-0.003632,0.003767
60.1431,state,0.059937,0.048567,-0.081968,-0.377925
60.1511,state,0.091899,0.083896,0.011930,0.004407
60.1518,desired,0.044440,0.044440,-0.111111,-0.111111
60.1610,state,0.080741,0.064524,-0.028332,-0.260212
60.1710,state,0.074214,0.062636,-0.200732,0.003809
60.1809,state,0.068979,0.062712,-0.003632,0.003767
60.1815,desired,0.041115,0.041115,-0.111111,-0.111111
60.1909,state,0.059937,0.048567,-0.081968,-0.377925
60.2009,state,0.091899,0.083896,0.011930,0.004407
60.2015,desired,0.038891,0.038891,-0.111111,-0.111111
60.2109,state,0.080741,0.064524,-0.028332,-0.260212
60.2210,state,0.074214,0.062636,-0.200732,0.003809
60.2217,desired,0.036669,0.036669,-0.111111,-0.111111
60.2310,state,0.068979,0.062712,-0.003632,0.003767
60.2411,state,0.059937,0.048567,-0.081968,-0.377925
60.2424,desired,0.034444,0.034444,-0.111111,-0.111111
60.2450,state,0.057664,0.041657,0.004137,0.003283
60.2453,state,0.047489,0.041746,-0.031189,0.003110
60.2511,state,0.074214,0.062636,-0.200732,0.003809
60.2610,state,0.068979,0.062712,-0.003632,0.003767
60.2710,state,0.059937,0.048567,-0.081968,-0.377925
60.2716,desired,0.031115,0.031115,-0.111111,-0.111111
60.2810,state,0.057664,0.041657,0.004137,0.003283
60.2910,state,0.047489,0.041746,-0.031189,0.003110
60.2916,desired,0.028892,0.028892,-0.111111,-0.111111
60.3010,state,0.074214,0.062636,-0.200732,0.003809
60.3110,state,0.068979,0.062712,-0.003632,0.003767
60.3209,state,0.059937,0.048567,-0.081968,-0.377925
60.3215,desired,0.025560,0.025560,-0.111111,-0.111111
60.3310,state,0.057664,0.041657,0.004137,0.003283
60.3410,state,0.047489,0.041746,-0.031189,0.003110
60.3416,desired,0.023335,0.023335,-0.111111,-0.111111
60.3436,state,0.041601,0.035631,-0.185916,-0.311345
60.3438,state,0.036888,0.022137,-0.008455,-0.050219
60.3511,state,0.059937,0.048567,-0.081968,-0.377925
60.3610,state,0.057664,0.041657,0.004137,0.003283
60.3710,state,0.047489,0.041746,-0.031189,0.003110
60.3718,desired,0.020004,0.020004,-0.111111,-0.111111
60.3809,state,0.041601,0.035631,-0.185916,-0.311345
60.3910,state,0.036888,0.022137,-0.008455,-0.050219
60.4009,state,0.059937,0.048567,-0.081968,-0.377925
60.4014,desired,0.016671,0.016671,-0.111111,-0.111111
60.4109,state,0.057664,0.041657,0.004137,0.003283
60.4210,state,0.047489,0.041746,-0.031189,0.003110
60.4309,state,0.041601,0.035631,-0.185916,-0.311345
60.4315,desired,0.013337,0.013337,-0.111111,-0.111111
60.4409,state,0.036888,0.022137,-0.008455,-0.050219
60.4425,state,0.027029,0.022210,-0.097861,0.002469
60.4512,state,0.057664,0.041657,0.004137,0.003283
60.4520,desired,0.011108,0.011108,-0.111111,-0.111111
60.4610,state,0.047489,0.041746,-0.031189,0.003110
60.4710,state,0.041601,0.035631,-0.185916,-0.311345
60.4810,state,0.036888,0.022137,-0.008455,-0.050219
60.4816,desired,0.007781,0.007781,-0.111111,-0.111111
60.4910,state,0.027029,0.022210,-0.097861,0.002469
60.5009,state,0.057664,0.041657,0.004137,0.003283
60.5110,state,0.047489,0.041746,-0.031189,0.003110
60.5116,desired,0.004448,0.004448,-0.111111,-0.111111
60.5210,state,0.041601,0.035631,-0.185916,-0.311345
60.5309,state,0.036888,0.022137,-0.008455,-0.050219
60.5411,state,0.027029,0.022210,-0.097861,0.002469
60.5418,desired,0.001114,0.001114,-0.111111,-0.111111
60.5434,state,0.024536,0.022306,-0.003429,0.002428
60.5449,state,0.014341,0.001366,-0.038082,-0.266544
60.5511,state,0.041601,0.035631,-0.185916,-0.311345
60.5610,state,0.036888,0.022137,-0.008455,-0.050219
60.5710,state,0.027029,0.022210,-0.097861,0.002469
60.5719,desired,-0.002220,-0.002220,-0.111111,-0.111111
60.5810,state,0.024536,0.022306,-0.003429,0.002428
60.5910,state,0.014341,0.001366,-0.038082,-0.266544
60.6009,state,0.041601,0.035631,-0.185916,-0.311345
60.6015,desired,-0.005552,-0.005552,-0.111111,-0.111111
60.6110,state,0.036888,0.022137,-0.008455,-0.050219
60.6210,state,0.027029,0.022210,-0.097861,0.002469
60.6216,desired,-0.007775,-0.007775,-0.111111,-0.111111
60.6309,state,0.024536,0.022306,-0.003429,0.002428
60.6409,state,0.014341,0.001366,-0.038082,-0.266544
60.6425,state,0.007908,0.000111,-0.214050,0.001785
60.6442,state,0.002681,0.000221,-0.017249,0.001746
60.6510,state,0.027029,0.022210,-0.097861,0.002469
60.6515,desired,-0.011109,-0.011109,-0.111111,-0.111111
60.6610,state,0.024536,0.022306,-0.003429,0.002428
60.6710,state,0.014341,0.001366,-0.038082,-0.266544
60.6809,state,0.007908,0.000111,-0.214050,0.001785
60.6816,desired,-0.014440,-0.014440,-0.111111,-0.111111
60.6910,state,0.002681,0.000221,-0.017249,0.001746
60.7009,state,0.027029,0.022210,-0.097861,0.002469
60.7014,desired,-0.016664,-0.016664,-0.111111,-0.111111
60.7109,state,0.024536,0.022306,-0.003429,0.002428
60.7210,state,0.014341,0.001366,-0.038082,-0.266544
60.7310,state,0.007908,0.000111,-0.214050,0.001785
60.7318,desired,-0.019998,-0.019998,-0.111111,-0.111111
60.7413,state,0.002681,0.000221,-0.017249,0.001746
60.7429,state,-0.006360,-0.014070,-0.095612,-0.380924
60.7510,state,0.024536,0.022306,-0.003429,0.002428
60.7610,state,0.014341,0.001366,-0.038082,-0.266544
60.7616,desired,-0.023329,-0.023329,-0.111111,-0.111111
60.7710,state,0.007908,0.000111,-0.214050,0.001785
60.7810,state,0.002681,0.000221,-0.017249,0.001746
60.7910,state,-0.006360,-0.014070,-0.095612,-0.380924
60.7918,desired,-0.026663,-0.026663,-0.111111,-0.111111
60.8010,state,0.024536,0.022306,-0.003429,0.002428
60.8110,state,0.014341,0.001366,-0.038082,-0.266544
60.8210,state,0.007908,0.000111,-0.214050,0.001785
60.8216,desired,-0.029998,-0.029998,-0.111111,-0.111111
60.8310,state,0.002681,0.000221,-0.017249,0.001746
60.8412,state,-0.006360,-0.014070,-0.095612,-0.380924
60.8427,state,-0.008633,-0.020149,-0.009512,0.001285
60.8429,state,-0.018812,-0.020023,-0.044855,0.001171
60.8509,state,0.007908,0.000111,-0.214050,0.001785
60.8515,desired,-0.033330,-0.033330,-0.111111,-0.111111
60.8610,state,0.002681,0.000221,-0.017249,0.001746
60.8711,state,-0.006360,-0.014070,-0.095612,-0.380924
60.8810,state,-0.008633,-0.020149,-0.009512,0.001285
60.8818,desired,-0.036665,-0.036665,-0.111111,-0.111111
60.8911,state,-0.018812,-0.020023,-0.044855,0.001171
60.9010,state,0.007908,0.000111,-0.214050,0.001785
60.9115,desired,-0.039996,-0.039996,-0.111111,-0.111111
60.9118,state,0.002681,0.000221,-0.017249,0.001746
60.9211,state,-0.006360,-0.014070,-0.095612,-0.380924
60.9310,state,-0.008633,-0.020149,-0.009512,0.001285
60.9319,desired,-0.042221,-0.042221,-0.111111,-0.111111
60.9411,state,-0.018812,-0.020023,-0.044855,0.001171
60.9448,state,-0.024699,-0.026242,-0.199521,-0.320501
60.9465,state,-0.029410,-0.039402,-0.022105,-0.035425
60.9511,state,-0.006360,-0.014070,-0.095612,-0.380924
60.9519,desired,-0.044445,-0.044445,-0.111111,-0.111111
60.9610,state,-0.008633,-0.020149,-0.009512,0.001285
60.9709,state,-0.018812,-0.020023,-0.044855,0.001171
60.9810,state,-0.024699,-0.026242,-0.199521,-0.320501
60.9818,desired,-0.047777,-0.047777,-0.111111,-0.111111
60.9910,state,-0.029410,-0.039402,-0.022105,-0.035425
61.0010,state,-0.006360,-0.014070,-0.095612,-0.380924
61.0110,state,-0.008633,-0.020149,-0.009512,0.001285
61.0116,desired,-0.051108,-0.051108,-0.111111,-0.111111
61.0209,state,-0.018812,-0.020023,-0.044855,0.001171
61.0309,state,-0.024699,-0.026242,-0.199521,-0.320501
61.0410,state,-0.029410,-0.039402,-0.022105,-0.035425
61.0415,desired,-0.054442,-0.054442,-0.111111,-0.111111
61.0434,state,-0.039271,-0.039273,-0.111540,0.000700
61.0509,state,-0.008633,-0.020149,-0.009512,0.001285
61.0609,state,-0.018812,-0.020023,-0.044855,0.001171
61.0710,state,-0.024699,-0.026242,-0.199521,-0.320501
61.0714,desired,-0.057775,-0.057775,-0.111111,-0.111111
61.0809,state,-0.029410,-0.039402,-0.022105,-0.035425
61.0910,state,-0.039271,-0.039273,-0.111540,0.000700
61.1009,state,-0.008633,-0.020149,-0.009512,0.001285
61.1015,desired,-0.061107,-0.061107,-0.111111,-0.111111
61.1110,state,-0.018812,-0.020023,-0.044855,0.001171
61.1210,state,-0.024699,-0.026242,-0.199521,-0.320501
61.1216,desired,-0.063331,-0.063331,-0.111111,-0.111111
61.1310,state,-0.029410,-0.039402,-0.022105,-0.035425
61.1411,state,-0.039271,-0.039273,-0.111540,0.000700
61.1416,desired,-0.065555,-0.065555,-0.111111,-0.111111
61.1430,state,-0.041765,-0.039130,-0.017086,0.000670
61.1432,state,-0.051958,-0.060062,-0.051725,-0.267775
61.1509,state,-0.024699,-0.026242,-0.199521,-0.320501
61.1610,state,-0.029410,-0.039402,-0.022105,-0.035425
61.1710,state,-0.039271,-0.039273,-0.111540,0.000700
61.1716,desired,-0.068885,-0.068885,-0.111111,-0.111111
61.1811,state,-0.041765,-0.039130,-0.017086,0.000670
61.1911,state,-0.051958,-0.060062,-0.051725,-0.267775
61.1919,desired,-0.071111,-0.071111,-0.111111,-0.111111
61.2010,state,-0.024699,-0.026242,-0.199521,-0.320501
61.2110,state,-0.029410,-0.039402,-0.022105,-0.035425
61.2209,state,-0.039271,-0.039273,-0.111540,0.000700
61.2217,desired,-0.074440,-0.074440,-0.111111,-0.111111
61.2310,state,-0.041765,-0.039130,-0.017086,0.000670
61.2411,state,-0.051958,-0.060062,-0.051725,-0.267775
61.2422,desired,-0.076666,-0.076666,-0.111111,-0.111111
61.2444,state,-0.058392,-0.061205,-0.227753,0.000299
61.2456,state,-0.063620,-0.061030,-0.030903,0.000273
61.2511,state,-0.039271,-0.039273,-0.111540,0.000700
61.2610,state,-0.041765,-0.039130,-0.017086,0.000670
61.2715,desired,-0.079997,-0.079997,-0.111111,-0.111111
61.2717,state,-0.051958,-0.060062,-0.051725,-0.267775
61.2810,state,-0.058392,-0.061205,-0.227753,0.000299
61.2910,state,-0.063620,-0.061030,-0.030903,0.000273
61.3010,state,-0.039271,-0.039273,-0.111540,0.000700
61.3016,desired,-0.083330,-0.083330,-0.111111,-0.111111
61.3110,state,-0.041765,-0.039130,-0.017086,0.000670
61.3210,state,-0.051958,-0.060062,-0.051725,-0.267775
61.3310,state,-0.058392,-0.061205,-0.227753,0.000299
61.3320,desired,-0.086662,-0.086662,-0.111111,-0.111111
61.3410,state,-0.063620,-0.061030,-0.030903,0.000273
61.3428,state,-0.072661,-0.075262,-0.109255,-0.382647
61.3509,state,-0.041765,-0.039130,-0.017086,0.000670
61.3609,state,-0.051958,-0.060062,-0.051725,-0.267775
61.3615,desired,-0.089996,-0.089996,-0.111111,-0.111111
61.3709,state,-0.058392,-0.061205,-0.227753,0.000299
61.3809,state,-0.063620,-0.061030,-0.030903,0.000273
61.3909,state,-0.072661,-0.075262,-0.109255,-0.382647
61.3913,desired,-0.093328,-0.093328,-0.111111,-0.111111
61.4009,state,-0.041765,-0.039130,-0.017086,0.000670
61.4110,state,-0.051958,-0.060062,-0.051725,-0.267775
61.4116,desired,-0.095554,-0.095554,-0.111111,-0.111111
61.4211,state,-0.058392,-0.061205,-0.227753,0.000299
61.4311,state,-0.063620,-0.061030,-0.030903,0.000273
61.4315,desired,-0.097778,-0.097778,-0.111111,-0.111111
61.4411,state,-0.072661,-0.075262,-0.109255,-0.382647
61.4429,state,-0.074934,-0.081268,-0.023156,0.000087
61.4442,state,-0.084110,-0.081060,-0.054239,-0.000017
61.4510,state,-0.058392,-0.061205,-0.227753,0.000299
61.4610,state,-0.063620,-0.061030,-0.030903,0.000273
61.4616,desired,-0.101107,-0.101107,-0.111111,-0.111111
61.4710,state,-0.072661,-0.075262,-0.109255,-0.382647
61.4809,state,-0.074934,-0.081268,-0.023156,0.000087
61.4913,desired,-0.104441,-0.104441,-0.111111,-0.111111
61.4916,state,-0.084110,-0.081060,-0.054239,-0.000017
61.5011,state,-0.058392,-0.061205,-0.227753,0.000299
61.5110,state,-0.063620,-0.061030,-0.030903,0.000273
61.5216,desired,-0.107778,-0.107778,-0.111111,-0.111111
61.5218,state,-0.072661,-0.075262,-0.109255,-0.382647
61.5310,state,-0.074934,-0.081268,-0.023156,0.000087
61.5411,state,-0.084110,-0.081060,-0.054239,-0.000017
61.5451,state,-0.090990,-0.087657,-0.255367,-0.345063
61.5458,state,-0.096725,-0.101566,-0.039428,-0.047223
61.5509,state,-0.072661,-0.075262,-0.109255,-0.382647
61.5514,desired,-0.111107,-0.111107,-0.111111,-0.111111
61.5609,state,-0.074934,-0.081268,-0.023156,0.000087
61.5711,state,-0.084110,-0.081060,-0.054239,-0.000017
61.5719,desired,-0.113333,-0.113333,-0.111111,-0.111111
61.5811,state,-0.090990,-0.087657,-0.255367,-0.345063
61.5910,state,-0.096725,-0.101566,-0.039428,-0.047223
61.6009,state,-0.072661,-0.075262,-0.109255,-0.382647
61.6014,desired,-0.116663,-0.116663,-0.111111,-0.111111
61.6110,state,-0.074934,-0.081268,-0.023156,0.000087
61.6209,state,-0.084110,-0.081060,-0.054239,-0.000017
61.6215,desired,-0.118886,-0.118886,-0.111111,-0.111111
61.6310,state,-0.090990,-0.087657,-0.255367,-0.345063
61.6414,desired,-0.121110,-0.121110,-0.111111,-0.111111
61.6416,state,-0.096725,-0.101566,-0.039428,-0.047223
61.6428,state,-0.105805,-0.101342,-0.116173,-0.000224
61.6510,state,-0.074934,-0.081268,-0.023156,0.000087
61.6610,state,-0.084110,-0.081060,-0.054239,-0.000017
61.6710,state,-0.090990,-0.087657,-0.255367,-0.345063
61.6716,desired,-0.124441,-0.124441,-0.111111,-0.111111
61.6810,state,-0.096725,-0.101566,-0.039428,-0.047223
61.6917,desired,-0.126667,-0.126667,-0.111111,-0.111111
61.6920,state,-0.105805,-0.101342,-0.116173,-0.000224
61.7010,state,-0.074934,-0.081268,-0.023156,0.000087
61.7111,state,-0.084110,-0.081060,-0.054239,-0.000017
61.7214,desired,-0.129997,-0.129997,-0.111111,-0.111111
61.7216,state,-0.090990,-0.087657,-0.255367,-0.345063
61.7310,state,-0.096725,-0.101566,-0.039428,-0.047223
61.7411,state,-0.105805,-0.101342,-0.116173,-0.000224
61.7425,desired,-0.132220,-0.132220,-0.111111,-0.111111
61.7442,state,-0.108081,-0.101097,-0.029965,-0.000236
61.7452,state,-0.118260,-0.120669,-0.065287,-0.255705
61.7511,state,-0.090990,-0.087657,-0.255367,-0.345063
61.7609,state,-0.096725,-0.101566,-0.039428,-0.047223
61.7713,desired,-0.135551,-0.135551,-0.111111,-0.111111
61.7715,state,-0.105805,-0.101342,-0.116173,-0.000224
61.7810,state,-0.108081,-0.101097,-0.029965,-0.000236
61.7909,state,-0.118260,-0.120669,-0.065287,-0.255705
61.7915,desired,-0.137774,-0.137774,-0.111111,-0.111111
61.8009,state,-0.090990,-0.087657,-0.255367,-0.345063
61.8109,state,-0.096725,-0.101566,-0.039428,-0.047223
61.8115,desired,-0.139997,-0.139997,-0.111111,-0.111111
61.8210,state,-0.105805,-0.101342,-0.116173,-0.000224
61.8310,state,-0.108081,-0.101097,-0.029965,-0.000236
61.8410,state,-0.118260,-0.120669,-0.065287,-0.255705
61.8416,desired,-0.143330,-0.143330,-0.111111,-0.111111
61.8432,state,-0.124691,-0.121457,-0.241292,-0.000360
61.8449,state,-0.129918,-0.121168,-0.044492,-0.000364
61.8511,state,-0.105805,-0.101342,-0.116173,-0.000224
61.8610,state,-0.108081,-0.101097,-0.029965,-0.000236
61.8617,desired,-0.145552,-0.145552,-0.111111,-0.111111
61.8709,state,-0.118260,-0.120669,-0.065287,-0.255705
61.8810,state,-0.124691,-0.121457,-0.241292,-0.000360
61.8910,state,-0.129918,-0.121168,-0.044492,-0.000364
61.8918,desired,-0.148888,-0.148888,-0.111111,-0.111111
61.9010,state,-0.105805,-0.101342,-0.116173,-0.000224
61.9111,state,-0.108081,-0.101097,-0.029965,-0.000236
61.9118,desired,-0.151111,-0.151111,-0.111111,-0.111111
61.9210,state,-0.118260,-0.120669,-0.065287,-0.255705
61.9310,state,-0.124691,-0.121457,-0.241292,-0.000360
61.9410,state,-0.129918,-0.121168,-0.044492,-0.000364
61.9417,desired,-0.154442,-0.154442,-0.111111,-0.111111
61.9436,state,-0.138097,-0.134624,-0.113376,-0.368219
61.9511,state,-0.108081,-0.101097,-0.029965,-0.000236
61.9610,state,-0.118260,-0.120669,-0.065287,-0.255705
61.9711,state,-0.124691,-0.121457,-0.241292,-0.000360
61.9719,desired,-0.157777,-0.157777,-0.111111,-0.111111
61.9809,state,-0.129918,-0.121168,-0.044492,-0.000364
61.9910,state,-0.138097,-0.134624,-0.113376,-0.368219
62.0009,state,-0.108081,-0.101097,-0.029965,-0.000236
62.0016,desired,-0.161107,-0.161107,-0.111111,-0.111111
62.0110,state,-0.118260,-0.120669,-0.065287,-0.255705
62.0210,state,-0.124691,-0.121457,-0.241292,-0.000360
62.0310,state,-0.129918,-0.121168,-0.044492,-0.000364
62.0318,desired,-0.164443,-0.164443,-0.111111,-0.111111
62.0413,state,-0.138097,-0.134624,-0.113376,-0.368219
62.0431,state,-0.140146,-0.140195,-0.035749,-0.000368
62.0447,state,-0.151307,-0.139863,-0.076012,-0.000439
62.0511,state,-0.124691,-0.121457,-0.241292,-0.000360
62.0519,desired,-0.166667,-0.166667,-0.111111,-0.111111
62.0610,state,-0.129918,-0.121168,-0.044492,-0.000364
62.0711,state,-0.138097,-0.134624,-0.113376,-0.368219
62.0810,state,-0.140146,-0.140195,-0.035749,-0.000368
62.0815,desired,-0.169997,-0.169997,-0.111111,-0.111111
62.0910,state,-0.151307,-0.139863,-0.076012,-0.000439
62.1010,state,-0.124691,-0.121457,-0.241292,-0.000360
62.1110,state,-0.129918,-0.121168,-0.044492,-0.000364
62.1116,desired,-0.173330,-0.173330,-0.111111,-0.111111
62.1209,state,-0.138097,-0.134624,-0.113376,-0.368219
62.1311,state,-0.140146,-0.140195,-0.035749,-0.000368
62.1315,desired,-0.175556,-0.175556,-0.111111,-0.111111
62.1411,state,-0.151307,-0.139863,-0.076012,-0.000439
62.1444,state,-0.157834,-0.146846,-0.248399,-0.371390
62.1448,state,-0.163070,-0.161614,-0.051277,-0.059999
62.1511,state,-0.138097,-0.134624,-0.113376,-0.368219
62.1517,desired,-0.177779,-0.177779,-0.111111,-0.111111
62.1610,state,-0.140146,-0.140195,-0.035749,-0.000368
62.1710,state,-0.151307,-0.139863,-0.076012,-0.000439
62.1809,state,-0.157834,-0.146846,-0.248399,-0.371390
62.1814,desired,-0.181108,-0.181108,-0.111111,-0.111111
62.1910,state,-0.163070,-0.161614,-0.051277,-0.059999
62.2010,state,-0.138097,-0.134624,-0.113376,-0.368219
62.2110,state,-0.140146,-0.140195,-0.035749,-0.000368
62.2116,desired,-0.184442,-0.184442,-0.111111,-0.111111
62.2210,state,-0.151307,-0.139863,-0.076012,-0.000439
62.2309,state,-0.157834,-0.146846,-0.248399,-0.371390
62.2413,desired,-0.187775,-0.187775,-0.111111,-0.111111
62.2415,state,-0.163070,-0.161614,-0.051277,-0.059999
62.2433,state,-0.172113,-0.161261,-0.129610,-0.000509
62.2510,state,-0.140146,-0.140195,-0.035749,-0.000368
62.2609,state,-0.151307,-0.139863,-0.076012,-0.000439
62.2710,state,-0.157834,-0.146846,-0.248399,-0.371390
62.2714,desired,-0.191107,-0.191107,-0.111111,-0.111111
62.2809,state,-0.163070,-0.161614,-0.051277,-0.059999
62.2911,state,-0.172113,-0.161261,-0.129610,-0.000509
62.2919,desired,-0.193333,-0.193333,-0.111111,-0.111111
62.3010,state,-0.140146,-0.140195,-0.035749,-0.000368
62.3110,state,-0.151307,-0.139863,-0.076012,-0.000439
62.3209,state,-0.157834,-0.146846,-0.248399,-0.371390
62.3215,desired,-0.196663,-0.196663,-0.111111,-0.111111
62.3310,state,-0.163070,-0.161614,-0.051277,-0.059999
62.3410,state,-0.172113,-0.161261,-0.129610,-0.000509
62.3419,desired,-0.198886,-0.198886,-0.111111,-0.111111
62.3437,state,-0.174387,-0.160880,-0.043479,-0.000509
62.3441,state,-0.184560,-0.180093,-0.078772,-0.253760
62.3511,state,-0.157834,-0.146846,-0.248399,-0.371390
62.3610,state,-0.163070,-0.161614,-0.051277,-0.059999
62.3716,desired,-0.202218,-0.202218,-0.111111,-0.111111
62.3719,state,-0.172113,-0.161261,-0.129610,-0.000509
62.3809,state,-0.174387,-0.160880,-0.043479,-0.000509
62.3915,desired,-0.204442,-0.204442,-0.111111,-0.111111
62.3918,state,-0.184560,-0.180093,-0.078772,-0.253760
62.4010,state,-0.157834,-0.146846,-0.248399,-0.371390
62.4110,state,-0.163070,-0.161614,-0.051277,-0.059999
62.4215,desired,-0.207774,-0.207774,-0.111111,-0.111111
62.4217,state,-0.172113,-0.161261,-0.129610,-0.000509
62.4310,state,-0.174387,-0.160880,-0.043479,-0.000509
62.4412,state,-0.184560,-0.180093,-0.078772,-0.253760
62.4446,state,-0.190992,-0.180705,-0.254803,-0.000604
62.4449,state,-0.196219,-0.180281,-0.057970,-0.000616
62.4511,state,-0.172113,-0.161261,-0.129610,-0.000509
62.4520,desired,-0.211112,-0.211112,-0.111111,-0.111111
62.4610,state,-0.174387,-0.160880,-0.043479,-0.000509
62.4710,state,-0.184560,-0.180093,-0.078772,-0.253760
62.4809,state,-0.190992,-0.180705,-0.254803,-0.000604
62.4815,desired,-0.214441,-0.214441,-0.111111,-0.111111
62.4910,state,-0.196219,-0.180281,-0.057970,-0.000616
62.5009,state,-0.172113,-0.161261,-0.129610,-0.000509
62.5014,desired,-0.216664,-0.216664,-0.111111,-0.111111
62.5110,state,-0.174387,-0.160880,-0.043479,-0.000509
62.5210,state,-0.184560,-0.180093,-0.078772,-0.253760
62.5311,state,-0.190992,-0.180705,-0.254803,-0.000604
62.5319,desired,-0.219999,-0.219999,-0.111111,-0.111111
62.5412,state,-0.196219,-0.180281,-0.057970,-0.000616
62.5443,state,-0.204400,-0.193642,-0.126858,-0.369379
62.5511,state,-0.174387,-0.160880,-0.043479,-0.000509
62.5519,desired,-0.222223,-0.222223,-0.111111,-0.111111
62.5610,state,-0.184560,-0.180093,-0.078772,-0.253760
62.5710,state,-0.190992,-0.180705,-0.254803,-0.000604
62.5809,state,-0.196219,-0.180281,-0.057970,-0.000616
62.5814,desired,-0.225553,-0.225553,-0.111111,-0.111111
62.5909,state,-0.204400,-0.193642,-0.126858,-0.369379
62.6010,state,-0.174387,-0.160880,-0.043479,-0.000509
62.6110,state,-0.184560,-0.180093,-0.078772,-0.253760
62.6116,desired,-0.228886,-0.228886,-0.111111,-0.111111
62.6210,state,-0.190992,-0.180705,-0.254803,-0.000604
62.6309,state,-0.196219,-0.180281,-0.057970,-0.000616
62.6410,state,-0.204400,-0.193642,-0.126858,-0.369379
62.6416,desired,-0.232220,-0.232220,-0.111111,-0.111111
62.6440,state,-0.206450,-0.199102,-0.049204,-0.000715
62.6441,state,-0.217611,-0.198644,-0.089445,-0.000821
62.6509,state,-0.190992,-0.180705,-0.254803,-0.000604
62.6610,state,-0.196219,-0.180281,-0.057970,-0.000616
62.6709,state,-0.204400,-0.193642,-0.126858,-0.369379
62.6714,desired,-0.235553,-0.235553,-0.111111,-0.111111
62.6810,state,-0.206450,-0.199102,-0.049204,-0.000715
62.6909,state,-0.217611,-0.198644,-0.089445,-0.000821
62.7010,state,-0.190992,-0.180705,-0.254803,-0.000604
62.7016,desired,-0.238886,-0.238886,-0.111111,-0.111111
62.7109,state,-0.196219,-0.180281,-0.057970,-0.000616
62.7210,state,-0.204400,-0.193642,-0.126858,-0.369379
62.7310,state,-0.206450,-0.199102,-0.049204,-0.000715
62.7314,desired,-0.242219,-0.242219,-0.111111,-0.111111
62.7410,state,-0.217611,-0.198644,-0.089445,-0.000821
62.7442,state,-0.224137,-0.205494,-0.261759,-0.371331
62.7447,state,-0.229371,-0.220120,-0.064671,-0.060035
62.7510,state,-0.204400,-0.193642,-0.126858,-0.369379
62.7516,desired,-0.244443,-0.244443,-0.111111,-0.111111
62.7611,state,-0.206450,-0.199102,-0.049204,-0.000715
62.7710,state,-0.217611,-0.198644,-0.089445,-0.000821
62.7810,state,-0.224137,-0.205494,-0.261759,-0.371331
62.7819,desired,-0.247778,-0.247778,-0.111111,-0.111111
62.7910,state,-0.229371,-0.220120,-0.064671,-0.060035
62.8010,state,-0.204400,-0.193642,-0.126858,-0.369379
62.8111,state,-0.206450,-0.199102,-0.049204,-0.000715
62.8120,desired,-0.251107,-0.251107,-0.111111,-0.111111
62.8211,state,-0.217611,-0.198644,-0.089445,-0.000821
62.8310,state,-0.224137,-0.205494,-0.261759,-0.371331
62.8318,desired,-0.253331,-0.253331,-0.111111,-0.111111
62.8411,state,-0.229371,-0.220120,-0.064671,-0.060035
62.8446,state,-0.238415,-0.219662,-0.142998,-0.001217
62.8510,state,-0.206450,-0.199102,-0.049204,-0.000715
62.8520,desired,-0.255554,-0.255554,-0.111111,-0.111111
62.8611,state,-0.217611,-0.198644,-0.089445,-0.000821
62.8710,state,-0.224137,-0.205494,-0.261759,-0.371331
62.8811,state,-0.229371,-0.220120,-0.064671,-0.060035
62.8825,desired,-0.258888,-0.258888,-0.111111,-0.111111
62.8910,state,-0.238415,-0.219662,-0.142998,-0.001217
62.9011,state,-0.206450,-0.199102,-0.049204,-0.000715
62.9110,state,-0.217611,-0.198644,-0.089445,-0.000821
62.9120,desired,-0.262218,-0.262218,-0.111111,-0.111111
62.9210,state,-0.224137,-0.205494,-0.261759,-0.371331
62.9310,state,-0.229371,-0.220120,-0.064671,-0.060035
62.9320,desired,-0.264441,-0.264441,-0.111111,-0.111111
62.9411,state,-0.238415,-0.219662,-0.142998,-0.001217
62.9433,state,-0.240690,-0.219181,-0.056845,-0.001298
62.9437,state,-0.250868,-0.238282,-0.092136,-0.254373
62.9511,state,-0.224137,-0.205494,-0.261759,-0.371331
62.9517,desired,-0.266667,-0.266667,-0.111111,-0.111111
62.9610,state,-0.229371,-0.220120,-0.064671,-0.060035
62.9710,state,-0.238415,-0.219662,-0.142998,-0.001217
62.9811,state,-0.240690,-0.219181,-0.056845,-0.001298
62.9819,desired,-0.270000,-0.270000,-0.111111,-0.111111
62.9910,state,-0.250868,-0.238282,-0.092136,-0.254373
63.0011,state,-0.224137,-0.205494,-0.261759,-0.371331
63.0110,state,-0.229371,-0.220120,-0.064671,-0.060035
63.0117,desired,-0.273333,-0.273333,-0.111111,-0.111111
63.0210,state,-0.238415,-0.219662,-0.142998,-0.001217
63.0310,state,-0.240690,-0.219181,-0.056845,-0.001298
63.0411,state,-0.250868,-0.238282,-0.092136,-0.254373
63.0421,desired,-0.276666,-0.276666,-0.111111,-0.111111
63.0442,state,-0.257300,-0.238804,-0.268129,-0.001845
63.0463,state,-0.262528,-0.238317,-0.071277,-0.001977
63.0511,state,-0.238415,-0.219662,-0.142998,-0.001217
63.0611,state,-0.240690,-0.219181,-0.056845,-0.001298
63.0710,state,-0.250868,-0.238282,-0.092136,-0.254373
63.0716,desired,-0.279997,-0.279997,-0.111111,-0.111111
63.0810,state,-0.257300,-0.238804,-0.268129,-0.001845
63.0915,desired,-0.282221,-0.282221,-0.111111,-0.111111
63.0918,state,-0.262528,-0.238317,-0.071277,-0.001977
63.1010,state,-0.238415,-0.219662,-0.142998,-0.001217
63.1110,state,-0.240690,-0.219181,-0.056845,-0.001298
63.1210,state,-0.250868,-0.238282,-0.092136,-0.254373
63.1217,desired,-0.285553,-0.285553,-0.111111,-0.111111
63.1310,state,-0.257300,-0.238804,-0.268129,-0.001845
63.1411,state,-0.262528,-0.238317,-0.071277,-0.001977
63.1431,state,-0.271570,-0.252177,-0.149605,-0.383732
63.1511,state,-0.240690,-0.219181,-0.056845,-0.001298
63.1517,desired,-0.288885,-0.288885,-0.111111,-0.111111
63.1610,state,-0.250868,-0.238282,-0.092136,-0.254373
63.1710,state,-0.257300,-0.238804,-0.268129,-0.001845
63.1809,state,-0.262528,-0.238317,-0.071277,-0.001977
63.1816,desired,-0.292219,-0.292219,-0.111111,-0.111111
63.1910,state,-0.271570,-0.252177,-0.149605,-0.383732
63.2010,state,-0.240690,-0.219181,-0.056845,-0.001298
63.2019,desired,-0.294444,-0.294444,-0.111111,-0.111111
63.2110,state,-0.250868,-0.238282,-0.092136,-0.254373
63.2210,state,-0.257300,-0.238804,-0.268129,-0.001845
63.2315,desired,-0.297774,-0.297774,-0.111111,-0.111111
63.2318,state,-0.262528,-0.238317,-0.071277,-0.001977
63.2411,state,-0.271570,-0.252177,-0.149605,-0.383732
63.2446,state,-0.273845,-0.258389,-0.063451,-0.002618
63.2462,state,-0.284022,-0.257910,-0.098722,-0.002912
63.2511,state,-0.257300,-0.238804,-0.268129,-0.001845
63.2519,desired,-0.300000,-0.300000,-0.111111,-0.111111
63.2610,state,-0.262528,-0.238317,-0.071277,-0.001977
63.2710,state,-0.271570,-0.252177,-0.149605,-0.383732
63.2810,state,-0.273845,-0.258389,-0.063451,-0.002618
63.2816,desired,-0.303330,-0.303330,-0.111111,-0.111111
63.2910,state,-0.284022,-0.257910,-0.098722,-0.002912
63.3010,state,-0.257300,-0.238804,-0.268129,-0.001845
63.3110,state,-0.262528,-0.238317,-0.071277,-0.001977
63.3116,desired,-0.306664,-0.306664,-0.111111,-0.111111
63.3210,state,-0.271570,-0.252177,-0.149605,-0.383732
63.3310,state,-0.273845,-0.258389,-0.063451,-0.002618
63.3415,desired,-0.309997,-0.309997,-0.111111,-0.111111
63.3419,state,-0.284022,-0.257910,-0.098722,-0.002912
63.3427,state,-0.290454,-0.263669,-0.274727,-0.318732
63.3438,state,-0.295683,-0.278196,-0.077847,-0.102651
63.3510,state,-0.271570,-0.252177,-0.149605,-0.383732
63.3610,state,-0.273845,-0.258389,-0.063451,-0.002618
63.3710,state,-0.284022,-0.257910,-0.098722,-0.002912
63.3718,desired,-0.313330,-0.313330,-0.111111,-0.111111
63.3811,state,-0.290454,-0.263669,-0.274727,-0.318732
63.3909,state,-0.295683,-0.278196,-0.077847,-0.102651
63.4016,desired,-0.316664,-0.316664,-0.111111,-0.111111
63.4019,state,-0.271570,-0.252177,-0.149605,-0.383732
63.4110,state,-0.273845,-0.258389,-0.063451,-0.002618
63.4210,state,-0.284022,-0.257910,-0.098722,-0.002912
63.4314,desired,-0.319997,-0.319997,-0.111111,-0.111111
63.4316,state,-0.290454,-0.263669,-0.274727,-0.318732
63.4410,state,-0.295683,-0.278196,-0.077847,-0.102651
63.4433,state,-0.304726,-0.277784,-0.156167,-0.004009
63.4510,state,-0.273845,-0.258389,-0.063451,-0.002618
63.4516,desired,-0.322221,-0.322221,-0.111111,-0.111111
63.4610,state,-0.284022,-0.257910,-0.098722,-0.002912
63.4710,state,-0.290454,-0.263669,-0.274727,-0.318732
63.4815,desired,-0.325552,-0.325552,-0.111111,-0.111111
63.4819,state,-0.295683,-0.278196,-0.077847,-0.102651
63.4911,state,-0.304726,-0.277784,-0.156167,-0.004009
63.5010,state,-0.273845,-0.258389,-0.063451,-0.002618
63.5109,state,-0.284022,-0.257910,-0.098722,-0.002912
63.5116,desired,-0.328885,-0.328885,-0.111111,-0.111111
63.5210,state,-0.290454,-0.263669,-0.274727,-0.318732
63.5309,state,-0.295683,-0.278196,-0.077847,-0.102651
63.5410,state,-0.304726,-0.277784,-0.156167,-0.004009
63.5416,desired,-0.332219,-0.332219,-0.111111,-0.111111
63.5437,state,-0.307001,-0.277340,-0.069997,-0.004244
63.5454,state,-0.317180,-0.295506,-0.105259,-0.276661
63.5511,state,-0.290454,-0.263669,-0.274727,-0.318732
63.5609,state,-0.295683,-0.278196,-0.077847,-0.102651
63.5710,state,-0.304726,-0.277784,-0.156167,-0.004009
63.5718,desired,-0.335553,-0.335553,-0.111111,-0.111111
63.5809,state,-0.307001,-0.277340,-0.069997,-0.004244
63.5910,state,-0.317180,-0.295506,-0.105259,-0.276661
63.6010,state,-0.290454,-0.263669,-0.274727,-0.318732
63.6016,desired,-0.338886,-0.338886,-0.111111,-0.111111
63.6110,state,-0.295683,-0.278196,-0.077847,-0.102651
63.6209,state,-0.304726,-0.277784,-0.156167,-0.004009
63.6310,state,-0.307001,-0.277340,-0.069997,-0.004244
63.6316,desired,-0.342221,-0.342221,-0.111111,-0.111111
63.6410,state,-0.317180,-0.295506,-0.105259,-0.276661
63.6427,state,-0.323612,-0.297755,-0.281236,-0.005284
63.6449,state,-0.328841,-0.297342,-0.084352,-0.005551
63.6511,state,-0.304726,-0.277784,-0.156167,-0.004009
63.6519,desired,-0.344446,-0.344446,-0.111111,-0.111111
63.6610,state,-0.307001,-0.277340,-0.069997,-0.004244
63.6709,state,-0.317180,-0.295506,-0.105259,-0.276661
63.6809,state,-0.323612,-0.297755,-0.281236,-0.005284
63.6816,desired,-0.347774,-0.347774,-0.111111,-0.111111
63.6910,state,-0.328841,-0.297342,-0.084352,-0.005551
63.7010,state,-0.304726,-0.277784,-0.156167,-0.004009
63.7110,state,-0.307001,-0.277340,-0.069997,-0.004244
63.7116,desired,-0.351108,-0.351108,-0.111111,-0.111111
63.7210,state,-0.317180,-0.295506,-0.105259,-0.276661
63.7310,state,-0.323612,-0.297755,-0.281236,-0.005284
63.7410,state,-0.328841,-0.297342,-0.084352,-0.005551
63.7416,desired,-0.354441,-0.354441,-0.111111,-0.111111
63.7444,state,-0.337885,-0.309444,-0.162670,-0.352459
63.7511,state,-0.307001,-0.277340,-0.069997,-0.004244
63.7610,state,-0.317180,-0.295506,-0.105259,-0.276661
63.7710,state,-0.323612,-0.297755,-0.281236,-0.005284
63.7717,desired,-0.357776,-0.357776,-0.111111,-0.111111
63.7810,state,-0.328841,-0.297342,-0.084352,-0.005551
63.7910,state,-0.337885,-0.309444,-0.162670,-0.352459
63.8010,state,-0.307001,-0.277340,-0.069997,-0.004244
63.8016,desired,-0.361107,-0.361107,-0.111111,-0.111111
63.8111,state,-0.317180,-0.295506,-0.105259,-0.276661
63.8210,state,-0.323612,-0.297755,-0.281236,-0.005284
63.8310,state,-0.328841,-0.297342,-0.084352,-0.005551
63.8317,desired,-0.364444,-0.364444,-0.111111,-0.111111
63.8410,state,-0.337885,-0.309444,-0.162670,-0.352459
63.8424,state,-0.340161,-0.317746,-0.076480,-0.006544
63.8426,state,-0.350338,-0.317378,-0.111714,-0.007053
63.8510,state,-0.323612,-0.297755,-0.281236,-0.005284
63.8610,state,-0.328841,-0.297342,-0.084352,-0.005551
63.8615,desired,-0.367775,-0.367775,-0.111111,-0.111111
63.8710,state,-0.337885,-0.309444,-0.162670,-0.352459
63.8810,state,-0.340161,-0.317746,-0.076480,-0.006544
63.8910,state,-0.350338,-0.317378,-0.111714,-0.007053
63.8915,desired,-0.371109,-0.371109,-0.111111,-0.111111
63.9010,state,-0.323612,-0.297755,-0.281236,-0.005284
63.9110,state,-0.328841,-0.297342,-0.084352,-0.005551
63.9211,state,-0.337885,-0.309444,-0.162670,-0.352459
63.9217,desired,-0.374445,-0.374445,-0.111111,-0.111111
63.9310,state,-0.340161,-0.317746,-0.076480,-0.006544
63.9410,state,-0.350338,-0.317378,-0.111714,-0.007053
63.9429,state,-0.356773,-0.322255,-0.287764,-0.272372
63.9453,state,-0.362004,-0.337648,-0.090788,-0.168288
63.9511,state,-0.337885,-0.309444,-0.162670,-0.352459
63.9520,desired,-0.377780,-0.377780,-0.111111,-0.111111
63.9610,state,-0.340161,-0.317746,-0.076480,-0.006544
63.9710,state,-0.350338,-0.317378,-0.111714,-0.007053
63.9810,state,-0.356773,-0.322255,-0.287764,-0.272372
63.9816,desired,-0.381108,-0.381108,-0.111111,-0.111111
63.9911,state,-0.362004,-0.337648,-0.090788,-0.168288
64.0010,state,-0.337885,-0.309444,-0.162670,-0.352459
64.0114,desired,-0.384442,-0.384442,-0.111111,-0.111111
64.0116,state,-0.340161,-0.317746,-0.076480,-0.006544
64.0210,state,-0.350338,-0.317378,-0.111714,-0.007053
64.0310,state,-0.356773,-0.322255,-0.287764,-0.272372
64.0315,desired,-0.386664,-0.386664,-0.111111,-0.111111
64.0410,state,-0.362004,-0.337648,-0.090788,-0.168288
64.0443,state,-0.371045,-0.337418,-0.169057,-0.008771
64.0510,state,-0.340161,-0.317746,-0.076480,-0.006544
64.0516,desired,-0.388889,-0.388889,-0.111111,-0.111111
64.0609,state,-0.350338,-0.317378,-0.111714,-0.007053
64.0710,state,-0.356773,-0.322255,-0.287764,-0.272372
64.0809,state,-0.362004,-0.337648,-0.090788,-0.168288
64.0814,desired,-0.392219,-0.392219,-0.111111,-0.111111
64.0910,state,-0.371045,-0.337418,-0.169057,-0.008771
64.1009,state,-0.340161,-0.317746,-0.076480,-0.006544
64.1016,desired,-0.394443,-0.394443,-0.111111,-0.111111
64.1110,state,-0.350338,-0.317378,-0.111714,-0.007053
64.1209,state,-0.356773,-0.322255,-0.287764,-0.272372
64.1309,state,-0.362004,-0.337648,-0.090788,-0.168288
64.1317,desired,-0.397775,-0.397775,-0.111111,-0.111111
64.1410,state,-0.371045,-0.337418,-0.169057,-0.008771
64.1434,state,-0.373321,-0.337127,-0.082878,-0.009037
64.1458,state,-0.383500,-0.354067,-0.118106,-0.288705
64.1516,desired,-0.400000,-0.400000,-0.111111,-0.111111
64.1519,state,-0.356773,-0.322255,-0.287764,-0.272372
64.1610,state,-0.362004,-0.337648,-0.090788,-0.168288
64.1710,state,-0.371045,-0.337418,-0.169057,-0.008771
64.1810,state,-0.373321,-0.337127,-0.082878,-0.009037
64.1815,desired,-0.403332,-0.403332,-0.111111,-0.111111
64.1909,state,-0.383500,-0.354067,-0.118106,-0.288705
64.2010,state,-0.356773,-0.322255,-0.287764,-0.272372
64.2109,state,-0.362004,-0.337648,-0.090788,-0.168288
64.2113,desired,-0.406663,-0.406663,-0.111111,-0.111111
64.2209,state,-0.371045,-0.337418,-0.169057,-0.008771
64.2309,state,-0.373321,-0.337127,-0.082878,-0.009037
64.2410,state,-0.383500,-0.354067,-0.118106,-0.288705
64.2414,desired,-0.409998,-0.409998,-0.111111,-0.111111
64.2441,state,-0.389933,-0.357458,-0.294062,-0.010736
64.2448,state,-0.395163,-0.357239,-0.097137,-0.010963
64.2510,state,-0.371045,-0.337418,-0.169057,-0.008771
64.2609,state,-0.373321,-0.337127,-0.082878,-0.009037
64.2710,state,-0.383500,-0.354067,-0.118106,-0.288705
64.2716,desired,-0.413331,-0.413331,-0.111111,-0.111111
64.2810,state,-0.389933,-0.357458,-0.294062,-0.010736
64.2910,state,-0.395163,-0.357239,-0.097137,-0.010963
64.3009,state,-0.371045,-0.337418,-0.169057,-0.008771
64.3016,desired,-0.416664,-0.416664,-0.111111,-0.111111
64.3110,state,-0.373321,-0.337127,-0.082878,-0.009037
64.3215,desired,-0.418887,-0.418887,-0.111111,-0.111111
64.3218,state,-0.383500,-0.354067,-0.118106,-0.288705
64.3310,state,-0.389933,-0.357458,-0.294062,-0.010736
64.3410,state,-0.395163,-0.357239,-0.097137,-0.010963
64.3433,state,-0.404205,-0.368146,-0.175398,-0.328473
64.3517,desired,-0.422221,-0.422221,-0.111111,-0.111111
64.3521,state,-0.373321,-0.337127,-0.082878,-0.009037
64.3611,state,-0.383500,-0.354067,-0.118106,-0.288705
64.3711,state,-0.389933,-0.357458,-0.294062,-0.010736
64.3721,desired,-0.424445,-0.424445,-0.111111,-0.111111
64.3811,state,-0.395163,-0.357239,-0.097137,-0.010963
64.3909,state,-0.404205,-0.368146,-0.175398,-0.328473
64.4014,desired,-0.427777,-0.427777,-0.111111,-0.111111
64.4015,state,-0.373321,-0.337127,-0.082878,-0.009037
64.4110,state,-0.383500,-0.354067,-0.118106,-0.288705
64.4210,state,-0.389933,-0.357458,-0.294062,-0.010736
64.4313,desired,-0.431109,-0.431109,-0.111111,-0.111111
64.4315,state,-0.395163,-0.357239,-0.097137,-0.010963
64.4410,state,-0.404205,-0.368146,-0.175398,-0.328473
64.4423,state,-0.406481,-0.377486,-0.089201,-0.012723
64.4429,state,-0.416663,-0.377356,-0.124416,-0.013123
64.4511,state,-0.389933,-0.357458,-0.294062,-0.010736
64.4519,desired,-0.433335,-0.433335,-0.111111,-0.111111
64.4609,state,-0.395163,-0.357239,-0.097137,-0.010963
64.4709,state,-0.404205,-0.368146,-0.175398,-0.328473
64.4810,state,-0.406481,-0.377486,-0.089201,-0.012723
64.4818,desired,-0.436667,-0.436667,-0.111111,-0.111111
64.4911,state,-0.416663,-0.377356,-0.124416,-0.013123
64.5011,state,-0.389933,-0.357458,-0.294062,-0.010736
64.5110,state,-0.395163,-0.357239,-0.097137,-0.010963
64.5116,desired,-0.439998,-0.439998,-0.111111,-0.111111
64.5210,state,-0.404205,-0.368146,-0.175398,-0.328473
64.5310,state,-0.406481,-0.377486,-0.089201,-0.012723
64.5410,state,-0.416663,-0.377356,-0.124416,-0.013123
64.5419,desired,-0.443330,-0.443330,-0.111111,-0.111111
64.5434,state,-0.423097,-0.381747,-0.300367,-0.241978
64.5455,state,-0.428328,-0.397409,-0.103403,-0.204822
64.5511,state,-0.404205,-0.368146,-0.175398,-0.328473
64.5609,state,-0.406481,-0.377486,-0.089201,-0.012723
64.5616,desired,-0.445553,-0.445553,-0.111111,-0.111111
64.5710,state,-0.416663,-0.377356,-0.124416,-0.013123
64.5811,state,-0.423097,-0.381747,-0.300367,-0.241978
64.5916,desired,-0.448886,-0.448886,-0.111111,-0.111111
64.5919,state,-0.428328,-0.397409,-0.103403,-0.204822
64.6010,state,-0.404205,-0.368146,-0.175398,-0.328473
64.6110,state,-0.406481,-0.377486,-0.089201,-0.012723
64.6210,state,-0.416663,-0.377356,-0.124416,-0.013123
64.6216,desired,-0.452218,-0.452218,-0.111111,-0.111111
64.6310,state,-0.423097,-0.381747,-0.300367,-0.241978
64.6410,state,-0.428328,-0.397409,-0.103403,-0.204822
64.6511,state,-0.404205,-0.368146,-0.175398,-0.328473
64.6520,desired,-0.455556,-0.455556,-0.111111,-0.111111
64.6535,state,-0.437373,-0.397481,-0.181676,-0.015549
64.6610,state,-0.416663,-0.377356,-0.124416,-0.013123
64.6711,state,-0.423097,-0.381747,-0.300367,-0.241978
64.6814,desired,-0.458886,-0.458886,-0.111111,-0.111111
64.6816,state,-0.428328,-0.397409,-0.103403,-0.204822
64.6911,state,-0.404205,-0.368146,-0.175398,-0.328473
64.7010,state,-0.437373,-0.397481,-0.181676,-0.015549
64.7111,state,-0.416663,-0.377356,-0.124416,-0.013123
64.7119,desired,-0.462220,-0.462220,-0.111111,-0.111111
64.7210,state,-0.423097,-0.381747,-0.300367,-0.241978
64.7311,state,-0.428328,-0.397409,-0.103403,-0.204822
64.7320,desired,-0.464444,-0.464444,-0.111111,-0.111111
64.7410,state,-0.404205,-0.368146,-0.175398,-0.328473
64.7511,state,-0.437373,-0.397481,-0.181676,-0.015549
64.7528,state,-0.439650,-0.397459,-0.095433,-0.015577
64.7537,state,-0.450828,-0.414250,-0.134838,-0.307030
64.7613,desired,-0.467773,-0.467773,-0.111111,-0.111111
64.7615,state,-0.428328,-0.397409,-0.103403,-0.204822
64.7710,state,-0.404205,-0.368146,-0.175398,-0.328473
64.7810,state,-0.437373,-0.397481,-0.181676,-0.015549
64.7815,desired,-0.469997,-0.469997,-0.111111,-0.111111
64.7910,state,-0.439650,-0.397459,-0.095433,-0.015577
64.8010,state,-0.450828,-0.414250,-0.134838,-0.307030
64.8111,state,-0.428328,-0.397409,-0.103403,-0.204822
64.8117,desired,-0.473329,-0.473329,-0.111111,-0.111111
64.8211,state,-0.404205,-0.368146,-0.175398,-0.328473
64.8310,state,-0.437373,-0.397481,-0.181676,-0.015549
64.8318,desired,-0.475552,-0.475552,-0.111111,-0.111111
64.8411,state,-0.439650,-0.397459,-0.095433,-0.015577
64.8511,state,-0.450828,-0.414250,-0.134838,-0.307030
64.8520,desired,-0.477784,-0.477784,-0.111111,-0.111111
64.8531,state,-0.456816,-0.419549,-0.285819,-0.017596
64.8540,state,-0.461542,-0.419603,-0.107861,-0.017576
64.8611,state,-0.437373,-0.397481,-0.181676,-0.015549
64.8711,state,-0.439650,-0.397459,-0.095433,-0.015577
64.8811,state,-0.450828,-0.414250,-0.134838,-0.307030
64.8819,desired,-0.481111,-0.481111,-0.111111,-0.111111
64.8910,state,-0.456816,-0.419549,-0.285819,-0.017596
64.9010,state,-0.461542,-0.419603,-0.107861,-0.017576
64.9110,state,-0.437373,-0.397481,-0.181676,-0.015549
64.9118,desired,-0.484442,-0.484442,-0.111111,-0.111111
64.9211,state,-0.439650,-0.397459,-0.095433,-0.015577
64.9309,state,-0.450828,-0.414250,-0.134838,-0.307030
64.9410,state,-0.456816,-0.419549,-0.285819,-0.017596
64.9415,desired,-0.487775,-0.487775,-0.111111,-0.111111
64.9445,state,-0.470542,-0.428831,-0.187655,-0.288579
64.9510,state,-0.437373,-0.397481,-0.181676,-0.015549
64.9610,state,-0.439650,-0.397459,-0.095433,-0.015577
64.9709,state,-0.450828,-0.414250,-0.134838,-0.307030
64.9717,desired,-0.491106,-0.491106,-0.111111,-0.111111
64.9810,state,-0.456816,-0.419549,-0.285819,-0.017596
64.9915,desired,-0.493330,-0.493330,-0.111111,-0.111111
64.9917,state,-0.470542,-0.428831,-0.187655,-0.288579
65.0011,state,-0.437373,-0.397481,-0.181676,-0.015549
65.0110,state,-0.439650,-0.397459,-0.095433,-0.015577
65.0214,desired,-0.496663,-0.496663,-0.111111,-0.111111
65.0217,state,-0.450828,-0.414250,-0.134838,-0.307030
65.0310,state,-0.456816,-0.419549,-0.285819,-0.017596
65.0410,state,-0.470542,-0.428831,-0.187655,-0.288579
65.0511,state,-0.437373,-0.397481,-0.181676,-0.015549
65.0521,desired,-0.499999,-0.499999,-0.111111,-0.111111
65.0529,state,-0.472815,-0.438609,-0.101557,-0.046050
65.0532,state,-0.482997,-0.438727,-0.136737,-0.019082
65.0611,state,-0.456816,-0.419549,-0.285819,-0.017596
65.0710,state,-0.470542,-0.428831,-0.187655,-0.288579
65.0810,state,-0.437373,-0.397481,-0.181676,-0.015549
65.0817,desired,-0.503330,-0.503330,-0.111111,-0.111111
65.0910,state,-0.472815,-0.438609,-0.101557,-0.046050
65.1010,state,-0.482997,-0.438727,-0.136737,-0.019082
65.1110,state,-0.456816,-0.419549,-0.285819,-0.017596
65.1120,desired,-0.506664,-0.506664,-0.111111,-0.111111
65.1210,state,-0.470542,-0.428831,-0.187655,-0.288579
65.1309,state,-0.437373,-0.397481,-0.181676,-0.015549
65.1415,desired,-0.509997,-0.509997,-0.111111,-0.111111
65.1417,state,-0.472815,-0.438609,-0.101557,-0.046050
65.1448,state,-0.489431,-0.442989,-0.312659,-0.230091
65.1453,state,-0.494663,-0.458950,-0.115651,-0.227868
65.1511,state,-0.470542,-0.428831,-0.187655,-0.288579
65.1609,state,-0.437373,-0.397481,-0.181676,-0.015549
65.1710,state,-0.472815,-0.438609,-0.101557,-0.046050
65.1717,desired,-0.513331,-0.513331,-0.111111,-0.111111
65.1810,state,-0.489431,-0.442989,-0.312659,-0.230091
65.1910,state,-0.494663,-0.458950,-0.115651,-0.227868
65.2010,state,-0.470542,-0.428831,-0.187655,-0.288579
65.2017,desired,-0.516663,-0.516663,-0.111111,-0.111111
65.2110,state,-0.437373,-0.397481,-0.181676,-0.015549
65.2210,state,-0.472815,-0.438609,-0.101557,-0.046050
65.2217,desired,-0.518886,-0.518886,-0.111111,-0.111111
65.2310,state,-0.489431,-0.442989,-0.312659,-0.230091
65.2410,state,-0.494663,-0.458950,-0.115651,-0.227868
65.2418,desired,-0.521111,-0.521111,-0.111111,-0.111111
65.2511,state,-0.470542,-0.428831,-0.187655,-0.288579
65.2535,state,-0.503708,-0.461741,-0.193882,-0.020724
65.2611,state,-0.472815,-0.438609,-0.101557,-0.046050
65.2710,state,-0.489431,-0.442989,-0.312659,-0.230091
65.2716,desired,-0.524441,-0.524441,-0.111111,-0.111111
65.2810,state,-0.494663,-0.458950,-0.115651,-0.227868
65.2910,state,-0.470542,-0.428831,-0.187655,-0.288579
65.2915,desired,-0.526664,-0.526664,-0.111111,-0.111111
65.3010,state,-0.503708,-0.461741,-0.193882,-0.020724
65.3110,state,-0.472815,-0.438609,-0.101557,-0.046050
65.3217,desired,-0.530000,-0.530000,-0.111111,-0.111111
65.3220,state,-0.489431,-0.442989,-0.312659,-0.230091
65.3310,state,-0.494663,-0.458950,-0.115651,-0.227868
65.3411,state,-0.470542,-0.428831,-0.187655,-0.288579
65.3428,state,-0.505986,-0.461886,-0.107609,-0.020561
65.3511,state,-0.472815,-0.438609,-0.101557,-0.046050
65.3519,desired,-0.533332,-0.533332,-0.111111,-0.111111
65.3543,state,-0.516169,-0.475941,-0.142749,-0.275293
65.3610,state,-0.494663,-0.458950,-0.115651,-0.227868
65.3709,state,-0.470542,-0.428831,-0.187655,-0.288579
65.3810,state,-0.505986,-0.461886,-0.107609,-0.020561
65.3816,desired,-0.536663,-0.536663,-0.111111,-0.111111
65.3910,state,-0.472815,-0.438609,-0.101557,-0.046050
65.4014,desired,-0.538886,-0.538886,-0.111111,-0.111111
65.4016,state,-0.516169,-0.475941,-0.142749,-0.275293
65.4110,state,-0.494663,-0.458950,-0.115651,-0.227868
65.4210,state,-0.470542,-0.428831,-0.187655,-0.288579
65.4310,state,-0.505986,-0.461886,-0.107609,-0.020561
65.4315,desired,-0.542219,-0.542219,-0.111111,-0.111111
65.4410,state,-0.472815,-0.438609,-0.101557,-0.046050
65.4510,state,-0.516169,-0.475941,-0.142749,-0.275293
65.4516,desired,-0.544442,-0.544442,-0.111111,-0.111111
65.4527,state,-0.522603,-0.481882,-0.318640,-0.049441
65.4540,state,-0.527835,-0.482073,-0.121615,-0.021776
65.4610,state,-0.505986,-0.461886,-0.107609,-0.020561
65.4709,state,-0.472815,-0.438609,-0.101557,-0.046050
65.4810,state,-0.516169,-0.475941,-0.142749,-0.275293
65.4817,desired,-0.547774,-0.547774,-0.111111,-0.111111
65.4911,state,-0.522603,-0.481882,-0.318640,-0.049441
65.5009,state,-0.527835,-0.482073,-0.121615,-0.021776
65.5015,desired,-0.549997,-0.549997,-0.111111,-0.111111
65.5111,state,-0.505986,-0.461886,-0.107609,-0.020561
65.5214,desired,-0.552220,-0.552220,-0.111111,-0.111111
65.5216,state,-0.472815,-0.438609,-0.101557,-0.046050
65.5310,state,-0.516169,-0.475941,-0.142749,-0.275293
65.5410,state,-0.522603,-0.481882,-0.318640,-0.049441
65.5516,desired,-0.555554,-0.555554,-0.111111,-0.111111
65.5519,state,-0.527835,-0.482073,-0.121615,-0.021776
65.5534,state,-0.536881,-0.491565,-0.199832,-0.297277
65.5609,state,-0.472815,-0.438609,-0.101557,-0.046050
65.5710,state,-0.516169,-0.475941,-0.142749,-0.275293
65.5813,desired,-0.558885,-0.558885,-0.111111,-0.111111
65.5815,state,-0.522603,-0.481882,-0.318640,-0.049441
65.5910,state,-0.527835,-0.482073,-0.121615,-0.021776
65.6014,desired,-0.561109,-0.561109,-0.111111,-0.111111
65.6016,state,-0.536881,-0.491565,-0.199832,-0.297277
65.6110,state,-0.472815,-0.438609,-0.101557,-0.046050
65.6210,state,-0.516169,-0.475941,-0.142749,-0.275293
65.6310,state,-0.522603,-0.481882,-0.318640,-0.049441
65.6316,desired,-0.564441,-0.564441,-0.111111,-0.111111
65.6410,state,-0.527835,-0.482073,-0.121615,-0.021776
65.6510,state,-0.536881,-0.491565,-0.199832,-0.297277
65.6516,desired,-0.566665,-0.566665,-0.111111,-0.111111
65.6610,state,-0.472815,-0.438609,-0.101557,-0.046050
65.6710,state,-0.516169,-0.475941,-0.142749,-0.275293
65.6814,desired,-0.569997,-0.569997,-0.111111,-0.111111
65.6816,state,-0.522603,-0.481882,-0.318640,-0.049441
65.6830,state,-0.539159,-0.503092,-0.113535,-0.105854
65.6835,state,-0.549345,-0.506450,-0.148656,-0.023126
65.6910,state,-0.472815,-0.438609,-0.101557,-0.046050
65.7011,state,-0.516169,-0.475941,-0.142749,-0.275293
65.7113,desired,-0.573329,-0.573329,-0.111111,-0.111111
65.7116,state,-0.522603,-0.481882,-0.318640,-0.049441
65.7211,state,-0.539159,-0.503092,-0.113535,-0.105854
65.7310,state,-0.549345,-0.506450,-0.148656,-0.023126
65.7415,desired,-0.576664,-0.576664,-0.111111,-0.111111
65.7418,state,-0.472815,-0.438609,-0.101557,-0.046050
65.7447,state,-0.555778,-0.509109,-0.324493,-0.148004
65.7459,state,-0.561011,-0.521961,-0.127468,-0.205902
65.7509,state,-0.539159,-0.503092,-0.113535,-0.105854
65.7610,state,-0.549345,-0.506450,-0.148656,-0.023126
65.7616,desired,-0.578888,-0.578888,-0.111111,-0.111111
65.7710,state,-0.472815,-0.438609,-0.101557,-0.046050
65.7810,state,-0.555778,-0.509109,-0.324493,-0.148004
65.7910,state,-0.561011,-0.521961,-0.127468,-0.205902
65.7916,desired,-0.582219,-0.582219,-0.111111,-0.111111
65.8009,state,-0.539159,-0.503092,-0.113535,-0.105854
65.8114,desired,-0.584442,-0.584442,-0.111111,-0.111111
65.8116,state,-0.549345,-0.506450,-0.148656,-0.023126
65.8210,state,-0.472815,-0.438609,-0.101557,-0.046050
65.8314,desired,-0.586665,-0.586665,-0.111111,-0.111111
65.8316,state,-0.555778,-0.509109,-0.324493,-0.148004
65.8410,state,-0.561011,-0.521961,-0.127468,-0.205902
65.8468,state,-0.570056,-0.527918,-0.205648,-0.132567
65.8511,state,-0.549345,-0.506450,-0.148656,-0.023126
65.8520,desired,-0.588889,-0.588889,-0.111111,-0.111111
65.8609,state,-0.472815,-0.438609,-0.101557,-0.046050
65.8710,state,-0.555778,-0.509109,-0.324493,-0.148004
65.8810,state,-0.561011,-0.521961,-0.127468,-0.205902
65.8818,desired,-0.592218,-0.592218,-0.111111,-0.111111
65.8910,state,-0.570056,-0.527918,-0.205648,-0.132567
65.9010,state,-0.549345,-0.506450,-0.148656,-0.023126
65.9018,desired,-0.594444,-0.594444,-0.111111,-0.111111
65.9111,state,-0.472815,-0.438609,-0.101557,-0.046050
65.9210,state,-0.555778,-0.509109,-0.324493,-0.148004
65.9316,desired,-0.597777,-0.597777,-0.111111,-0.111111
65.9319,state,-0.561011,-0.521961,-0.127468,-0.205902
65.9412,state,-0.570056,-0.527918,-0.205648,-0.132567
65.9511,state,-0.549345,-0.506450,-0.148656,-0.023126
65.9536,state,-0.572334,-0.529122,-0.119337,-0.024078
65.9547,state,-0.582520,-0.538856,-0.154442,-0.234112
65.9609,state,-0.561011,-0.521961,-0.127468,-0.205902
65.9615,desired,-0.601108,-0.601108,-0.111111,-0.111111
65.9710,state,-0.570056,-0.527918,-0.205648,-0.132567
65.9811,state,-0.549345,-0.506450,-0.148656,-0.023126
65.9916,desired,-0.604443,-0.604443,-0.111111,-0.111111
65.9919,state,-0.572334,-0.529122,-0.119337,-0.024078
66.0010,state,-0.582520,-0.538856,-0.154442,-0.234112
66.0110,state,-0.561011,-0.521961,-0.127468,-0.205902
66.0211,state,-0.570056,-0.527918,-0.205648,-0.132567
66.0219,desired,-0.607775,-0.607775,-0.111111,-0.111111
66.0310,state,-0.549345,-0.506450,-0.148656,-0.023126
66.0409,state,-0.572334,-0.529122,-0.119337,-0.024078
66.0414,desired,-0.609998,-0.609998,-0.111111,-0.111111
66.0510,state,-0.582520,-0.538856,-0.154442,-0.234112
66.0524,state,-0.589501,-0.547921,-0.351672,-0.188494
66.0537,state,-0.595251,-0.554570,-0.135149,-0.026082
66.0609,state,-0.549345,-0.506450,-0.148656,-0.023126
66.0614,desired,-0.612221,-0.612221,-0.111111,-0.111111
66.0709,state,-0.572334,-0.529122,-0.119337,-0.024078
66.0809,state,-0.582520,-0.538856,-0.154442,-0.234112
66.0909,state,-0.589501,-0.547921,-0.351672,-0.188494
66.0914,desired,-0.615553,-0.615553,-0.111111,-0.111111
66.1009,state,-0.595251,-0.554570,-0.135149,-0.026082
66.1109,state,-0.549345,-0.506450,-0.148656,-0.023126
66.1209,state,-0.572334,-0.529122,-0.119337,-0.024078
66.1214,desired,-0.618885,-0.618885,-0.111111,-0.111111
66.1309,state,-0.582520,-0.538856,-0.154442,-0.234112
66.1409,state,-0.589501,-0.547921,-0.351672,-0.188494
66.1414,desired,-0.621111,-0.621111,-0.111111,-0.111111
66.1510,state,-0.595251,-0.554570,-0.135149,-0.026082
66.1525,state,-0.603477,-0.554837,-0.202247,-0.025761
66.1609,state,-0.572334,-0.529122,-0.119337,-0.024078
66.1709,state,-0.582520,-0.538856,-0.154442,-0.234112
66.1714,desired,-0.624442,-0.624442,-0.111111,-0.111111
66.1809,state,-0.589501,-0.547921,-0.351672,-0.188494
66.1909,state,-0.595251,-0.554570,-0.135149,-0.026082
66.2009,state,-0.603477,-0.554837,-0.202247,-0.025761
66.2014,desired,-0.627775,-0.627775,-0.111111,-0.111111
66.2110,state,-0.572334,-0.529122,-0.119337,-0.024078
66.2210,state,-0.582520,-0.538856,-0.154442,-0.234112
66.2310,state,-0.589501,-0.547921,-0.351672,-0.188494
66.2317,desired,-0.631107,-0.631107,-0.111111,-0.111111
66.2410,state,-0.595251,-0.554570,-0.135149,-0.026082
66.2511,state,-0.603477,-0.554837,-0.202247,-0.025761
66.2517,desired,-0.633331,-0.633331,-0.111111,-0.111111
66.2523,state,-0.605536,-0.555077,-0.124276,-0.025347
66.2527,state,-0.615702,-0.571400,-0.160025,-0.319617
66.2609,state,-0.589501,-0.547921,-0.351672,-0.188494
66.2710,state,-0.595251,-0.554570,-0.135149,-0.026082
66.2809,state,-0.603477,-0.554837,-0.202247,-0.025761
66.2814,desired,-0.636662,-0.636662,-0.111111,-0.111111
66.2910,state,-0.605536,-0.555077,-0.124276,-0.025347
66.3010,state,-0.615702,-0.571400,-0.160025,-0.319617
66.3016,desired,-0.638886,-0.638886,-0.111111,-0.111111
66.3110,state,-0.589501,-0.547921,-0.351672,-0.188494
66.3210,state,-0.595251,-0.554570,-0.135149,-0.026082
66.3310,state,-0.603477,-0.554837,-0.202247,-0.025761
66.3316,desired,-0.642219,-0.642219,-0.111111,-0.111111
66.3410,state,-0.605536,-0.555077,-0.124276,-0.025347
66.3509,state,-0.615702,-0.571400,-0.160025,-0.319617
66.3539,state,-0.622136,-0.582035,-0.335937,-0.176097
66.3555,state,-0.627371,-0.584799,-0.138811,-0.027439
66.3614,desired,-0.645553,-0.645553,-0.111111,-0.111111
66.3616,state,-0.603477,-0.554837,-0.202247,-0.025761
66.3710,state,-0.605536,-0.555077,-0.124276,-0.025347
66.3809,state,-0.615702,-0.571400,-0.160025,-0.319617
66.3909,state,-0.622136,-0.582035,-0.335937,-0.176097
66.3916,desired,-0.648885,-0.648885,-0.111111,-0.111111
66.4010,state,-0.627371,-0.584799,-0.138811,-0.027439
66.4109,state,-0.603477,-0.554837,-0.202247,-0.025761
66.4211,state,-0.605536,-0.555077,-0.124276,-0.025347
66.4218,desired,-0.652221,-0.652221,-0.111111,-0.111111
66.4309,state,-0.615702,-0.571400,-0.160025,-0.319617
66.4410,state,-0.622136,-0.582035,-0.335937,-0.176097
66.4509,state,-0.627371,-0.584799,-0.138811,-0.027439
66.4514,desired,-0.655552,-0.655552,-0.111111,-0.111111
66.4531,state,-0.636418,-0.585265,-0.216963,-0.032469
66.4609,state,-0.605536,-0.555077,-0.124276,-0.025347
66.4711,state,-0.615702,-0.571400,-0.160025,-0.319617
66.4717,desired,-0.657775,-0.657775,-0.111111,-0.111111
66.4809,state,-0.622136,-0.582035,-0.335937,-0.176097
66.4910,state,-0.627371,-0.584799,-0.138811,-0.027439
66.5010,state,-0.636418,-0.585265,-0.216963,-0.032469
66.5016,desired,-0.661108,-0.661108,-0.111111,-0.111111
66.5111,state,-0.605536,-0.555077,-0.124276,-0.025347
66.5211,state,-0.615702,-0.571400,-0.160025,-0.319617
66.5219,desired,-0.663332,-0.663332,-0.111111,-0.111111
66.5310,state,-0.622136,-0.582035,-0.335937,-0.176097
66.5410,state,-0.627371,-0.584799,-0.138811,-0.027439
66.5511,state,-0.636418,-0.585265,-0.216963,-0.032469
66.5520,desired,-0.666667,-0.666667,-0.111111,-0.111111
66.5525,state,-0.638698,-0.585896,-0.130588,-0.032727
66.5538,state,-0.649883,-0.603768,-0.169831,-0.348445
66.5610,state,-0.622136,-0.582035,-0.335937,-0.176097
66.5709,state,-0.627371,-0.584799,-0.138811,-0.027439
66.5809,state,-0.636418,-0.585265,-0.216963,-0.032469
66.5815,desired,-0.669995,-0.669995,-0.111111,-0.111111
66.5911,state,-0.638698,-0.585896,-0.130588,-0.032727
66.6009,state,-0.649883,-0.603768,-0.169831,-0.348445
66.6110,state,-0.622136,-0.582035,-0.335937,-0.176097
66.6116,desired,-0.673330,-0.673330,-0.111111,-0.111111
66.6210,state,-0.627371,-0.584799,-0.138811,-0.027439
66.6309,state,-0.636418,-0.585265,-0.216963,-0.032469
66.6409,state,-0.638698,-0.585896,-0.130588,-0.032727
66.6416,desired,-0.676663,-0.676663,-0.111111,-0.111111
66.6510,state,-0.649883,-0.603768,-0.169831,-0.348445
66.6526,state,-0.656417,-0.615806,-0.341975,-0.194136
66.6543,state,-0.661662,-0.618776,-0.144496,-0.029550
66.6610,state,-0.636418,-0.585265,-0.216963,-0.032469
66.6616,desired,-0.678887,-0.678887,-0.111111,-0.111111
66.6710,state,-0.638698,-0.585896,-0.130588,-0.032727
66.6810,state,-0.649883,-0.603768,-0.169831,-0.348445
66.6818,desired,-0.681112,-0.681112,-0.111111,-0.111111
66.6909,state,-0.656417,-0.615806,-0.341975,-0.194136
66.7010,state,-0.661662,-0.618776,-0.144496,-0.029550
66.7109,state,-0.636418,-0.585265,-0.216963,-0.032469
66.7114,desired,-0.684440,-0.684440,-0.111111,-0.111111
66.7210,state,-0.638698,-0.585896,-0.130588,-0.032727
66.7310,state,-0.649883,-0.603768,-0.169831,-0.348445
66.7317,desired,-0.686664,-0.686664,-0.111111,-0.111111
66.7411,state,-0.656417,-0.615806,-0.341975,-0.194136
66.7509,state,-0.661662,-0.618776,-0.144496,-0.029550
66.7525,state,-0.669848,-0.619108,-0.213152,-0.028933
66.7609,state,-0.638698,-0.585896,-0.130588,-0.032727
66.7616,desired,-0.689996,-0.689996,-0.111111,-0.111111
66.7709,state,-0.649883,-0.603768,-0.169831,-0.348445
66.7810,state,-0.656417,-0.615806,-0.341975,-0.194136
66.7819,desired,-0.692222,-0.692222,-0.111111,-0.111111
66.7909,state,-0.661662,-0.618776,-0.144496,-0.029550
66.8010,state,-0.669848,-0.619108,-0.213152,-0.028933
66.8110,state,-0.638698,-0.585896,-0.130588,-0.032727
66.8115,desired,-0.695552,-0.695552,-0.111111,-0.111111
66.8209,state,-0.649883,-0.603768,-0.169831,-0.348445
66.8310,state,-0.656417,-0.615806,-0.341975,-0.194136
66.8315,desired,-0.697775,-0.697775,-0.111111,-0.111111
66.8410,state,-0.661662,-0.618776,-0.144496,-0.029550
66.8509,state,-0.669848,-0.619108,-0.213152,-0.028933
66.8535,state,-0.671905,-0.619403,-0.135248,-0.028389
66.8549,state,-0.682074,-0.635741,-0.170954,-0.325214
66.8610,state,-0.656417,-0.615806,-0.341975,-0.194136
66.8616,desired,-0.701108,-0.701108,-0.111111,-0.111111
66.8710,state,-0.661662,-0.618776,-0.144496,-0.029550
66.8809,state,-0.669848,-0.619108,-0.213152,-0.028933
66.8909,state,-0.671905,-0.619403,-0.135248,-0.028389
66.8915,desired,-0.704441,-0.704441,-0.111111,-0.111111
66.9009,state,-0.682074,-0.635741,-0.170954,-0.325214
66.9109,state,-0.656417,-0.615806,-0.341975,-0.194136
66.9215,desired,-0.707774,-0.707774,-0.111111,-0.111111
66.9218,state,-0.661662,-0.618776,-0.144496,-0.029550
66.9310,state,-0.669848,-0.619108,-0.213152,-0.028933
66.9410,state,-0.671905,-0.619403,-0.135248,-0.028389
66.9418,desired,-0.709996,-0.709996,-0.111111,-0.111111
66.9511,state,-0.682074,-0.635741,-0.170954,-0.325214
66.9534,state,-0.688509,-0.647056,-0.346837,-0.189899
66.9542,state,-0.693747,-0.650081,-0.149623,-0.030607
66.9610,state,-0.669848,-0.619108,-0.213152,-0.028933
66.9710,state,-0.671905,-0.619403,-0.135248,-0.028389
66.9715,desired,-0.713330,-0.713330,-0.111111,-0.111111
66.9811,state,-0.682074,-0.635741,-0.170954,-0.325214
66.9910,state,-0.688509,-0.647056,-0.346837,-0.189899
67.0009,state,-0.693747,-0.650081,-0.149623,-0.030607
67.0014,desired,-0.716663,-0.716663,-0.111111,-0.111111
67.0110,state,-0.669848,-0.619108,-0.213152,-0.028933
67.0211,state,-0.671905,-0.619403,-0.135248,-0.028389
67.0219,desired,-0.718889,-0.718889,-0.111111,-0.111111
67.0309,state,-0.682074,-0.635741,-0.170954,-0.325214
67.0410,state,-0.688509,-0.647056,-0.346837,-0.189899
67.0509,state,-0.693747,-0.650081,-0.149623,-0.030607
67.0514,desired,-0.722218,-0.722218,-0.111111,-0.111111
67.0539,state,-0.702794,-0.650541,-0.227722,-0.034068
67.0610,state,-0.671905,-0.619403,-0.135248,-0.028389
67.0709,state,-0.682074,-0.635741,-0.170954,-0.325214
67.0811,state,-0.688509,-0.647056,-0.346837,-0.189899
67.0819,desired,-0.725555,-0.725555,-0.111111,-0.111111
67.0909,state,-0.693747,-0.650081,-0.149623,-0.030607
67.1010,state,-0.702794,-0.650541,-0.227722,-0.034068
67.1109,state,-0.671905,-0.619403,-0.135248,-0.028389
67.1114,desired,-0.728885,-0.728885,-0.111111,-0.111111
67.1210,state,-0.682074,-0.635741,-0.170954,-0.325214
67.1313,desired,-0.731108,-0.731108,-0.111111,-0.111111
67.1314,state,-0.688509,-0.647056,-0.346837,-0.189899
67.1410,state,-0.693747,-0.650081,-0.149623,-0.030607
67.1509,state,-0.702794,-0.650541,-0.227722,-0.034068
67.1524,state,-0.705076,-0.651142,-0.141298,-0.034565
67.1532,state,-0.715263,-0.667925,-0.176265,-0.333717
67.1610,state,-0.688509,-0.647056,-0.346837,-0.189899
67.1614,desired,-0.734441,-0.734441,-0.111111,-0.111111
67.1710,state,-0.693747,-0.650081,-0.149623,-0.030607
67.1810,state,-0.702794,-0.650541,-0.227722,-0.034068
67.1816,desired,-0.736664,-0.736664,-0.111111,-0.111111
67.1911,state,-0.705076,-0.651142,-0.141298,-0.034565
67.2010,state,-0.715263,-0.667925,-0.176265,-0.333717
67.2111,state,-0.688509,-0.647056,-0.346837,-0.189899
67.2116,desired,-0.739999,-0.739999,-0.111111,-0.111111
67.2210,state,-0.693747,-0.650081,-0.149623,-0.030607
67.2310,state,-0.702794,-0.650541,-0.227722,-0.034068
67.2410,state,-0.705076,-0.651142,-0.141298,-0.034565
67.2416,desired,-0.743330,-0.743330,-0.111111,-0.111111
67.2519,state,-0.715263,-0.667925,-0.176265,-0.333717
67.2542,state,-0.722245,-0.679907,-0.373443,-0.208223
67.2554,state,-0.728000,-0.684635,-0.156752,-0.031605
67.2610,state,-0.702794,-0.650541,-0.227722,-0.034068
67.2616,desired,-0.745553,-0.745553,-0.111111,-0.111111
67.2710,state,-0.705076,-0.651142,-0.141298,-0.034565
67.2809,state,-0.715263,-0.667925,-0.176265,-0.333717
67.2910,state,-0.722245,-0.679907,-0.373443,-0.208223
67.2916,desired,-0.748885,-0.748885,-0.111111,-0.111111
67.3009,state,-0.728000,-0.684635,-0.156752,-0.031605
67.3110,state,-0.702794,-0.650541,-0.227722,-0.034068
67.3116,desired,-0.751108,-0.751108,-0.111111,-0.111111
67.3210,state,-0.705076,-0.651142,-0.141298,-0.034565
67.3310,state,-0.715263,-0.667925,-0.176265,-0.333717
67.3410,state,-0.722245,-0.679907,-0.373443,-0.208223
67.3416,desired,-0.754442,-0.754442,-0.111111,-0.111111
67.3511,state,-0.728000,-0.684635,-0.156752,-0.031605
67.3541,state,-0.737091,-0.684976,-0.233204,-0.031434
67.3610,state,-0.705076,-0.651142,-0.141298,-0.034565
67.3710,state,-0.715263,-0.667925,-0.176265,-0.333717
67.3718,desired,-0.757774,-0.757774,-0.111111,-0.111111
67.3810,state,-0.722245,-0.679907,-0.373443,-0.208223
67.3909,state,-0.728000,-0.684635,-0.156752,-0.031605
67.4010,state,-0.737091,-0.684976,-0.233204,-0.031434
67.4016,desired,-0.761108,-0.761108,-0.111111,-0.111111
67.4110,state,-0.705076,-0.651142,-0.141298,-0.034565
67.4210,state,-0.715263,-0.667925,-0.176265,-0.333717
67.4310,state,-0.722245,-0.679907,-0.373443,-0.208223
67.4318,desired,-0.764444,-0.764444,-0.111111,-0.111111
67.4410,state,-0.728000,-0.684635,-0.156752,-0.031605
67.4511,state,-0.737091,-0.684976,-0.233204,-0.031434
67.4519,desired,-0.766667,-0.766667,-0.111111,-0.111111
67.4533,state,-0.739377,-0.685305,-0.146620,-0.031183
67.4536,state,-0.748565,-0.701045,-0.177335,-0.318627
67.4610,state,-0.722245,-0.679907,-0.373443,-0.208223
67.4710,state,-0.728000,-0.684635,-0.156752,-0.031605
67.4809,state,-0.737091,-0.684976,-0.233204,-0.031434
67.4816,desired,-0.769996,-0.769996,-0.111111,-0.111111
67.4911,state,-0.739377,-0.685305,-0.146620,-0.031183
67.5010,state,-0.748565,-0.701045,-0.177335,-0.318627
67.5016,desired,-0.772219,-0.772219,-0.111111,-0.111111
67.5110,state,-0.722245,-0.679907,-0.373443,-0.208223
67.5210,state,-0.728000,-0.684635,-0.156752,-0.031605
67.5309,state,-0.737091,-0.684976,-0.233204,-0.031434
67.5316,desired,-0.775552,-0.775552,-0.111111,-0.111111
67.5410,state,-0.739377,-0.685305,-0.146620,-0.031183
67.5509,state,-0.748565,-0.701045,-0.177335,-0.318627
67.5516,desired,-0.777774,-0.777774,-0.111111,-0.111111
67.5539,state,-0.754906,-0.712305,-0.356878,-0.193573
67.5551,state,-0.760140,-0.715432,-0.159845,-0.033012
67.5610,state,-0.737091,-0.684976,-0.233204,-0.031434
67.5710,state,-0.739377,-0.685305,-0.146620,-0.031183
67.5810,state,-0.748565,-0.701045,-0.177335,-0.318627
67.5818,desired,-0.781111,-0.781111,-0.111111,-0.111111
67.5910,state,-0.754906,-0.712305,-0.356878,-0.193573
67.6009,state,-0.760140,-0.715432,-0.159845,-0.033012
67.6110,state,-0.737091,-0.684976,-0.233204,-0.031434
67.6116,desired,-0.784442,-0.784442,-0.111111,-0.111111
67.6210,state,-0.739377,-0.685305,-0.146620,-0.031183
67.6309,state,-0.748565,-0.701045,-0.177335,-0.318627
67.6410,state,-0.754906,-0.712305,-0.356878,-0.193573
67.6415,desired,-0.787776,-0.787776,-0.111111,-0.111111
67.6511,state,-0.760140,-0.715432,-0.159845,-0.033012
67.6533,state,-0.769186,-0.715920,-0.237894,-0.036592
67.6614,desired,-0.790000,-0.790000,-0.111111,-0.111111
67.6617,state,-0.739377,-0.685305,-0.146620,-0.031183
67.6710,state,-0.748565,-0.701045,-0.177335,-0.318627
67.6811,state,-0.754906,-0.712305,-0.356878,-0.193573
67.6910,state,-0.760140,-0.715432,-0.159845,-0.033012
67.6916,desired,-0.793330,-0.793330,-0.111111,-0.111111
67.7011,state,-0.769186,-0.715920,-0.237894,-0.036592
67.7114,desired,-0.795553,-0.795553,-0.111111,-0.111111
67.7116,state,-0.739377,-0.685305,-0.146620,-0.031183
67.7211,state,-0.748565,-0.701045,-0.177335,-0.318627
67.7310,state,-0.754906,-0.712305,-0.356878,-0.193573
67.7318,desired,-0.797777,-0.797777,-0.111111,-0.111111
67.7411,state,-0.760140,-0.715432,-0.159845,-0.033012
67.7511,state,-0.769186,-0.715920,-0.237894,-0.036592
67.7519,desired,-0.800000,-0.800000,-0.111111,-0.111111
67.7534,state,-0.771469,-0.716530,-0.151423,-0.036609
67.7544,state,-0.781658,-0.733098,-0.186323,-0.333900
67.7611,state,-0.754906,-0.712305,-0.356878,-0.193573
67.7710,state,-0.760140,-0.715432,-0.159845,-0.033012
67.7814,desired,-0.803331,-0.803331,-0.111111,-0.111111
67.7816,state,-0.769186,-0.715920,-0.237894,-0.036592
67.7910,state,-0.771469,-0.716530,-0.151423,-0.036609
67.8010,state,-0.781658,-0.733098,-0.186323,-0.333900
67.8116,desired,-0.806666,-0.806666,-0.111111,-0.111111
67.8119,state,-0.754906,-0.712305,-0.356878,-0.193573
67.8209,state,-0.760140,-0.715432,-0.159845,-0.033012
67.8310,state,-0.769186,-0.715920,-0.237894,-0.036592
67.8413,desired,-0.809996,-0.809996,-0.111111,-0.111111
67.8416,state,-0.771469,-0.716530,-0.151423,-0.036609
67.8510,state,-0.781658,-0.733098,-0.186323,-0.333900
67.8532,state,-0.788097,-0.745051,-0.362159,-0.202457
67.8543,state,-0.793340,-0.748270,-0.164759,-0.034494
67.8614,desired,-0.812219,-0.812219,-0.111111,-0.111111
67.8616,state,-0.769186,-0.715920,-0.237894,-0.036592
67.8709,state,-0.771469,-0.716530,-0.151423,-0.036609
67.8810,state,-0.781658,-0.733098,-0.186323,-0.333900
67.8816,desired,-0.814442,-0.814442,-0.111111,-0.111111
67.8910,state,-0.788097,-0.745051,-0.362159,-0.202457
67.9009,state,-0.793340,-0.748270,-0.164759,-0.034494
67.9110,state,-0.769186,-0.715920,-0.237894,-0.036592
67.9116,desired,-0.817774,-0.817774,-0.111111,-0.111111
67.9210,state,-0.771469,-0.716530,-0.151423,-0.036609
67.9309,state,-0.781658,-0.733098,-0.186323,-0.333900
67.9409,state,-0.788097,-0.745051,-0.362159,-0.202457
67.9415,desired,-0.821107,-0.821107,-0.111111,-0.111111
67.9510,state,-0.793340,-0.748270,-0.164759,-0.034494
67.9534,state,-0.803250,-0.748931,-0.252202,-0.042536
67.9609,state,-0.771469,-0.716530,-0.151423,-0.036609
67.9615,desired,-0.823330,-0.823330,-0.111111,-0.111111
67.9709,state,-0.781658,-0.733098,-0.186323,-0.333900
67.9809,state,-0.788097,-0.745051,-0.362159,-0.202457
67.9909,state,-0.793340,-0.748270,-0.164759,-0.034494
67.9914,desired,-0.826662,-0.826662,-0.111111,-0.111111
68.0009,state,-0.803250,-0.748931,-0.252202,-0.042536
68.0109,state,-0.771469,-0.716530,-0.151423,-0.036609
68.0113,desired,-0.828885,-0.828885,-0.111111,-0.111111
68.0209,state,-0.781658,-0.733098,-0.186323,-0.333900
68.0309,state,-0.788097,-0.745051,-0.362159,-0.202457
68.0412,desired,-0.832218,-0.832218,-0.111111,-0.111111
68.0414,state,-0.793340,-0.748270,-0.164759,-0.034494
68.0510,state,-0.803250,-0.748931,-0.252202,-0.042536
68.0532,state,-0.805759,-0.749922,-0.157177,-0.043678
68.0534,state,-0.814966,-0.765808,-0.187131,-0.321773
68.0609,state,-0.788097,-0.745051,-0.362159,-0.202457
68.0709,state,-0.793340,-0.748270,-0.164759,-0.034494
68.0714,desired,-0.835551,-0.835551,-0.111111,-0.111111
68.0809,state,-0.803250,-0.748931,-0.252202,-0.042536
68.0909,state,-0.805759,-0.749922,-0.157177,-0.043678
68.0914,desired,-0.837774,-0.837774,-0.111111,-0.111111
68.1009,state,-0.814966,-0.765808,-0.187131,-0.321773
68.1113,desired,-0.839997,-0.839997,-0.111111,-0.111111
68.1115,state,-0.788097,-0.745051,-0.362159,-0.202457
68.1209,state,-0.793340,-0.748270,-0.164759,-0.034494
68.1310,state,-0.803250,-0.748931,-0.252202,-0.042536
68.1409,state,-0.805759,-0.749922,-0.157177,-0.043678
68.1415,desired,-0.843330,-0.843330,-0.111111,-0.111111
68.1510,state,-0.814966,-0.765808,-0.187131,-0.321773
68.1525,state,-0.821309,-0.777314,-0.366537,-0.199116
68.1531,state,-0.826543,-0.780549,-0.169456,-0.036016
68.1610,state,-0.803250,-0.748931,-0.252202,-0.042536
68.1709,state,-0.805759,-0.749922,-0.157177,-0.043678
68.1716,desired,-0.846663,-0.846663,-0.111111,-0.111111
68.1809,state,-0.814966,-0.765808,-0.187131,-0.321773
68.1909,state,-0.821309,-0.777314,-0.366537,-0.199116
68.2009,state,-0.826543,-0.780549,-0.169456,-0.036016
68.2016,desired,-0.849997,-0.849997,-0.111111,-0.111111
68.2109,state,-0.803250,-0.748931,-0.252202,-0.042536
68.2210,state,-0.805759,-0.749922,-0.157177,-0.043678
68.2310,state,-0.814966,-0.765808,-0.187131,-0.321773
68.2315,desired,-0.853330,-0.853330,-0.111111,-0.111111
68.2410,state,-0.821309,-0.777314,-0.366537,-0.199116
68.2510,state,-0.826543,-0.780549,-0.169456,-0.036016
68.2528,state,-0.835594,-0.781060,-0.247488,-0.038356
68.2610,state,-0.805759,-0.749922,-0.157177,-0.043678
68.2616,desired,-0.856663,-0.856663,-0.111111,-0.111111
68.2709,state,-0.814966,-0.765808,-0.187131,-0.321773
68.2809,state,-0.821309,-0.777314,-0.366537,-0.199116
68.2909,state,-0.826543,-0.780549,-0.169456,-0.036016
68.2914,desired,-0.859996,-0.859996,-0.111111,-0.111111
68.3009,state,-0.835594,-0.781060,-0.247488,-0.038356
68.3109,state,-0.805759,-0.749922,-0.157177,-0.043678
68.3114,desired,-0.862219,-0.862219,-0.111111,-0.111111
68.3209,state,-0.814966,-0.765808,-0.187131,-0.321773
68.3309,state,-0.821309,-0.777314,-0.366537,-0.199116
68.3410,state,-0.826543,-0.780549,-0.169456,-0.036016
68.3414,desired,-0.865551,-0.865551,-0.111111,-0.111111
68.3510,state,-0.835594,-0.781060,-0.247488,-0.038356
68.3532,state,-0.837880,-0.781670,-0.160919,-0.038613
68.3535,state,-0.848071,-0.798040,-0.195745,-0.334613
68.3610,state,-0.821309,-0.777314,-0.366537,-0.199116
68.3615,desired,-0.867775,-0.867775,-0.111111,-0.111111
68.3710,state,-0.826543,-0.780549,-0.169456,-0.036016
68.3810,state,-0.835594,-0.781060,-0.247488,-0.038356
68.3909,state,-0.837880,-0.781670,-0.160919,-0.038613
68.3914,desired,-0.871107,-0.871107,-0.111111,-0.111111
68.4010,state,-0.848071,-0.798040,-0.195745,-0.334613
68.4110,state,-0.821309,-0.777314,-0.366537,-0.199116
68.4116,desired,-0.873330,-0.873330,-0.111111,-0.111111
68.4210,state,-0.826543,-0.780549,-0.169456,-0.036016
68.4310,state,-0.835594,-0.781060,-0.247488,-0.038356
68.4315,desired,-0.875553,-0.875553,-0.111111,-0.111111
68.4410,state,-0.837880,-0.781670,-0.160919,-0.038613
68.4510,state,-0.848071,-0.798040,-0.195745,-0.334613
68.4527,state,-0.854510,-0.810275,-0.371459,-0.209837
68.4537,state,-0.859753,-0.813657,-0.174043,-0.037285
68.4610,state,-0.835594,-0.781060,-0.247488,-0.038356
68.4616,desired,-0.878885,-0.878885,-0.111111,-0.111111
68.4710,state,-0.837880,-0.781670,-0.160919,-0.038613
68.4810,state,-0.848071,-0.798040,-0.195745,-0.334613
68.4909,state,-0.854510,-0.810275,-0.371459,-0.209837
68.4914,desired,-0.882218,-0.882218,-0.111111,-0.111111
68.5010,state,-0.859753,-0.813657,-0.174043,-0.037285
68.5110,state,-0.835594,-0.781060,-0.247488,-0.038356
68.5116,desired,-0.884441,-0.884441,-0.111111,-0.111111
68.5210,state,-0.837880,-0.781670,-0.160919,-0.038613
68.5309,state,-0.848071,-0.798040,-0.195745,-0.334613
68.5410,state,-0.854510,-0.810275,-0.371459,-0.209837
68.5416,desired,-0.887774,-0.887774,-0.111111,-0.111111
68.5510,state,-0.859753,-0.813657,-0.174043,-0.037285
68.5537,state,-0.869668,-0.814309,-0.261470,-0.043374
68.5610,state,-0.837880,-0.781670,-0.160919,-0.038613
68.5710,state,-0.848071,-0.798040,-0.195745,-0.334613
68.5717,desired,-0.891107,-0.891107,-0.111111,-0.111111
68.5810,state,-0.854510,-0.810275,-0.371459,-0.209837
68.5909,state,-0.859753,-0.813657,-0.174043,-0.037285
68.6010,state,-0.869668,-0.814309,-0.261470,-0.043374
68.6015,desired,-0.894443,-0.894443,-0.111111,-0.111111
68.6110,state,-0.837880,-0.781670,-0.160919,-0.038613
68.6210,state,-0.848071,-0.798040,-0.195745,-0.334613
68.6309,state,-0.854510,-0.810275,-0.371459,-0.209837
68.6315,desired,-0.897774,-0.897774,-0.111111,-0.111111
68.6410,state,-0.859753,-0.813657,-0.174043,-0.037285
68.6510,state,-0.869668,-0.814309,-0.261470,-0.043374
68.6526,state,-0.872180,-0.815236,-0.166339,-0.044666
68.6528,state,-0.882389,-0.831677,-0.200407,-0.336023
68.6609,state,-0.854510,-0.810275,-0.371459,-0.209837
68.6616,desired,-0.901107,-0.901107,-0.111111,-0.111111
68.6710,state,-0.859753,-0.813657,-0.174043,-0.037285
68.6810,state,-0.869668,-0.814309,-0.261470,-0.043374
68.6910,state,-0.872180,-0.815236,-0.166339,-0.044666
68.6916,desired,-0.904442,-0.904442,-0.111111,-0.111111
68.7010,state,-0.882389,-0.831677,-0.200407,-0.336023
68.7110,state,-0.854510,-0.810275,-0.371459,-0.209837
68.7214,desired,-0.907774,-0.907774,-0.111111,-0.111111
68.7217,state,-0.859753,-0.813657,-0.174043,-0.037285
68.7310,state,-0.869668,-0.814309,-0.261470,-0.043374
68.7410,state,-0.872180,-0.815236,-0.166339,-0.044666
68.7510,state,-0.882389,-0.831677,-0.200407,-0.336023
68.7515,desired,-0.911108,-0.911108,-0.111111,-0.111111
68.7526,state,-0.888286,-0.843765,-0.354713,-0.200293
68.7534,state,-0.893014,-0.846617,-0.176676,-0.037199
68.7609,state,-0.869668,-0.814309,-0.261470,-0.043374
68.7710,state,-0.872180,-0.815236,-0.166339,-0.044666
68.7716,desired,-0.913331,-0.913331,-0.111111,-0.111111
68.7810,state,-0.882389,-0.831677,-0.200407,-0.336023
68.7910,state,-0.888286,-0.843765,-0.354713,-0.200293
68.8010,state,-0.893014,-0.846617,-0.176676,-0.037199
68.8016,desired,-0.916663,-0.916663,-0.111111,-0.111111
68.8110,state,-0.869668,-0.814309,-0.261470,-0.043374
68.8210,state,-0.872180,-0.815236,-0.166339,-0.044666
68.8313,desired,-0.919996,-0.919996,-0.111111,-0.111111
68.8316,state,-0.882389,-0.831677,-0.200407,-0.336023
68.8411,state,-0.888286,-0.843765,-0.354713,-0.200293
68.8511,state,-0.893014,-0.846617,-0.176676,-0.037199
68.8520,desired,-0.922220,-0.922220,-0.111111,-0.111111
68.8536,state,-0.902024,-0.847063,-0.256234,-0.038853
68.8610,state,-0.872180,-0.815236,-0.166339,-0.044666
68.8710,state,-0.882389,-0.831677,-0.200407,-0.336023
68.8810,state,-0.888286,-0.843765,-0.354713,-0.200293
68.8818,desired,-0.925554,-0.925554,-0.111111,-0.111111
68.8910,state,-0.893014,-0.846617,-0.176676,-0.037199
68.9009,state,-0.902024,-0.847063,-0.256234,-0.038853
68.9110,state,-0.872180,-0.815236,-0.166339,-0.044666
68.9116,desired,-0.928885,-0.928885,-0.111111,-0.111111
68.9210,state,-0.882389,-0.831677,-0.200407,-0.336023
68.9309,state,-0.888286,-0.843765,-0.354713,-0.200293
68.9315,desired,-0.931108,-0.931108,-0.111111,-0.111111
68.9410,state,-0.893014,-0.846617,-0.176676,-0.037199
68.9510,state,-0.902024,-0.847063,-0.256234,-0.038853
68.9526,state,-0.904308,-0.847582,-0.169734,-0.039033
68.9543,state,-0.914501,-0.863790,-0.204492,-0.334868
68.9614,desired,-0.934441,-0.934441,-0.111111,-0.111111
68.9616,state,-0.888286,-0.843765,-0.354713,-0.200293
68.9710,state,-0.893014,-0.846617,-0.176676,-0.037199
68.9810,state,-0.902024,-0.847063,-0.256234,-0.038853
68.9910,state,-0.904308,-0.847582,-0.169734,-0.039033
68.9916,desired,-0.937774,-0.937774,-0.111111,-0.111111
69.0011,state,-0.914501,-0.863790,-0.204492,-0.334868
69.0110,state,-0.888286,-0.843765,-0.354713,-0.200293
69.0210,state,-0.893014,-0.846617,-0.176676,-0.037199
69.0216,desired,-0.941107,-0.941107,-0.111111,-0.111111
69.0310,state,-0.902024,-0.847063,-0.256234,-0.038853
69.0409,state,-0.904308,-0.847582,-0.169734,-0.039033
69.0510,state,-0.914501,-0.863790,-0.204492,-0.334868
69.0515,desired,-0.944442,-0.944442,-0.111111,-0.111111
69.0525,state,-0.921486,-0.876322,-0.401539,-0.224390
69.0534,state,-0.927250,-0.881737,-0.184553,-0.037269
69.0610,state,-0.902024,-0.847063,-0.256234,-0.038853
69.0710,state,-0.904308,-0.847582,-0.169734,-0.039033
69.0810,state,-0.914501,-0.863790,-0.204492,-0.334868
69.0816,desired,-0.947774,-0.947774,-0.111111,-0.111111
69.0910,state,-0.921486,-0.876322,-0.401539,-0.224390
69.1009,state,-0.927250,-0.881737,-0.184553,-0.037269
69.1110,state,-0.902024,-0.847063,-0.256234,-0.038853
69.1116,desired,-0.951107,-0.951107,-0.111111,-0.111111
69.1210,state,-0.904308,-0.847582,-0.169734,-0.039033
69.1309,state,-0.914501,-0.863790,-0.204492,-0.334868
69.1410,state,-0.921486,-0.876322,-0.401539,-0.224390
69.1416,desired,-0.954441,-0.954441,-0.111111,-0.111111
69.1509,state,-0.927250,-0.881737,-0.184553,-0.037269
69.1529,state,-0.935483,-0.882060,-0.251398,-0.036667
69.1610,state,-0.904308,-0.847582,-0.169734,-0.039033
69.1710,state,-0.914501,-0.863790,-0.204492,-0.334868
69.1716,desired,-0.957774,-0.957774,-0.111111,-0.111111
69.1809,state,-0.921486,-0.876322,-0.401539,-0.224390
69.1910,state,-0.927250,-0.881737,-0.184553,-0.037269
69.2010,state,-0.935483,-0.882060,-0.251398,-0.036667
69.2015,desired,-0.961107,-0.961107,-0.111111,-0.111111
69.2110,state,-0.904308,-0.847582,-0.169734,-0.039033
69.2210,state,-0.914501,-0.863790,-0.204492,-0.334868
69.2216,desired,-0.963330,-0.963330,-0.111111,-0.111111
69.2309,state,-0.921486,-0.876322,-0.401539,-0.224390
69.2411,state,-0.927250,-0.881737,-0.184553,-0.037269
69.2416,desired,-0.965556,-0.965556,-0.111111,-0.111111
69.2510,state,-0.935483,-0.882060,-0.251398,-0.036667
69.2525,state,-0.937549,-0.882345,-0.173136,-0.036078
69.2527,state,-0.947725,-0.897329,-0.208532,-0.315714
69.2610,state,-0.921486,-0.876322,-0.401539,-0.224390
69.2714,desired,-0.968885,-0.968885,-0.111111,-0.111111
69.2716,state,-0.927250,-0.881737,-0.184553,-0.037269
69.2811,state,-0.935483,-0.882060,-0.251398,-0.036667
69.2910,state,-0.937549,-0.882345,-0.173136,-0.036078
69.3010,state,-0.947725,-0.897329,-0.208532,-0.315714
69.3016,desired,-0.972220,-0.972220,-0.111111,-0.111111
69.3111,state,-0.921486,-0.876322,-0.401539,-0.224390
69.3211,state,-0.927250,-0.881737,-0.184553,-0.037269
69.3218,desired,-0.974444,-0.974444,-0.111111,-0.111111
69.3309,state,-0.935483,-0.882060,-0.251398,-0.036667
69.3410,state,-0.937549,-0.882345,-0.173136,-0.036078
69.3509,state,-0.947725,-0.897329,-0.208532,-0.315714
69.3514,desired,-0.977774,-0.977774,-0.111111,-0.111111
69.3528,state,-0.954164,-0.908931,-0.384261,-0.207814
69.3553,state,-0.959412,-0.913002,-0.186685,-0.037885
69.3610,state,-0.935483,-0.882060,-0.251398,-0.036667
69.3709,state,-0.937549,-0.882345,-0.173136,-0.036078
69.3715,desired,-0.979996,-0.979996,-0.111111,-0.111111
69.3811,state,-0.947725,-0.897329,-0.208532,-0.315714
69.3910,state,-0.954164,-0.908931,-0.384261,-0.207814
69.3916,desired,-0.982220,-0.982220,-0.111111,-0.111111
69.4011,state,-0.959412,-0.913002,-0.186685,-0.037885
69.4110,state,-0.935483,-0.882060,-0.251398,-0.036667
69.4210,state,-0.937549,-0.882345,-0.173136,-0.036078
69.4216,desired,-0.985552,-0.985552,-0.111111,-0.111111
69.4310,state,-0.947725,-0.897329,-0.208532,-0.315714
69.4410,state,-0.954164,-0.908931,-0.384261,-0.207814
69.4416,desired,-0.987775,-0.987775,-0.111111,-0.111111
69.4509,state,-0.959412,-0.913002,-0.186685,-0.037885
69.4532,state,-0.969331,-0.913574,-0.274032,-0.045379
69.4610,state,-0.937549,-0.882345,-0.173136,-0.036078
69.4710,state,-0.947725,-0.897329,-0.208532,-0.315714
69.4716,desired,-0.991107,-0.991107,-0.111111,-0.111111
69.4809,state,-0.954164,-0.908931,-0.384261,-0.207814
69.4910,state,-0.959412,-0.913002,-0.186685,-0.037885
69.4916,desired,-0.993330,-0.993330,-0.111111,-0.111111
69.5010,state,-0.969331,-0.913574,-0.274032,-0.045379
69.5110,state,-0.937549,-0.882345,-0.173136,-0.036078
69.5210,state,-0.947725,-0.897329,-0.208532,-0.315714
69.5216,desired,-0.996664,-0.996664,-0.111111,-0.111111
69.5309,state,-0.954164,-0.908931,-0.384261,-0.207814
69.5411,state,-0.959412,-0.913002,-0.186685,-0.037885
69.5418,desired,-0.998888,-0.998888,-0.111111,-0.111111
69.5509,state,-0.969331,-0.913574,-0.274032,-0.045379
69.5526,state,-0.971846,-0.914492,-0.178759,-0.047578
69.5540,state,-0.982058,-0.930807,-0.212702,-0.336609
69.5609,state,-0.954164,-0.908931,-0.384261,-0.207814
69.5710,state,-0.959412,-0.913002,-0.186685,-0.037885
69.5716,desired,-1.000000,-1.000000,0.000000,0.000000
69.5811,state,-0.969331,-0.913574,-0.274032,-0.045379
69.5910,state,-0.971846,-0.914492,-0.178759,-0.047578
69.6010,state,-0.982058,-0.930807,-0.212702,-0.336609
69.6016,desired,-1.000000,-1.000000,0.000000,0.000000
69.6110,state,-0.954164,-0.908931,-0.384261,-0.207814
69.6210,state,-0.959412,-0.913002,-0.186685,-0.037885
69.6309,state,-0.969331,-0.913574,-0.274032,-0.045379
69.6315,desired,-1.000000,-1.000000,0.000000,0.000000
69.6411,state,-0.971846,-0.914492,-0.178759,-0.047578
69.6510,state,-0.982058,-0.930807,-0.212702,-0.336609
69.6525,state,-0.987956,-0.942874,-0.366931,-0.202828
69.6539,state,-0.992688,-0.945700,-0.188767,-0.038834
69.6614,desired,-1.000000,-1.000000,0.000000,0.000000
69.6616,state,-0.969331,-0.913574,-0.274032,-0.045379
69.6710,state,-0.971846,-0.914492,-0.178759,-0.047578
69.6810,state,-0.982058,-0.930807,-0.212702,-0.336609
69.6818,desired,-1.000000,-1.000000,0.000000,0.000000
69.6910,state,-0.987956,-0.942874,-0.366931,-0.202828
69.7010,state,-0.992688,-0.945700,-0.188767,-0.038834
69.7110,state,-0.969331,-0.913574,-0.274032,-0.045379
69.7116,desired,-1.000000,-1.000000,0.000000,0.000000
69.7210,state,-0.971846,-0.914492,-0.178759,-0.047578
69.7310,state,-0.982058,-0.930807,-0.212702,-0.336609
69.7410,state,-0.987956,-0.942874,-0.366931,-0.202828
69.7416,desired,-1.000000,-1.000000,0.000000,0.000000
69.7510,state,-0.992688,-0.945700,-0.188767,-0.038834
69.7537,state,-0.994808,-0.946016,-0.192805,-0.038160
69.7610,state,-0.971846,-0.914492,-0.178759,-0.047578
69.7710,state,-0.982058,-0.930807,-0.212702,-0.336609
69.7716,desired,-1.000000,-1.000000,0.000000,0.000000
69.7810,state,-0.987956,-0.942874,-0.366931,-0.202828
69.7910,state,-0.992688,-0.945700,-0.188767,-0.038834
69.7916,desired,-1.000000,-1.000000,0.000000,0.000000
69.8010,state,-0.994808,-0.946016,-0.192805,-0.038160
69.8110,state,-0.971846,-0.914492,-0.178759,-0.047578
69.8210,state,-0.982058,-0.930807,-0.212702,-0.336609
69.8216,desired,-1.000000,-1.000000,0.000000,0.000000
69.8310,state,-0.987956,-0.942874,-0.366931,-0.202828
69.8410,state,-0.992688,-0.945700,-0.188767,-0.038834
69.8513,state,-0.994808,-0.946016,-0.192805,-0.038160
69.8518,desired,-1.000000,-1.000000,0.000000,0.000000
69.8536,state,-0.995292,-0.946294,-0.174471,-0.037573
69.8538,state,-0.995332,-0.946537,-0.172950,-0.037061
69.8611,state,-0.987956,-0.942874,-0.366931,-0.202828
69.8710,state,-0.992688,-0.945700,-0.188767,-0.038834
69.8810,state,-0.994808,-0.946016,-0.192805,-0.038160
69.8816,desired,-1.000000,-1.000000,0.000000,0.000000
69.8910,state,-0.995292,-0.946294,-0.174471,-0.037573
69.9010,state,-0.995332,-0.946537,-0.172950,-0.037061
69.9016,desired,-1.000000,-1.000000,0.000000,0.000000
69.9110,state,-0.987956,-0.942874,-0.366931,-0.202828
69.9211,state,-0.992688,-0.945700,-0.188767,-0.038834
69.9219,desired,-1.000000,-1.000000,0.000000,0.000000
69.9310,state,-0.994808,-0.946016,-0.192805,-0.038160
69.9411,state,-0.995292,-0.946294,-0.174471,-0.037573
69.9510,state,-0.995332,-0.946537,-0.172950,-0.037061
69.9516,desired,-1.000000,-1.000000,0.000000,0.000000
69.9536,state,-0.995335,-0.946751,-0.172828,-0.036617
69.9545,state,-0.995335,-0.946939,-0.172819,-0.036227
69.9609,state,-0.994808,-0.946016,-0.192805,-0.038160
69.9710,state,-0.995292,-0.946294,-0.174471,-0.037573
69.9716,desired,-1.000000,-1.000000,0.000000,0.000000
69.9811,state,-0.995332,-0.946537,-0.172950,-0.037061
69.9910,state,-0.995335,-0.946751,-0.172828,-0.036617
70.0012,desired,-1.000000,-1.000000,0.000000,0.000000
70.0014,state,-0.995335,-0.946939,-0.172819,-0.036227
70.0110,state,-0.994808,-0.946016,-0.192805,-0.038160
70.0209,state,-0.995292,-0.946294,-0.174471,-0.037573
70.0309,state,-0.995332,-0.946537,-0.172950,-0.037061
70.0315,desired,-1.000000,-1.000000,0.000000,0.000000
70.0411,state,-0.995335,-0.946751,-0.172828,-0.036617
70.0509,state,-0.995335,-0.946939,-0.172819,-0.036227
