t,src,ideal_pos,cheap_pos,ideal_vel,cheap_vel
0.0466,state,0.392544,0.365446,0.070294,0.010272
0.0468,state,0.382346,0.355626,0.035761,-0.047374
0.0469,state,0.375911,0.350466,-0.140148,-0.233180
0.0520,state,0.370681,0.344483,0.056785,0.006187
0.0620,state,0.361638,0.335362,-0.021504,-0.194013
0.0628,desired,0.337780,0.337780,-0.111111,-0.111111
0.0636,state,0.359362,0.333757,0.064691,0.009233
0.0644,state,0.349184,0.323292,0.029456,-0.046473
0.0720,state,0.375911,0.350466,-0.140148,-0.233180
0.0820,state,0.370681,0.344483,0.056785,0.006187
0.0920,state,0.361638,0.335362,-0.021504,-0.194013
0.0926,desired,0.334444,0.334444,-0.111111,-0.111111
0.1020,state,0.359362,0.333757,0.064691,0.009233
0.1121,state,0.349184,0.323292,0.029456,-0.046473
0.1220,state,0.375911,0.350466,-0.140148,-0.233180
0.1226,desired,0.331114,0.331114,-0.111111,-0.111111
0.1320,state,0.370681,0.344483,0.056785,0.006187
0.1421,state,0.361638,0.335362,-0.021504,-0.194013
0.1427,desired,0.328890,0.328890,-0.111111,-0.111111
0.1521,state,0.359362,0.333757,0.064691,0.009233
0.1621,state,0.349184,0.323292,0.029456,-0.046473
0.1639,state,0.342751,0.318099,-0.146513,-0.236359
0.1647,state,0.337522,0.312429,0.050384,0.005510
0.1721,state,0.361638,0.335362,-0.021504,-0.194013
0.1730,desired,0.325555,0.325555,-0.111111,-0.111111
0.1821,state,0.359362,0.333757,0.064691,0.009233
0.1921,state,0.349184,0.323292,0.029456,-0.046473
0.2020,state,0.342751,0.318099,-0.146513,-0.236359
0.2027,desired,0.322224,0.322224,-0.111111,-0.111111
0.2121,state,0.337522,0.312429,0.050384,0.005510
0.2221,state,0.361638,0.335362,-0.021504,-0.194013
0.2229,desired,0.320000,0.320000,-0.111111,-0.111111
0.2321,state,0.359362,0.333757,0.064691,0.009233
0.2420,state,0.349184,0.323292,0.029456,-0.046473
0.2521,state,0.342751,0.318099,-0.146513,-0.236359
0.2530,desired,0.316666,0.316666,-0.111111,-0.111111
0.2621,state,0.337522,0.312429,0.050384,0.005510
0.2650,state,0.328476,0.303078,-0.027948,-0.197090
0.2720,state,0.359362,0.333757,0.064691,0.009233
0.2821,state,0.349184,0.323292,0.029456,-0.046473
0.2829,desired,0.313333,0.313333,-0.111111,-0.111111
0.2921,state,0.342751,0.318099,-0.146513,-0.236359
0.3020,state,0.337522,0.312429,0.050384,0.005510
0.3121,state,0.328476,0.303078,-0.027948,-0.197090
0.3129,desired,0.310002,0.310002,-0.111111,-0.111111
0.3221,state,0.359362,0.333757,0.064691,0.009233
0.3326,desired,0.307779,0.307779,-0.111111,-0.111111
0.3329,state,0.349184,0.323292,0.029456,-0.046473
0.3420,state,0.342751,0.318099,-0.146513,-0.236359
0.3521,state,0.337522,0.312429,0.050384,0.005510
0.3527,desired,0.305555,0.305555,-0.111111,-0.111111
0.3623,state,0.328476,0.303078,-0.027948,-0.197090
0.3642,state,0.326200,0.301651,0.058259,0.008078
0.3645,state,0.316021,0.291240,0.023005,-0.037867
0.3722,state,0.342751,0.318099,-0.146513,-0.236359
0.3822,state,0.337522,0.312429,0.050384,0.005510
0.3830,desired,0.302222,0.302222,-0.111111,-0.111111
0.3921,state,0.328476,0.303078,-0.027948,-0.197090
0.4021,state,0.326200,0.301651,0.058259,0.008078
0.4121,state,0.316021,0.291240,0.023005,-0.037867
0.4130,desired,0.298891,0.298891,-0.111111,-0.111111
0.4221,state,0.342751,0.318099,-0.146513,-0.236359
0.4320,state,0.337522,0.312429,0.050384,0.005510
0.4421,state,0.328476,0.303078,-0.027948,-0.197090
0.4427,desired,0.295555,0.295555,-0.111111,-0.111111
0.4521,state,0.326200,0.301651,0.058259,0.008078
0.4621,state,0.316021,0.291240,0.023005,-0.037867
0.4642,state,0.309589,0.285892,-0.152982,-0.246403
0.4664,state,0.304360,0.280423,0.043906,0.004789
0.4724,desired,0.292224,0.292224,-0.111111,-0.111111
0.4727,state,0.328476,0.303078,-0.027948,-0.197090
0.4821,state,0.326200,0.301651,0.058259,0.008078
0.4921,state,0.316021,0.291240,0.023005,-0.037867
0.4928,desired,0.289997,0.289997,-0.111111,-0.111111
0.5020,state,0.309589,0.285892,-0.152982,-0.246403
0.5121,state,0.304360,0.280423,0.043906,0.004789
0.5221,state,0.328476,0.303078,-0.027948,-0.197090
0.5227,desired,0.286669,0.286669,-0.111111,-0.111111
0.5321,state,0.326200,0.301651,0.058259,0.008078
0.5421,state,0.316021,0.291240,0.023005,-0.037867
0.5427,desired,0.284444,0.284444,-0.111111,-0.111111
0.5521,state,0.309589,0.285892,-0.152982,-0.246403
0.5621,state,0.304360,0.280423,0.043906,0.004789
0.5635,state,0.295319,0.270901,-0.034384,-0.198231
0.5720,state,0.326200,0.301651,0.058259,0.008078
0.5726,desired,0.281113,0.281113,-0.111111,-0.111111
0.5821,state,0.316021,0.291240,0.023005,-0.037867
0.5921,state,0.309589,0.285892,-0.152982,-0.246403
0.5927,desired,0.278886,0.278886,-0.111111,-0.111111
0.6021,state,0.304360,0.280423,0.043906,0.004789
0.6120,state,0.295319,0.270901,-0.034384,-0.198231
0.6221,state,0.326200,0.301651,0.058259,0.008078
0.6227,desired,0.275552,0.275552,-0.111111,-0.111111
0.6321,state,0.316021,0.291240,0.023005,-0.037867
0.6420,state,0.309589,0.285892,-0.152982,-0.246403
0.6521,state,0.304360,0.280423,0.043906,0.004789
0.6526,desired,0.272222,0.272222,-0.111111,-0.111111
0.6621,state,0.295319,0.270901,-0.034384,-0.198231
0.6641,state,0.293045,0.269706,0.051760,0.006926
0.6654,state,0.282866,0.259317,0.016487,-0.028045
0.6721,state,0.309589,0.285892,-0.152982,-0.246403
0.6826,desired,0.268891,0.268891,-0.111111,-0.111111
0.6828,state,0.304360,0.280423,0.043906,0.004789
0.6920,state,0.295319,0.270901,-0.034384,-0.198231
0.7021,state,0.293045,0.269706,0.051760,0.006926
0.7026,desired,0.266668,0.266668,-0.111111,-0.111111
0.7120,state,0.282866,0.259317,0.016487,-0.028045
0.7221,state,0.309589,0.285892,-0.152982,-0.246403
0.7321,state,0.304360,0.280423,0.043906,0.004789
0.7329,desired,0.263336,0.263336,-0.111111,-0.111111
0.7420,state,0.295319,0.270901,-0.034384,-0.198231
0.7520,state,0.293045,0.269706,0.051760,0.006926
0.7526,desired,0.261113,0.261113,-0.111111,-0.111111
0.7620,state,0.282866,0.259317,0.016487,-0.028045
0.7632,state,0.276432,0.253814,-0.159550,-0.256495
0.7641,state,0.271203,0.248626,0.037360,0.004151
0.7720,state,0.295319,0.270901,-0.034384,-0.198231
0.7825,desired,0.257781,0.257781,-0.111111,-0.111111
0.7827,state,0.293045,0.269706,0.051760,0.006926
0.7921,state,0.282866,0.259317,0.016487,-0.028045
0.8020,state,0.276432,0.253814,-0.159550,-0.256495
0.8027,desired,0.255557,0.255557,-0.111111,-0.111111
0.8121,state,0.271203,0.248626,0.037360,0.004151
0.8226,desired,0.253334,0.253334,-0.111111,-0.111111
0.8230,state,0.295319,0.270901,-0.034384,-0.198231
0.8321,state,0.293045,0.269706,0.051760,0.006926
0.8420,state,0.282866,0.259317,0.016487,-0.028045
0.8520,state,0.276432,0.253814,-0.159550,-0.256495
0.8527,desired,0.250003,0.250003,-0.111111,-0.111111
0.8621,state,0.271203,0.248626,0.037360,0.004151
0.8636,state,0.262162,0.238924,-0.040942,-0.198506
0.8721,state,0.293045,0.269706,0.051760,0.006926
0.8821,state,0.282866,0.259317,0.016487,-0.028045
0.8829,desired,0.246669,0.246669,-0.111111,-0.111111
0.8921,state,0.276432,0.253814,-0.159550,-0.256495
0.9021,state,0.271203,0.248626,0.037360,0.004151
0.9027,desired,0.244444,0.244444,-0.111111,-0.111111
0.9121,state,0.262162,0.238924,-0.040942,-0.198506
0.9221,state,0.293045,0.269706,0.051760,0.006926
0.9321,state,0.282866,0.259317,0.016487,-0.028045
0.9327,desired,0.241113,0.241113,-0.111111,-0.111111
0.9421,state,0.276432,0.253814,-0.159550,-0.256495
0.9520,state,0.271203,0.248626,0.037360,0.004151
0.9621,state,0.262162,0.238924,-0.040942,-0.198506
0.9628,desired,0.237780,0.237780,-0.111111,-0.111111
0.9635,state,0.259888,0.238012,0.045192,0.005671
0.9637,state,0.249712,0.227881,0.009912,-0.006880
0.9721,state,0.276432,0.253814,-0.159550,-0.256495
0.9820,state,0.271203,0.248626,0.037360,0.004151
0.9925,desired,0.234446,0.234446,-0.111111,-0.111111
0.9927,state,0.262162,0.238924,-0.040942,-0.198506
1.0021,state,0.259888,0.238012,0.045192,0.005671
1.0121,state,0.249712,0.227881,0.009912,-0.006880
1.0221,state,0.276432,0.253814,-0.159550,-0.256495
1.0226,desired,0.231107,0.231107,-0.111111,-0.111111
1.0321,state,0.271203,0.248626,0.037360,0.004151
1.0421,state,0.262162,0.238924,-0.040942,-0.198506
1.0521,state,0.259888,0.238012,0.045192,0.005671
1.0527,desired,0.227777,0.227777,-0.111111,-0.111111
1.0622,state,0.249712,0.227881,0.009912,-0.006880
1.0638,state,0.243280,0.222130,-0.166079,-0.272004
1.0653,state,0.238052,0.217309,0.030760,0.003688
1.0721,state,0.262162,0.238924,-0.040942,-0.198506
1.0821,state,0.259888,0.238012,0.045192,0.005671
1.0826,desired,0.224445,0.224445,-0.111111,-0.111111
1.0921,state,0.249712,0.227881,0.009912,-0.006880
1.1021,state,0.243280,0.222130,-0.166079,-0.272004
1.1121,state,0.238052,0.217309,0.030760,0.003688
1.1127,desired,0.221113,0.221113,-0.111111,-0.111111
1.1221,state,0.262162,0.238924,-0.040942,-0.198506
1.1322,state,0.259888,0.238012,0.045192,0.005671
1.1421,state,0.249712,0.227881,0.009912,-0.006880
1.1428,desired,0.217779,0.217779,-0.111111,-0.111111
1.1521,state,0.243280,0.222130,-0.166079,-0.272004
1.1621,state,0.238052,0.217309,0.030760,0.003688
1.1642,state,0.229007,0.207327,-0.047611,-0.198791
1.1721,state,0.259888,0.238012,0.045192,0.005671
1.1727,desired,0.214446,0.214446,-0.111111,-0.111111
1.1821,state,0.249712,0.227881,0.009912,-0.006880
1.1921,state,0.243280,0.222130,-0.166079,-0.272004
1.2021,state,0.238052,0.217309,0.030760,0.003688
1.2027,desired,0.211113,0.211113,-0.111111,-0.111111
1.2121,state,0.229007,0.207327,-0.047611,-0.198791
1.2221,state,0.259888,0.238012,0.045192,0.005671
1.2321,state,0.249712,0.227881,0.009912,-0.006880
1.2326,desired,0.207778,0.207778,-0.111111,-0.111111
1.2421,state,0.243280,0.222130,-0.166079,-0.272004
1.2520,state,0.238052,0.217309,0.030760,0.003688
1.2621,state,0.229007,0.207327,-0.047611,-0.198791
1.2628,desired,0.204447,0.204447,-0.111111,-0.111111
1.2633,state,0.226732,0.206686,0.038561,0.004362
1.2637,state,0.216555,0.196286,0.003274,-0.008317
1.2721,state,0.243280,0.222130,-0.166079,-0.272004
1.2820,state,0.238052,0.217309,0.030760,0.003688
1.2924,desired,0.201114,0.201114,-0.111111,-0.111111
1.2926,state,0.229007,0.207327,-0.047611,-0.198791
1.3021,state,0.226732,0.206686,0.038561,0.004362
1.3121,state,0.216555,0.196286,0.003274,-0.008317
1.3128,desired,0.198891,0.198891,-0.111111,-0.111111
1.3221,state,0.243280,0.222130,-0.166079,-0.272004
1.3321,state,0.238052,0.217309,0.030760,0.003688
1.3421,state,0.229007,0.207327,-0.047611,-0.198791
1.3427,desired,0.195558,0.195558,-0.111111,-0.111111
1.3521,state,0.226732,0.206686,0.038561,0.004362
1.3621,state,0.216555,0.196286,0.003274,-0.008317
1.3626,desired,0.193335,0.193335,-0.111111,-0.111111
1.3721,state,0.243280,0.222130,-0.166079,-0.272004
1.3736,state,0.210124,0.190297,-0.172701,-0.285612
1.3752,state,0.204898,0.185515,0.024102,0.002704
1.3821,state,0.226732,0.206686,0.038561,0.004362
1.3921,state,0.216555,0.196286,0.003274,-0.008317
1.3926,desired,0.190001,0.190001,-0.111111,-0.111111
1.4021,state,0.243280,0.222130,-0.166079,-0.272004
1.4121,state,0.210124,0.190297,-0.172701,-0.285612
1.4221,state,0.204898,0.185515,0.024102,0.002704
1.4227,desired,0.186668,0.186668,-0.111111,-0.111111
1.4321,state,0.226732,0.206686,0.038561,0.004362
1.4421,state,0.216555,0.196286,0.003274,-0.008317
1.4521,state,0.243280,0.222130,-0.166079,-0.272004
1.4527,desired,0.183335,0.183335,-0.111111,-0.111111
1.4621,state,0.210124,0.190297,-0.172701,-0.285612
1.4721,state,0.204898,0.185515,0.024102,0.002704
1.4733,state,0.195855,0.175378,-0.054246,-0.197766
1.4821,state,0.216555,0.196286,0.003274,-0.008317
1.4827,desired,0.180002,0.180002,-0.111111,-0.111111
1.4922,state,0.243280,0.222130,-0.166079,-0.272004
1.5021,state,0.210124,0.190297,-0.172701,-0.285612
1.5028,desired,0.177779,0.177779,-0.111111,-0.111111
1.5122,state,0.204898,0.185515,0.024102,0.002704
1.5221,state,0.195855,0.175378,-0.054246,-0.197766
1.5228,desired,0.175555,0.175555,-0.111111,-0.111111
1.5321,state,0.216555,0.196286,0.003274,-0.008317
1.5421,state,0.243280,0.222130,-0.166079,-0.272004
1.5521,state,0.210124,0.190297,-0.172701,-0.285612
1.5527,desired,0.172224,0.172224,-0.111111,-0.111111
1.5621,state,0.204898,0.185515,0.024102,0.002704
1.5721,state,0.195855,0.175378,-0.054246,-0.197766
1.5728,desired,0.170000,0.170000,-0.111111,-0.111111
1.5734,state,0.193581,0.174762,0.031888,0.003527
1.5737,state,0.182404,0.162956,-0.007659,-0.010805
1.5822,state,0.210124,0.190297,-0.172701,-0.285612
1.5921,state,0.204898,0.185515,0.024102,0.002704
1.6027,desired,0.166667,0.166667,-0.111111,-0.111111
1.6031,state,0.195855,0.175378,-0.054246,-0.197766
1.6121,state,0.193581,0.174762,0.031888,0.003527
1.6222,state,0.182404,0.162956,-0.007659,-0.010805
1.6321,state,0.210124,0.190297,-0.172701,-0.285612
1.6328,desired,0.163335,0.163335,-0.111111,-0.111111
1.6422,state,0.204898,0.185515,0.024102,0.002704
1.6521,state,0.195855,0.175378,-0.054246,-0.197766
1.6621,state,0.193581,0.174762,0.031888,0.003527
1.6628,desired,0.160002,0.160002,-0.111111,-0.111111
1.6637,state,0.176419,0.157860,-0.158628,-0.242603
1.6664,state,0.171699,0.153892,0.019113,0.002204
1.6722,state,0.204898,0.185515,0.024102,0.002704
1.6820,state,0.195855,0.175378,-0.054246,-0.197766
1.6922,state,0.193581,0.174762,0.031888,0.003527
1.6931,desired,0.156666,0.156666,-0.111111,-0.111111
1.7021,state,0.176419,0.157860,-0.158628,-0.242603
1.7121,state,0.171699,0.153892,0.019113,0.002204
1.7221,state,0.204898,0.185515,0.024102,0.002704
1.7227,desired,0.153333,0.153333,-0.111111,-0.111111
1.7321,state,0.195855,0.175378,-0.054246,-0.197766
1.7421,state,0.193581,0.174762,0.031888,0.003527
1.7522,state,0.176419,0.157860,-0.158628,-0.242603
1.7531,desired,0.150000,0.150000,-0.111111,-0.111111
1.7621,state,0.171699,0.153892,0.019113,0.002204
1.7725,desired,0.147776,0.147776,-0.111111,-0.111111
1.7728,state,0.204898,0.185515,0.024102,0.002704
1.7735,state,0.162699,0.143198,-0.060812,-0.206407
1.7822,state,0.193581,0.174762,0.031888,0.003527
1.7921,state,0.176419,0.157860,-0.158628,-0.242603
1.8027,desired,0.144445,0.144445,-0.111111,-0.111111
1.8030,state,0.171699,0.153892,0.019113,0.002204
1.8121,state,0.204898,0.185515,0.024102,0.002704
1.8222,state,0.162699,0.143198,-0.060812,-0.206407
1.8325,desired,0.141112,0.141112,-0.111111,-0.111111
1.8327,state,0.193581,0.174762,0.031888,0.003527
1.8422,state,0.176419,0.157860,-0.158628,-0.242603
1.8521,state,0.171699,0.153892,0.019113,0.002204
1.8621,state,0.204898,0.185515,0.024102,0.002704
1.8628,desired,0.137779,0.137779,-0.111111,-0.111111
1.8638,state,0.160429,0.142599,0.025180,0.002840
1.8652,state,0.150250,0.132272,-0.010156,-0.009749
1.8721,state,0.176419,0.157860,-0.158628,-0.242603
1.8822,state,0.171699,0.153892,0.019113,0.002204
1.8828,desired,0.135555,0.135555,-0.111111,-0.111111
1.8922,state,0.204898,0.185515,0.024102,0.002704
1.9021,state,0.160429,0.142599,0.025180,0.002840
1.9121,state,0.150250,0.132272,-0.010156,-0.009749
1.9127,desired,0.132224,0.132224,-0.111111,-0.111111
1.9221,state,0.176419,0.157860,-0.158628,-0.242603
1.9322,state,0.171699,0.153892,0.019113,0.002204
1.9330,desired,0.129999,0.129999,-0.111111,-0.111111
1.9422,state,0.204898,0.185515,0.024102,0.002704
1.9522,state,0.160429,0.142599,0.025180,0.002840
1.9622,state,0.150250,0.132272,-0.010156,-0.009749
1.9630,desired,0.126666,0.126666,-0.111111,-0.111111
1.9641,state,0.143819,0.126128,-0.186133,-0.298652
1.9663,state,0.138592,0.121496,0.010653,0.001323
1.9722,state,0.204898,0.185515,0.024102,0.002704
1.9822,state,0.160429,0.142599,0.025180,0.002840
1.9925,desired,0.123335,0.123335,-0.111111,-0.111111
1.9927,state,0.150250,0.132272,-0.010156,-0.009749
2.0021,state,0.143819,0.126128,-0.186133,-0.298652
2.0121,state,0.138592,0.121496,0.010653,0.001323
2.0221,state,0.204898,0.185515,0.024102,0.002704
2.0227,desired,0.120002,0.120002,-0.111111,-0.111111
2.0321,state,0.160429,0.142599,0.025180,0.002840
2.0422,state,0.150250,0.132272,-0.010156,-0.009749
2.0431,desired,0.117777,0.117777,-0.111111,-0.111111
2.0521,state,0.143819,0.126128,-0.186133,-0.298652
2.0622,state,0.138592,0.121496,0.010653,0.001323
2.0651,state,0.129549,0.111386,-0.067722,-0.193734
2.0727,desired,0.114443,0.114443,-0.111111,-0.111111
2.0731,state,0.160429,0.142599,0.025180,0.002840
2.0821,state,0.150250,0.132272,-0.010156,-0.009749
2.0922,state,0.143819,0.126128,-0.186133,-0.298652
2.1025,desired,0.111113,0.111113,-0.111111,-0.111111
2.1027,state,0.138592,0.121496,0.010653,0.001323
2.1122,state,0.129549,0.111386,-0.067722,-0.193734
2.1221,state,0.160429,0.142599,0.025180,0.002840
2.1328,desired,0.107777,0.107777,-0.111111,-0.111111
2.1331,state,0.150250,0.132272,-0.010156,-0.009749
2.1421,state,0.143819,0.126128,-0.186133,-0.298652
2.1522,state,0.138592,0.121496,0.010653,0.001323
2.1625,desired,0.104446,0.104446,-0.111111,-0.111111
2.1627,state,0.129549,0.111386,-0.067722,-0.193734
2.1635,state,0.127275,0.110849,0.018408,0.002208
2.1722,state,0.150250,0.132272,-0.010156,-0.009749
2.1739,state,0.117100,0.100384,-0.016904,-0.010711
2.1820,state,0.138592,0.121496,0.010653,0.001323
2.1921,state,0.129549,0.111386,-0.067722,-0.193734
2.1927,desired,0.101113,0.101113,-0.111111,-0.111111
2.2021,state,0.127275,0.110849,0.018408,0.002208
2.2120,state,0.150250,0.132272,-0.010156,-0.009749
2.2220,state,0.117100,0.100384,-0.016904,-0.010711
2.2227,desired,0.097780,0.097780,-0.111111,-0.111111
2.2321,state,0.138592,0.121496,0.010653,0.001323
2.2421,state,0.129549,0.111386,-0.067722,-0.193734
2.2520,state,0.127275,0.110849,0.018408,0.002208
2.2527,desired,0.094447,0.094447,-0.111111,-0.111111
2.2622,state,0.150250,0.132272,-0.010156,-0.009749
2.2644,state,0.110668,0.094274,-0.192965,-0.299653
2.2671,state,0.105440,0.089746,0.003872,0.000678
2.2721,state,0.129549,0.111386,-0.067722,-0.193734
2.2730,desired,0.092222,0.092222,-0.111111,-0.111111
2.2821,state,0.127275,0.110849,0.018408,0.002208
2.2922,state,0.150250,0.132272,-0.010156,-0.009749
2.3025,desired,0.088891,0.088891,-0.111111,-0.111111
2.3027,state,0.110668,0.094274,-0.192965,-0.299653
2.3121,state,0.105440,0.089746,0.003872,0.000678
2.3221,state,0.129549,0.111386,-0.067722,-0.193734
2.3325,desired,0.085557,0.085557,-0.111111,-0.111111
2.3327,state,0.127275,0.110849,0.018408,0.002208
2.3421,state,0.150250,0.132272,-0.010156,-0.009749
2.3521,state,0.110668,0.094274,-0.192965,-0.299653
2.3625,desired,0.082224,0.082224,-0.111111,-0.111111
2.3628,state,0.105440,0.089746,0.003872,0.000678
2.3721,state,0.129549,0.111386,-0.067722,-0.193734
2.3741,state,0.096401,0.079668,-0.074461,-0.192709
2.3827,desired,0.079999,0.079999,-0.111111,-0.111111
2.3830,state,0.150250,0.132272,-0.010156,-0.009749
2.3922,state,0.110668,0.094274,-0.192965,-0.299653
2.4022,state,0.105440,0.089746,0.003872,0.000678
2.4125,desired,0.076668,0.076668,-0.111111,-0.111111
2.4127,state,0.129549,0.111386,-0.067722,-0.193734
2.4221,state,0.096401,0.079668,-0.074461,-0.192709
2.4327,desired,0.074444,0.074444,-0.111111,-0.111111
2.4331,state,0.150250,0.132272,-0.010156,-0.009749
2.4421,state,0.110668,0.094274,-0.192965,-0.299653
2.4521,state,0.105440,0.089746,0.003872,0.000678
2.4625,desired,0.071113,0.071113,-0.111111,-0.111111
2.4628,state,0.129549,0.111386,-0.067722,-0.193734
2.4634,state,0.094128,0.079170,0.011627,0.001584
2.4721,state,0.150250,0.132272,-0.010156,-0.009749
2.4753,state,0.083951,0.068744,-0.023703,-0.011492
2.4820,state,0.105440,0.089746,0.003872,0.000678
2.4827,desired,0.068890,0.068890,-0.111111,-0.111111
2.4922,state,0.129549,0.111386,-0.067722,-0.193734
2.5020,state,0.094128,0.079170,0.011627,0.001584
2.5121,state,0.150250,0.132272,-0.010156,-0.009749
2.5127,desired,0.065556,0.065556,-0.111111,-0.111111
2.5221,state,0.083951,0.068744,-0.023703,-0.011492
2.5321,state,0.105440,0.089746,0.003872,0.000678
2.5421,state,0.129549,0.111386,-0.067722,-0.193734
2.5430,desired,0.062223,0.062223,-0.111111,-0.111111
2.5520,state,0.094128,0.079170,0.011627,0.001584
2.5622,state,0.150250,0.132272,-0.010156,-0.009749
2.5628,desired,0.060000,0.060000,-0.111111,-0.111111
2.5643,state,0.077519,0.062647,-0.199740,-0.301720
2.5671,state,0.072292,0.058191,-0.002925,0.000063
2.5720,state,0.129549,0.111386,-0.067722,-0.193734
2.5822,state,0.094128,0.079170,0.011627,0.001584
2.5830,desired,0.057777,0.057777,-0.111111,-0.111111
2.5922,state,0.150250,0.132272,-0.010156,-0.009749
2.6021,state,0.077519,0.062647,-0.199740,-0.301720
2.6121,state,0.072292,0.058191,-0.002925,0.000063
2.6127,desired,0.054446,0.054446,-0.111111,-0.111111
2.6220,state,0.129549,0.111386,-0.067722,-0.193734
2.6322,state,0.094128,0.079170,0.011627,0.001584
2.6330,desired,0.052221,0.052221,-0.111111,-0.111111
2.6420,state,0.150250,0.132272,-0.010156,-0.009749
2.6520,state,0.077519,0.062647,-0.199740,-0.301720
2.6621,state,0.072292,0.058191,-0.002925,0.000063
2.6627,desired,0.048890,0.048890,-0.111111,-0.111111
2.6659,state,0.063252,0.048154,-0.081274,-0.192214
2.6721,state,0.094128,0.079170,0.011627,0.001584
2.6821,state,0.150250,0.132272,-0.010156,-0.009749
2.6922,state,0.077519,0.062647,-0.199740,-0.301720
2.6930,desired,0.045555,0.045555,-0.111111,-0.111111
2.7021,state,0.072292,0.058191,-0.002925,0.000063
2.7120,state,0.063252,0.048154,-0.081274,-0.192214
2.7220,state,0.094128,0.079170,0.011627,0.001584
2.7227,desired,0.042224,0.042224,-0.111111,-0.111111
2.7321,state,0.150250,0.132272,-0.010156,-0.009749
2.7421,state,0.077519,0.062647,-0.199740,-0.301720
2.7430,desired,0.039999,0.039999,-0.111111,-0.111111
2.7520,state,0.072292,0.058191,-0.002925,0.000063
2.7621,state,0.063252,0.048154,-0.081274,-0.192214
2.7638,state,0.060979,0.047696,0.004820,0.001012
2.7721,state,0.150250,0.132272,-0.010156,-0.009749
2.7727,desired,0.036668,0.036668,-0.111111,-0.111111
2.7736,state,0.050801,0.037308,-0.030519,-0.012288
2.7821,state,0.072292,0.058191,-0.002925,0.000063
2.7922,state,0.063252,0.048154,-0.081274,-0.192214
2.7930,desired,0.034444,0.034444,-0.111111,-0.111111
2.8021,state,0.060979,0.047696,0.004820,0.001012
2.8120,state,0.150250,0.132272,-0.010156,-0.009749
2.8221,state,0.050801,0.037308,-0.030519,-0.012288
2.8227,desired,0.031113,0.031113,-0.111111,-0.111111
2.8322,state,0.072292,0.058191,-0.002925,0.000063
2.8421,state,0.063252,0.048154,-0.081274,-0.192214
2.8521,state,0.060979,0.047696,0.004820,0.001012
2.8528,desired,0.027777,0.027777,-0.111111,-0.111111
2.8621,state,0.150250,0.132272,-0.010156,-0.009749
2.8651,state,0.044370,0.031250,-0.206540,-0.302657
2.8653,state,0.039143,0.026836,-0.009741,-0.000485
2.8720,state,0.063252,0.048154,-0.081274,-0.192214
2.8820,state,0.060979,0.047696,0.004820,0.001012
2.8827,desired,0.024446,0.024446,-0.111111,-0.111111
2.8921,state,0.150250,0.132272,-0.010156,-0.009749
2.9020,state,0.044370,0.031250,-0.206540,-0.302657
2.9027,desired,0.022224,0.022224,-0.111111,-0.111111
2.9120,state,0.039143,0.026836,-0.009741,-0.000485
2.9220,state,0.063252,0.048154,-0.081274,-0.192214
2.9322,state,0.060979,0.047696,0.004820,0.001012
2.9330,desired,0.018888,0.018888,-0.111111,-0.111111
2.9420,state,0.150250,0.132272,-0.010156,-0.009749
2.9520,state,0.044370,0.031250,-0.206540,-0.302657
2.9621,state,0.039143,0.026836,-0.009741,-0.000485
2.9627,desired,0.015557,0.015557,-0.111111,-0.111111
2.9720,state,0.063252,0.048154,-0.081274,-0.192214
2.9743,state,0.030100,0.016842,-0.088122,-0.192678
2.9820,state,0.150250,0.132272,-0.010156,-0.009749
2.9921,state,0.044370,0.031250,-0.206540,-0.302657
2.9927,desired,0.012224,0.012224,-0.111111,-0.111111
3.0021,state,0.039143,0.026836,-0.009741,-0.000485
3.0120,state,0.063252,0.048154,-0.081274,-0.192214
3.0222,state,0.030100,0.016842,-0.088122,-0.192678
3.0230,desired,0.008888,0.008888,-0.111111,-0.111111
3.0320,state,0.150250,0.132272,-0.010156,-0.009749
3.0421,state,0.044370,0.031250,-0.206540,-0.302657
3.0525,desired,0.005557,0.005557,-0.111111,-0.111111
3.0527,state,0.039143,0.026836,-0.009741,-0.000485
3.0621,state,0.063252,0.048154,-0.081274,-0.192214
3.0637,state,0.027827,0.016428,-0.002005,0.000535
3.0727,desired,0.003332,0.003332,-0.111111,-0.111111
3.0730,state,0.150250,0.132272,-0.010156,-0.009749
3.0758,state,0.017652,0.006088,-0.037330,-0.013004
3.0820,state,0.039143,0.026836,-0.009741,-0.000485
3.0921,state,0.063252,0.048154,-0.081274,-0.192214
3.1020,state,0.027827,0.016428,-0.002005,0.000535
3.1027,desired,0.000002,0.000002,-0.111111,-0.111111
3.1121,state,0.150250,0.132272,-0.010156,-0.009749
3.1220,state,0.017652,0.006088,-0.037330,-0.013004
3.1322,state,0.039143,0.026836,-0.009741,-0.000485
3.1330,desired,-0.003334,-0.003334,-0.111111,-0.111111
3.1420,state,0.063252,0.048154,-0.081274,-0.192214
3.1520,state,0.027827,0.016428,-0.002005,0.000535
3.1621,state,0.150250,0.132272,-0.010156,-0.009749
3.1628,desired,-0.006665,-0.006665,-0.111111,-0.111111
3.1721,state,0.017652,0.006088,-0.037330,-0.013004
3.1736,state,0.011220,0.000077,-0.213357,-0.303353
3.1744,state,0.005994,-0.004287,-0.016566,-0.000918
3.1820,state,0.027827,0.016428,-0.002005,0.000535
3.1921,state,0.150250,0.132272,-0.010156,-0.009749
3.1927,desired,-0.009997,-0.009997,-0.111111,-0.111111
3.2020,state,0.017652,0.006088,-0.037330,-0.013004
3.2120,state,0.011220,0.000077,-0.213357,-0.303353
3.2221,state,0.005994,-0.004287,-0.016566,-0.000918
3.2227,desired,-0.013334,-0.013334,-0.111111,-0.111111
3.2321,state,0.027827,0.016428,-0.002005,0.000535
3.2420,state,0.150250,0.132272,-0.010156,-0.009749
3.2520,state,0.017652,0.006088,-0.037330,-0.013004
3.2524,desired,-0.016664,-0.016664,-0.111111,-0.111111
3.2621,state,0.011220,0.000077,-0.213357,-0.303353
3.2650,state,-0.003046,-0.014226,-0.094921,-0.192909
3.2720,state,0.027827,0.016428,-0.002005,0.000535
3.2726,desired,-0.018887,-0.018887,-0.111111,-0.111111
3.2820,state,0.150250,0.132272,-0.010156,-0.009749
3.2920,state,0.017652,0.006088,-0.037330,-0.013004
3.3020,state,0.011220,0.000077,-0.213357,-0.303353
3.3025,desired,-0.022219,-0.022219,-0.111111,-0.111111
3.3120,state,-0.003046,-0.014226,-0.094921,-0.192909
3.3221,state,0.027827,0.016428,-0.002005,0.000535
3.3324,desired,-0.025554,-0.025554,-0.111111,-0.111111
3.3326,state,0.150250,0.132272,-0.010156,-0.009749
3.3421,state,0.017652,0.006088,-0.037330,-0.013004
3.3521,state,0.011220,0.000077,-0.213357,-0.303353
3.3627,desired,-0.028889,-0.028889,-0.111111,-0.111111
3.3631,state,-0.003046,-0.014226,-0.094921,-0.192909
3.3643,state,-0.005319,-0.014588,-0.008829,0.000182
3.3646,state,-0.015496,-0.024881,-0.044165,-0.013591
3.3721,state,0.017652,0.006088,-0.037330,-0.013004
3.3820,state,0.011220,0.000077,-0.213357,-0.303353
3.3921,state,-0.003046,-0.014226,-0.094921,-0.192909
3.3927,desired,-0.032221,-0.032221,-0.111111,-0.111111
3.4021,state,-0.005319,-0.014588,-0.008829,0.000182
3.4121,state,-0.015496,-0.024881,-0.044165,-0.013591
3.4225,desired,-0.035554,-0.035554,-0.111111,-0.111111
3.4227,state,0.017652,0.006088,-0.037330,-0.013004
3.4321,state,0.011220,0.000077,-0.213357,-0.303353
3.4425,desired,-0.037777,-0.037777,-0.111111,-0.111111
3.4428,state,-0.003046,-0.014226,-0.094921,-0.192909
3.4521,state,-0.005319,-0.014588,-0.008829,0.000182
3.4621,state,-0.015496,-0.024881,-0.044165,-0.013591
3.4642,state,-0.021927,-0.030837,-0.220193,-0.303863
3.4668,state,-0.027154,-0.035144,-0.023394,-0.001217
3.4722,state,-0.003046,-0.014226,-0.094921,-0.192909
3.4730,desired,-0.041112,-0.041112,-0.111111,-0.111111
3.4822,state,-0.005319,-0.014588,-0.008829,0.000182
3.4922,state,-0.015496,-0.024881,-0.044165,-0.013591
3.5021,state,-0.021927,-0.030837,-0.220193,-0.303863
3.5027,desired,-0.044443,-0.044443,-0.111111,-0.111111
3.5121,state,-0.027154,-0.035144,-0.023394,-0.001217
3.5221,state,-0.003046,-0.014226,-0.094921,-0.192909
3.5228,desired,-0.046667,-0.046667,-0.111111,-0.111111
3.5321,state,-0.005319,-0.014588,-0.008829,0.000182
3.5421,state,-0.015496,-0.024881,-0.044165,-0.013591
3.5525,desired,-0.049998,-0.049998,-0.111111,-0.111111
3.5527,state,-0.021927,-0.030837,-0.220193,-0.303863
3.5621,state,-0.027154,-0.035144,-0.023394,-0.001217
3.5721,state,-0.003046,-0.014226,-0.094921,-0.192909
3.5736,state,-0.036196,-0.045025,-0.101768,-0.193154
3.5825,desired,-0.053332,-0.053332,-0.111111,-0.111111
3.5827,state,-0.015496,-0.024881,-0.044165,-0.013591
3.5921,state,-0.021927,-0.030837,-0.220193,-0.303863
3.6021,state,-0.027154,-0.035144,-0.023394,-0.001217
3.6125,desired,-0.056665,-0.056665,-0.111111,-0.111111
3.6127,state,-0.003046,-0.014226,-0.094921,-0.192909
3.6221,state,-0.036196,-0.045025,-0.101768,-0.193154
3.6321,state,-0.015496,-0.024881,-0.044165,-0.013591
3.6425,desired,-0.059998,-0.059998,-0.111111,-0.111111
3.6427,state,-0.021927,-0.030837,-0.220193,-0.303863
3.6522,state,-0.027154,-0.035144,-0.023394,-0.001217
3.6625,desired,-0.062221,-0.062221,-0.111111,-0.111111
3.6627,state,-0.003046,-0.014226,-0.094921,-0.192909
3.6634,state,-0.038469,-0.045328,-0.015658,-0.000035
3.6722,state,-0.015496,-0.024881,-0.044165,-0.013591
3.6748,state,-0.048646,-0.055561,-0.050988,-0.014003
3.6821,state,-0.027154,-0.035144,-0.023394,-0.001217
3.6921,state,-0.003046,-0.014226,-0.094921,-0.192909
3.6926,desired,-0.065553,-0.065553,-0.111111,-0.111111
3.7021,state,-0.038469,-0.045328,-0.015658,-0.000035
3.7120,state,-0.015496,-0.024881,-0.044165,-0.013591
3.7126,desired,-0.067777,-0.067777,-0.111111,-0.111111
3.7221,state,-0.048646,-0.055561,-0.050988,-0.014003
3.7320,state,-0.027154,-0.035144,-0.023394,-0.001217
3.7420,state,-0.003046,-0.014226,-0.094921,-0.192909
3.7425,desired,-0.071109,-0.071109,-0.111111,-0.111111
3.7521,state,-0.038469,-0.045328,-0.015658,-0.000035
3.7621,state,-0.015496,-0.024881,-0.044165,-0.013591
3.7641,state,-0.055079,-0.061455,-0.227060,-0.304313
3.7664,state,-0.060306,-0.065698,-0.030221,-0.001374
3.7721,state,-0.003046,-0.014226,-0.094921,-0.192909
3.7727,desired,-0.074443,-0.074443,-0.111111,-0.111111
3.7822,state,-0.038469,-0.045328,-0.015658,-0.000035
3.7921,state,-0.015496,-0.024881,-0.044165,-0.013591
3.7927,desired,-0.076666,-0.076666,-0.111111,-0.111111
3.8021,state,-0.055079,-0.061455,-0.227060,-0.304313
3.8121,state,-0.060306,-0.065698,-0.030221,-0.001374
3.8225,desired,-0.079999,-0.079999,-0.111111,-0.111111
3.8227,state,-0.003046,-0.014226,-0.094921,-0.192909
3.8321,state,-0.038469,-0.045328,-0.015658,-0.000035
3.8427,desired,-0.082226,-0.082226,-0.111111,-0.111111
3.8431,state,-0.015496,-0.024881,-0.044165,-0.013591
3.8521,state,-0.055079,-0.061455,-0.227060,-0.304313
3.8621,state,-0.060306,-0.065698,-0.030221,-0.001374
3.8721,state,-0.003046,-0.014226,-0.094921,-0.192909
3.8727,desired,-0.085553,-0.085553,-0.111111,-0.111111
3.8742,state,-0.069346,-0.075507,-0.108561,-0.193170
3.8821,state,-0.015496,-0.024881,-0.044165,-0.013591
3.8925,desired,-0.087776,-0.087776,-0.111111,-0.111111
3.8927,state,-0.055079,-0.061455,-0.227060,-0.304313
3.9021,state,-0.060306,-0.065698,-0.030221,-0.001374
3.9121,state,-0.003046,-0.014226,-0.094921,-0.192909
3.9221,state,-0.069346,-0.075507,-0.108561,-0.193170
3.9227,desired,-0.091109,-0.091109,-0.111111,-0.111111
3.9321,state,-0.015496,-0.024881,-0.044165,-0.013591
3.9421,state,-0.055079,-0.061455,-0.227060,-0.304313
3.9520,state,-0.060306,-0.065698,-0.030221,-0.001374
3.9525,desired,-0.094442,-0.094442,-0.111111,-0.111111
3.9621,state,-0.003046,-0.014226,-0.094921,-0.192909
3.9721,state,-0.069346,-0.075507,-0.108561,-0.193170
3.9732,state,-0.071618,-0.075742,-0.022474,-0.000122
3.9734,state,-0.082794,-0.087170,-0.062043,-0.015917
3.9821,state,-0.060306,-0.065698,-0.030221,-0.001374
3.9827,desired,-0.097779,-0.097779,-0.111111,-0.111111
3.9921,state,-0.003046,-0.014226,-0.094921,-0.192909
4.0020,state,-0.069346,-0.075507,-0.108561,-0.193170
4.0120,state,-0.071618,-0.075742,-0.022474,-0.000122
4.0127,desired,-0.101108,-0.101108,-0.111111,-0.111111
4.0220,state,-0.082794,-0.087170,-0.062043,-0.015917
4.0321,state,-0.060306,-0.065698,-0.030221,-0.001374
4.0420,state,-0.003046,-0.014226,-0.094921,-0.192909
4.0427,desired,-0.104441,-0.104441,-0.111111,-0.111111
4.0520,state,-0.069346,-0.075507,-0.108561,-0.193170
4.0621,state,-0.071618,-0.075742,-0.022474,-0.000122
4.0627,desired,-0.106664,-0.106664,-0.111111,-0.111111
4.0721,state,-0.082794,-0.087170,-0.062043,-0.015917
4.0737,state,-0.088778,-0.092037,-0.213033,-0.255932
4.0751,state,-0.093498,-0.095535,-0.035309,-0.001202
4.0820,state,-0.069346,-0.075507,-0.108561,-0.193170
4.0921,state,-0.071618,-0.075742,-0.022474,-0.000122
4.0927,desired,-0.109997,-0.109997,-0.111111,-0.111111
4.1021,state,-0.082794,-0.087170,-0.062043,-0.015917
4.1120,state,-0.088778,-0.092037,-0.213033,-0.255932
4.1127,desired,-0.112220,-0.112220,-0.111111,-0.111111
4.1222,state,-0.093498,-0.095535,-0.035309,-0.001202
4.1321,state,-0.069346,-0.075507,-0.108561,-0.193170
4.1425,desired,-0.115554,-0.115554,-0.111111,-0.111111
4.1427,state,-0.071618,-0.075742,-0.022474,-0.000122
4.1521,state,-0.082794,-0.087170,-0.062043,-0.015917
4.1621,state,-0.088778,-0.092037,-0.213033,-0.255932
4.1721,state,-0.093498,-0.095535,-0.035309,-0.001202
4.1728,desired,-0.118886,-0.118886,-0.111111,-0.111111
4.1736,state,-0.102497,-0.105726,-0.115237,-0.201752
4.1822,state,-0.071618,-0.075742,-0.022474,-0.000122
4.1921,state,-0.082794,-0.087170,-0.062043,-0.015917
4.2020,state,-0.088778,-0.092037,-0.213033,-0.255932
4.2027,desired,-0.122220,-0.122220,-0.111111,-0.111111
4.2122,state,-0.093498,-0.095535,-0.035309,-0.001202
4.2225,desired,-0.124443,-0.124443,-0.111111,-0.111111
4.2227,state,-0.102497,-0.105726,-0.115237,-0.201752
4.2321,state,-0.071618,-0.075742,-0.022474,-0.000122
4.2422,state,-0.082794,-0.087170,-0.062043,-0.015917
4.2430,desired,-0.126667,-0.126667,-0.111111,-0.111111
4.2521,state,-0.088778,-0.092037,-0.213033,-0.255932
4.2621,state,-0.093498,-0.095535,-0.035309,-0.001202
4.2636,state,-0.104767,-0.105905,-0.029265,-0.000137
4.2666,state,-0.114944,-0.115870,-0.064605,-0.014133
4.2721,state,-0.082794,-0.087170,-0.062043,-0.015917
4.2727,desired,-0.129998,-0.129998,-0.111111,-0.111111
4.2821,state,-0.088778,-0.092037,-0.213033,-0.255932
4.2921,state,-0.093498,-0.095535,-0.035309,-0.001202
4.3025,desired,-0.133332,-0.133332,-0.111111,-0.111111
4.3027,state,-0.104767,-0.105905,-0.029265,-0.000137
4.3121,state,-0.114944,-0.115870,-0.064605,-0.014133
4.3222,state,-0.082794,-0.087170,-0.062043,-0.015917
4.3230,desired,-0.135559,-0.135559,-0.111111,-0.111111
4.3321,state,-0.088778,-0.092037,-0.213033,-0.255932
4.3420,state,-0.093498,-0.095535,-0.035309,-0.001202
4.3521,state,-0.104767,-0.105905,-0.029265,-0.000137
4.3530,desired,-0.138889,-0.138889,-0.111111,-0.111111
4.3621,state,-0.114944,-0.115870,-0.064605,-0.014133
4.3720,state,-0.082794,-0.087170,-0.062043,-0.015917
4.3736,state,-0.121376,-0.121636,-0.240624,-0.305548
4.3750,state,-0.126603,-0.125748,-0.043815,-0.001440
4.3820,state,-0.104767,-0.105905,-0.029265,-0.000137
4.3827,desired,-0.142220,-0.142220,-0.111111,-0.111111
4.3921,state,-0.114944,-0.115870,-0.064605,-0.014133
4.4020,state,-0.082794,-0.087170,-0.062043,-0.015917
4.4121,state,-0.121376,-0.121636,-0.240624,-0.305548
4.4127,desired,-0.145553,-0.145553,-0.111111,-0.111111
4.4221,state,-0.126603,-0.125748,-0.043815,-0.001440
4.4327,desired,-0.147778,-0.147778,-0.111111,-0.111111
4.4330,state,-0.104767,-0.105905,-0.029265,-0.000137
4.4421,state,-0.114944,-0.115870,-0.064605,-0.014133
4.4521,state,-0.082794,-0.087170,-0.062043,-0.015917
4.4621,state,-0.121376,-0.121636,-0.240624,-0.305548
4.4627,desired,-0.151108,-0.151108,-0.111111,-0.111111
4.4720,state,-0.126603,-0.125748,-0.043815,-0.001440
4.4741,state,-0.135647,-0.135407,-0.122197,-0.193268
4.4821,state,-0.114944,-0.115870,-0.064605,-0.014133
4.4921,state,-0.082794,-0.087170,-0.062043,-0.015917
4.4927,desired,-0.154441,-0.154441,-0.111111,-0.111111
4.5020,state,-0.121376,-0.121636,-0.240624,-0.305548
4.5120,state,-0.126603,-0.125748,-0.043815,-0.001440
4.5225,desired,-0.157775,-0.157775,-0.111111,-0.111111
4.5227,state,-0.135647,-0.135407,-0.122197,-0.193268
4.5321,state,-0.114944,-0.115870,-0.064605,-0.014133
4.5427,desired,-0.160000,-0.160000,-0.111111,-0.111111
4.5430,state,-0.082794,-0.087170,-0.062043,-0.015917
4.5521,state,-0.121376,-0.121636,-0.240624,-0.305548
4.5621,state,-0.126603,-0.125748,-0.043815,-0.001440
4.5722,state,-0.135647,-0.135407,-0.122197,-0.193268
4.5730,desired,-0.163333,-0.163333,-0.111111,-0.111111
4.5742,state,-0.137921,-0.135494,-0.036059,-0.000192
4.5745,state,-0.148098,-0.145519,-0.071375,-0.014330
4.5820,state,-0.121376,-0.121636,-0.240624,-0.305548
4.5921,state,-0.126603,-0.125748,-0.043815,-0.001440
4.6020,state,-0.135647,-0.135407,-0.122197,-0.193268
4.6026,desired,-0.166663,-0.166663,-0.111111,-0.111111
4.6120,state,-0.137921,-0.135494,-0.036059,-0.000192
4.6225,desired,-0.168887,-0.168887,-0.111111,-0.111111
4.6227,state,-0.148098,-0.145519,-0.071375,-0.014330
4.6321,state,-0.121376,-0.121636,-0.240624,-0.305548
4.6421,state,-0.126603,-0.125748,-0.043815,-0.001440
4.6427,desired,-0.171110,-0.171110,-0.111111,-0.111111
4.6521,state,-0.135647,-0.135407,-0.122197,-0.193268
4.6621,state,-0.137921,-0.135494,-0.036059,-0.000192
4.6652,state,-0.154528,-0.151192,-0.247350,-0.304343
4.6721,state,-0.121376,-0.121636,-0.240624,-0.305548
4.6727,desired,-0.174442,-0.174442,-0.111111,-0.111111
4.6736,state,-0.159754,-0.155221,-0.050571,-0.001607
4.6820,state,-0.135647,-0.135407,-0.122197,-0.193268
4.6920,state,-0.137921,-0.135494,-0.036059,-0.000192
4.7020,state,-0.154528,-0.151192,-0.247350,-0.304343
4.7026,desired,-0.177774,-0.177774,-0.111111,-0.111111
4.7120,state,-0.121376,-0.121636,-0.240624,-0.305548
4.7220,state,-0.159754,-0.155221,-0.050571,-0.001607
4.7226,desired,-0.179997,-0.179997,-0.111111,-0.111111
4.7321,state,-0.135647,-0.135407,-0.122197,-0.193268
4.7420,state,-0.137921,-0.135494,-0.036059,-0.000192
4.7520,state,-0.154528,-0.151192,-0.247350,-0.304343
4.7526,desired,-0.183330,-0.183330,-0.111111,-0.111111
4.7620,state,-0.121376,-0.121636,-0.240624,-0.305548
4.7648,state,-0.168798,-0.164827,-0.128945,-0.193812
4.7720,state,-0.135647,-0.135407,-0.122197,-0.193268
4.7820,state,-0.137921,-0.135494,-0.036059,-0.000192
4.7825,desired,-0.186664,-0.186664,-0.111111,-0.111111
4.7921,state,-0.154528,-0.151192,-0.247350,-0.304343
4.8020,state,-0.121376,-0.121636,-0.240624,-0.305548
4.8120,state,-0.168798,-0.164827,-0.128945,-0.193812
4.8127,desired,-0.189997,-0.189997,-0.111111,-0.111111
4.8221,state,-0.135647,-0.135407,-0.122197,-0.193268
4.8321,state,-0.137921,-0.135494,-0.036059,-0.000192
4.8420,state,-0.154528,-0.151192,-0.247350,-0.304343
4.8427,desired,-0.193330,-0.193330,-0.111111,-0.111111
4.8520,state,-0.121376,-0.121636,-0.240624,-0.305548
4.8621,state,-0.168798,-0.164827,-0.128945,-0.193812
4.8721,state,-0.135647,-0.135407,-0.122197,-0.193268
4.8727,desired,-0.196664,-0.196664,-0.111111,-0.111111
4.8739,state,-0.171072,-0.164855,-0.042807,-0.000527
4.8751,state,-0.181246,-0.174814,-0.078104,-0.014488
4.8820,state,-0.121376,-0.121636,-0.240624,-0.305548
4.8925,desired,-0.198887,-0.198887,-0.111111,-0.111111
4.8928,state,-0.168798,-0.164827,-0.128945,-0.193812
4.9021,state,-0.135647,-0.135407,-0.122197,-0.193268
4.9121,state,-0.171072,-0.164855,-0.042807,-0.000527
4.9221,state,-0.181246,-0.174814,-0.078104,-0.014488
4.9228,desired,-0.202220,-0.202220,-0.111111,-0.111111
4.9321,state,-0.121376,-0.121636,-0.240624,-0.305548
4.9421,state,-0.168798,-0.164827,-0.128945,-0.193812
4.9527,desired,-0.205556,-0.205556,-0.111111,-0.111111
4.9530,state,-0.135647,-0.135407,-0.122197,-0.193268
4.9621,state,-0.171072,-0.164855,-0.042807,-0.000527
4.9722,state,-0.181246,-0.174814,-0.078104,-0.014488
4.9743,state,-0.187678,-0.180438,-0.254134,-0.304622
4.9752,state,-0.192905,-0.184427,-0.057301,-0.002201
4.9820,state,-0.135647,-0.135407,-0.122197,-0.193268
4.9826,desired,-0.208886,-0.208886,-0.111111,-0.111111
4.9921,state,-0.171072,-0.164855,-0.042807,-0.000527
5.0021,state,-0.181246,-0.174814,-0.078104,-0.014488
5.0122,state,-0.187678,-0.180438,-0.254134,-0.304622
5.0129,desired,-0.212223,-0.212223,-0.111111,-0.111111
5.0221,state,-0.192905,-0.184427,-0.057301,-0.002201
5.0322,state,-0.135647,-0.135407,-0.122197,-0.193268
5.0421,state,-0.171072,-0.164855,-0.042807,-0.000527
5.0427,desired,-0.215553,-0.215553,-0.111111,-0.111111
5.0522,state,-0.181246,-0.174814,-0.078104,-0.014488
5.0621,state,-0.187678,-0.180438,-0.254134,-0.304622
5.0721,state,-0.192905,-0.184427,-0.057301,-0.002201
5.0727,desired,-0.218886,-0.218886,-0.111111,-0.111111
5.0734,state,-0.201950,-0.193944,-0.135672,-0.194436
5.0821,state,-0.171072,-0.164855,-0.042807,-0.000527
5.0921,state,-0.181246,-0.174814,-0.078104,-0.014488
5.1021,state,-0.187678,-0.180438,-0.254134,-0.304622
5.1026,desired,-0.222219,-0.222219,-0.111111,-0.111111
5.1121,state,-0.192905,-0.184427,-0.057301,-0.002201
5.1221,state,-0.201950,-0.193944,-0.135672,-0.194436
5.1321,state,-0.171072,-0.164855,-0.042807,-0.000527
5.1326,desired,-0.225553,-0.225553,-0.111111,-0.111111
5.1421,state,-0.181246,-0.174814,-0.078104,-0.014488
5.1521,state,-0.187678,-0.180438,-0.254134,-0.304622
5.1625,desired,-0.228886,-0.228886,-0.111111,-0.111111
5.1628,state,-0.192905,-0.184427,-0.057301,-0.002201
5.1636,state,-0.204224,-0.193941,-0.049518,-0.001427
5.1722,state,-0.171072,-0.164855,-0.042807,-0.000527
5.1743,state,-0.214400,-0.203683,-0.084810,-0.015082
5.1820,state,-0.187678,-0.180438,-0.254134,-0.304622
5.1921,state,-0.192905,-0.184427,-0.057301,-0.002201
5.1927,desired,-0.232219,-0.232219,-0.111111,-0.111111
5.2020,state,-0.204224,-0.193941,-0.049518,-0.001427
5.2120,state,-0.171072,-0.164855,-0.042807,-0.000527
5.2221,state,-0.214400,-0.203683,-0.084810,-0.015082
5.2227,desired,-0.235553,-0.235553,-0.111111,-0.111111
5.2322,state,-0.187678,-0.180438,-0.254134,-0.304622
5.2420,state,-0.192905,-0.184427,-0.057301,-0.002201
5.2520,state,-0.204224,-0.193941,-0.049518,-0.001427
5.2526,desired,-0.238887,-0.238887,-0.111111,-0.111111
5.2621,state,-0.171072,-0.164855,-0.042807,-0.000527
5.2646,state,-0.220831,-0.208929,-0.260792,-0.286669
5.2660,state,-0.226058,-0.212948,-0.063980,-0.003661
5.2720,state,-0.192905,-0.184427,-0.057301,-0.002201
5.2824,desired,-0.242219,-0.242219,-0.111111,-0.111111
5.2826,state,-0.204224,-0.193941,-0.049518,-0.001427
5.2921,state,-0.171072,-0.164855,-0.042807,-0.000527
5.3020,state,-0.220831,-0.208929,-0.260792,-0.286669
5.3120,state,-0.226058,-0.212948,-0.063980,-0.003661
5.3125,desired,-0.245553,-0.245553,-0.111111,-0.111111
5.3220,state,-0.192905,-0.184427,-0.057301,-0.002201
5.3320,state,-0.204224,-0.193941,-0.049518,-0.001427
5.3420,state,-0.171072,-0.164855,-0.042807,-0.000527
5.3427,desired,-0.248886,-0.248886,-0.111111,-0.111111
5.3520,state,-0.220831,-0.208929,-0.260792,-0.286669
5.3621,state,-0.226058,-0.212948,-0.063980,-0.003661
5.3627,desired,-0.251108,-0.251108,-0.111111,-0.111111
5.3721,state,-0.192905,-0.184427,-0.057301,-0.002201
5.3745,state,-0.235100,-0.222066,-0.142324,-0.201932
5.3821,state,-0.171072,-0.164855,-0.042807,-0.000527
5.3925,desired,-0.254441,-0.254441,-0.111111,-0.111111
5.3927,state,-0.220831,-0.208929,-0.260792,-0.286669
5.4020,state,-0.226058,-0.212948,-0.063980,-0.003661
5.4121,state,-0.192905,-0.184427,-0.057301,-0.002201
5.4133,desired,-0.256664,-0.256664,-0.111111,-0.111111
5.4222,state,-0.235100,-0.222066,-0.142324,-0.201932
5.4320,state,-0.171072,-0.164855,-0.042807,-0.000527
5.4420,state,-0.220831,-0.208929,-0.260792,-0.286669
5.4427,desired,-0.259997,-0.259997,-0.111111,-0.111111
5.4521,state,-0.226058,-0.212948,-0.063980,-0.003661
5.4621,state,-0.192905,-0.184427,-0.057301,-0.002201
5.4627,desired,-0.262219,-0.262219,-0.111111,-0.111111
5.4721,state,-0.235100,-0.222066,-0.142324,-0.201932
5.4820,state,-0.171072,-0.164855,-0.042807,-0.000527
5.4921,state,-0.220831,-0.208929,-0.260792,-0.286669
5.4927,desired,-0.265553,-0.265553,-0.111111,-0.111111
5.5020,state,-0.226058,-0.212948,-0.063980,-0.003661
5.5039,state,-0.237375,-0.222113,-0.056181,-0.003503
5.5041,state,-0.247552,-0.231466,-0.091468,-0.017338
5.5120,state,-0.171072,-0.164855,-0.042807,-0.000527
5.5220,state,-0.220831,-0.208929,-0.260792,-0.286669
5.5226,desired,-0.268886,-0.268886,-0.111111,-0.111111
5.5321,state,-0.226058,-0.212948,-0.063980,-0.003661
5.5420,state,-0.237375,-0.222113,-0.056181,-0.003503
5.5521,state,-0.247552,-0.231466,-0.091468,-0.017338
5.5527,desired,-0.272219,-0.272219,-0.111111,-0.111111
5.5621,state,-0.171072,-0.164855,-0.042807,-0.000527
5.5720,state,-0.220831,-0.208929,-0.260792,-0.286669
5.5726,desired,-0.274442,-0.274442,-0.111111,-0.111111
5.5736,state,-0.253984,-0.236134,-0.267477,-0.255108
5.5745,state,-0.259213,-0.240442,-0.070618,-0.006992
5.5820,state,-0.247552,-0.231466,-0.091468,-0.017338
5.5920,state,-0.171072,-0.164855,-0.042807,-0.000527
5.6021,state,-0.220831,-0.208929,-0.260792,-0.286669
5.6027,desired,-0.277774,-0.277774,-0.111111,-0.111111
5.6121,state,-0.253984,-0.236134,-0.267477,-0.255108
5.6222,state,-0.259213,-0.240442,-0.070618,-0.006992
5.6230,desired,-0.279999,-0.279999,-0.111111,-0.111111
5.6321,state,-0.247552,-0.231466,-0.091468,-0.017338
5.6421,state,-0.171072,-0.164855,-0.042807,-0.000527
5.6521,state,-0.220831,-0.208929,-0.260792,-0.286669
5.6527,desired,-0.283330,-0.283330,-0.111111,-0.111111
5.6621,state,-0.253984,-0.236134,-0.267477,-0.255108
5.6721,state,-0.259213,-0.240442,-0.070618,-0.006992
5.6735,state,-0.268254,-0.249081,-0.148936,-0.211724
5.6821,state,-0.171072,-0.164855,-0.042807,-0.000527
5.6827,desired,-0.286663,-0.286663,-0.111111,-0.111111
5.6921,state,-0.220831,-0.208929,-0.260792,-0.286669
5.7020,state,-0.253984,-0.236134,-0.267477,-0.255108
5.7025,desired,-0.288887,-0.288887,-0.111111,-0.111111
5.7121,state,-0.259213,-0.240442,-0.070618,-0.006992
5.7221,state,-0.268254,-0.249081,-0.148936,-0.211724
5.7321,state,-0.171072,-0.164855,-0.042807,-0.000527
5.7327,desired,-0.292219,-0.292219,-0.111111,-0.111111
5.7420,state,-0.220831,-0.208929,-0.260792,-0.286669
5.7521,state,-0.253984,-0.236134,-0.267477,-0.255108
5.7625,desired,-0.295553,-0.295553,-0.111111,-0.111111
5.7627,state,-0.259213,-0.240442,-0.070618,-0.006992
5.7635,state,-0.270528,-0.249670,-0.062793,-0.007608
5.7648,state,-0.280707,-0.259190,-0.098072,-0.054249
5.7721,state,-0.220831,-0.208929,-0.260792,-0.286669
5.7820,state,-0.253984,-0.236134,-0.267477,-0.255108
5.7920,state,-0.259213,-0.240442,-0.070618,-0.006992
5.7926,desired,-0.298886,-0.298886,-0.111111,-0.111111
5.8020,state,-0.270528,-0.249670,-0.062793,-0.007608
5.8121,state,-0.280707,-0.259190,-0.098072,-0.054249
5.8221,state,-0.220831,-0.208929,-0.260792,-0.286669
5.8229,desired,-0.302223,-0.302223,-0.111111,-0.111111
5.8320,state,-0.253984,-0.236134,-0.267477,-0.255108
5.8421,state,-0.259213,-0.240442,-0.070618,-0.006992
5.8527,desired,-0.305558,-0.305558,-0.111111,-0.111111
5.8531,state,-0.270528,-0.249670,-0.062793,-0.007608
5.8621,state,-0.280707,-0.259190,-0.098072,-0.054249
5.8720,state,-0.220831,-0.208929,-0.260792,-0.286669
5.8744,state,-0.287684,-0.263968,-0.295413,-0.251984
5.8761,state,-0.293428,-0.270235,-0.079158,-0.014538
5.8820,state,-0.270528,-0.249670,-0.062793,-0.007608
5.8827,desired,-0.308886,-0.308886,-0.111111,-0.111111
5.8922,state,-0.280707,-0.259190,-0.098072,-0.054249
5.9020,state,-0.220831,-0.208929,-0.260792,-0.286669
5.9120,state,-0.287684,-0.263968,-0.295413,-0.251984
5.9126,desired,-0.312219,-0.312219,-0.111111,-0.111111
5.9222,state,-0.293428,-0.270235,-0.079158,-0.014538
5.9321,state,-0.270528,-0.249670,-0.062793,-0.007608
5.9327,desired,-0.314442,-0.314442,-0.111111,-0.111111
5.9421,state,-0.280707,-0.259190,-0.098072,-0.054249
5.9521,state,-0.220831,-0.208929,-0.260792,-0.286669
5.9621,state,-0.287684,-0.263968,-0.295413,-0.251984
5.9626,desired,-0.317776,-0.317776,-0.111111,-0.111111
5.9720,state,-0.293428,-0.270235,-0.079158,-0.014538
5.9736,state,-0.301655,-0.277289,-0.146454,-0.183997
5.9820,state,-0.280707,-0.259190,-0.098072,-0.054249
5.9920,state,-0.220831,-0.208929,-0.260792,-0.286669
5.9925,desired,-0.321108,-0.321108,-0.111111,-0.111111
6.0020,state,-0.287684,-0.263968,-0.295413,-0.251984
6.0120,state,-0.293428,-0.270235,-0.079158,-0.014538
6.0223,desired,-0.324441,-0.324441,-0.111111,-0.111111
6.0225,state,-0.301655,-0.277289,-0.146454,-0.183997
6.0320,state,-0.280707,-0.259190,-0.098072,-0.054249
6.0420,state,-0.220831,-0.208929,-0.260792,-0.286669
6.0520,state,-0.287684,-0.263968,-0.295413,-0.251984
6.0524,desired,-0.327774,-0.327774,-0.111111,-0.111111
6.0620,state,-0.293428,-0.270235,-0.079158,-0.014538
6.0720,state,-0.301655,-0.277289,-0.146454,-0.183997
6.0732,state,-0.303710,-0.278481,-0.068606,-0.011697
6.0741,state,-0.313866,-0.288782,-0.104531,-0.093826
6.0820,state,-0.287684,-0.263968,-0.295413,-0.251984
6.0825,desired,-0.331108,-0.331108,-0.111111,-0.111111
6.0920,state,-0.293428,-0.270235,-0.079158,-0.014538
6.1020,state,-0.301655,-0.277289,-0.146454,-0.183997
6.1120,state,-0.303710,-0.278481,-0.068606,-0.011697
6.1126,desired,-0.334441,-0.334441,-0.111111,-0.111111
6.1221,state,-0.313866,-0.288782,-0.104531,-0.093826
6.1320,state,-0.287684,-0.263968,-0.295413,-0.251984
6.1325,desired,-0.336664,-0.336664,-0.111111,-0.111111
6.1420,state,-0.293428,-0.270235,-0.079158,-0.014538
6.1520,state,-0.301655,-0.277289,-0.146454,-0.183997
6.1525,desired,-0.338886,-0.338886,-0.111111,-0.111111
6.1620,state,-0.303710,-0.278481,-0.068606,-0.011697
6.1721,state,-0.313866,-0.288782,-0.104531,-0.093826
6.1727,desired,-0.341111,-0.341111,-0.111111,-0.111111
6.1733,state,-0.320297,-0.292919,-0.280583,-0.211840
6.1743,state,-0.325526,-0.298926,-0.083703,-0.018294
6.1822,state,-0.301655,-0.277289,-0.146454,-0.183997
6.1921,state,-0.303710,-0.278481,-0.068606,-0.011697
6.2020,state,-0.313866,-0.288782,-0.104531,-0.093826
6.2027,desired,-0.344442,-0.344442,-0.111111,-0.111111
6.2121,state,-0.320297,-0.292919,-0.280583,-0.211840
6.2221,state,-0.325526,-0.298926,-0.083703,-0.018294
6.2320,state,-0.301655,-0.277289,-0.146454,-0.183997
6.2327,desired,-0.347775,-0.347775,-0.111111,-0.111111
6.2420,state,-0.303710,-0.278481,-0.068606,-0.011697
6.2520,state,-0.313866,-0.288782,-0.104531,-0.093826
6.2621,state,-0.320297,-0.292919,-0.280583,-0.211840
6.2627,desired,-0.351109,-0.351109,-0.111111,-0.111111
6.2721,state,-0.325526,-0.298926,-0.083703,-0.018294
6.2736,state,-0.334569,-0.307066,-0.162014,-0.216915
6.2820,state,-0.303710,-0.278481,-0.068606,-0.011697
6.2921,state,-0.313866,-0.288782,-0.104531,-0.093826
6.2927,desired,-0.354442,-0.354442,-0.111111,-0.111111
6.3021,state,-0.320297,-0.292919,-0.280583,-0.211840
6.3121,state,-0.325526,-0.298926,-0.083703,-0.018294
6.3224,desired,-0.357775,-0.357775,-0.111111,-0.111111
6.3227,state,-0.334569,-0.307066,-0.162014,-0.216915
6.3321,state,-0.303710,-0.278481,-0.068606,-0.011697
6.3421,state,-0.313866,-0.288782,-0.104531,-0.093826
6.3524,desired,-0.361108,-0.361108,-0.111111,-0.111111
6.3526,state,-0.320297,-0.292919,-0.280583,-0.211840
6.3621,state,-0.325526,-0.298926,-0.083703,-0.018294
6.3720,state,-0.334569,-0.307066,-0.162014,-0.216915
6.3726,desired,-0.363331,-0.363331,-0.111111,-0.111111
6.3737,state,-0.336844,-0.309231,-0.075832,-0.015384
6.3738,state,-0.347023,-0.319228,-0.111077,-0.108293
6.3820,state,-0.320297,-0.292919,-0.280583,-0.211840
6.3920,state,-0.325526,-0.298926,-0.083703,-0.018294
6.4020,state,-0.334569,-0.307066,-0.162014,-0.216915
6.4026,desired,-0.366664,-0.366664,-0.111111,-0.111111
6.4120,state,-0.336844,-0.309231,-0.075832,-0.015384
6.4221,state,-0.347023,-0.319228,-0.111077,-0.108293
6.4324,desired,-0.369997,-0.369997,-0.111111,-0.111111
6.4327,state,-0.320297,-0.292919,-0.280583,-0.211840
6.4420,state,-0.325526,-0.298926,-0.083703,-0.018294
6.4521,state,-0.334569,-0.307066,-0.162014,-0.216915
6.4621,state,-0.336844,-0.309231,-0.075832,-0.015384
6.4627,desired,-0.373330,-0.373330,-0.111111,-0.111111
6.4721,state,-0.347023,-0.319228,-0.111077,-0.108293
6.4734,state,-0.353456,-0.323343,-0.287050,-0.206642
6.4742,state,-0.358686,-0.329797,-0.090144,-0.022019
6.4821,state,-0.334569,-0.307066,-0.162014,-0.216915
6.4830,desired,-0.375556,-0.375556,-0.111111,-0.111111
6.4921,state,-0.336844,-0.309231,-0.075832,-0.015384
6.5021,state,-0.347023,-0.319228,-0.111077,-0.108293
6.5124,desired,-0.378886,-0.378886,-0.111111,-0.111111
6.5127,state,-0.353456,-0.323343,-0.287050,-0.206642
6.5221,state,-0.358686,-0.329797,-0.090144,-0.022019
6.5321,state,-0.334569,-0.307066,-0.162014,-0.216915
6.5421,state,-0.336844,-0.309231,-0.075832,-0.015384
6.5427,desired,-0.382219,-0.382219,-0.111111,-0.111111
6.5521,state,-0.347023,-0.319228,-0.111077,-0.108293
6.5624,desired,-0.384442,-0.384442,-0.111111,-0.111111
6.5627,state,-0.353456,-0.323343,-0.287050,-0.206642
6.5721,state,-0.358686,-0.329797,-0.090144,-0.022019
6.5735,state,-0.368590,-0.338689,-0.177891,-0.240626
6.5821,state,-0.336844,-0.309231,-0.075832,-0.015384
6.5922,state,-0.347023,-0.319228,-0.111077,-0.108293
6.5930,desired,-0.387779,-0.387779,-0.111111,-0.111111
6.6021,state,-0.353456,-0.323343,-0.287050,-0.206642
6.6121,state,-0.358686,-0.329797,-0.090144,-0.022019
6.6221,state,-0.368590,-0.338689,-0.177891,-0.240626
6.6227,desired,-0.391110,-0.391110,-0.111111,-0.111111
6.6322,state,-0.336844,-0.309231,-0.075832,-0.015384
6.6421,state,-0.347023,-0.319228,-0.111077,-0.108293
6.6527,desired,-0.394448,-0.394448,-0.111111,-0.111111
6.6530,state,-0.353456,-0.323343,-0.287050,-0.206642
6.6621,state,-0.358686,-0.329797,-0.090144,-0.022019
6.6639,state,-0.371089,-0.341566,-0.083215,-0.018690
6.6722,state,-0.336844,-0.309231,-0.075832,-0.015384
6.6755,state,-0.380288,-0.350068,-0.113517,-0.100724
6.6821,state,-0.353456,-0.323343,-0.287050,-0.206642
6.6827,desired,-0.397776,-0.397776,-0.111111,-0.111111
6.6921,state,-0.358686,-0.329797,-0.090144,-0.022019
6.7020,state,-0.371089,-0.341566,-0.083215,-0.018690
6.7025,desired,-0.399999,-0.399999,-0.111111,-0.111111
6.7121,state,-0.336844,-0.309231,-0.075832,-0.015384
6.7221,state,-0.380288,-0.350068,-0.113517,-0.100724
6.7320,state,-0.353456,-0.323343,-0.287050,-0.206642
6.7327,desired,-0.403331,-0.403331,-0.111111,-0.111111
6.7421,state,-0.358686,-0.329797,-0.090144,-0.022019
6.7521,state,-0.371089,-0.341566,-0.083215,-0.018690
6.7527,desired,-0.405554,-0.405554,-0.111111,-0.111111
6.7621,state,-0.336844,-0.309231,-0.075832,-0.015384
6.7721,state,-0.380288,-0.350068,-0.113517,-0.100724
6.7727,desired,-0.407776,-0.407776,-0.111111,-0.111111
6.7732,state,-0.386629,-0.354281,-0.293239,-0.210463
6.7739,state,-0.391854,-0.361299,-0.096490,-0.025311
6.7821,state,-0.371089,-0.341566,-0.083215,-0.018690
6.7921,state,-0.336844,-0.309231,-0.075832,-0.015384
6.8021,state,-0.380288,-0.350068,-0.113517,-0.100724
6.8027,desired,-0.411110,-0.411110,-0.111111,-0.111111
6.8121,state,-0.386629,-0.354281,-0.293239,-0.210463
6.8222,state,-0.391854,-0.361299,-0.096490,-0.025311
6.8230,desired,-0.413333,-0.413333,-0.111111,-0.111111
6.8321,state,-0.371089,-0.341566,-0.083215,-0.018690
6.8421,state,-0.336844,-0.309231,-0.075832,-0.015384
6.8521,state,-0.380288,-0.350068,-0.113517,-0.100724
6.8526,desired,-0.416664,-0.416664,-0.111111,-0.111111
6.8621,state,-0.386629,-0.354281,-0.293239,-0.210463
6.8721,state,-0.391854,-0.361299,-0.096490,-0.025311
6.8735,state,-0.400893,-0.369109,-0.174732,-0.214996
6.8821,state,-0.336844,-0.309231,-0.075832,-0.015384
6.8827,desired,-0.419999,-0.419999,-0.111111,-0.111111
6.8922,state,-0.380288,-0.350068,-0.113517,-0.100724
6.9021,state,-0.386629,-0.354281,-0.293239,-0.210463
6.9121,state,-0.391854,-0.361299,-0.096490,-0.025311
6.9130,desired,-0.423333,-0.423333,-0.111111,-0.111111
6.9221,state,-0.400893,-0.369109,-0.174732,-0.214996
6.9322,state,-0.336844,-0.309231,-0.075832,-0.015384
6.9425,desired,-0.426665,-0.426665,-0.111111,-0.111111
6.9427,state,-0.380288,-0.350068,-0.113517,-0.100724
6.9521,state,-0.386629,-0.354281,-0.293239,-0.210463
6.9621,state,-0.391854,-0.361299,-0.096490,-0.025311
6.9726,desired,-0.429999,-0.429999,-0.111111,-0.111111
6.9729,state,-0.400893,-0.369109,-0.174732,-0.214996
6.9736,state,-0.403167,-0.371822,-0.088568,-0.020970
6.9737,state,-0.413348,-0.382024,-0.123783,-0.131209
6.9821,state,-0.386629,-0.354281,-0.293239,-0.210463
6.9921,state,-0.391854,-0.361299,-0.096490,-0.025311
6.9927,desired,-0.432223,-0.432223,-0.111111,-0.111111
7.0021,state,-0.400893,-0.369109,-0.174732,-0.214996
7.0120,state,-0.403167,-0.371822,-0.088568,-0.020970
7.0221,state,-0.413348,-0.382024,-0.123783,-0.131209
7.0227,desired,-0.435554,-0.435554,-0.111111,-0.111111
7.0320,state,-0.386629,-0.354281,-0.293239,-0.210463
7.0421,state,-0.391854,-0.361299,-0.096490,-0.025311
7.0521,state,-0.400893,-0.369109,-0.174732,-0.214996
7.0527,desired,-0.438887,-0.438887,-0.111111,-0.111111
7.0622,state,-0.403167,-0.371822,-0.088568,-0.020970
7.0642,state,-0.419782,-0.386079,-0.299774,-0.198686
7.0658,state,-0.425014,-0.392918,-0.102784,-0.027461
7.0721,state,-0.391854,-0.361299,-0.096490,-0.025311
7.0730,desired,-0.441112,-0.441112,-0.111111,-0.111111
7.0820,state,-0.400893,-0.369109,-0.174732,-0.214996
7.0921,state,-0.403167,-0.371822,-0.088568,-0.020970
7.1021,state,-0.419782,-0.386079,-0.299774,-0.198686
7.1027,desired,-0.444444,-0.444444,-0.111111,-0.111111
7.1122,state,-0.425014,-0.392918,-0.102784,-0.027461
7.1220,state,-0.391854,-0.361299,-0.096490,-0.025311
7.1321,state,-0.400893,-0.369109,-0.174732,-0.214996
7.1327,desired,-0.447776,-0.447776,-0.111111,-0.111111
7.1421,state,-0.403167,-0.371822,-0.088568,-0.020970
7.1520,state,-0.419782,-0.386079,-0.299774,-0.198686
7.1621,state,-0.425014,-0.392918,-0.102784,-0.027461
7.1627,desired,-0.451109,-0.451109,-0.111111,-0.111111
7.1721,state,-0.391854,-0.361299,-0.096490,-0.025311
7.1737,state,-0.434056,-0.400776,-0.181030,-0.218665
7.1822,state,-0.403167,-0.371822,-0.088568,-0.020970
7.1828,desired,-0.453334,-0.453334,-0.111111,-0.111111
7.1921,state,-0.419782,-0.386079,-0.299774,-0.198686
7.2020,state,-0.425014,-0.392918,-0.102784,-0.027461
7.2121,state,-0.391854,-0.361299,-0.096490,-0.025311
7.2127,desired,-0.456665,-0.456665,-0.111111,-0.111111
7.2221,state,-0.434056,-0.400776,-0.181030,-0.218665
7.2320,state,-0.403167,-0.371822,-0.088568,-0.020970
7.2421,state,-0.419782,-0.386079,-0.299774,-0.198686
7.2426,desired,-0.460000,-0.460000,-0.111111,-0.111111
7.2523,state,-0.425014,-0.392918,-0.102784,-0.027461
7.2622,state,-0.391854,-0.361299,-0.096490,-0.025311
7.2629,desired,-0.462224,-0.462224,-0.111111,-0.111111
7.2721,state,-0.434056,-0.400776,-0.181030,-0.218665
7.2739,state,-0.436332,-0.403711,-0.094814,-0.023241
7.2759,state,-0.446513,-0.413911,-0.130003,-0.137761
7.2821,state,-0.425014,-0.392918,-0.102784,-0.027461
7.2921,state,-0.391854,-0.361299,-0.096490,-0.025311
7.2927,desired,-0.465553,-0.465553,-0.111111,-0.111111
7.3021,state,-0.434056,-0.400776,-0.181030,-0.218665
7.3121,state,-0.436332,-0.403711,-0.094814,-0.023241
7.3127,desired,-0.467777,-0.467777,-0.111111,-0.111111
7.3220,state,-0.446513,-0.413911,-0.130003,-0.137761
7.3320,state,-0.425014,-0.392918,-0.102784,-0.027461
7.3420,state,-0.391854,-0.361299,-0.096490,-0.025311
7.3425,desired,-0.471108,-0.471108,-0.111111,-0.111111
7.3520,state,-0.434056,-0.400776,-0.181030,-0.218665
7.3620,state,-0.436332,-0.403711,-0.094814,-0.023241
7.3720,state,-0.446513,-0.413911,-0.130003,-0.137761
7.3726,desired,-0.474441,-0.474441,-0.111111,-0.111111
7.3732,state,-0.452951,-0.417944,-0.306097,-0.196416
7.3739,state,-0.458186,-0.424897,-0.108978,-0.029683
7.3820,state,-0.434056,-0.400776,-0.181030,-0.218665
7.3920,state,-0.436332,-0.403711,-0.094814,-0.023241
7.4020,state,-0.446513,-0.413911,-0.130003,-0.137761
7.4027,desired,-0.477775,-0.477775,-0.111111,-0.111111
7.4120,state,-0.452951,-0.417944,-0.306097,-0.196416
7.4221,state,-0.458186,-0.424897,-0.108978,-0.029683
7.4321,state,-0.434056,-0.400776,-0.181030,-0.218665
7.4327,desired,-0.481108,-0.481108,-0.111111,-0.111111
7.4420,state,-0.436332,-0.403711,-0.094814,-0.023241
7.4521,state,-0.446513,-0.413911,-0.130003,-0.137761
7.4625,desired,-0.484442,-0.484442,-0.111111,-0.111111
7.4627,state,-0.452951,-0.417944,-0.306097,-0.196416
7.4661,state,-0.467223,-0.432677,-0.187136,-0.218690
7.4720,state,-0.434056,-0.400776,-0.181030,-0.218665
7.4821,state,-0.436332,-0.403711,-0.094814,-0.023241
7.4830,desired,-0.486667,-0.486667,-0.111111,-0.111111
7.4921,state,-0.446513,-0.413911,-0.130003,-0.137761
7.5021,state,-0.452951,-0.417944,-0.306097,-0.196416
7.5121,state,-0.467223,-0.432677,-0.187136,-0.218690
7.5126,desired,-0.489998,-0.489998,-0.111111,-0.111111
7.5222,state,-0.434056,-0.400776,-0.181030,-0.218665
7.5322,state,-0.436332,-0.403711,-0.094814,-0.023241
7.5330,desired,-0.492222,-0.492222,-0.111111,-0.111111
7.5422,state,-0.446513,-0.413911,-0.130003,-0.137761
7.5522,state,-0.452951,-0.417944,-0.306097,-0.196416
7.5622,state,-0.467223,-0.432677,-0.187136,-0.218690
7.5631,desired,-0.495556,-0.495556,-0.111111,-0.111111
7.5640,state,-0.469499,-0.435743,-0.100955,-0.025363
7.5657,state,-0.479680,-0.445944,-0.136128,-0.143342
7.5722,state,-0.446513,-0.413911,-0.130003,-0.137761
7.5821,state,-0.452951,-0.417944,-0.306097,-0.196416
7.5921,state,-0.467223,-0.432677,-0.187136,-0.218690
7.5927,desired,-0.498887,-0.498887,-0.111111,-0.111111
7.6021,state,-0.469499,-0.435743,-0.100955,-0.025363
7.6121,state,-0.479680,-0.445944,-0.136128,-0.143342
7.6221,state,-0.446513,-0.413911,-0.130003,-0.137761
7.6227,desired,-0.502220,-0.502220,-0.111111,-0.111111
7.6321,state,-0.452951,-0.417944,-0.306097,-0.196416
7.6421,state,-0.467223,-0.432677,-0.187136,-0.218690
7.6521,state,-0.469499,-0.435743,-0.100955,-0.025363
7.6527,desired,-0.505553,-0.505553,-0.111111,-0.111111
7.6621,state,-0.479680,-0.445944,-0.136128,-0.143342
7.6721,state,-0.446513,-0.413911,-0.130003,-0.137761
7.6727,desired,-0.507776,-0.507776,-0.111111,-0.111111
7.6821,state,-0.452951,-0.417944,-0.306097,-0.196416
7.6921,state,-0.467223,-0.432677,-0.187136,-0.218690
7.7021,state,-0.469499,-0.435743,-0.100955,-0.025363
7.7027,desired,-0.511109,-0.511109,-0.111111,-0.111111
7.7039,state,-0.486116,-0.449961,-0.312120,-0.194812
7.7047,state,-0.491350,-0.457005,-0.115053,-0.031702
7.7121,state,-0.452951,-0.417944,-0.306097,-0.196416
7.7221,state,-0.467223,-0.432677,-0.187136,-0.218690
7.7322,state,-0.469499,-0.435743,-0.100955,-0.025363
7.7330,desired,-0.514444,-0.514444,-0.111111,-0.111111
7.7421,state,-0.486116,-0.449961,-0.312120,-0.194812
7.7521,state,-0.491350,-0.457005,-0.115053,-0.031702
7.7625,desired,-0.517776,-0.517776,-0.111111,-0.111111
7.7628,state,-0.452951,-0.417944,-0.306097,-0.196416
7.7722,state,-0.467223,-0.432677,-0.187136,-0.218690
7.7750,state,-0.500392,-0.464745,-0.193257,-0.219478
7.7825,desired,-0.519998,-0.519998,-0.111111,-0.111111
7.7827,state,-0.486116,-0.449961,-0.312120,-0.194812
7.7921,state,-0.491350,-0.457005,-0.115053,-0.031702
7.8021,state,-0.452951,-0.417944,-0.306097,-0.196416
7.8121,state,-0.467223,-0.432677,-0.187136,-0.218690
7.8126,desired,-0.523331,-0.523331,-0.111111,-0.111111
7.8221,state,-0.500392,-0.464745,-0.193257,-0.219478
7.8321,state,-0.486116,-0.449961,-0.312120,-0.194812
7.8421,state,-0.491350,-0.457005,-0.115053,-0.031702
7.8427,desired,-0.526664,-0.526664,-0.111111,-0.111111
7.8521,state,-0.452951,-0.417944,-0.306097,-0.196416
7.8622,state,-0.467223,-0.432677,-0.187136,-0.218690
7.8629,desired,-0.528889,-0.528889,-0.111111,-0.111111
7.8638,state,-0.502670,-0.467925,-0.107004,-0.027288
7.8671,state,-0.513851,-0.479327,-0.146375,-0.165249
7.8721,state,-0.491350,-0.457005,-0.115053,-0.031702
7.8821,state,-0.452951,-0.417944,-0.306097,-0.196416
7.8921,state,-0.467223,-0.432677,-0.187136,-0.218690
7.8927,desired,-0.532220,-0.532220,-0.111111,-0.111111
7.9021,state,-0.502670,-0.467925,-0.107004,-0.027288
7.9121,state,-0.513851,-0.479327,-0.146375,-0.165249
7.9225,desired,-0.535553,-0.535553,-0.111111,-0.111111
7.9227,state,-0.491350,-0.457005,-0.115053,-0.031702
7.9322,state,-0.452951,-0.417944,-0.306097,-0.196416
7.9421,state,-0.467223,-0.432677,-0.187136,-0.218690
7.9521,state,-0.502670,-0.467925,-0.107004,-0.027288
7.9527,desired,-0.538887,-0.538887,-0.111111,-0.111111
7.9621,state,-0.513851,-0.479327,-0.146375,-0.165249
7.9721,state,-0.491350,-0.457005,-0.115053,-0.031702
7.9726,desired,-0.541109,-0.541109,-0.111111,-0.111111
7.9736,state,-0.519839,-0.482834,-0.297248,-0.166525
7.9747,state,-0.524565,-0.488823,-0.119299,-0.032497
7.9820,state,-0.502670,-0.467925,-0.107004,-0.027288
7.9921,state,-0.513851,-0.479327,-0.146375,-0.165249
8.0021,state,-0.491350,-0.457005,-0.115053,-0.031702
8.0027,desired,-0.544442,-0.544442,-0.111111,-0.111111
8.0120,state,-0.519839,-0.482834,-0.297248,-0.166525
8.0226,desired,-0.546667,-0.546667,-0.111111,-0.111111
8.0229,state,-0.524565,-0.488823,-0.119299,-0.032497
8.0321,state,-0.502670,-0.467925,-0.107004,-0.027288
8.0422,state,-0.513851,-0.479327,-0.146375,-0.165249
8.0521,state,-0.491350,-0.457005,-0.115053,-0.031702
8.0527,desired,-0.549999,-0.549999,-0.111111,-0.111111
8.0621,state,-0.519839,-0.482834,-0.297248,-0.166525
8.0721,state,-0.524565,-0.488823,-0.119299,-0.032497
8.0738,state,-0.533568,-0.496882,-0.199095,-0.229939
8.0822,state,-0.513851,-0.479327,-0.146375,-0.165249
8.0828,desired,-0.553334,-0.553334,-0.111111,-0.111111
8.0921,state,-0.491350,-0.457005,-0.115053,-0.031702
8.1021,state,-0.519839,-0.482834,-0.297248,-0.166525
8.1121,state,-0.524565,-0.488823,-0.119299,-0.032497
8.1130,desired,-0.556667,-0.556667,-0.111111,-0.111111
8.1221,state,-0.533568,-0.496882,-0.199095,-0.229939
8.1322,state,-0.513851,-0.479327,-0.146375,-0.165249
8.1425,desired,-0.560000,-0.560000,-0.111111,-0.111111
8.1428,state,-0.491350,-0.457005,-0.115053,-0.031702
8.1522,state,-0.519839,-0.482834,-0.297248,-0.166525
8.1621,state,-0.524565,-0.488823,-0.119299,-0.032497
8.1721,state,-0.533568,-0.496882,-0.199095,-0.229939
8.1728,desired,-0.563332,-0.563332,-0.111111,-0.111111
8.1821,state,-0.513851,-0.479327,-0.146375,-0.165249
8.1921,state,-0.491350,-0.457005,-0.115053,-0.031702
8.2021,state,-0.519839,-0.482834,-0.297248,-0.166525
8.2025,desired,-0.566664,-0.566664,-0.111111,-0.111111
8.2038,state,-0.535843,-0.500331,-0.112931,-0.029264
8.2041,state,-0.546027,-0.510352,-0.148064,-0.149713
8.2121,state,-0.513851,-0.479327,-0.146375,-0.165249
8.2221,state,-0.491350,-0.457005,-0.115053,-0.031702
8.2324,desired,-0.569998,-0.569998,-0.111111,-0.111111
8.2327,state,-0.519839,-0.482834,-0.297248,-0.166525
8.2422,state,-0.535843,-0.500331,-0.112931,-0.029264
8.2525,desired,-0.572221,-0.572221,-0.111111,-0.111111
8.2527,state,-0.546027,-0.510352,-0.148064,-0.149713
8.2621,state,-0.513851,-0.479327,-0.146375,-0.165249
8.2644,state,-0.552464,-0.514360,-0.324051,-0.193004
8.2664,state,-0.557700,-0.521595,-0.126898,-0.037434
8.2722,state,-0.535843,-0.500331,-0.112931,-0.029264
8.2821,state,-0.546027,-0.510352,-0.148064,-0.149713
8.2826,desired,-0.575554,-0.575554,-0.111111,-0.111111
8.2921,state,-0.513851,-0.479327,-0.146375,-0.165249
8.3020,state,-0.552464,-0.514360,-0.324051,-0.193004
8.3127,desired,-0.578889,-0.578889,-0.111111,-0.111111
8.3130,state,-0.557700,-0.521595,-0.126898,-0.037434
8.3220,state,-0.535843,-0.500331,-0.112931,-0.029264
8.3320,state,-0.546027,-0.510352,-0.148064,-0.149713
8.3424,desired,-0.582220,-0.582220,-0.111111,-0.111111
8.3427,state,-0.513851,-0.479327,-0.146375,-0.165249
8.3520,state,-0.552464,-0.514360,-0.324051,-0.193004
8.3622,state,-0.557700,-0.521595,-0.126898,-0.037434
8.3630,desired,-0.584445,-0.584445,-0.111111,-0.111111
8.3663,state,-0.566742,-0.529217,-0.205042,-0.219577
8.3721,state,-0.546027,-0.510352,-0.148064,-0.149713
8.3822,state,-0.513851,-0.479327,-0.146375,-0.165249
8.3921,state,-0.552464,-0.514360,-0.324051,-0.193004
8.3927,desired,-0.587776,-0.587776,-0.111111,-0.111111
8.4021,state,-0.557700,-0.521595,-0.126898,-0.037434
8.4122,state,-0.566742,-0.529217,-0.205042,-0.219577
8.4130,desired,-0.590001,-0.590001,-0.111111,-0.111111
8.4222,state,-0.546027,-0.510352,-0.148064,-0.149713
8.4322,state,-0.513851,-0.479327,-0.146375,-0.165249
8.4427,desired,-0.593334,-0.593334,-0.111111,-0.111111
8.4430,state,-0.552464,-0.514360,-0.324051,-0.193004
8.4521,state,-0.557700,-0.521595,-0.126898,-0.037434
8.4621,state,-0.566742,-0.529217,-0.205042,-0.219577
8.4722,state,-0.546027,-0.510352,-0.148064,-0.149713
8.4730,desired,-0.596667,-0.596667,-0.111111,-0.111111
8.4743,state,-0.569020,-0.532610,-0.118762,-0.030925
8.4758,state,-0.579204,-0.542796,-0.153861,-0.155599
8.4821,state,-0.557700,-0.521595,-0.126898,-0.037434
8.4921,state,-0.566742,-0.529217,-0.205042,-0.219577
8.5025,desired,-0.599998,-0.599998,-0.111111,-0.111111
8.5027,state,-0.546027,-0.510352,-0.148064,-0.149713
8.5121,state,-0.569020,-0.532610,-0.118762,-0.030925
8.5221,state,-0.579204,-0.542796,-0.153861,-0.155599
8.5322,state,-0.557700,-0.521595,-0.126898,-0.037434
8.5330,desired,-0.603334,-0.603334,-0.111111,-0.111111
8.5421,state,-0.566742,-0.529217,-0.205042,-0.219577
8.5520,state,-0.546027,-0.510352,-0.148064,-0.149713
8.5622,state,-0.569020,-0.532610,-0.118762,-0.030925
8.5630,desired,-0.606667,-0.606667,-0.111111,-0.111111
8.5637,state,-0.585639,-0.546834,-0.329716,-0.191324
8.5721,state,-0.557700,-0.521595,-0.126898,-0.037434
8.5750,state,-0.590873,-0.554103,-0.132635,-0.041277
8.5821,state,-0.546027,-0.510352,-0.148064,-0.149713
8.5921,state,-0.569020,-0.532610,-0.118762,-0.030925
8.5927,desired,-0.609998,-0.609998,-0.111111,-0.111111
8.6021,state,-0.585639,-0.546834,-0.329716,-0.191324
8.6121,state,-0.557700,-0.521595,-0.126898,-0.037434
8.6221,state,-0.590873,-0.554103,-0.132635,-0.041277
8.6227,desired,-0.613331,-0.613331,-0.111111,-0.111111
8.6321,state,-0.546027,-0.510352,-0.148064,-0.149713
8.6421,state,-0.569020,-0.532610,-0.118762,-0.030925
8.6429,desired,-0.615556,-0.615556,-0.111111,-0.111111
8.6520,state,-0.585639,-0.546834,-0.329716,-0.191324
8.6621,state,-0.557700,-0.521595,-0.126898,-0.037434
8.6722,state,-0.590873,-0.554103,-0.132635,-0.041277
8.6730,desired,-0.618891,-0.618891,-0.111111,-0.111111
8.6743,state,-0.599919,-0.561702,-0.210813,-0.220439
8.6821,state,-0.569020,-0.532610,-0.118762,-0.030925
8.6921,state,-0.585639,-0.546834,-0.329716,-0.191324
8.7021,state,-0.557700,-0.521595,-0.126898,-0.037434
8.7027,desired,-0.622221,-0.622221,-0.111111,-0.111111
8.7121,state,-0.590873,-0.554103,-0.132635,-0.041277
8.7221,state,-0.599919,-0.561702,-0.210813,-0.220439
8.7320,state,-0.569020,-0.532610,-0.118762,-0.030925
8.7324,desired,-0.625552,-0.625552,-0.111111,-0.111111
8.7421,state,-0.585639,-0.546834,-0.329716,-0.191324
8.7522,state,-0.557700,-0.521595,-0.126898,-0.037434
8.7530,desired,-0.627779,-0.627779,-0.111111,-0.111111
8.7621,state,-0.590873,-0.554103,-0.132635,-0.041277
8.7639,state,-0.602199,-0.565149,-0.124467,-0.032448
8.7721,state,-0.569020,-0.532610,-0.118762,-0.030925
8.7736,state,-0.612383,-0.575275,-0.159530,-0.157945
8.7821,state,-0.557700,-0.521595,-0.126898,-0.037434
8.7827,desired,-0.631110,-0.631110,-0.111111,-0.111111
8.7921,state,-0.590873,-0.554103,-0.132635,-0.041277
8.8021,state,-0.602199,-0.565149,-0.124467,-0.032448
8.8121,state,-0.569020,-0.532610,-0.118762,-0.030925
8.8127,desired,-0.634443,-0.634443,-0.111111,-0.111111
8.8221,state,-0.612383,-0.575275,-0.159530,-0.157945
8.8321,state,-0.557700,-0.521595,-0.126898,-0.037434
8.8422,state,-0.590873,-0.554103,-0.132635,-0.041277
8.8430,desired,-0.637778,-0.637778,-0.111111,-0.111111
8.8521,state,-0.602199,-0.565149,-0.124467,-0.032448
8.8622,state,-0.569020,-0.532610,-0.118762,-0.030925
8.8656,state,-0.618820,-0.579278,-0.335445,-0.190345
8.8658,state,-0.624057,-0.586554,-0.138266,-0.042105
8.8721,state,-0.590873,-0.554103,-0.132635,-0.041277
8.8727,desired,-0.641110,-0.641110,-0.111111,-0.111111
8.8821,state,-0.602199,-0.565149,-0.124467,-0.032448
8.8921,state,-0.569020,-0.532610,-0.118762,-0.030925
8.9021,state,-0.618820,-0.579278,-0.335445,-0.190345
8.9027,desired,-0.644443,-0.644443,-0.111111,-0.111111
8.9121,state,-0.624057,-0.586554,-0.138266,-0.042105
8.9221,state,-0.590873,-0.554103,-0.132635,-0.041277
8.9322,state,-0.602199,-0.565149,-0.124467,-0.032448
8.9330,desired,-0.647779,-0.647779,-0.111111,-0.111111
8.9421,state,-0.569020,-0.532610,-0.118762,-0.030925
8.9521,state,-0.618820,-0.579278,-0.335445,-0.190345
8.9622,state,-0.624057,-0.586554,-0.138266,-0.042105
8.9630,desired,-0.651112,-0.651112,-0.111111,-0.111111
8.9644,state,-0.633102,-0.594092,-0.216389,-0.220242
8.9721,state,-0.602199,-0.565149,-0.124467,-0.032448
8.9821,state,-0.569020,-0.532610,-0.118762,-0.030925
8.9921,state,-0.618820,-0.579278,-0.335445,-0.190345
8.9927,desired,-0.654443,-0.654443,-0.111111,-0.111111
9.0021,state,-0.624057,-0.586554,-0.138266,-0.042105
9.0121,state,-0.633102,-0.594092,-0.216389,-0.220242
9.0222,state,-0.602199,-0.565149,-0.124467,-0.032448
9.0230,desired,-0.657778,-0.657778,-0.111111,-0.111111
9.0321,state,-0.569020,-0.532610,-0.118762,-0.030925
9.0421,state,-0.618820,-0.579278,-0.335445,-0.190345
9.0521,state,-0.624057,-0.586554,-0.138266,-0.042105
9.0527,desired,-0.661109,-0.661109,-0.111111,-0.111111
9.0622,state,-0.633102,-0.594092,-0.216389,-0.220242
9.0638,state,-0.635382,-0.597621,-0.130038,-0.034097
9.0654,state,-0.645568,-0.607751,-0.165077,-0.161101
9.0721,state,-0.618820,-0.579278,-0.335445,-0.190345
9.0727,desired,-0.663332,-0.663332,-0.111111,-0.111111
9.0820,state,-0.624057,-0.586554,-0.138266,-0.042105
9.0921,state,-0.633102,-0.594092,-0.216389,-0.220242
9.0927,desired,-0.665556,-0.665556,-0.111111,-0.111111
9.1021,state,-0.635382,-0.597621,-0.130038,-0.034097
9.1122,state,-0.645568,-0.607751,-0.165077,-0.161101
9.1221,state,-0.618820,-0.579278,-0.335445,-0.190345
9.1227,desired,-0.668887,-0.668887,-0.111111,-0.111111
9.1322,state,-0.624057,-0.586554,-0.138266,-0.042105
9.1421,state,-0.633102,-0.594092,-0.216389,-0.220242
9.1522,state,-0.635382,-0.597621,-0.130038,-0.034097
9.1530,desired,-0.672223,-0.672223,-0.111111,-0.111111
9.1621,state,-0.645568,-0.607751,-0.165077,-0.161101
9.1721,state,-0.618820,-0.579278,-0.335445,-0.190345
9.1736,state,-0.652004,-0.611771,-0.340906,-0.189779
9.1748,state,-0.657240,-0.619098,-0.143745,-0.044928
9.1820,state,-0.635382,-0.597621,-0.130038,-0.034097
9.1827,desired,-0.675554,-0.675554,-0.111111,-0.111111
9.1921,state,-0.645568,-0.607751,-0.165077,-0.161101
9.2021,state,-0.618820,-0.579278,-0.335445,-0.190345
9.2029,desired,-0.677778,-0.677778,-0.111111,-0.111111
9.2120,state,-0.652004,-0.611771,-0.340906,-0.189779
9.2222,state,-0.657240,-0.619098,-0.143745,-0.044928
9.2321,state,-0.635382,-0.597621,-0.130038,-0.034097
9.2327,desired,-0.681109,-0.681109,-0.111111,-0.111111
9.2422,state,-0.645568,-0.607751,-0.165077,-0.161101
9.2521,state,-0.618820,-0.579278,-0.335445,-0.190345
9.2527,desired,-0.683332,-0.683332,-0.111111,-0.111111
9.2622,state,-0.652004,-0.611771,-0.340906,-0.189779
9.2652,state,-0.666289,-0.626608,-0.221895,-0.220849
9.2721,state,-0.635382,-0.597621,-0.130038,-0.034097
9.2821,state,-0.645568,-0.607751,-0.165077,-0.161101
9.2827,desired,-0.686665,-0.686665,-0.111111,-0.111111
9.2920,state,-0.618820,-0.579278,-0.335445,-0.190345
9.3021,state,-0.652004,-0.611771,-0.340906,-0.189779
9.3124,desired,-0.689998,-0.689998,-0.111111,-0.111111
9.3127,state,-0.666289,-0.626608,-0.221895,-0.220849
9.3221,state,-0.635382,-0.597621,-0.130038,-0.034097
9.3321,state,-0.645568,-0.607751,-0.165077,-0.161101
9.3327,desired,-0.692221,-0.692221,-0.111111,-0.111111
9.3421,state,-0.618820,-0.579278,-0.335445,-0.190345
9.3520,state,-0.652004,-0.611771,-0.340906,-0.189779
9.3620,state,-0.666289,-0.626608,-0.221895,-0.220849
9.3624,desired,-0.695553,-0.695553,-0.111111,-0.111111
9.3720,state,-0.635382,-0.597621,-0.130038,-0.034097
9.3732,state,-0.668570,-0.630109,-0.135478,-0.035669
9.3734,state,-0.678755,-0.640183,-0.170474,-0.163454
9.3820,state,-0.652004,-0.611771,-0.340906,-0.189779
9.3921,state,-0.666289,-0.626608,-0.221895,-0.220849
9.3927,desired,-0.698887,-0.698887,-0.111111,-0.111111
9.4020,state,-0.635382,-0.597621,-0.130038,-0.034097
9.4121,state,-0.668570,-0.630109,-0.135478,-0.035669
9.4221,state,-0.678755,-0.640183,-0.170474,-0.163454
9.4230,desired,-0.702222,-0.702222,-0.111111,-0.111111
9.4322,state,-0.652004,-0.611771,-0.340906,-0.189779
9.4421,state,-0.666289,-0.626608,-0.221895,-0.220849
9.4521,state,-0.635382,-0.597621,-0.130038,-0.034097
9.4527,desired,-0.705554,-0.705554,-0.111111,-0.111111
9.4620,state,-0.668570,-0.630109,-0.135478,-0.035669
9.4722,state,-0.678755,-0.640183,-0.170474,-0.163454
9.4730,desired,-0.707779,-0.707779,-0.111111,-0.111111
9.4758,state,-0.685191,-0.644097,-0.346283,-0.188672
9.4766,state,-0.690428,-0.651362,-0.149099,-0.041946
9.4821,state,-0.635382,-0.597621,-0.130038,-0.034097
9.4921,state,-0.668570,-0.630109,-0.135478,-0.035669
9.5025,desired,-0.711110,-0.711110,-0.111111,-0.111111
9.5027,state,-0.678755,-0.640183,-0.170474,-0.163454
9.5121,state,-0.685191,-0.644097,-0.346283,-0.188672
9.5221,state,-0.690428,-0.651362,-0.149099,-0.041946
9.5321,state,-0.635382,-0.597621,-0.130038,-0.034097
9.5327,desired,-0.714443,-0.714443,-0.111111,-0.111111
9.5421,state,-0.668570,-0.630109,-0.135478,-0.035669
9.5521,state,-0.678755,-0.640183,-0.170474,-0.163454
9.5622,state,-0.685191,-0.644097,-0.346283,-0.188672
9.5630,desired,-0.717778,-0.717778,-0.111111,-0.111111
9.5665,state,-0.699476,-0.658821,-0.227211,-0.220799
9.5721,state,-0.635382,-0.597621,-0.130038,-0.034097
9.5821,state,-0.668570,-0.630109,-0.135478,-0.035669
9.5921,state,-0.678755,-0.640183,-0.170474,-0.163454
9.5927,desired,-0.721109,-0.721109,-0.111111,-0.111111
9.6022,state,-0.685191,-0.644097,-0.346283,-0.188672
9.6121,state,-0.699476,-0.658821,-0.227211,-0.220799
9.6220,state,-0.635382,-0.597621,-0.130038,-0.034097
9.6227,desired,-0.724442,-0.724442,-0.111111,-0.111111
9.6322,state,-0.668570,-0.630109,-0.135478,-0.035669
9.6421,state,-0.678755,-0.640183,-0.170474,-0.163454
9.6427,desired,-0.726665,-0.726665,-0.111111,-0.111111
9.6521,state,-0.685191,-0.644097,-0.346283,-0.188672
9.6621,state,-0.699476,-0.658821,-0.227211,-0.220799
9.6722,state,-0.635382,-0.597621,-0.130038,-0.034097
9.6730,desired,-0.730001,-0.730001,-0.111111,-0.111111
9.6743,state,-0.701758,-0.662825,-0.140773,-0.037662
9.6758,state,-0.712947,-0.674045,-0.179966,-0.182596
9.6821,state,-0.685191,-0.644097,-0.346283,-0.188672
9.6921,state,-0.699476,-0.658821,-0.227211,-0.220799
9.7021,state,-0.635382,-0.597621,-0.130038,-0.034097
9.7027,desired,-0.733332,-0.733332,-0.111111,-0.111111
9.7121,state,-0.701758,-0.662825,-0.140773,-0.037662
9.7220,state,-0.712947,-0.674045,-0.179966,-0.182596
9.7321,state,-0.685191,-0.644097,-0.346283,-0.188672
9.7327,desired,-0.736665,-0.736665,-0.111111,-0.111111
9.7421,state,-0.699476,-0.658821,-0.227211,-0.220799
9.7521,state,-0.635382,-0.597621,-0.130038,-0.034097
9.7529,desired,-0.738889,-0.738889,-0.111111,-0.111111
9.7621,state,-0.701758,-0.662825,-0.140773,-0.037662
9.7722,state,-0.712947,-0.674045,-0.179966,-0.182596
9.7742,state,-0.718937,-0.678027,-0.330680,-0.163650
9.7758,state,-0.723667,-0.684251,-0.152575,-0.049245
9.7821,state,-0.635382,-0.597621,-0.130038,-0.034097
9.7827,desired,-0.742220,-0.742220,-0.111111,-0.111111
9.7921,state,-0.701758,-0.662825,-0.140773,-0.037662
9.8021,state,-0.712947,-0.674045,-0.179966,-0.182596
9.8120,state,-0.718937,-0.678027,-0.330680,-0.163650
9.8127,desired,-0.745553,-0.745553,-0.111111,-0.111111
9.8221,state,-0.723667,-0.684251,-0.152575,-0.049245
9.8322,state,-0.635382,-0.597621,-0.130038,-0.034097
9.8330,desired,-0.747779,-0.747779,-0.111111,-0.111111
9.8421,state,-0.701758,-0.662825,-0.140773,-0.037662
9.8520,state,-0.712947,-0.674045,-0.179966,-0.182596
9.8621,state,-0.718937,-0.678027,-0.330680,-0.163650
9.8627,desired,-0.751109,-0.751109,-0.111111,-0.111111
9.8645,state,-0.732675,-0.692092,-0.232271,-0.232860
9.8721,state,-0.635382,-0.597621,-0.130038,-0.034097
9.8821,state,-0.701758,-0.662825,-0.140773,-0.037662
9.8921,state,-0.712947,-0.674045,-0.179966,-0.182596
9.8927,desired,-0.754442,-0.754442,-0.111111,-0.111111
9.9021,state,-0.718937,-0.678027,-0.330680,-0.163650
9.9121,state,-0.732675,-0.692092,-0.232271,-0.232860
9.9126,desired,-0.756665,-0.756665,-0.111111,-0.111111
9.9222,state,-0.635382,-0.597621,-0.130038,-0.034097
9.9321,state,-0.701758,-0.662825,-0.140773,-0.037662
9.9421,state,-0.712947,-0.674045,-0.179966,-0.182596
9.9427,desired,-0.759998,-0.759998,-0.111111,-0.111111
9.9521,state,-0.718937,-0.678027,-0.330680,-0.163650
9.9621,state,-0.732675,-0.692092,-0.232271,-0.232860
9.9627,desired,-0.762220,-0.762220,-0.111111,-0.111111
9.9721,state,-0.635382,-0.597621,-0.130038,-0.034097
9.9742,state,-0.734955,-0.696291,-0.145920,-0.037877
9.9745,state,-0.745140,-0.706043,-0.180862,-0.161619
9.9821,state,-0.718937,-0.678027,-0.330680,-0.163650
9.9921,state,-0.732675,-0.692092,-0.232271,-0.232860
9.9926,desired,-0.765555,-0.765555,-0.111111,-0.111111
10.0021,state,-0.635382,-0.597621,-0.130038,-0.034097
10.0121,state,-0.734955,-0.696291,-0.145920,-0.037877
10.0225,desired,-0.768887,-0.768887,-0.111111,-0.111111
10.0227,state,-0.745140,-0.706043,-0.180862,-0.161619
10.0321,state,-0.718937,-0.678027,-0.330680,-0.163650
10.0421,state,-0.732675,-0.692092,-0.232271,-0.232860
10.0525,desired,-0.772220,-0.772220,-0.111111,-0.111111
10.0527,state,-0.635382,-0.597621,-0.130038,-0.034097
10.0621,state,-0.734955,-0.696291,-0.145920,-0.037877
10.0721,state,-0.745140,-0.706043,-0.180862,-0.161619
10.0736,state,-0.751578,-0.709899,-0.356662,-0.189624
10.0742,state,-0.756818,-0.717638,-0.159366,-0.066537
10.0821,state,-0.635382,-0.597621,-0.130038,-0.034097
10.0827,desired,-0.775554,-0.775554,-0.111111,-0.111111
10.0920,state,-0.734955,-0.696291,-0.145920,-0.037877
10.1020,state,-0.745140,-0.706043,-0.180862,-0.161619
10.1121,state,-0.751578,-0.709899,-0.356662,-0.189624
10.1127,desired,-0.778887,-0.778887,-0.111111,-0.111111
10.1220,state,-0.756818,-0.717638,-0.159366,-0.066537
10.1320,state,-0.635382,-0.597621,-0.130038,-0.034097
10.1421,state,-0.734955,-0.696291,-0.145920,-0.037877
10.1427,desired,-0.782223,-0.782223,-0.111111,-0.111111
10.1521,state,-0.745140,-0.706043,-0.180862,-0.161619
10.1621,state,-0.751578,-0.709899,-0.356662,-0.189624
10.1721,state,-0.756818,-0.717638,-0.159366,-0.066537
10.1727,desired,-0.785555,-0.785555,-0.111111,-0.111111
10.1741,state,-0.766729,-0.725796,-0.246872,-0.242133
10.1820,state,-0.734955,-0.696291,-0.145920,-0.037877
10.1921,state,-0.745140,-0.706043,-0.180862,-0.161619
10.2021,state,-0.751578,-0.709899,-0.356662,-0.189624
10.2027,desired,-0.788887,-0.788887,-0.111111,-0.111111
10.2121,state,-0.756818,-0.717638,-0.159366,-0.066537
10.2220,state,-0.766729,-0.725796,-0.246872,-0.242133
10.2321,state,-0.734955,-0.696291,-0.145920,-0.037877
10.2327,desired,-0.792220,-0.792220,-0.111111,-0.111111
10.2421,state,-0.745140,-0.706043,-0.180862,-0.161619
10.2520,state,-0.751578,-0.709899,-0.356662,-0.189624
10.2622,state,-0.756818,-0.717638,-0.159366,-0.066537
10.2630,desired,-0.795556,-0.795556,-0.111111,-0.111111
10.2642,state,-0.769237,-0.730267,-0.151864,-0.039200
10.2665,state,-0.778445,-0.738640,-0.181860,-0.142934
10.2721,state,-0.745140,-0.706043,-0.180862,-0.161619
10.2822,state,-0.751578,-0.709899,-0.356662,-0.189624
10.2921,state,-0.756818,-0.717638,-0.159366,-0.066537
10.2927,desired,-0.798887,-0.798887,-0.111111,-0.111111
10.3021,state,-0.769237,-0.730267,-0.151864,-0.039200
10.3121,state,-0.778445,-0.738640,-0.181860,-0.142934
10.3221,state,-0.745140,-0.706043,-0.180862,-0.161619
10.3226,desired,-0.802220,-0.802220,-0.111111,-0.111111
10.3320,state,-0.751578,-0.709899,-0.356662,-0.189624
10.3421,state,-0.756818,-0.717638,-0.159366,-0.066537
10.3521,state,-0.769237,-0.730267,-0.151864,-0.039200
10.3527,desired,-0.805554,-0.805554,-0.111111,-0.111111
10.3622,state,-0.778445,-0.738640,-0.181860,-0.142934
10.3721,state,-0.745140,-0.706043,-0.180862,-0.161619
10.3821,state,-0.751578,-0.709899,-0.356662,-0.189624
10.3826,desired,-0.808887,-0.808887,-0.111111,-0.111111
10.3921,state,-0.756818,-0.717638,-0.159366,-0.066537
10.4021,state,-0.769237,-0.730267,-0.151864,-0.039200
10.4026,desired,-0.811109,-0.811109,-0.111111,-0.111111
10.4039,state,-0.784787,-0.742699,-0.361281,-0.197845
10.4059,state,-0.790020,-0.750843,-0.164250,-0.071038
10.4121,state,-0.751578,-0.709899,-0.356662,-0.189624
10.4221,state,-0.756818,-0.717638,-0.159366,-0.066537
10.4321,state,-0.769237,-0.730267,-0.151864,-0.039200
10.4327,desired,-0.814443,-0.814443,-0.111111,-0.111111
10.4420,state,-0.784787,-0.742699,-0.361281,-0.197845
10.4520,state,-0.790020,-0.750843,-0.164250,-0.071038
10.4621,state,-0.751578,-0.709899,-0.356662,-0.189624
10.4627,desired,-0.817776,-0.817776,-0.111111,-0.111111
10.4721,state,-0.756818,-0.717638,-0.159366,-0.066537
10.4735,state,-0.799069,-0.758043,-0.242300,-0.217149
10.4822,state,-0.784787,-0.742699,-0.361281,-0.197845
10.4830,desired,-0.820001,-0.820001,-0.111111,-0.111111
10.4921,state,-0.790020,-0.750843,-0.164250,-0.071038
10.5021,state,-0.751578,-0.709899,-0.356662,-0.189624
10.5121,state,-0.756818,-0.717638,-0.159366,-0.066537
10.5127,desired,-0.823332,-0.823332,-0.111111,-0.111111
10.5221,state,-0.799069,-0.758043,-0.242300,-0.217149
10.5321,state,-0.784787,-0.742699,-0.361281,-0.197845
10.5329,desired,-0.825556,-0.825556,-0.111111,-0.111111
10.5422,state,-0.790020,-0.750843,-0.164250,-0.071038
10.5521,state,-0.751578,-0.709899,-0.356662,-0.189624
10.5625,desired,-0.828888,-0.828888,-0.111111,-0.111111
10.5627,state,-0.756818,-0.717638,-0.159366,-0.066537
10.5722,state,-0.799069,-0.758043,-0.242300,-0.217149
10.5742,state,-0.801353,-0.761902,-0.155782,-0.039251
10.5745,state,-0.811543,-0.771881,-0.190646,-0.168697
10.5821,state,-0.751578,-0.709899,-0.356662,-0.189624
10.5925,desired,-0.832220,-0.832220,-0.111111,-0.111111
10.5927,state,-0.756818,-0.717638,-0.159366,-0.066537
10.6021,state,-0.799069,-0.758043,-0.242300,-0.217149
10.6121,state,-0.801353,-0.761902,-0.155782,-0.039251
10.6225,desired,-0.835554,-0.835554,-0.111111,-0.111111
10.6227,state,-0.811543,-0.771881,-0.190646,-0.168697
10.6322,state,-0.751578,-0.709899,-0.356662,-0.189624
10.6421,state,-0.756818,-0.717638,-0.159366,-0.066537
10.6525,desired,-0.838887,-0.838887,-0.111111,-0.111111
10.6527,state,-0.799069,-0.758043,-0.242300,-0.217149
10.6621,state,-0.801353,-0.761902,-0.155782,-0.039251
10.6727,desired,-0.841112,-0.841112,-0.111111,-0.111111
10.6730,state,-0.811543,-0.771881,-0.190646,-0.168697
10.6742,state,-0.817982,-0.776136,-0.366404,-0.188024
10.6756,state,-0.823224,-0.783710,-0.169019,-0.067896
10.6822,state,-0.799069,-0.758043,-0.242300,-0.217149
10.6921,state,-0.801353,-0.761902,-0.155782,-0.039251
10.7021,state,-0.811543,-0.771881,-0.190646,-0.168697
10.7027,desired,-0.844443,-0.844443,-0.111111,-0.111111
10.7121,state,-0.817982,-0.776136,-0.366404,-0.188024
10.7221,state,-0.823224,-0.783710,-0.169019,-0.067896
10.7230,desired,-0.846666,-0.846666,-0.111111,-0.111111
10.7321,state,-0.799069,-0.758043,-0.242300,-0.217149
10.7427,desired,-0.848891,-0.848891,-0.111111,-0.111111
10.7430,state,-0.801353,-0.761902,-0.155782,-0.039251
10.7521,state,-0.811543,-0.771881,-0.190646,-0.168697
10.7621,state,-0.817982,-0.776136,-0.366404,-0.188024
10.7721,state,-0.823224,-0.783710,-0.169019,-0.067896
10.7730,desired,-0.852223,-0.852223,-0.111111,-0.111111
10.7746,state,-0.832275,-0.790988,-0.247017,-0.220946
10.7820,state,-0.801353,-0.761902,-0.155782,-0.039251
10.7921,state,-0.811543,-0.771881,-0.190646,-0.168697
10.8025,desired,-0.855554,-0.855554,-0.111111,-0.111111
10.8027,state,-0.817982,-0.776136,-0.366404,-0.188024
10.8121,state,-0.823224,-0.783710,-0.169019,-0.067896
10.8221,state,-0.832275,-0.790988,-0.247017,-0.220946
10.8325,desired,-0.858887,-0.858887,-0.111111,-0.111111
10.8327,state,-0.801353,-0.761902,-0.155782,-0.039251
10.8421,state,-0.811543,-0.771881,-0.190646,-0.168697
10.8521,state,-0.817982,-0.776136,-0.366404,-0.188024
10.8623,state,-0.823224,-0.783710,-0.169019,-0.067896
10.8629,desired,-0.862219,-0.862219,-0.111111,-0.111111
10.8721,state,-0.832275,-0.790988,-0.247017,-0.220946
10.8825,desired,-0.864443,-0.864443,-0.111111,-0.111111
10.8827,state,-0.801353,-0.761902,-0.155782,-0.039251
10.8921,state,-0.811543,-0.771881,-0.190646,-0.168697
10.9021,state,-0.817982,-0.776136,-0.366404,-0.188024
10.9040,state,-0.834560,-0.794947,-0.160460,-0.040009
10.9051,state,-0.844751,-0.804824,-0.195287,-0.168740
10.9125,desired,-0.867777,-0.867777,-0.111111,-0.111111
10.9127,state,-0.801353,-0.761902,-0.155782,-0.039251
10.9221,state,-0.811543,-0.771881,-0.190646,-0.168697
10.9328,desired,-0.870000,-0.870000,-0.111111,-0.111111
10.9331,state,-0.817982,-0.776136,-0.366404,-0.188024
10.9422,state,-0.834560,-0.794947,-0.160460,-0.040009
10.9521,state,-0.844751,-0.804824,-0.195287,-0.168740
10.9621,state,-0.801353,-0.761902,-0.155782,-0.039251
10.9628,desired,-0.873332,-0.873332,-0.111111,-0.111111
10.9722,state,-0.811543,-0.771881,-0.190646,-0.168697
10.9742,state,-0.851190,-0.809071,-0.371017,-0.188304
10.9750,state,-0.856434,-0.816673,-0.173601,-0.070057
10.9821,state,-0.844751,-0.804824,-0.195287,-0.168740
10.9922,state,-0.801353,-0.761902,-0.155782,-0.039251
10.9929,desired,-0.876667,-0.876667,-0.111111,-0.111111
11.0022,state,-0.811543,-0.771881,-0.190646,-0.168697
11.0121,state,-0.851190,-0.809071,-0.371017,-0.188304
11.0224,desired,-0.879998,-0.879998,-0.111111,-0.111111
11.0227,state,-0.856434,-0.816673,-0.173601,-0.070057
11.0321,state,-0.844751,-0.804824,-0.195287,-0.168740
11.0427,desired,-0.882221,-0.882221,-0.111111,-0.111111
11.0430,state,-0.801353,-0.761902,-0.155782,-0.039251
11.0521,state,-0.811543,-0.771881,-0.190646,-0.168697
11.0621,state,-0.851190,-0.809071,-0.371017,-0.188304
11.0725,desired,-0.885554,-0.885554,-0.111111,-0.111111
11.0727,state,-0.856434,-0.816673,-0.173601,-0.070057
11.0822,state,-0.844751,-0.804824,-0.195287,-0.168740
11.0921,state,-0.801353,-0.761902,-0.155782,-0.039251
11.1027,desired,-0.888887,-0.888887,-0.111111,-0.111111
11.1029,state,-0.811543,-0.771881,-0.190646,-0.168697
11.1043,state,-0.865486,-0.823932,-0.251584,-0.221727
11.1121,state,-0.856434,-0.816673,-0.173601,-0.070057
11.1221,state,-0.844751,-0.804824,-0.195287,-0.168740
11.1322,state,-0.801353,-0.761902,-0.155782,-0.039251
11.1330,desired,-0.892222,-0.892222,-0.111111,-0.111111
11.1421,state,-0.811543,-0.771881,-0.190646,-0.168697
11.1521,state,-0.865486,-0.823932,-0.251584,-0.221727
11.1621,state,-0.856434,-0.816673,-0.173601,-0.070057
11.1628,desired,-0.895554,-0.895554,-0.111111,-0.111111
11.1722,state,-0.844751,-0.804824,-0.195287,-0.168740
11.1742,state,-0.867773,-0.827922,-0.164977,-0.040703
11.1745,state,-0.877963,-0.837790,-0.199759,-0.170124
11.1825,desired,-0.897776,-0.897776,-0.111111,-0.111111
11.1828,state,-0.865486,-0.823932,-0.251584,-0.221727
11.1922,state,-0.856434,-0.816673,-0.173601,-0.070057
11.2025,desired,-0.900000,-0.900000,-0.111111,-0.111111
11.2028,state,-0.844751,-0.804824,-0.195287,-0.168740
11.2122,state,-0.867773,-0.827922,-0.164977,-0.040703
11.2221,state,-0.877963,-0.837790,-0.199759,-0.170124
11.2324,desired,-0.903332,-0.903332,-0.111111,-0.111111
11.2327,state,-0.865486,-0.823932,-0.251584,-0.221727
11.2422,state,-0.856434,-0.816673,-0.173601,-0.070057
11.2521,state,-0.844751,-0.804824,-0.195287,-0.168740
11.2625,desired,-0.906664,-0.906664,-0.111111,-0.111111
11.2627,state,-0.867773,-0.827922,-0.164977,-0.040703
11.2721,state,-0.877963,-0.837790,-0.199759,-0.170124
11.2739,state,-0.884948,-0.842401,-0.396831,-0.206820
11.2759,state,-0.890709,-0.851019,-0.179911,-0.080493
11.2821,state,-0.844751,-0.804824,-0.195287,-0.168740
11.2825,desired,-0.908887,-0.908887,-0.111111,-0.111111
11.2920,state,-0.867773,-0.827922,-0.164977,-0.040703
11.3020,state,-0.877963,-0.837790,-0.199759,-0.170124
11.3124,desired,-0.912221,-0.912221,-0.111111,-0.111111
11.3125,state,-0.884948,-0.842401,-0.396831,-0.206820
11.3221,state,-0.890709,-0.851019,-0.179911,-0.080493
11.3321,state,-0.844751,-0.804824,-0.195287,-0.168740
11.3326,desired,-0.914444,-0.914444,-0.111111,-0.111111
11.3421,state,-0.867773,-0.827922,-0.164977,-0.040703
11.3520,state,-0.877963,-0.837790,-0.199759,-0.170124
11.3621,state,-0.884948,-0.842401,-0.396831,-0.206820
11.3627,desired,-0.917781,-0.917781,-0.111111,-0.111111
11.3650,state,-0.898943,-0.857118,-0.246805,-0.190709
11.3720,state,-0.844751,-0.804824,-0.195287,-0.168740
11.3820,state,-0.867773,-0.827922,-0.164977,-0.040703
11.3920,state,-0.877963,-0.837790,-0.199759,-0.170124
11.3925,desired,-0.921108,-0.921108,-0.111111,-0.111111
11.4020,state,-0.884948,-0.842401,-0.396831,-0.206820
11.4120,state,-0.898943,-0.857118,-0.246805,-0.190709
11.4220,state,-0.844751,-0.804824,-0.195287,-0.168740
11.4224,desired,-0.924441,-0.924441,-0.111111,-0.111111
11.4320,state,-0.867773,-0.827922,-0.164977,-0.040703
11.4420,state,-0.877963,-0.837790,-0.199759,-0.170124
11.4520,state,-0.884948,-0.842401,-0.396831,-0.206820
11.4524,desired,-0.927774,-0.927774,-0.111111,-0.111111
11.4622,state,-0.898943,-0.857118,-0.246805,-0.190709
11.4635,state,-0.901009,-0.860169,-0.168562,-0.040964
11.4720,state,-0.867773,-0.827922,-0.164977,-0.040703
11.4726,desired,-0.929997,-0.929997,-0.111111,-0.111111
11.4749,state,-0.911181,-0.870659,-0.204004,-0.181855
11.4820,state,-0.884948,-0.842401,-0.396831,-0.206820
11.4920,state,-0.898943,-0.857118,-0.246805,-0.190709
11.4925,desired,-0.932220,-0.932220,-0.111111,-0.111111
11.5021,state,-0.901009,-0.860169,-0.168562,-0.040964
11.5121,state,-0.867773,-0.827922,-0.164977,-0.040703
11.5220,state,-0.911181,-0.870659,-0.204004,-0.181855
11.5226,desired,-0.935553,-0.935553,-0.111111,-0.111111
11.5321,state,-0.884948,-0.842401,-0.396831,-0.206820
11.5420,state,-0.898943,-0.857118,-0.246805,-0.190709
11.5520,state,-0.901009,-0.860169,-0.168562,-0.040964
11.5525,desired,-0.938886,-0.938886,-0.111111,-0.111111
11.5621,state,-0.867773,-0.827922,-0.164977,-0.040703
11.5721,state,-0.911181,-0.870659,-0.204004,-0.181855
11.5726,desired,-0.941109,-0.941109,-0.111111,-0.111111
11.5741,state,-0.917620,-0.874978,-0.379747,-0.185176
11.5751,state,-0.922866,-0.882448,-0.182238,-0.073086
11.5820,state,-0.901009,-0.860169,-0.168562,-0.040964
11.5920,state,-0.867773,-0.827922,-0.164977,-0.040703
11.6020,state,-0.911181,-0.870659,-0.204004,-0.181855
11.6025,desired,-0.944442,-0.944442,-0.111111,-0.111111
11.6120,state,-0.917620,-0.874978,-0.379747,-0.185176
11.6220,state,-0.922866,-0.882448,-0.182238,-0.073086
11.6321,state,-0.901009,-0.860169,-0.168562,-0.040964
11.6326,desired,-0.947776,-0.947776,-0.111111,-0.111111
11.6421,state,-0.867773,-0.827922,-0.164977,-0.040703
11.6520,state,-0.911181,-0.870659,-0.204004,-0.181855
11.6621,state,-0.917620,-0.874978,-0.379747,-0.185176
11.6625,desired,-0.951109,-0.951109,-0.111111,-0.111111
11.6721,state,-0.922866,-0.882448,-0.182238,-0.073086
11.6736,state,-0.931920,-0.889691,-0.260163,-0.223621
11.6820,state,-0.867773,-0.827922,-0.164977,-0.040703
11.6825,desired,-0.953332,-0.953332,-0.111111,-0.111111
11.6920,state,-0.911181,-0.870659,-0.204004,-0.181855
11.7021,state,-0.917620,-0.874978,-0.379747,-0.185176
11.7125,desired,-0.956665,-0.956665,-0.111111,-0.111111
11.7127,state,-0.922866,-0.882448,-0.182238,-0.073086
11.7220,state,-0.931920,-0.889691,-0.260163,-0.223621
11.7320,state,-0.867773,-0.827922,-0.164977,-0.040703
11.7420,state,-0.911181,-0.870659,-0.204004,-0.181855
11.7425,desired,-0.959997,-0.959997,-0.111111,-0.111111
11.7520,state,-0.917620,-0.874978,-0.379747,-0.185176
11.7622,state,-0.922866,-0.882448,-0.182238,-0.073086
11.7628,desired,-0.962220,-0.962220,-0.111111,-0.111111
11.7722,state,-0.931920,-0.889691,-0.260163,-0.223621
11.7735,state,-0.934208,-0.893784,-0.173488,-0.042471
11.7737,state,-0.944403,-0.903579,-0.208196,-0.172229
11.7820,state,-0.917620,-0.874978,-0.379747,-0.185176
11.7825,desired,-0.964443,-0.964443,-0.111111,-0.111111
11.7920,state,-0.922866,-0.882448,-0.182238,-0.073086
11.8020,state,-0.931920,-0.889691,-0.260163,-0.223621
11.8120,state,-0.934208,-0.893784,-0.173488,-0.042471
11.8125,desired,-0.967776,-0.967776,-0.111111,-0.111111
11.8221,state,-0.944403,-0.903579,-0.208196,-0.172229
11.8321,state,-0.917620,-0.874978,-0.379747,-0.185176
11.8421,state,-0.922866,-0.882448,-0.182238,-0.073086
11.8427,desired,-0.971110,-0.971110,-0.111111,-0.111111
11.8520,state,-0.931920,-0.889691,-0.260163,-0.223621
11.8621,state,-0.934208,-0.893784,-0.173488,-0.042471
11.8721,state,-0.944403,-0.903579,-0.208196,-0.172229
11.8728,desired,-0.974443,-0.974443,-0.111111,-0.111111
11.8738,state,-0.950844,-0.907848,-0.383859,-0.188705
11.8756,state,-0.956091,-0.915525,-0.186290,-0.076472
11.8821,state,-0.931920,-0.889691,-0.260163,-0.223621
11.8920,state,-0.934208,-0.893784,-0.173488,-0.042471
11.9020,state,-0.944403,-0.903579,-0.208196,-0.172229
11.9027,desired,-0.977776,-0.977776,-0.111111,-0.111111
11.9120,state,-0.950844,-0.907848,-0.383859,-0.188705
11.9220,state,-0.956091,-0.915525,-0.186290,-0.076472
11.9320,state,-0.931920,-0.889691,-0.260163,-0.223621
11.9327,desired,-0.981108,-0.981108,-0.111111,-0.111111
11.9420,state,-0.934208,-0.893784,-0.173488,-0.042471
11.9520,state,-0.944403,-0.903579,-0.208196,-0.172229
11.9620,state,-0.950844,-0.907848,-0.383859,-0.188705
11.9627,desired,-0.984442,-0.984442,-0.111111,-0.111111
11.9721,state,-0.956091,-0.915525,-0.186290,-0.076472
11.9736,state,-0.966008,-0.923482,-0.273619,-0.244373
11.9821,state,-0.934208,-0.893784,-0.173488,-0.042471
11.9920,state,-0.944403,-0.903579,-0.208196,-0.172229
11.9928,desired,-0.987776,-0.987776,-0.111111,-0.111111
12.0022,state,-0.950844,-0.907848,-0.383859,-0.188705
12.0121,state,-0.956091,-0.915525,-0.186290,-0.076472
12.0221,state,-0.966008,-0.923482,-0.273619,-0.244373
12.0229,desired,-0.991110,-0.991110,-0.111111,-0.111111
12.0321,state,-0.934208,-0.893784,-0.173488,-0.042471
12.0421,state,-0.944403,-0.903579,-0.208196,-0.172229
12.0521,state,-0.950844,-0.907848,-0.383859,-0.188705
12.0529,desired,-0.994445,-0.994445,-0.111111,-0.111111
12.0621,state,-0.956091,-0.915525,-0.186290,-0.076472
12.0721,state,-0.966008,-0.923482,-0.273619,-0.244373
12.0738,state,-0.968523,-0.928118,-0.178370,-0.043748
12.0754,state,-0.978736,-0.937510,-0.212328,-0.167504
12.0825,desired,-0.997776,-0.997776,-0.111111,-0.111111
12.0827,state,-0.950844,-0.907848,-0.383859,-0.188705
12.0921,state,-0.956091,-0.915525,-0.186290,-0.076472
12.1020,state,-0.966008,-0.923482,-0.273619,-0.244373
12.1121,state,-0.968523,-0.928118,-0.178370,-0.043748
12.1128,desired,-1.000000,-1.000000,0.000000,0.000000
12.1221,state,-0.978736,-0.937510,-0.212328,-0.167504
12.1321,state,-0.950844,-0.907848,-0.383859,-0.188705
12.1329,desired,-1.000000,-1.000000,0.000000,0.000000
12.1421,state,-0.956091,-0.915525,-0.186290,-0.076472
12.1522,state,-0.966008,-0.923482,-0.273619,-0.244373
12.1621,state,-0.968523,-0.928118,-0.178370,-0.043748
12.1630,desired,-1.000000,-1.000000,0.000000,0.000000
12.1722,state,-0.978736,-0.937510,-0.212328,-0.167504
12.1735,state,-0.984636,-0.941405,-0.366608,-0.172185
12.1741,state,-0.989369,-0.948220,-0.188396,-0.071481
12.1821,state,-0.966008,-0.923482,-0.273619,-0.244373
12.1829,desired,-1.000000,-1.000000,0.000000,0.000000
12.1921,state,-0.968523,-0.928118,-0.178370,-0.043748
12.2021,state,-0.978736,-0.937510,-0.212328,-0.167504
12.2030,desired,-1.000000,-1.000000,0.000000,0.000000
12.2121,state,-0.984636,-0.941405,-0.366608,-0.172185
12.2221,state,-0.989369,-0.948220,-0.188396,-0.071481
12.2321,state,-0.966008,-0.923482,-0.273619,-0.244373
12.2327,desired,-1.000000,-1.000000,0.000000,0.000000
12.2422,state,-0.968523,-0.928118,-0.178370,-0.043748
12.2521,state,-0.978736,-0.937510,-0.212328,-0.167504
12.2527,desired,-1.000000,-1.000000,0.000000,0.000000
12.2621,state,-0.984636,-0.941405,-0.366608,-0.172185
12.2721,state,-0.989369,-0.948220,-0.188396,-0.071481
12.2739,state,-0.994071,-0.950917,-0.220699,-0.100555
12.2820,state,-0.968523,-0.928118,-0.178370,-0.043748
12.2827,desired,-1.000000,-1.000000,0.000000,0.000000
12.2920,state,-0.978736,-0.937510,-0.212328,-0.167504
12.3020,state,-0.984636,-0.941405,-0.366608,-0.172185
12.3126,desired,-1.000000,-1.000000,0.000000,0.000000
12.3129,state,-0.989369,-0.948220,-0.188396,-0.071481
12.3221,state,-0.994071,-0.950917,-0.220699,-0.100555
12.3321,state,-0.968523,-0.928118,-0.178370,-0.043748
12.3420,state,-0.978736,-0.937510,-0.212328,-0.167504
12.3426,desired,-1.000000,-1.000000,0.000000,0.000000
12.3522,state,-0.984636,-0.941405,-0.366608,-0.172185
12.3621,state,-0.989369,-0.948220,-0.188396,-0.071481
12.3722,state,-0.994071,-0.950917,-0.220699,-0.100555
12.3730,desired,-1.000000,-1.000000,0.000000,0.000000
12.3736,state,-0.995231,-0.952521,-0.176785,-0.041320
12.3739,state,-0.995327,-0.952943,-0.173144,-0.039914
12.3821,state,-0.984636,-0.941405,-0.366608,-0.172185
12.3921,state,-0.989369,-0.948220,-0.188396,-0.071481
12.4022,state,-0.994071,-0.950917,-0.220699,-0.100555
12.4030,desired,-1.000000,-1.000000,0.000000,0.000000
12.4121,state,-0.995231,-0.952521,-0.176785,-0.041320
12.4221,state,-0.995327,-0.952943,-0.173144,-0.039914
12.4321,state,-0.984636,-0.941405,-0.366608,-0.172185
12.4327,desired,-1.000000,-1.000000,0.000000,0.000000
12.4422,state,-0.989369,-0.948220,-0.188396,-0.071481
12.4521,state,-0.994071,-0.950917,-0.220699,-0.100555
12.4621,state,-0.995231,-0.952521,-0.176785,-0.041320
12.4627,desired,-1.000000,-1.000000,0.000000,0.000000
12.4721,state,-0.995327,-0.952943,-0.173144,-0.039914
12.4737,state,-0.995335,-0.953310,-0.172842,-0.039096
12.4747,state,-0.995335,-0.953630,-0.172819,-0.038389
12.4822,state,-0.994071,-0.950917,-0.220699,-0.100555
12.4921,state,-0.995231,-0.952521,-0.176785,-0.041320
12.4930,desired,-1.000000,-1.000000,0.000000,0.000000
12.5021,state,-0.995327,-0.952943,-0.173144,-0.039914
12.5125,desired,-1.000000,-1.000000,0.000000,0.000000
12.5129,state,-0.995335,-0.953310,-0.172842,-0.039096
12.5222,state,-0.995335,-0.953630,-0.172819,-0.038389
12.5322,state,-0.994071,-0.950917,-0.220699,-0.100555
12.5330,desired,-1.000000,-1.000000,0.000000,0.000000
12.5422,state,-0.995231,-0.952521,-0.176785,-0.041320
12.5522,state,-0.995327,-0.952943,-0.173144,-0.039914
12.5626,desired,-1.000000,-1.000000,0.000000,0.000000
12.5630,state,-0.995335,-0.953310,-0.172842,-0.039096
12.5722,state,-0.995335,-0.953630,-0.172819,-0.038389
12.5736,state,-0.995335,-0.953909,-0.172819,-0.037776
12.5820,state,-0.995231,-0.952521,-0.176785,-0.041320
12.5925,desired,-1.000000,-1.000000,0.000000,0.000000
12.5927,state,-0.995327,-0.952943,-0.173144,-0.039914
12.6021,state,-0.995335,-0.953310,-0.172842,-0.039096
12.6120,state,-0.995335,-0.953630,-0.172819,-0.038389
12.6222,state,-0.995335,-0.953909,-0.172819,-0.037776
12.6230,desired,-1.000000,-1.000000,0.000000,0.000000
12.6322,state,-0.995231,-0.952521,-0.176785,-0.041320
12.6422,state,-0.995327,-0.952943,-0.173144,-0.039914
12.6521,state,-0.995335,-0.953310,-0.172842,-0.039096
12.6526,desired,-1.000000,-1.000000,0.000000,0.000000
12.6621,state,-0.995335,-0.953630,-0.172819,-0.038389
12.6721,state,-0.995335,-0.953909,-0.172819,-0.037776
12.6735,state,-0.995335,-0.954153,-0.172819,-0.037245
12.6747,state,-0.995335,-0.954366,-0.172819,-0.036783
12.6821,state,-0.995335,-0.953310,-0.172842,-0.039096
12.6826,desired,-1.000000,-1.000000,0.000000,0.000000
12.6921,state,-0.995335,-0.953630,-0.172819,-0.038389
12.7020,state,-0.995335,-0.953909,-0.172819,-0.037776
12.7120,state,-0.995335,-0.954153,-0.172819,-0.037245
12.7126,desired,-1.000000,-1.000000,0.000000,0.000000
12.7221,state,-0.995335,-0.954366,-0.172819,-0.036783
12.7321,state,-0.995335,-0.953310,-0.172842,-0.039096
12.7420,state,-0.995335,-0.953630,-0.172819,-0.038389
12.7427,desired,-1.000000,-1.000000,0.000000,0.000000
12.7520,state,-0.995335,-0.953909,-0.172819,-0.037776
12.7626,desired,-1.000000,-1.000000,0.000000,0.000000
12.7630,state,-0.995335,-0.954153,-0.172819,-0.037245
12.7721,state,-0.995335,-0.954366,-0.172819,-0.036783
12.7736,state,-0.995335,-0.954553,-0.172819,-0.036382
12.7743,state,-0.995335,-0.954716,-0.172819,-0.036033
12.7824,desired,-1.000000,-1.000000,0.000000,0.000000
12.7827,state,-0.995335,-0.953909,-0.172819,-0.037776
12.7921,state,-0.995335,-0.954153,-0.172819,-0.037245
12.8021,state,-0.995335,-0.954366,-0.172819,-0.036783
12.8125,desired,-1.000000,-1.000000,0.000000,0.000000
12.8127,state,-0.995335,-0.954553,-0.172819,-0.036382
12.8221,state,-0.995335,-0.954716,-0.172819,-0.036033
12.8322,state,-0.995335,-0.953909,-0.172819,-0.037776
12.8424,desired,-1.000000,-1.000000,0.000000,0.000000
12.8426,state,-0.995335,-0.954153,-0.172819,-0.037245
12.8521,state,-0.995335,-0.954366,-0.172819,-0.036783
12.8621,state,-0.995335,-0.954553,-0.172819,-0.036382
12.8627,desired,-1.000000,-1.000000,0.000000,0.000000
12.8721,state,-0.995335,-0.954716,-0.172819,-0.036033
12.8736,state,-0.995335,-0.954859,-0.172819,-0.035727
12.8822,state,-0.995335,-0.954153,-0.172819,-0.037245
12.8924,desired,-1.000000,-1.000000,0.000000,0.000000
12.8926,state,-0.995335,-0.954366,-0.172819,-0.036783
12.9021,state,-0.995335,-0.954553,-0.172819,-0.036382
12.9126,desired,-1.000000,-1.000000,0.000000,0.000000
12.9129,state,-0.995335,-0.954716,-0.172819,-0.036033
12.9221,state,-0.995335,-0.954859,-0.172819,-0.035727
12.9321,state,-0.995335,-0.954153,-0.172819,-0.037245
12.9327,desired,-1.000000,-1.000000,0.000000,0.000000
12.9421,state,-0.995335,-0.954366,-0.172819,-0.036783
12.9521,state,-0.995335,-0.954553,-0.172819,-0.036382
12.9620,state,-0.995335,-0.954716,-0.172819,-0.036033
12.9626,desired,-1.000000,-1.000000,0.000000,0.000000
12.9721,state,-0.995335,-0.954859,-0.172819,-0.035727
12.9742,state,-0.995335,-0.954984,-0.172819,-0.035461
12.9745,state,-0.995335,-0.955094,-0.172819,-0.035228
12.9821,state,-0.995335,-0.954553,-0.172819,-0.036382
12.9921,state,-0.995335,-0.954716,-0.172819,-0.036033
12.9928,desired,-1.000000,-1.000000,0.000000,0.000000
13.0021,state,-0.995335,-0.954859,-0.172819,-0.035727
13.0127,desired,-1.000000,-1.000000,0.000000,0.000000
13.0129,state,-0.995335,-0.954984,-0.172819,-0.035461
13.0221,state,-0.995335,-0.955094,-0.172819,-0.035228
13.0321,state,-0.995335,-0.954553,-0.172819,-0.036382
13.0421,state,-0.995335,-0.954716,-0.172819,-0.036033
13.0429,desired,-1.000000,-1.000000,0.000000,0.000000
13.0521,state,-0.995335,-0.954859,-0.172819,-0.035727
13.0621,state,-0.995335,-0.954984,-0.172819,-0.035461
13.0721,state,-0.995335,-0.955094,-0.172819,-0.035228
13.0727,desired,-1.000000,-1.000000,0.000000,0.000000
13.0738,state,-0.995335,-0.955191,-0.172819,-0.035025
13.0749,state,-0.995335,-0.955276,-0.172819,-0.034846
13.0821,state,-0.995335,-0.954859,-0.172819,-0.035727
13.0921,state,-0.995335,-0.954984,-0.172819,-0.035461
13.1026,desired,-1.000000,-1.000000,0.000000,0.000000
13.1029,state,-0.995335,-0.955094,-0.172819,-0.035228
13.1120,state,-0.995335,-0.955191,-0.172819,-0.035025
13.1222,state,-0.995335,-0.955276,-0.172819,-0.034846
13.1321,state,-0.995335,-0.954859,-0.172819,-0.035727
13.1329,desired,-0.919912,-0.919912,4.000000,4.000000
13.1421,state,-0.995335,-0.954984,-0.172819,-0.035461
13.1521,state,-0.995335,-0.955094,-0.172819,-0.035228
13.1620,state,-0.995335,-0.955191,-0.172819,-0.035025
13.1626,desired,-0.800000,-0.800000,4.000000,4.000000
13.1722,state,-0.995335,-0.955276,-0.172819,-0.034846
13.1751,state,-0.995335,-0.955350,-0.172819,-0.034690
13.1820,state,-0.995335,-0.954984,-0.172819,-0.035461
13.1827,desired,-0.719968,-0.719968,4.000000,4.000000
13.1921,state,-0.995335,-0.955094,-0.172819,-0.035228
13.2021,state,-0.995335,-0.955191,-0.172819,-0.035025
13.2027,desired,-0.639928,-0.639928,4.000000,4.000000
13.2120,state,-0.995335,-0.955276,-0.172819,-0.034846
13.2221,state,-0.995335,-0.955350,-0.172819,-0.034690
13.2320,state,-0.995335,-0.954984,-0.172819,-0.035461
13.2327,desired,-0.519997,-0.519997,4.000000,4.000000
13.2422,state,-0.995335,-0.955094,-0.172819,-0.035228
13.2521,state,-0.995335,-0.955191,-0.172819,-0.035025
13.2624,desired,-0.400013,-0.400013,4.000000,4.000000
13.2627,state,-0.995335,-0.955276,-0.172819,-0.034846
13.2721,state,-0.995335,-0.955350,-0.172819,-0.034690
13.2741,state,-0.995335,-0.955415,-0.172819,-0.034554
13.2756,state,-0.851277,-0.894281,0.430241,1.359658
13.2821,state,-0.995335,-0.955191,-0.172819,-0.035025
13.2924,desired,-0.279999,-0.279999,4.000000,4.000000
13.2927,state,-0.995335,-0.955276,-0.172819,-0.034846
13.3021,state,-0.995335,-0.955350,-0.172819,-0.034690
13.3121,state,-0.995335,-0.955415,-0.172819,-0.034554
13.3227,desired,-0.160025,-0.160025,4.000000,4.000000
13.3230,state,-0.851277,-0.894281,0.430241,1.359658
13.3321,state,-0.995335,-0.955191,-0.172819,-0.035025
13.3425,desired,-0.080003,-0.080003,4.000000,4.000000
13.3428,state,-0.995335,-0.955276,-0.172819,-0.034846
13.3522,state,-0.995335,-0.955350,-0.172819,-0.034690
13.3621,state,-0.995335,-0.955415,-0.172819,-0.034554
13.3726,desired,0.000000,0.000000,0.000000,0.000000
13.3729,state,-0.851277,-0.894281,0.430241,1.359658
13.3735,state,-0.641172,-0.779570,7.579211,2.070156
13.3747,state,-0.454396,-0.633261,0.547186,2.517434
13.3820,state,-0.995335,-0.955350,-0.172819,-0.034690
13.3920,state,-0.995335,-0.955415,-0.172819,-0.034554
13.4020,state,-0.851277,-0.894281,0.430241,1.359658
13.4025,desired,0.000000,0.000000,0.000000,0.000000
13.4120,state,-0.641172,-0.779570,7.579211,2.070156
13.4220,state,-0.454396,-0.633261,0.547186,2.517434
13.4320,state,-0.995335,-0.955350,-0.172819,-0.034690
13.4325,desired,0.000000,0.000000,0.000000,0.000000
13.4420,state,-0.995335,-0.955415,-0.172819,-0.034554
13.4520,state,-0.851277,-0.894281,0.430241,1.359658
13.4620,state,-0.641172,-0.779570,7.579211,2.070156
13.4625,desired,0.000000,0.000000,0.000000,0.000000
13.4721,state,-0.454396,-0.633261,0.547186,2.517434
13.4742,state,-0.128918,-0.466081,3.370127,2.822734
13.4820,state,-0.995335,-0.955415,-0.172819,-0.034554
13.4825,desired,0.000000,0.000000,0.000000,0.000000
13.4920,state,-0.851277,-0.894281,0.430241,1.359658
13.5020,state,-0.641172,-0.779570,7.579211,2.070156
13.5120,state,-0.454396,-0.633261,0.547186,2.517434
13.5126,desired,0.000000,0.000000,0.000000,0.000000
13.5221,state,-0.128918,-0.466081,3.370127,2.822734
13.5322,state,-0.995335,-0.955415,-0.172819,-0.034554
13.5329,desired,0.000000,0.000000,0.000000,0.000000
13.5422,state,-0.851277,-0.894281,0.430241,1.359658
13.5521,state,-0.641172,-0.779570,7.579211,2.070156
13.5622,state,-0.454396,-0.633261,0.547186,2.517434
13.5630,desired,0.000000,0.000000,0.000000,0.000000
13.5722,state,-0.128918,-0.466081,3.370127,2.822734
13.5749,state,-0.047044,-0.284587,0.268905,3.035722
13.5752,state,-0.004408,-0.093392,0.166976,3.181353
13.5820,state,-0.641172,-0.779570,7.579211,2.070156
13.5920,state,-0.454396,-0.633261,0.547186,2.517434
13.5926,desired,0.000000,0.000000,0.000000,0.000000
13.6021,state,-0.128918,-0.466081,3.370127,2.822734
13.6121,state,-0.047044,-0.284587,0.268905,3.035722
13.6221,state,-0.004408,-0.093392,0.166976,3.181353
13.6227,desired,0.000000,0.000000,0.000000,0.000000
13.6321,state,-0.641172,-0.779570,7.579211,2.070156
13.6421,state,-0.454396,-0.633261,0.547186,2.517434
13.6521,state,-0.128918,-0.466081,3.370127,2.822734
13.6530,desired,0.000000,0.000000,0.000000,0.000000
13.6622,state,-0.047044,-0.284587,0.268905,3.035722
13.6721,state,-0.004408,-0.093392,0.166976,3.181353
13.6730,desired,0.000000,0.000000,0.000000,0.000000
13.6740,state,-0.000362,0.092543,0.013694,2.693790
13.6754,state,-0.000030,0.190177,0.001123,1.096886
13.6821,state,-0.128918,-0.466081,3.370127,2.822734
13.6920,state,-0.047044,-0.284587,0.268905,3.035722
13.7021,state,-0.004408,-0.093392,0.166976,3.181353
13.7029,desired,0.000000,0.000000,0.000000,0.000000
13.7121,state,-0.000362,0.092543,0.013694,2.693790
13.7221,state,-0.000030,0.190177,0.001123,1.096886
13.7320,state,-0.128918,-0.466081,3.370127,2.822734
13.7326,desired,0.000000,0.000000,0.000000,0.000000
13.7420,state,-0.047044,-0.284587,0.268905,3.035722
13.7520,state,-0.004408,-0.093392,0.166976,3.181353
13.7620,state,-0.000362,0.092543,0.013694,2.693790
13.7626,desired,0.000000,0.000000,0.000000,0.000000
13.7721,state,-0.000030,0.190177,0.001123,1.096886
13.7742,state,-0.000002,0.205938,0.000092,-0.098925
13.7820,state,-0.047044,-0.284587,0.268905,3.035722
13.7826,desired,0.000000,0.000000,0.000000,0.000000
13.7921,state,-0.004408,-0.093392,0.166976,3.181353
13.8022,state,-0.000362,0.092543,0.013694,2.693790
13.8121,state,-0.000030,0.190177,0.001123,1.096886
13.8126,desired,0.000000,0.000000,0.000000,0.000000
13.8221,state,-0.000002,0.205938,0.000092,-0.098925
13.8322,state,-0.047044,-0.284587,0.268905,3.035722
13.8329,desired,0.000000,0.000000,0.000000,0.000000
13.8421,state,-0.004408,-0.093392,0.166976,3.181353
13.8521,state,-0.000362,0.092543,0.013694,2.693790
13.8621,state,-0.000030,0.190177,0.001123,1.096886
13.8626,desired,0.000000,0.000000,0.000000,0.000000
13.8721,state,-0.000002,0.205938,0.000092,-0.098925
13.8736,state,-0.000000,0.162349,0.000008,-0.993864
13.8741,state,-0.000000,0.073584,0.000001,-1.665060
13.8821,state,-0.000362,0.092543,0.013694,2.693790
13.8925,desired,0.000000,0.000000,0.000000,0.000000
13.8927,state,-0.000030,0.190177,0.001123,1.096886
13.9022,state,-0.000002,0.205938,0.000092,-0.098925
13.9121,state,-0.000000,0.162349,0.000008,-0.993864
13.9221,state,-0.000000,0.073584,0.000001,-1.665060
13.9228,desired,0.000000,0.000000,0.000000,0.000000
13.9322,state,-0.000362,0.092543,0.013694,2.693790
13.9420,state,-0.000030,0.190177,0.001123,1.096886
13.9521,state,-0.000002,0.205938,0.000092,-0.098925
13.9528,desired,0.000000,0.000000,0.000000,0.000000
13.9621,state,-0.000000,0.162349,0.000008,-0.993864
13.9721,state,-0.000000,0.073584,0.000001,-1.665060
13.9730,desired,0.000000,0.000000,0.000000,0.000000
13.9736,state,-0.000000,0.029993,0.000000,-0.076731
13.9745,state,-0.000000,0.048531,0.000000,0.277327
13.9821,state,-0.000002,0.205938,0.000092,-0.098925
13.9921,state,-0.000000,0.162349,0.000008,-0.993864
14.0020,state,-0.000000,0.073584,0.000001,-1.665060
14.0027,desired,0.000000,0.000000,0.000000,0.000000
14.0121,state,-0.000000,0.029993,0.000000,-0.076731
14.0221,state,-0.000000,0.048531,0.000000,0.277327
14.0321,state,-0.000002,0.205938,0.000092,-0.098925
14.0326,desired,0.000000,0.000000,0.000000,0.000000
14.0421,state,-0.000000,0.162349,0.000008,-0.993864
14.0521,state,-0.000000,0.073584,0.000001,-1.665060
14.0622,state,-0.000000,0.029993,0.000000,-0.076731
14.0630,desired,0.000000,0.000000,0.000000,0.000000
14.0721,state,-0.000000,0.048531,0.000000,0.277327
14.0742,state,-0.000000,0.048078,0.000000,-0.092197
14.0821,state,-0.000000,0.162349,0.000008,-0.993864
14.0921,state,-0.000000,0.073584,0.000001,-1.665060
14.0927,desired,0.000000,0.000000,0.000000,0.000000
14.1022,state,-0.000000,0.029993,0.000000,-0.076731
14.1121,state,-0.000000,0.048531,0.000000,0.277327
14.1222,state,-0.000000,0.048078,0.000000,-0.092197
14.1229,desired,0.000000,0.000000,0.000000,0.000000
14.1321,state,-0.000000,0.162349,0.000008,-0.993864
14.1421,state,-0.000000,0.073584,0.000001,-1.665060
14.1522,state,-0.000000,0.029993,0.000000,-0.076731
14.1530,desired,0.000000,0.000000,0.000000,0.000000
14.1621,state,-0.000000,0.048531,0.000000,0.277327
14.1720,state,-0.000000,0.048078,0.000000,-0.092197
14.1736,state,-0.000000,0.042831,0.000000,-0.048363
14.1738,state,-0.000000,0.040748,0.000000,-0.029870
14.1821,state,-0.000000,0.029993,0.000000,-0.076731
14.1829,desired,0.000000,0.000000,0.000000,0.000000
14.1921,state,-0.000000,0.048531,0.000000,0.277327
14.2022,state,-0.000000,0.048078,0.000000,-0.092197
14.2121,state,-0.000000,0.042831,0.000000,-0.048363
14.2127,desired,0.000000,0.000000,0.000000,0.000000
14.2222,state,-0.000000,0.040748,0.000000,-0.029870
14.2321,state,-0.000000,0.029993,0.000000,-0.076731
14.2423,state,-0.000000,0.048531,0.000000,0.277327
14.2433,desired,0.000000,0.000000,0.000000,0.000000
14.2520,state,-0.000000,0.048078,0.000000,-0.092197
14.2621,state,-0.000000,0.042831,0.000000,-0.048363
14.2721,state,-0.000000,0.040748,0.000000,-0.029870
14.2730,desired,0.000000,0.000000,0.000000,0.000000
14.2743,state,-0.000000,0.038920,0.000000,-0.026412
14.2758,state,-0.000000,0.037289,0.000000,-0.023512
14.2821,state,-0.000000,0.048078,0.000000,-0.092197
14.2920,state,-0.000000,0.042831,0.000000,-0.048363
14.3020,state,-0.000000,0.040748,0.000000,-0.029870
14.3025,desired,0.000000,0.000000,0.000000,0.000000
14.3121,state,-0.000000,0.038920,0.000000,-0.026412
14.3220,state,-0.000000,0.037289,0.000000,-0.023512
14.3321,state,-0.000000,0.048078,0.000000,-0.092197
14.3330,desired,0.000000,0.000000,0.000000,0.000000
14.3420,state,-0.000000,0.042831,0.000000,-0.048363
14.3521,state,-0.000000,0.040748,0.000000,-0.029870
14.3620,state,-0.000000,0.038920,0.000000,-0.026412
14.3625,desired,0.000000,0.000000,0.000000,0.000000
14.3722,state,-0.000000,0.037289,0.000000,-0.023512
14.3740,state,-0.000000,0.035826,0.000000,-0.021059
14.3820,state,-0.000000,0.042831,0.000000,-0.048363
14.3920,state,-0.000000,0.040748,0.000000,-0.029870
14.3925,desired,0.000000,0.000000,0.000000,0.000000
14.4020,state,-0.000000,0.038920,0.000000,-0.026412
14.4120,state,-0.000000,0.037289,0.000000,-0.023512
14.4221,state,-0.000000,0.035826,0.000000,-0.021059
14.4228,desired,0.000000,0.000000,0.000000,0.000000
14.4321,state,-0.000000,0.042831,0.000000,-0.048363
14.4420,state,-0.000000,0.040748,0.000000,-0.029870
14.4521,state,-0.000000,0.038920,0.000000,-0.026412
14.4529,desired,0.000000,0.000000,0.000000,0.000000
14.4620,state,-0.000000,0.037289,0.000000,-0.023512
14.4721,state,-0.000000,0.035826,0.000000,-0.021059
14.4743,state,-0.000000,0.034504,0.000000,-0.018966
14.4758,state,-0.000000,0.033304,0.000000,-0.017169
14.4820,state,-0.000000,0.038920,0.000000,-0.026412
14.4825,desired,0.000000,0.000000,0.000000,0.000000
14.4921,state,-0.000000,0.037289,0.000000,-0.023512
14.5020,state,-0.000000,0.035826,0.000000,-0.021059
14.5121,state,-0.000000,0.034504,0.000000,-0.018966
14.5129,desired,0.000000,0.000000,0.000000,0.000000
14.5220,state,-0.000000,0.033304,0.000000,-0.017169
14.5320,state,-0.000000,0.038920,0.000000,-0.026412
14.5421,state,-0.000000,0.037289,0.000000,-0.023512
14.5429,desired,0.000000,0.000000,0.000000,0.000000
14.5520,state,-0.000000,0.035826,0.000000,-0.021059
14.5621,state,-0.000000,0.034504,0.000000,-0.018966
14.5720,state,-0.000000,0.033304,0.000000,-0.017169
14.5725,desired,0.000000,0.000000,0.000000,0.000000
14.5740,state,-0.000000,0.032210,0.000000,-0.015615
14.5754,state,-0.000000,0.031207,0.000000,-0.014262
14.5821,state,-0.000000,0.035826,0.000000,-0.021059
14.5920,state,-0.000000,0.034504,0.000000,-0.018966
14.6022,state,-0.000000,0.033304,0.000000,-0.017169
14.6030,desired,0.000000,0.000000,0.000000,0.000000
14.6120,state,-0.000000,0.032210,0.000000,-0.015615
14.6221,state,-0.000000,0.031207,0.000000,-0.014262
14.6321,state,-0.000000,0.035826,0.000000,-0.021059
14.6327,desired,0.000000,0.000000,0.000000,0.000000
14.6420,state,-0.000000,0.034504,0.000000,-0.018966
14.6520,state,-0.000000,0.033304,0.000000,-0.017169
14.6620,state,-0.000000,0.032210,0.000000,-0.015615
14.6625,desired,0.000000,0.000000,0.000000,0.000000
14.6721,state,-0.000000,0.031207,0.000000,-0.014262
14.6736,state,-0.000000,0.030284,0.000000,-0.013078
14.6821,state,-0.000000,0.034504,0.000000,-0.018966
14.6921,state,-0.000000,0.033304,0.000000,-0.017169
14.6924,desired,0.000000,0.000000,0.000000,0.000000
14.7022,state,-0.000000,0.032210,0.000000,-0.015615
14.7120,state,-0.000000,0.031207,0.000000,-0.014262
14.7220,state,-0.000000,0.030284,0.000000,-0.013078
14.7226,desired,0.000000,0.000000,0.000000,0.000000
14.7321,state,-0.000000,0.034504,0.000000,-0.018966
14.7421,state,-0.000000,0.033304,0.000000,-0.017169
14.7426,desired,0.000000,0.000000,0.000000,0.000000
14.7520,state,-0.000000,0.032210,0.000000,-0.015615
14.7620,state,-0.000000,0.031207,0.000000,-0.014262
14.7721,state,-0.000000,0.030284,0.000000,-0.013078
14.7726,desired,0.000000,0.000000,0.000000,0.000000
14.7733,state,-0.000000,0.029432,0.000000,-0.012036
14.7735,state,-0.000000,0.028642,0.000000,-0.011115
14.7820,state,-0.000000,0.032210,0.000000,-0.015615
14.7920,state,-0.000000,0.031207,0.000000,-0.014262
14.8022,state,-0.000000,0.030284,0.000000,-0.013078
14.8028,desired,0.000000,0.000000,0.000000,0.000000
14.8121,state,-0.000000,0.029432,0.000000,-0.012036
14.8220,state,-0.000000,0.028642,0.000000,-0.011115
14.8322,state,-0.000000,0.032210,0.000000,-0.015615
14.8330,desired,0.000000,0.000000,0.000000,0.000000
14.8420,state,-0.000000,0.031207,0.000000,-0.014262
14.8520,state,-0.000000,0.030284,0.000000,-0.013078
14.8620,state,-0.000000,0.029432,0.000000,-0.012036
14.8625,desired,0.000000,0.000000,0.000000,0.000000
14.8722,state,-0.000000,0.028642,0.000000,-0.011115
14.8743,state,-0.000000,0.027907,0.000000,-0.010295
14.8760,state,-0.000000,0.027222,0.000000,-0.009564
14.8820,state,-0.000000,0.030284,0.000000,-0.013078
14.8825,desired,0.000000,0.000000,0.000000,0.000000
14.8920,state,-0.000000,0.029432,0.000000,-0.012036
14.9021,state,-0.000000,0.028642,0.000000,-0.011115
14.9122,state,-0.000000,0.027907,0.000000,-0.010295
14.9127,desired,0.000000,0.000000,0.000000,0.000000
14.9220,state,-0.000000,0.027222,0.000000,-0.009564
14.9321,state,-0.000000,0.030284,0.000000,-0.013078
14.9420,state,-0.000000,0.029432,0.000000,-0.012036
14.9424,desired,0.000000,0.000000,0.000000,0.000000
14.9521,state,-0.000000,0.028642,0.000000,-0.011115
14.9622,state,-0.000000,0.027907,0.000000,-0.010295
14.9630,desired,0.000000,0.000000,0.000000,0.000000
14.9721,state,-0.000000,0.027222,0.000000,-0.009564
14.9734,state,-0.000000,0.026581,0.000000,-0.008909
14.9820,state,-0.000000,0.029432,0.000000,-0.012036
14.9920,state,-0.000000,0.028642,0.000000,-0.011115
14.9926,desired,0.000000,0.000000,0.000000,0.000000
15.0022,state,-0.000000,0.027907,0.000000,-0.010295
15.0120,state,-0.000000,0.027222,0.000000,-0.009564
15.0221,state,-0.000000,0.026581,0.000000,-0.008909
15.0227,desired,0.000000,0.000000,0.000000,0.000000
15.0322,state,-0.000000,0.029432,0.000000,-0.012036
15.0420,state,-0.000000,0.028642,0.000000,-0.011115
15.0522,state,-0.000000,0.027907,0.000000,-0.010295
15.0527,desired,0.000000,0.000000,0.000000,0.000000
15.0620,state,-0.000000,0.027222,0.000000,-0.009564
15.0721,state,-0.000000,0.026581,0.000000,-0.008909
15.0747,state,-0.000000,0.025980,0.000000,-0.008319
15.0768,state,-0.000000,0.025415,0.000000,-0.007786
15.0821,state,-0.000000,0.027907,0.000000,-0.010295
15.0829,desired,0.000000,0.000000,0.000000,0.000000
15.0920,state,-0.000000,0.027222,0.000000,-0.009564
15.1021,state,-0.000000,0.026581,0.000000,-0.008909
15.1120,state,-0.000000,0.025980,0.000000,-0.008319
15.1125,desired,0.000000,0.000000,0.000000,0.000000
15.1221,state,-0.000000,0.025415,0.000000,-0.007786
15.1322,state,-0.000000,0.027907,0.000000,-0.010295
15.1330,desired,0.000000,0.000000,0.000000,0.000000
15.1422,state,-0.000000,0.027222,0.000000,-0.009564
15.1520,state,-0.000000,0.026581,0.000000,-0.008909
15.1620,state,-0.000000,0.025980,0.000000,-0.008319
15.1627,desired,0.000000,0.000000,0.000000,0.000000
15.1722,state,-0.000000,0.025415,0.000000,-0.007786
15.1750,state,-0.000000,0.024883,0.000000,-0.007304
15.1765,state,-0.000000,0.024380,0.000000,-0.006865
15.1820,state,-0.000000,0.026581,0.000000,-0.008909
15.1826,desired,0.000000,0.000000,0.000000,0.000000
15.1921,state,-0.000000,0.025980,0.000000,-0.008319
15.2020,state,-0.000000,0.025415,0.000000,-0.007786
15.2120,state,-0.000000,0.024883,0.000000,-0.007304
15.2125,desired,0.000000,0.000000,0.000000,0.000000
15.2220,state,-0.000000,0.024380,0.000000,-0.006865
15.2321,state,-0.000000,0.026581,0.000000,-0.008909
15.2329,desired,0.000000,0.000000,0.000000,0.000000
15.2421,state,-0.000000,0.025980,0.000000,-0.008319
15.2521,state,-0.000000,0.025415,0.000000,-0.007786
15.2620,state,-0.000000,0.024883,0.000000,-0.007304
15.2625,desired,0.000000,0.000000,0.000000,0.000000
15.2720,state,-0.000000,0.024380,0.000000,-0.006865
15.2734,state,-0.000000,0.023905,0.000000,-0.006465
15.2820,state,-0.000000,0.025980,0.000000,-0.008319
15.2920,state,-0.000000,0.025415,0.000000,-0.007786
15.2925,desired,0.000000,0.000000,0.000000,0.000000
15.3022,state,-0.000000,0.024883,0.000000,-0.007304
15.3120,state,-0.000000,0.024380,0.000000,-0.006865
15.3220,state,-0.000000,0.023905,0.000000,-0.006465
15.3225,desired,0.000000,0.000000,0.000000,0.000000
15.3322,state,-0.000000,0.025980,0.000000,-0.008319
15.3421,state,-0.000000,0.025415,0.000000,-0.007786
15.3521,state,-0.000000,0.024883,0.000000,-0.007304
15.3529,desired,0.000000,0.000000,0.000000,0.000000
15.3620,state,-0.000000,0.024380,0.000000,-0.006865
15.3722,state,-0.000000,0.023905,0.000000,-0.006465
15.3742,state,-0.000000,0.023454,0.000000,-0.006099
15.3745,state,-0.000000,0.023026,0.000000,-0.005763
15.3820,state,-0.000000,0.024883,0.000000,-0.007304
15.3827,desired,0.080002,0.080002,4.000000,4.000000
15.3921,state,-0.000000,0.024380,0.000000,-0.006865
15.4021,state,-0.000000,0.023905,0.000000,-0.006465
15.4029,desired,0.160111,0.160111,4.000000,4.000000
15.4120,state,-0.000000,0.023454,0.000000,-0.006099
15.4220,state,-0.000000,0.023026,0.000000,-0.005763
15.4320,state,-0.000000,0.024883,0.000000,-0.007304
15.4326,desired,0.279976,0.279976,4.000000,4.000000
15.4420,state,-0.000000,0.024380,0.000000,-0.006865
15.4520,state,-0.000000,0.023905,0.000000,-0.006465
15.4620,state,-0.000000,0.023454,0.000000,-0.006099
15.4625,desired,0.399932,0.399932,4.000000,4.000000
15.4720,state,-0.000000,0.023026,0.000000,-0.005763
15.4735,state,-0.000000,0.022620,0.000000,-0.005455
15.4743,state,-0.000000,0.022232,0.000000,-0.005171
15.4820,state,-0.000000,0.023905,0.000000,-0.006465
15.4825,desired,0.479951,0.479951,4.000000,4.000000
15.4920,state,-0.000000,0.023454,0.000000,-0.006099
15.5024,desired,0.560001,0.560001,4.000000,4.000000
15.5026,state,-0.000000,0.023026,0.000000,-0.005763
15.5120,state,-0.000000,0.022620,0.000000,-0.005455
15.5220,state,-0.000000,0.022232,0.000000,-0.005171
15.5321,state,-0.000000,0.023905,0.000000,-0.006465
15.5327,desired,0.680006,0.680006,4.000000,4.000000
15.5421,state,-0.000000,0.023454,0.000000,-0.006099
15.5520,state,-0.000000,0.023026,0.000000,-0.005763
15.5620,state,-0.000000,0.022620,0.000000,-0.005455
15.5625,desired,0.799938,0.799938,4.000000,4.000000
15.5720,state,-0.000000,0.022232,0.000000,-0.005171
15.5733,state,0.309978,0.070180,3.405445,1.454535
15.5820,state,-0.000000,0.023454,0.000000,-0.006099
15.5826,desired,0.880005,0.880005,4.000000,4.000000
15.5921,state,-0.000000,0.023026,0.000000,-0.005763
15.6021,state,-0.000000,0.022620,0.000000,-0.005455
15.6120,state,-0.000000,0.022232,0.000000,-0.005171
15.6126,desired,0.999989,0.999989,4.000000,4.000000
15.6220,state,0.309978,0.070180,3.405445,1.454535
15.6321,state,-0.000000,0.023454,0.000000,-0.006099
15.6421,state,-0.000000,0.023026,0.000000,-0.005763
15.6428,desired,1.000000,1.000000,0.000000,0.000000
15.6520,state,-0.000000,0.022620,0.000000,-0.005455
15.6621,state,-0.000000,0.022232,0.000000,-0.005171
15.6722,state,0.309978,0.070180,3.405445,1.454535
15.6730,desired,1.000000,1.000000,0.000000,0.000000
15.6747,state,0.390567,0.188833,0.352954,2.143323
15.6762,state,0.757028,0.332711,1.621974,2.475066
15.6821,state,-0.000000,0.022620,0.000000,-0.005455
15.6920,state,-0.000000,0.022232,0.000000,-0.005171
15.7020,state,0.309978,0.070180,3.405445,1.454535
15.7025,desired,1.000000,1.000000,0.000000,0.000000
15.7120,state,0.390567,0.188833,0.352954,2.143323
15.7220,state,0.757028,0.332711,1.621974,2.475066
15.7320,state,-0.000000,0.022620,0.000000,-0.005455
15.7325,desired,1.000000,1.000000,0.000000,0.000000
15.7420,state,-0.000000,0.022232,0.000000,-0.005171
15.7520,state,0.309978,0.070180,3.405445,1.454535
15.7620,state,0.390567,0.188833,0.352954,2.143323
15.7625,desired,1.000000,1.000000,0.000000,0.000000
15.7722,state,0.757028,0.332711,1.621974,2.475066
15.7742,state,0.890772,0.491013,4.111974,2.683316
15.7763,state,0.986672,0.658833,0.500951,2.826178
15.7821,state,0.309978,0.070180,3.405445,1.454535
15.7829,desired,1.000000,1.000000,0.000000,0.000000
15.7921,state,0.390567,0.188833,0.352954,2.143323
15.8020,state,0.757028,0.332711,1.621974,2.475066
15.8127,desired,1.000000,1.000000,0.000000,0.000000
15.8130,state,0.890772,0.491013,4.111974,2.683316
15.8220,state,0.986672,0.658833,0.500951,2.826178
15.8322,state,0.309978,0.070180,3.405445,1.454535
15.8420,state,0.390567,0.188833,0.352954,2.143323
15.8425,desired,1.000000,1.000000,0.000000,0.000000
15.8520,state,0.757028,0.332711,1.621974,2.475066
15.8620,state,0.890772,0.491013,4.111974,2.683316
15.8722,state,0.986672,0.658833,0.500951,2.826178
15.8730,desired,1.000000,1.000000,0.000000,0.000000
15.8743,state,0.994618,0.833163,0.199992,2.925513
15.8820,state,0.390567,0.188833,0.352954,2.143323
15.8920,state,0.757028,0.332711,1.621974,2.475066
15.9021,state,0.890772,0.491013,4.111974,2.683316
15.9027,desired,1.000000,1.000000,0.000000,0.000000
15.9120,state,0.986672,0.658833,0.500951,2.826178
15.9220,state,0.994618,0.833163,0.199992,2.925513
15.9325,desired,1.000000,1.000000,0.000000,0.000000
15.9328,state,0.390567,0.188833,0.352954,2.143323
15.9421,state,0.757028,0.332711,1.621974,2.475066
15.9521,state,0.890772,0.491013,4.111974,2.683316
15.9621,state,0.986672,0.658833,0.500951,2.826178
15.9629,desired,1.000000,1.000000,0.000000,0.000000
15.9721,state,0.994618,0.833163,0.199992,2.925513
15.9742,state,0.995276,1.011891,0.175064,2.993171
15.9745,state,0.995331,1.133140,0.173002,1.411993
15.9822,state,0.890772,0.491013,4.111974,2.683316
15.9830,desired,1.000000,1.000000,0.000000,0.000000
15.9922,state,0.986672,0.658833,0.500951,2.826178
16.0022,state,0.994618,0.833163,0.199992,2.925513
16.0122,state,0.995276,1.011891,0.175064,2.993171
16.0130,desired,1.000000,1.000000,0.000000,0.000000
16.0221,state,0.995331,1.133140,0.173002,1.411993
16.0322,state,0.890772,0.491013,4.111974,2.683316
16.0425,desired,1.000000,1.000000,0.000000,0.000000
16.0427,state,0.986672,0.658833,0.500951,2.826178
16.0521,state,0.994618,0.833163,0.199992,2.925513
16.0621,state,0.995276,1.011891,0.175064,2.993171
16.0722,state,0.995331,1.133140,0.173002,1.411993
16.0730,desired,1.000000,1.000000,0.000000,0.000000
16.0757,state,0.995335,1.155977,0.172828,-0.057737
16.0773,state,0.995335,1.107071,0.172819,-1.098718
16.0821,state,0.994618,0.833163,0.199992,2.925513
16.0921,state,0.995276,1.011891,0.175064,2.993171
16.1021,state,0.995331,1.133140,0.173002,1.411993
16.1028,desired,1.000000,1.000000,0.000000,0.000000
16.1120,state,0.995335,1.155977,0.172828,-0.057737
16.1221,state,0.995335,1.107071,0.172819,-1.098718
16.1321,state,0.994618,0.833163,0.199992,2.925513
16.1328,desired,1.000000,1.000000,0.000000,0.000000
16.1422,state,0.995276,1.011891,0.175064,2.993171
16.1521,state,0.995331,1.133140,0.173002,1.411993
16.1622,state,0.995335,1.155977,0.172828,-0.057737
16.1630,desired,1.000000,1.000000,0.000000,0.000000
16.1722,state,0.995335,1.107071,0.172819,-1.098718
16.1743,state,0.995335,1.030610,0.172819,-0.838429
16.1822,state,0.995276,1.011891,0.175064,2.993171
16.1922,state,0.995331,1.133140,0.173002,1.411993
16.1930,desired,1.000000,1.000000,0.000000,0.000000
16.2022,state,0.995335,1.155977,0.172828,-0.057737
16.2120,state,0.995335,1.107071,0.172819,-1.098718
16.2220,state,0.995335,1.030610,0.172819,-0.838429
16.2227,desired,1.000000,1.000000,0.000000,0.000000
16.2321,state,0.995276,1.011891,0.175064,2.993171
16.2421,state,0.995331,1.133140,0.173002,1.411993
16.2520,state,0.995335,1.155977,0.172828,-0.057737
16.2527,desired,1.000000,1.000000,0.000000,0.000000
16.2620,state,0.995335,1.107071,0.172819,-1.098718
16.2720,state,0.995335,1.030610,0.172819,-0.838429
16.2731,state,0.995335,1.035695,0.172819,0.311024
16.2742,state,0.995335,1.039143,0.172819,-0.020229
16.2820,state,0.995335,1.155977,0.172828,-0.057737
16.2827,desired,1.000000,1.000000,0.000000,0.000000
16.2920,state,0.995335,1.107071,0.172819,-1.098718
16.3020,state,0.995335,1.030610,0.172819,-0.838429
16.3123,desired,1.000000,1.000000,0.000000,0.000000
16.3124,state,0.995335,1.035695,0.172819,0.311024
16.3221,state,0.995335,1.039143,0.172819,-0.020229
16.3321,state,0.995335,1.155977,0.172828,-0.057737
16.3425,desired,1.000000,1.000000,0.000000,0.000000
16.3428,state,0.995335,1.107071,0.172819,-1.098718
16.3521,state,0.995335,1.030610,0.172819,-0.838429
16.3621,state,0.995335,1.035695,0.172819,0.311024
16.3721,state,0.995335,1.039143,0.172819,-0.020229
16.3727,desired,1.000000,1.000000,0.000000,0.000000
16.3736,state,0.995335,1.034218,0.172819,-0.035651
16.3744,state,0.995335,1.030915,0.172819,-0.014001
16.3820,state,0.995335,1.030610,0.172819,-0.838429
16.3920,state,0.995335,1.035695,0.172819,0.311024
16.4023,desired,1.000000,1.000000,0.000000,0.000000
16.4024,state,0.995335,1.039143,0.172819,-0.020229
16.4120,state,0.995335,1.034218,0.172819,-0.035651
16.4225,desired,1.000000,1.000000,0.000000,0.000000
16.4227,state,0.995335,1.030915,0.172819,-0.014001
16.4321,state,0.995335,1.030610,0.172819,-0.838429
16.4425,desired,1.000000,1.000000,0.000000,0.000000
16.4427,state,0.995335,1.035695,0.172819,0.311024
16.4521,state,0.995335,1.039143,0.172819,-0.020229
16.4620,state,0.995335,1.034218,0.172819,-0.035651
16.4721,state,0.995335,1.030915,0.172819,-0.014001
16.4730,desired,1.000000,1.000000,0.000000,0.000000
16.4741,state,0.995335,1.027983,0.172819,-0.010465
16.4820,state,0.995335,1.035695,0.172819,0.311024
16.4921,state,0.995335,1.039143,0.172819,-0.020229
16.5020,state,0.995335,1.034218,0.172819,-0.035651
16.5027,desired,1.000000,1.000000,0.000000,0.000000
16.5120,state,0.995335,1.030915,0.172819,-0.014001
16.5220,state,0.995335,1.027983,0.172819,-0.010465
16.5320,state,0.995335,1.035695,0.172819,0.311024
16.5327,desired,1.000000,1.000000,0.000000,0.000000
16.5420,state,0.995335,1.039143,0.172819,-0.020229
16.5520,state,0.995335,1.034218,0.172819,-0.035651
16.5621,state,0.995335,1.030915,0.172819,-0.014001
16.5629,desired,1.000000,1.000000,0.000000,0.000000
16.5722,state,0.995335,1.027983,0.172819,-0.010465
16.5741,state,0.995335,1.025243,0.172819,-0.007704
16.5745,state,0.995335,1.022654,0.172819,-0.005545
16.5820,state,0.995335,1.034218,0.172819,-0.035651
16.5921,state,0.995335,1.030915,0.172819,-0.014001
16.5930,desired,1.000000,1.000000,0.000000,0.000000
16.6021,state,0.995335,1.027983,0.172819,-0.010465
16.6122,state,0.995335,1.025243,0.172819,-0.007704
16.6224,desired,1.000000,1.000000,0.000000,0.000000
16.6226,state,0.995335,1.022654,0.172819,-0.005545
16.6321,state,0.995335,1.034218,0.172819,-0.035651
16.6420,state,0.995335,1.030915,0.172819,-0.014001
16.6521,state,0.995335,1.027983,0.172819,-0.010465
16.6526,desired,1.000000,1.000000,0.000000,0.000000
16.6620,state,0.995335,1.025243,0.172819,-0.007704
16.6720,state,0.995335,1.022654,0.172819,-0.005545
16.6733,state,0.995335,1.020183,0.172819,-0.003874
16.6744,state,0.995335,1.017803,0.172819,-0.002603
16.6820,state,0.995335,1.027983,0.172819,-0.010465
16.6825,desired,1.000000,1.000000,0.000000,0.000000
16.6920,state,0.995335,1.025243,0.172819,-0.007704
16.7027,desired,1.000000,1.000000,0.000000,0.000000
16.7030,state,0.995335,1.022654,0.172819,-0.005545
16.7120,state,0.995335,1.020183,0.172819,-0.003874
16.7221,state,0.995335,1.017803,0.172819,-0.002603
16.7229,desired,1.000000,1.000000,0.000000,0.000000
16.7320,state,0.995335,1.027983,0.172819,-0.010465
16.7420,state,0.995335,1.025243,0.172819,-0.007704
16.7521,state,0.995335,1.022654,0.172819,-0.005545
16.7526,desired,1.000000,1.000000,0.000000,0.000000
16.7622,state,0.995335,1.020183,0.172819,-0.003874
16.7720,state,0.995335,1.017803,0.172819,-0.002603
16.7731,state,0.995335,1.015492,0.172819,-0.001655
16.7820,state,0.995335,1.025243,0.172819,-0.007704
16.7825,desired,1.000000,1.000000,0.000000,0.000000
16.7921,state,0.995335,1.022654,0.172819,-0.005545
16.8020,state,0.995335,1.020183,0.172819,-0.003874
16.8121,state,0.995335,1.017803,0.172819,-0.002603
16.8125,desired,1.000000,1.000000,0.000000,0.000000
16.8221,state,0.995335,1.015492,0.172819,-0.001655
16.8322,state,0.995335,1.025243,0.172819,-0.007704
16.8330,desired,1.000000,1.000000,0.000000,0.000000
16.8420,state,0.995335,1.022654,0.172819,-0.005545
16.8527,desired,1.000000,1.000000,0.000000,0.000000
16.8530,state,0.995335,1.020183,0.172819,-0.003874
16.8620,state,0.995335,1.017803,0.172819,-0.002603
16.8720,state,0.995335,1.015492,0.172819,-0.001655
16.8738,state,0.995335,1.013232,0.172819,-0.000979
16.8745,state,0.995335,1.011007,0.172819,-0.000519
16.8820,state,0.995335,1.020183,0.172819,-0.003874
16.8825,desired,1.000000,1.000000,0.000000,0.000000
16.8920,state,0.995335,1.017803,0.172819,-0.002603
16.9020,state,0.995335,1.015492,0.172819,-0.001655
16.9026,desired,1.000000,1.000000,0.000000,0.000000
16.9120,state,0.995335,1.013232,0.172819,-0.000979
16.9220,state,0.995335,1.011007,0.172819,-0.000519
16.9320,state,0.995335,1.020183,0.172819,-0.003874
16.9326,desired,1.000000,1.000000,0.000000,0.000000
16.9420,state,0.995335,1.017803,0.172819,-0.002603
16.9520,state,0.995335,1.015492,0.172819,-0.001655
16.9620,state,0.995335,1.013232,0.172819,-0.000979
16.9626,desired,1.000000,1.000000,0.000000,0.000000
16.9720,state,0.995335,1.011007,0.172819,-0.000519
16.9733,state,0.995335,1.008809,0.172819,-0.000233
16.9743,state,0.995335,1.006625,0.172819,-0.000079
16.9820,state,0.995335,1.015492,0.172819,-0.001655
16.9924,desired,1.000000,1.000000,0.000000,0.000000
16.9926,state,0.995335,1.013232,0.172819,-0.000979
17.0020,state,0.995335,1.011007,0.172819,-0.000519
17.0120,state,0.995335,1.008809,0.172819,-0.000233
17.0220,state,0.995335,1.006625,0.172819,-0.000079
17.0224,desired,1.000000,1.000000,0.000000,0.000000
17.0320,state,0.995335,1.015492,0.172819,-0.001655
17.0421,state,0.995335,1.013232,0.172819,-0.000979
17.0526,desired,1.000000,1.000000,0.000000,0.000000
17.0528,state,0.995335,1.011007,0.172819,-0.000519
17.0621,state,0.995335,1.008809,0.172819,-0.000233
17.0721,state,0.995335,1.006625,0.172819,-0.000079
17.0736,state,0.995335,1.004450,0.172819,-0.000015
17.0820,state,0.995335,1.013232,0.172819,-0.000979
17.0826,desired,1.000000,1.000000,0.000000,0.000000
17.0920,state,0.995335,1.011007,0.172819,-0.000519
17.1020,state,0.995335,1.008809,0.172819,-0.000233
17.1120,state,0.995335,1.006625,0.172819,-0.000079
17.1125,desired,1.000000,1.000000,0.000000,0.000000
17.1220,state,0.995335,1.004450,0.172819,-0.000015
17.1320,state,0.995335,1.013232,0.172819,-0.000979
17.1420,state,0.995335,1.011007,0.172819,-0.000519
17.1425,desired,1.000000,1.000000,0.000000,0.000000
17.1520,state,0.995335,1.008809,0.172819,-0.000233
17.1620,state,0.995335,1.006625,0.172819,-0.000079
17.1625,desired,1.000000,1.000000,0.000000,0.000000
17.1721,state,0.995335,1.004450,0.172819,-0.000015
17.1733,state,0.995335,1.002279,0.172819,-0.000001
17.1734,state,0.995335,1.000112,0.172819,0.000001
17.1820,state,0.995335,1.008809,0.172819,-0.000233
17.1923,desired,1.000000,1.000000,0.000000,0.000000
17.1925,state,0.995335,1.006625,0.172819,-0.000079
17.2020,state,0.995335,1.004450,0.172819,-0.000015
17.2120,state,0.995335,1.002279,0.172819,-0.000001
17.2220,state,0.995335,1.000112,0.172819,0.000001
17.2226,desired,1.000000,1.000000,0.000000,0.000000
17.2322,state,0.995335,1.008809,0.172819,-0.000233
17.2423,desired,1.000000,1.000000,0.000000,0.000000
17.2426,state,0.995335,1.006625,0.172819,-0.000079
17.2520,state,0.995335,1.004450,0.172819,-0.000015
17.2621,state,0.995335,1.002279,0.172819,-0.000001
17.2720,state,0.995335,1.000112,0.172819,0.000001
17.2725,desired,1.000000,1.000000,0.000000,0.000000
17.2733,state,0.995335,0.997949,0.172819,0.000033
17.2742,state,0.995335,0.995794,0.172819,0.000134
17.2820,state,0.995335,1.004450,0.172819,-0.000015
17.2921,state,0.995335,1.002279,0.172819,-0.000001
17.3022,state,0.995335,1.000112,0.172819,0.000001
17.3028,desired,1.000000,1.000000,0.000000,0.000000
17.3121,state,0.995335,0.997949,0.172819,0.000033
17.3220,state,0.995335,0.995794,0.172819,0.000134
17.3321,state,0.995335,1.004450,0.172819,-0.000015
17.3327,desired,1.000000,1.000000,0.000000,0.000000
17.3421,state,0.995335,1.002279,0.172819,-0.000001
17.3521,state,0.995335,1.000112,0.172819,0.000001
17.3621,state,0.995335,0.997949,0.172819,0.000033
17.3626,desired,1.000000,1.000000,0.000000,0.000000
17.3721,state,0.995335,0.995794,0.172819,0.000134
17.3740,state,0.995335,0.993652,0.172819,0.000338
17.3820,state,0.995335,1.002279,0.172819,-0.000001
17.3921,state,0.995335,1.000112,0.172819,0.000001
17.3930,desired,1.000000,1.000000,0.000000,0.000000
17.4020,state,0.995335,0.997949,0.172819,0.000033
17.4120,state,0.995335,0.995794,0.172819,0.000134
17.4220,state,0.995335,0.993652,0.172819,0.000338
17.4225,desired,1.000000,1.000000,0.000000,0.000000
17.4320,state,0.995335,1.002279,0.172819,-0.000001
17.4421,state,0.995335,1.000112,0.172819,0.000001
17.4428,desired,1.000000,1.000000,0.000000,0.000000
17.4520,state,0.995335,0.997949,0.172819,0.000033
17.4620,state,0.995335,0.995794,0.172819,0.000134
17.4720,state,0.995335,0.993652,0.172819,0.000338
17.4726,desired,1.000000,1.000000,0.000000,0.000000
17.4732,state,0.995335,0.991531,0.172819,0.000677
17.4743,state,0.995335,0.989441,0.172819,0.001175
17.4820,state,0.995335,0.997949,0.172819,0.000033
17.4920,state,0.995335,0.995794,0.172819,0.000134
17.5021,state,0.995335,0.993652,0.172819,0.000338
17.5026,desired,1.000000,1.000000,0.000000,0.000000
17.5121,state,0.995335,0.991531,0.172819,0.000677
17.5221,state,0.995335,0.989441,0.172819,0.001175
17.5324,desired,1.000000,1.000000,0.000000,0.000000
17.5327,state,0.995335,0.997949,0.172819,0.000033
17.5421,state,0.995335,0.995794,0.172819,0.000134
17.5529,desired,1.000000,1.000000,0.000000,0.000000
17.5532,state,0.995335,0.993652,0.172819,0.000338
17.5621,state,0.995335,0.991531,0.172819,0.000677
17.5721,state,0.995335,0.989441,0.172819,0.001175
17.5733,state,0.995335,0.987392,0.172819,0.001850
17.5745,state,0.995335,0.985396,0.172819,0.002705
17.5824,desired,1.000000,1.000000,0.000000,0.000000
17.5827,state,0.995335,0.993652,0.172819,0.000338
17.5922,state,0.995335,0.991531,0.172819,0.000677
17.6021,state,0.995335,0.989441,0.172819,0.001175
17.6125,desired,1.000000,1.000000,0.000000,0.000000
17.6126,state,0.995335,0.987392,0.172819,0.001850
17.6222,state,0.995335,0.985396,0.172819,0.002705
17.6321,state,0.995335,0.993652,0.172819,0.000338
17.6427,desired,1.000000,1.000000,0.000000,0.000000
17.6428,state,0.995335,0.991531,0.172819,0.000677
17.6521,state,0.995335,0.989441,0.172819,0.001175
17.6621,state,0.995335,0.987392,0.172819,0.001850
17.6723,state,0.995335,0.985396,0.172819,0.002705
17.6731,desired,1.000000,1.000000,0.000000,0.000000
17.6743,state,0.995335,0.983458,0.172819,0.003447
17.6821,state,0.995335,0.991531,0.172819,0.000677
17.6921,state,0.995335,0.989441,0.172819,0.001175
17.7024,desired,1.000000,1.000000,0.000000,0.000000
17.7026,state,0.995335,0.987392,0.172819,0.001850
17.7121,state,0.995335,0.985396,0.172819,0.002705
17.7221,state,0.995335,0.983458,0.172819,0.003447
17.7321,state,0.995335,0.991531,0.172819,0.000677
17.7327,desired,1.000000,1.000000,0.000000,0.000000
17.7422,state,0.995335,0.989441,0.172819,0.001175
17.7524,desired,1.000000,1.000000,0.000000,0.000000
17.7526,state,0.995335,0.987392,0.172819,0.001850
17.7622,state,0.995335,0.985396,0.172819,0.002705
17.7727,desired,1.000000,1.000000,0.000000,0.000000
17.7731,state,0.995335,0.983458,0.172819,0.003447
17.7737,state,0.995335,0.981473,0.172819,0.003198
17.7750,state,0.995335,0.979567,0.172819,0.003871
17.7822,state,0.995335,0.987392,0.172819,0.001850
17.7922,state,0.995335,0.985396,0.172819,0.002705
17.8021,state,0.995335,0.983458,0.172819,0.003447
17.8027,desired,1.000000,1.000000,0.000000,0.000000
17.8122,state,0.995335,0.981473,0.172819,0.003198
17.8224,desired,1.000000,1.000000,0.000000,0.000000
17.8226,state,0.995335,0.979567,0.172819,0.003871
17.8321,state,0.995335,0.987392,0.172819,0.001850
17.8428,desired,1.000000,1.000000,0.000000,0.000000
17.8431,state,0.995335,0.985396,0.172819,0.002705
17.8521,state,0.995335,0.983458,0.172819,0.003447
17.8621,state,0.995335,0.981473,0.172819,0.003198
17.8724,desired,1.000000,1.000000,0.000000,0.000000
17.8726,state,0.995335,0.979567,0.172819,0.003871
17.8739,state,0.995335,0.977800,0.172819,0.007163
17.8748,state,0.995335,0.976099,0.172819,0.007717
17.8821,state,0.995335,0.983458,0.172819,0.003447
17.8927,desired,1.000000,1.000000,0.000000,0.000000
17.8930,state,0.995335,0.981473,0.172819,0.003198
17.9021,state,0.995335,0.979567,0.172819,0.003871
17.9122,state,0.995335,0.977800,0.172819,0.007163
17.9224,desired,1.000000,1.000000,0.000000,0.000000
17.9226,state,0.995335,0.976099,0.172819,0.007717
17.9322,state,0.995335,0.983458,0.172819,0.003447
17.9421,state,0.995335,0.981473,0.172819,0.003198
17.9523,state,0.995335,0.979567,0.172819,0.003871
17.9531,desired,1.000000,1.000000,0.000000,0.000000
17.9621,state,0.995335,0.977800,0.172819,0.007163
17.9721,state,0.995335,0.976099,0.172819,0.007717
17.9738,state,0.995335,0.974531,0.172819,0.009470
17.9824,desired,1.000000,1.000000,0.000000,0.000000
17.9826,state,0.995335,0.981473,0.172819,0.003198
17.9921,state,0.995335,0.979567,0.172819,0.003871
18.0021,state,0.995335,0.977800,0.172819,0.007163
18.0124,desired,1.000000,1.000000,0.000000,0.000000
18.0126,state,0.995335,0.976099,0.172819,0.007717
18.0221,state,0.995335,0.974531,0.172819,0.009470
18.0321,state,0.995335,0.981473,0.172819,0.003198
18.0424,desired,1.000000,1.000000,0.000000,0.000000
18.0426,state,0.995335,0.979567,0.172819,0.003871
18.0521,state,0.995335,0.977800,0.172819,0.007163
18.0621,state,0.995335,0.976099,0.172819,0.007717
18.0723,desired,1.000000,1.000000,0.000000,0.000000
18.0725,state,0.995335,0.974531,0.172819,0.009470
18.0733,state,0.995335,0.973048,0.172819,0.010754
18.0740,state,0.995335,0.971644,0.172819,0.012099
18.0820,state,0.995335,0.977800,0.172819,0.007163
18.0927,desired,1.000000,1.000000,0.000000,0.000000
18.0930,state,0.995335,0.976099,0.172819,0.007717
18.1021,state,0.995335,0.974531,0.172819,0.009470
18.1121,state,0.995335,0.973048,0.172819,0.010754
18.1221,state,0.995335,0.971644,0.172819,0.012099
18.1225,desired,0.919944,0.919944,-8.000000,-8.000000
18.1321,state,0.995335,0.977800,0.172819,0.007163
18.1420,state,0.995335,0.976099,0.172819,0.007717
18.1520,state,0.995335,0.974531,0.172819,0.009470
18.1525,desired,0.680017,0.680017,-8.000000,-8.000000
18.1621,state,0.995335,0.973048,0.172819,0.010754
18.1722,state,0.995335,0.971644,0.172819,0.012099
18.1727,desired,0.519671,0.519671,-8.000000,-8.000000
18.1735,state,0.995335,0.970385,0.172819,0.014042
18.1741,state,0.995335,0.969191,0.172819,0.015142
18.1820,state,0.995335,0.974531,0.172819,0.009470
18.1920,state,0.995335,0.973048,0.172819,0.010754
18.2021,state,0.995335,0.971644,0.172819,0.012099
18.2027,desired,0.280056,0.280056,-8.000000,-8.000000
18.2120,state,0.995335,0.970385,0.172819,0.014042
18.2220,state,0.995335,0.969191,0.172819,0.015142
18.2320,state,0.995335,0.974531,0.172819,0.009470
18.2327,desired,0.040054,0.040054,-8.000000,-8.000000
18.2420,state,0.995335,0.973048,0.172819,0.010754
18.2520,state,0.995335,0.971644,0.172819,0.012099
18.2527,desired,-0.120060,-0.120060,-8.000000,-8.000000
18.2620,state,0.995335,0.970385,0.172819,0.014042
18.2720,state,0.995335,0.969191,0.172819,0.015142
18.2742,state,0.747135,0.928401,-2.544985,-1.210335
18.2820,state,0.995335,0.973048,0.172819,0.010754
18.2825,desired,-0.360064,-0.360064,-8.000000,-8.000000
18.2920,state,0.995335,0.971644,0.172819,0.012099
18.3020,state,0.995335,0.970385,0.172819,0.014042
18.3121,state,0.995335,0.969191,0.172819,0.015142
18.3129,desired,-0.600046,-0.600046,-8.000000,-8.000000
18.3221,state,0.747135,0.928401,-2.544985,-1.210335
18.3320,state,0.995335,0.973048,0.172819,0.010754
18.3420,state,0.995335,0.971644,0.172819,0.012099
18.3427,desired,-0.839965,-0.839965,-8.000000,-8.000000
18.3520,state,0.995335,0.970385,0.172819,0.014042
18.3620,state,0.995335,0.969191,0.172819,0.015142
18.3720,state,0.747135,0.928401,-2.544985,-1.210335
18.3725,desired,-1.000000,-1.000000,0.000000,0.000000
18.3735,state,0.682355,0.817609,-0.091443,-2.026540
18.3736,state,-0.080911,0.673038,-4.510350,-2.491119
18.3820,state,0.995335,0.970385,0.172819,0.014042
18.3920,state,0.995335,0.969191,0.172819,0.015142
18.4020,state,0.747135,0.928401,-2.544985,-1.210335
18.4025,desired,-1.000000,-1.000000,0.000000,0.000000
18.4121,state,0.682355,0.817609,-0.091443,-2.026540
18.4220,state,-0.080911,0.673038,-4.510350,-2.491119
18.4320,state,0.995335,0.970385,0.172819,0.014042
18.4327,desired,-1.000000,-1.000000,0.000000,0.000000
18.4420,state,0.995335,0.969191,0.172819,0.015142
18.4521,state,0.747135,0.928401,-2.544985,-1.210335
18.4621,state,0.682355,0.817609,-0.091443,-2.026540
18.4627,desired,-1.000000,-1.000000,0.000000,0.000000
18.4720,state,-0.080911,0.673038,-4.510350,-2.491119
18.4734,state,-0.455741,0.507132,-14.297235,-2.801522
18.4745,state,-0.948439,0.326623,-1.949012,-3.019205
18.4820,state,0.747135,0.928401,-2.544985,-1.210335
18.4920,state,0.682355,0.817609,-0.091443,-2.026540
18.4925,desired,-1.000000,-1.000000,0.000000,0.000000
18.5020,state,-0.080911,0.673038,-4.510350,-2.491119
18.5120,state,-0.455741,0.507132,-14.297235,-2.801522
18.5220,state,-0.948439,0.326623,-1.949012,-3.019205
18.5225,desired,-1.000000,-1.000000,0.000000,0.000000
18.5320,state,0.747135,0.928401,-2.544985,-1.210335
18.5420,state,0.682355,0.817609,-0.091443,-2.026540
18.5520,state,-0.080911,0.673038,-4.510350,-2.491119
18.5525,desired,-1.000000,-1.000000,0.000000,0.000000
18.5620,state,-0.455741,0.507132,-14.297235,-2.801522
18.5720,state,-0.948439,0.326623,-1.949012,-3.019205
18.5727,desired,-1.000000,-1.000000,0.000000,0.000000
18.5737,state,-0.991452,0.136093,-0.319889,-3.170237
18.5820,state,0.682355,0.817609,-0.091443,-2.026540
18.5920,state,-0.080911,0.673038,-4.510350,-2.491119
18.6020,state,-0.455741,0.507132,-14.297235,-2.801522
18.6025,desired,-1.000000,-1.000000,0.000000,0.000000
18.6120,state,-0.948439,0.326623,-1.949012,-3.019205
18.6220,state,-0.991452,0.136093,-0.319889,-3.170237
18.6320,state,0.682355,0.817609,-0.091443,-2.026540
18.6326,desired,-1.000000,-1.000000,0.000000,0.000000
18.6420,state,-0.080911,0.673038,-4.510350,-2.491119
18.6520,state,-0.455741,0.507132,-14.297235,-2.801522
18.6526,desired,-1.000000,-1.000000,0.000000,0.000000
18.6620,state,-0.948439,0.326623,-1.949012,-3.019205
18.6721,state,-0.991452,0.136093,-0.319889,-3.170237
18.6730,desired,-1.000000,-1.000000,0.000000,0.000000
18.6744,state,-0.995014,-0.060982,-0.184992,-3.269417
18.6759,state,-0.995309,-0.261873,-0.173820,-3.327510
18.6820,state,-0.455741,0.507132,-14.297235,-2.801522
18.6921,state,-0.948439,0.326623,-1.949012,-3.019205
18.7020,state,-0.991452,0.136093,-0.319889,-3.170237
18.7025,desired,-1.000000,-1.000000,0.000000,0.000000
18.7121,state,-0.995014,-0.060982,-0.184992,-3.269417
18.7220,state,-0.995309,-0.261873,-0.173820,-3.327510
18.7225,desired,-1.000000,-1.000000,0.000000,0.000000
18.7321,state,-0.455741,0.507132,-14.297235,-2.801522
18.7421,state,-0.948439,0.326623,-1.949012,-3.019205
18.7430,desired,-1.000000,-1.000000,0.000000,0.000000
18.7521,state,-0.991452,0.136093,-0.319889,-3.170237
18.7620,state,-0.995014,-0.060982,-0.184992,-3.269417
18.7720,state,-0.995309,-0.261873,-0.173820,-3.327510
18.7725,desired,-1.000000,-1.000000,0.000000,0.000000
18.7737,state,-0.995333,-0.464458,-0.172897,-3.353553
18.7750,state,-0.995335,-0.667148,-0.172819,-3.355572
18.7821,state,-0.991452,0.136093,-0.319889,-3.170237
18.7920,state,-0.995014,-0.060982,-0.184992,-3.269417
18.8021,state,-0.995309,-0.261873,-0.173820,-3.327510
18.8029,desired,-1.000000,-1.000000,0.000000,0.000000
18.8121,state,-0.995333,-0.464458,-0.172897,-3.353553
18.8220,state,-0.995335,-0.667148,-0.172819,-3.355572
18.8321,state,-0.991452,0.136093,-0.319889,-3.170237
18.8329,desired,-1.000000,-1.000000,0.000000,0.000000
18.8421,state,-0.995014,-0.060982,-0.184992,-3.269417
18.8521,state,-0.995309,-0.261873,-0.173820,-3.327510
18.8530,desired,-1.000000,-1.000000,0.000000,0.000000
18.8620,state,-0.995333,-0.464458,-0.172897,-3.353553
18.8721,state,-0.995335,-0.667148,-0.172819,-3.355572
18.8738,state,-0.995335,-0.868832,-0.172819,-3.340792
18.8821,state,-0.995014,-0.060982,-0.184992,-3.269417
18.8827,desired,-1.000000,-1.000000,0.000000,0.000000
18.8921,state,-0.995309,-0.261873,-0.173820,-3.327510
18.9021,state,-0.995333,-0.464458,-0.172897,-3.353553
18.9030,desired,-1.000000,-1.000000,0.000000,0.000000
18.9121,state,-0.995335,-0.667148,-0.172819,-3.355572
18.9220,state,-0.995335,-0.868832,-0.172819,-3.340792
18.9321,state,-0.995014,-0.060982,-0.184992,-3.269417
18.9327,desired,-1.000000,-1.000000,0.000000,0.000000
18.9421,state,-0.995309,-0.261873,-0.173820,-3.327510
18.9521,state,-0.995333,-0.464458,-0.172897,-3.353553
18.9621,state,-0.995335,-0.667148,-0.172819,-3.355572
18.9629,desired,-1.000000,-1.000000,0.000000,0.000000
18.9721,state,-0.995335,-0.868832,-0.172819,-3.340792
18.9737,state,-0.995335,-1.068558,-0.172819,-3.302144
18.9739,state,-0.995335,-1.193278,-0.172819,-1.517723
18.9821,state,-0.995333,-0.464458,-0.172897,-3.353553
18.9829,desired,-1.000000,-1.000000,0.000000,0.000000
18.9920,state,-0.995335,-0.667148,-0.172819,-3.355572
19.0021,state,-0.995335,-0.868832,-0.172819,-3.340792
19.0120,state,-0.995335,-1.068558,-0.172819,-3.302144
19.0127,desired,-1.000000,-1.000000,0.000000,0.000000
19.0220,state,-0.995335,-1.193278,-0.172819,-1.517723
19.0321,state,-0.995333,-0.464458,-0.172897,-3.353553
19.0329,desired,-1.000000,-1.000000,0.000000,0.000000
19.0420,state,-0.995335,-0.667148,-0.172819,-3.355572
19.0521,state,-0.995335,-0.868832,-0.172819,-3.340792
19.0620,state,-0.995335,-1.068558,-0.172819,-3.302144
19.0628,desired,-1.000000,-1.000000,0.000000,0.000000
19.0721,state,-0.995335,-1.193278,-0.172819,-1.517723
19.0737,state,-0.995335,-1.225801,-0.172819,-0.126688
19.0748,state,-0.995335,-1.189831,-0.172819,0.873984
19.0820,state,-0.995335,-0.868832,-0.172819,-3.340792
19.0828,desired,-1.000000,-1.000000,0.000000,0.000000
19.0920,state,-0.995335,-1.068558,-0.172819,-3.302144
19.1021,state,-0.995335,-1.193278,-0.172819,-1.517723
19.1029,desired,-1.000000,-1.000000,0.000000,0.000000
19.1120,state,-0.995335,-1.225801,-0.172819,-0.126688
19.1221,state,-0.995335,-1.189831,-0.172819,0.873984
19.1321,state,-0.995335,-0.868832,-0.172819,-3.340792
19.1329,desired,-1.000000,-1.000000,0.000000,0.000000
19.1421,state,-0.995335,-1.068558,-0.172819,-3.302144
19.1520,state,-0.995335,-1.193278,-0.172819,-1.517723
19.1621,state,-0.995335,-1.225801,-0.172819,-0.126688
19.1628,desired,-1.000000,-1.000000,0.000000,0.000000
19.1721,state,-0.995335,-1.189831,-0.172819,0.873984
19.1737,state,-0.995335,-1.102428,-0.172819,1.641036
19.1821,state,-0.995335,-1.068558,-0.172819,-3.302144
19.1920,state,-0.995335,-1.193278,-0.172819,-1.517723
19.1927,desired,-1.000000,-1.000000,0.000000,0.000000
19.2021,state,-0.995335,-1.225801,-0.172819,-0.126688
19.2121,state,-0.995335,-1.189831,-0.172819,0.873984
19.2221,state,-0.995335,-1.102428,-0.172819,1.641036
19.2227,desired,-1.000000,-1.000000,0.000000,0.000000
19.2321,state,-0.995335,-1.068558,-0.172819,-3.302144
19.2420,state,-0.995335,-1.193278,-0.172819,-1.517723
19.2428,desired,-1.000000,-1.000000,0.000000,0.000000
19.2521,state,-0.995335,-1.225801,-0.172819,-0.126688
19.2621,state,-0.995335,-1.189831,-0.172819,0.873984
19.2628,desired,-1.000000,-1.000000,0.000000,0.000000
19.2721,state,-0.995335,-1.102428,-0.172819,1.641036
19.2739,state,-0.995335,-1.024619,-0.172819,0.513539
19.2751,state,-0.995335,-1.039449,-0.172819,-0.432995
19.2820,state,-0.995335,-1.225801,-0.172819,-0.126688
19.2920,state,-0.995335,-1.189831,-0.172819,0.873984
19.2927,desired,-1.000000,-1.000000,0.000000,0.000000
19.3022,state,-0.995335,-1.102428,-0.172819,1.641036
19.3121,state,-0.995335,-1.024619,-0.172819,0.513539
19.3222,state,-0.995335,-1.039449,-0.172819,-0.432995
19.3229,desired,-1.000000,-1.000000,0.000000,0.000000
19.3322,state,-0.995335,-1.225801,-0.172819,-0.126688
19.3421,state,-0.995335,-1.189831,-0.172819,0.873984
19.3522,state,-0.995335,-1.102428,-0.172819,1.641036
19.3531,desired,-1.000000,-1.000000,0.000000,0.000000
19.3622,state,-0.995335,-1.024619,-0.172819,0.513539
19.3722,state,-0.995335,-1.039449,-0.172819,-0.432995
19.3743,state,-0.995335,-1.043483,-0.172819,0.036782
19.3753,state,-0.995335,-1.035429,-0.172819,0.064905
19.3820,state,-0.995335,-1.102428,-0.172819,1.641036
19.3826,desired,-1.000000,-1.000000,0.000000,0.000000
19.3921,state,-0.995335,-1.024619,-0.172819,0.513539
19.4020,state,-0.995335,-1.039449,-0.172819,-0.432995
19.4121,state,-0.995335,-1.043483,-0.172819,0.036782
19.4127,desired,-1.000000,-1.000000,0.000000,0.000000
19.4220,state,-0.995335,-1.035429,-0.172819,0.064905
19.4321,state,-0.995335,-1.102428,-0.172819,1.641036
19.4327,desired,-1.000000,-1.000000,0.000000,0.000000
19.4420,state,-0.995335,-1.024619,-0.172819,0.513539
19.4520,state,-0.995335,-1.039449,-0.172819,-0.432995
19.4621,state,-0.995335,-1.043483,-0.172819,0.036782
19.4626,desired,-1.000000,-1.000000,0.000000,0.000000
19.4720,state,-0.995335,-1.035429,-0.172819,0.064905
19.4735,state,-0.995335,-1.031968,-0.172819,0.017168
19.4820,state,-0.995335,-1.024619,-0.172819,0.513539
19.4920,state,-0.995335,-1.039449,-0.172819,-0.432995
19.4925,desired,-1.000000,-1.000000,0.000000,0.000000
19.5020,state,-0.995335,-1.043483,-0.172819,0.036782
19.5120,state,-0.995335,-1.035429,-0.172819,0.064905
19.5125,desired,-1.000000,-1.000000,0.000000,0.000000
19.5220,state,-0.995335,-1.031968,-0.172819,0.017168
19.5321,state,-0.995335,-1.024619,-0.172819,0.513539
19.5420,state,-0.995335,-1.039449,-0.172819,-0.432995
19.5426,desired,-1.000000,-1.000000,0.000000,0.000000
19.5520,state,-0.995335,-1.043483,-0.172819,0.036782
19.5620,state,-0.995335,-1.035429,-0.172819,0.064905
19.5722,state,-0.995335,-1.031968,-0.172819,0.017168
19.5730,desired,-1.000000,-1.000000,0.000000,0.000000
19.5743,state,-0.995335,-1.028865,-0.172819,0.012970
19.5746,state,-0.995335,-1.025989,-0.172819,0.009672
19.5820,state,-0.995335,-1.043483,-0.172819,0.036782
19.5920,state,-0.995335,-1.035429,-0.172819,0.064905
19.6023,desired,-1.000000,-1.000000,0.000000,0.000000
19.6026,state,-0.995335,-1.031968,-0.172819,0.017168
19.6122,state,-0.995335,-1.028865,-0.172819,0.012970
19.6220,state,-0.995335,-1.025989,-0.172819,0.009672
19.6321,state,-0.995335,-1.043483,-0.172819,0.036782
19.6330,desired,-1.000000,-1.000000,0.000000,0.000000
19.6420,state,-0.995335,-1.035429,-0.172819,0.064905
19.6520,state,-0.995335,-1.031968,-0.172819,0.017168
19.6621,state,-0.995335,-1.028865,-0.172819,0.012970
19.6630,desired,-1.000000,-1.000000,0.000000,0.000000
19.6720,state,-0.995335,-1.025989,-0.172819,0.009672
19.6737,state,-0.995335,-1.023294,-0.172819,0.007083
19.6750,state,-0.995335,-1.020741,-0.172819,0.005064
19.6822,state,-0.995335,-1.031968,-0.172819,0.017168
19.6830,desired,-1.000000,-1.000000,0.000000,0.000000
19.6921,state,-0.995335,-1.028865,-0.172819,0.012970
19.7022,state,-0.995335,-1.025989,-0.172819,0.009672
19.7121,state,-0.995335,-1.023294,-0.172819,0.007083
19.7129,desired,-1.000000,-1.000000,0.000000,0.000000
19.7221,state,-0.995335,-1.020741,-0.172819,0.005064
19.7321,state,-0.995335,-1.031968,-0.172819,0.017168
19.7421,state,-0.995335,-1.028865,-0.172819,0.012970
19.7428,desired,-1.000000,-1.000000,0.000000,0.000000
19.7521,state,-0.995335,-1.025989,-0.172819,0.009672
19.7621,state,-0.995335,-1.023294,-0.172819,0.007083
19.7721,state,-0.995335,-1.020741,-0.172819,0.005064
19.7727,desired,-1.000000,-1.000000,0.000000,0.000000
19.7737,state,-0.995335,-1.018297,-0.172819,0.003506
19.7822,state,-0.995335,-1.028865,-0.172819,0.012970
19.7921,state,-0.995335,-1.025989,-0.172819,0.009672
19.8022,state,-0.995335,-1.023294,-0.172819,0.007083
19.8030,desired,-1.000000,-1.000000,0.000000,0.000000
19.8121,state,-0.995335,-1.020741,-0.172819,0.005064
19.8222,state,-0.995335,-1.018297,-0.172819,0.003506
19.8322,state,-0.995335,-1.028865,-0.172819,0.012970
19.8330,desired,-1.000000,-1.000000,0.000000,0.000000
19.8421,state,-0.995335,-1.025989,-0.172819,0.009672
19.8521,state,-0.995335,-1.023294,-0.172819,0.007083
19.8622,state,-0.995335,-1.020741,-0.172819,0.005064
19.8628,desired,-1.000000,-1.000000,0.000000,0.000000
19.8721,state,-0.995335,-1.018297,-0.172819,0.003506
19.8740,state,-0.995335,-1.015939,-0.172819,0.002327
19.8749,state,-0.995335,-1.013645,-0.172819,0.001457
19.8821,state,-0.995335,-1.023294,-0.172819,0.007083
19.8922,state,-0.995335,-1.020741,-0.172819,0.005064
19.8930,desired,-1.000000,-1.000000,0.000000,0.000000
19.9021,state,-0.995335,-1.018297,-0.172819,0.003506
19.9121,state,-0.995335,-1.015939,-0.172819,0.002327
19.9221,state,-0.995335,-1.013645,-0.172819,0.001457
19.9228,desired,-1.000000,-1.000000,0.000000,0.000000
19.9322,state,-0.995335,-1.023294,-0.172819,0.007083
19.9420,state,-0.995335,-1.020741,-0.172819,0.005064
19.9521,state,-0.995335,-1.018297,-0.172819,0.003506
19.9527,desired,-1.000000,-1.000000,0.000000,0.000000
19.9621,state,-0.995335,-1.015939,-0.172819,0.002327
19.9721,state,-0.995335,-1.013645,-0.172819,0.001457
19.9736,state,-0.995335,-1.011397,-0.172819,0.000842
19.9744,state,-0.995335,-1.009182,-0.172819,0.000430
19.9821,state,-0.995335,-1.018297,-0.172819,0.003506
19.9827,desired,-1.000000,-1.000000,0.000000,0.000000
19.9921,state,-0.995335,-1.015939,-0.172819,0.002327
20.0021,state,-0.995335,-1.013645,-0.172819,0.001457
20.0121,state,-0.995335,-1.011397,-0.172819,0.000842
20.0127,desired,-1.000000,-1.000000,0.000000,0.000000
20.0221,state,-0.995335,-1.009182,-0.172819,0.000430
20.0321,state,-0.995335,-1.018297,-0.172819,0.003506
20.0330,desired,-1.000000,-1.000000,0.000000,0.000000
20.0420,state,-0.995335,-1.015939,-0.172819,0.002327
20.0521,state,-0.995335,-1.013645,-0.172819,0.001457
20.0621,state,-0.995335,-1.011397,-0.172819,0.000842
20.0627,desired,-1.000000,-1.000000,0.000000,0.000000
20.0721,state,-0.995335,-1.009182,-0.172819,0.000430
20.0737,state,-0.995335,-1.006989,-0.172819,0.000184
20.0821,state,-0.995335,-1.015939,-0.172819,0.002327
20.0922,state,-0.995335,-1.013645,-0.172819,0.001457
20.0930,desired,-1.000000,-1.000000,0.000000,0.000000
20.1022,state,-0.995335,-1.011397,-0.172819,0.000842
20.1122,state,-0.995335,-1.009182,-0.172819,0.000430
20.1222,state,-0.995335,-1.006989,-0.172819,0.000184
20.1230,desired,-1.000000,-1.000000,0.000000,0.000000
20.1321,state,-0.995335,-1.015939,-0.172819,0.002327
20.1421,state,-0.995335,-1.013645,-0.172819,0.001457
20.1521,state,-0.995335,-1.011397,-0.172819,0.000842
20.1527,desired,-1.000000,-1.000000,0.000000,0.000000
20.1622,state,-0.995335,-1.009182,-0.172819,0.000430
20.1721,state,-0.995335,-1.006989,-0.172819,0.000184
20.1738,state,-0.995335,-1.004809,-0.172819,0.000055
20.1741,state,-0.995335,-1.002638,-0.172819,0.000007
20.1822,state,-0.995335,-1.011397,-0.172819,0.000842
20.1830,desired,-1.000000,-1.000000,0.000000,0.000000
20.1922,state,-0.995335,-1.009182,-0.172819,0.000430
20.2022,state,-0.995335,-1.006989,-0.172819,0.000184
20.2121,state,-0.995335,-1.004809,-0.172819,0.000055
20.2127,desired,-1.000000,-1.000000,0.000000,0.000000
20.2221,state,-0.995335,-1.002638,-0.172819,0.000007
20.2321,state,-0.995335,-1.011397,-0.172819,0.000842
20.2421,state,-0.995335,-1.009182,-0.172819,0.000430
20.2428,desired,-1.000000,-1.000000,0.000000,0.000000
20.2522,state,-0.995335,-1.006989,-0.172819,0.000184
20.2621,state,-0.995335,-1.004809,-0.172819,0.000055
20.2721,state,-0.995335,-1.002638,-0.172819,0.000007
20.2727,desired,-1.000000,-1.000000,0.000000,0.000000
20.2822,state,-0.995335,-1.011397,-0.172819,0.000842
20.2842,state,-0.995335,-1.000470,-0.172819,0.000001
20.2857,state,-0.995335,-0.998305,-0.172819,-0.000006
20.2921,state,-0.995335,-1.004809,-0.172819,0.000055
20.3022,state,-0.995335,-1.002638,-0.172819,0.000007
20.3030,desired,-1.000000,-1.000000,0.000000,0.000000
20.3121,state,-0.995335,-1.011397,-0.172819,0.000842
20.3221,state,-0.995335,-1.000470,-0.172819,0.000001
20.3321,state,-0.995335,-0.998305,-0.172819,-0.000006
20.3328,desired,-1.000000,-1.000000,0.000000,0.000000
20.3420,state,-0.995335,-1.004809,-0.172819,0.000055
20.3521,state,-0.995335,-1.002638,-0.172819,0.000007
20.3528,desired,-1.000000,-1.000000,0.000000,0.000000
20.3621,state,-0.995335,-1.011397,-0.172819,0.000842
20.3722,state,-0.995335,-1.000470,-0.172819,0.000001
20.3730,desired,-1.000000,-1.000000,0.000000,0.000000
20.3821,state,-0.995335,-0.998305,-0.172819,-0.000006
20.3836,state,-0.995335,-0.996146,-0.172819,-0.000052
20.3922,state,-0.995335,-1.002638,-0.172819,0.000007
20.4021,state,-0.995335,-1.011397,-0.172819,0.000842
20.4028,desired,-1.000000,-1.000000,0.000000,0.000000
20.4122,state,-0.995335,-1.000470,-0.172819,0.000001
20.4221,state,-0.995335,-0.998305,-0.172819,-0.000006
20.4322,state,-0.995335,-0.996146,-0.172819,-0.000052
20.4328,desired,-1.000000,-1.000000,0.000000,0.000000
20.4422,state,-0.995335,-1.002638,-0.172819,0.000007
20.4521,state,-0.995335,-1.011397,-0.172819,0.000842
20.4622,state,-0.995335,-1.000470,-0.172819,0.000001
20.4630,desired,-1.000000,-1.000000,0.000000,0.000000
20.4721,state,-0.995335,-0.998305,-0.172819,-0.000006
20.4822,state,-0.995335,-0.996146,-0.172819,-0.000052
20.4842,state,-0.995335,-0.993995,-0.172819,-0.000175
20.4851,state,-0.995335,-0.991860,-0.172819,-0.000409
20.4921,state,-0.995335,-1.000470,-0.172819,0.000001
20.4927,desired,-1.000000,-1.000000,0.000000,0.000000
20.5021,state,-0.995335,-0.998305,-0.172819,-0.000006
20.5121,state,-0.995335,-0.996146,-0.172819,-0.000052
20.5221,state,-0.995335,-0.993995,-0.172819,-0.000175
20.5227,desired,-1.000000,-1.000000,0.000000,0.000000
20.5321,state,-0.995335,-0.991860,-0.172819,-0.000409
20.5421,state,-0.995335,-1.000470,-0.172819,0.000001
20.5521,state,-0.995335,-0.998305,-0.172819,-0.000006
20.5528,desired,-1.000000,-1.000000,0.000000,0.000000
20.5621,state,-0.995335,-0.996146,-0.172819,-0.000052
20.5721,state,-0.995335,-0.993995,-0.172819,-0.000175
20.5822,state,-0.995335,-0.991860,-0.172819,-0.000409
20.5830,desired,-1.000000,-1.000000,0.000000,0.000000
20.5845,state,-0.995335,-0.989748,-0.172819,-0.000786
20.5860,state,-0.995335,-0.987669,-0.172819,-0.001327
20.5921,state,-0.995335,-0.996146,-0.172819,-0.000052
20.6022,state,-0.995335,-0.993995,-0.172819,-0.000175
20.6121,state,-0.995335,-0.991860,-0.172819,-0.000409
20.6127,desired,-1.000000,-1.000000,0.000000,0.000000
20.6222,state,-0.995335,-0.989748,-0.172819,-0.000786
20.6321,state,-0.995335,-0.987669,-0.172819,-0.001327
20.6422,state,-0.995335,-0.996146,-0.172819,-0.000052
20.6430,desired,-1.000000,-1.000000,0.000000,0.000000
20.6521,state,-0.995335,-0.993995,-0.172819,-0.000175
20.6622,state,-0.995335,-0.991860,-0.172819,-0.000409
20.6725,desired,-1.000000,-1.000000,0.000000,0.000000
20.6727,state,-0.995335,-0.989748,-0.172819,-0.000786
20.6821,state,-0.995335,-0.987669,-0.172819,-0.001327
20.6834,state,-0.995335,-0.985633,-0.172819,-0.002047
20.6921,state,-0.995335,-0.993995,-0.172819,-0.000175
20.7021,state,-0.995335,-0.991860,-0.172819,-0.000409
20.7027,desired,-1.000000,-1.000000,0.000000,0.000000
20.7121,state,-0.995335,-0.989748,-0.172819,-0.000786
20.7221,state,-0.995335,-0.987669,-0.172819,-0.001327
20.7321,state,-0.995335,-0.985633,-0.172819,-0.002047
20.7327,desired,-1.000000,-1.000000,0.000000,0.000000
20.7421,state,-0.995335,-0.993995,-0.172819,-0.000175
20.7521,state,-0.995335,-0.991860,-0.172819,-0.000409
20.7621,state,-0.995335,-0.989748,-0.172819,-0.000786
20.7629,desired,-1.000000,-1.000000,0.000000,0.000000
20.7722,state,-0.995335,-0.987669,-0.172819,-0.001327
20.7822,state,-0.995335,-0.985633,-0.172819,-0.002047
20.7830,desired,-1.000000,-1.000000,0.000000,0.000000
20.7842,state,-0.995335,-0.983654,-0.172819,-0.002946
20.7845,state,-0.995335,-0.981741,-0.172819,-0.004023
20.7921,state,-0.995335,-0.989748,-0.172819,-0.000786
20.8022,state,-0.995335,-0.987669,-0.172819,-0.001327
20.8121,state,-0.995335,-0.985633,-0.172819,-0.002047
20.8127,desired,-1.000000,-1.000000,0.000000,0.000000
20.8221,state,-0.995335,-0.983654,-0.172819,-0.002946
20.8321,state,-0.995335,-0.981741,-0.172819,-0.004023
20.8422,state,-0.995335,-0.989748,-0.172819,-0.000786
20.8430,desired,-1.000000,-1.000000,0.000000,0.000000
20.8521,state,-0.995335,-0.987669,-0.172819,-0.001327
20.8621,state,-0.995335,-0.985633,-0.172819,-0.002047
20.8721,state,-0.995335,-0.983654,-0.172819,-0.002946
20.8728,desired,-0.998889,-0.998889,0.111111,0.111111
20.8763,state,-0.995335,-0.979904,-0.172819,-0.005259
20.8766,state,-0.995335,-0.978154,-0.172819,-0.006631
20.8821,state,-0.995335,-0.987669,-0.172819,-0.001327
20.8921,state,-0.995335,-0.985633,-0.172819,-0.002047
20.9021,state,-0.995335,-0.983654,-0.172819,-0.002946
20.9027,desired,-0.995556,-0.995556,0.111111,0.111111
20.9121,state,-0.995335,-0.979904,-0.172819,-0.005259
20.9221,state,-0.995335,-0.978154,-0.172819,-0.006631
20.9321,state,-0.995335,-0.987669,-0.172819,-0.001327
20.9327,desired,-0.992222,-0.992222,0.111111,0.111111
20.9421,state,-0.995335,-0.985633,-0.172819,-0.002047
20.9521,state,-0.995335,-0.983654,-0.172819,-0.002946
20.9620,state,-0.995335,-0.979904,-0.172819,-0.005259
20.9628,desired,-0.988889,-0.988889,0.111111,0.111111
20.9721,state,-0.995335,-0.978154,-0.172819,-0.006631
20.9821,state,-0.995335,-0.987669,-0.172819,-0.001327
20.9834,state,-0.995335,-0.976496,-0.172819,-0.008113
20.9920,state,-0.995335,-0.983654,-0.172819,-0.002946
20.9928,desired,-0.985556,-0.985556,0.111111,0.111111
21.0021,state,-0.995335,-0.979904,-0.172819,-0.005259
21.0121,state,-0.995335,-0.978154,-0.172819,-0.006631
21.0220,state,-0.995335,-0.987669,-0.172819,-0.001327
21.0228,desired,-0.982222,-0.982222,0.111111,0.111111
21.0321,state,-0.995335,-0.976496,-0.172819,-0.008113
21.0427,desired,-0.979998,-0.979998,0.111111,0.111111
21.0431,state,-0.995335,-0.983654,-0.172819,-0.002946
21.0520,state,-0.995335,-0.979904,-0.172819,-0.005259
21.0622,state,-0.995335,-0.978154,-0.172819,-0.006631
21.0720,state,-0.995335,-0.987669,-0.172819,-0.001327
21.0727,desired,-0.976667,-0.976667,0.111111,0.111111
21.0822,state,-0.995335,-0.976496,-0.172819,-0.008113
21.0848,state,-0.995335,-0.974937,-0.172819,-0.009672
21.0858,state,-0.984328,-0.958014,-0.126805,0.098871
21.0920,state,-0.995335,-0.978154,-0.172819,-0.006631
21.1021,state,-0.995335,-0.987669,-0.172819,-0.001327
21.1030,desired,-0.973331,-0.973331,0.111111,0.111111
21.1121,state,-0.995335,-0.976496,-0.172819,-0.008113
21.1220,state,-0.995335,-0.974937,-0.172819,-0.009672
21.1320,state,-0.984328,-0.958014,-0.126805,0.098871
21.1328,desired,-0.970000,-0.970000,0.111111,0.111111
21.1420,state,-0.995335,-0.978154,-0.172819,-0.006631
21.1520,state,-0.995335,-0.987669,-0.172819,-0.001327
21.1621,state,-0.995335,-0.976496,-0.172819,-0.008113
21.1627,desired,-0.966667,-0.966667,0.111111,0.111111
21.1721,state,-0.995335,-0.974937,-0.172819,-0.009672
21.1820,state,-0.984328,-0.958014,-0.126805,0.098871
21.1840,state,-0.978347,-0.953250,0.024386,0.151744
21.1855,state,-0.973608,-0.947721,-0.154068,-0.010337
21.1922,state,-0.995335,-0.976496,-0.172819,-0.008113
21.1930,desired,-0.963331,-0.963331,0.111111,0.111111
21.2022,state,-0.995335,-0.974937,-0.172819,-0.009672
21.2122,state,-0.984328,-0.958014,-0.126805,0.098871
21.2220,state,-0.978347,-0.953250,0.024386,0.151744
21.2227,desired,-0.960000,-0.960000,0.111111,0.111111
21.2320,state,-0.973608,-0.947721,-0.154068,-0.010337
21.2421,state,-0.995335,-0.976496,-0.172819,-0.008113
21.2430,desired,-0.957776,-0.957776,0.111111,0.111111
21.2520,state,-0.995335,-0.974937,-0.172819,-0.009672
21.2620,state,-0.984328,-0.958014,-0.126805,0.098871
21.2720,state,-0.978347,-0.953250,0.024386,0.151744
21.2725,desired,-0.954445,-0.954445,0.111111,0.111111
21.2822,state,-0.973608,-0.947721,-0.154068,-0.010337
21.2842,state,-0.964597,-0.937131,-0.074615,0.210387
21.2921,state,-0.995335,-0.974937,-0.172819,-0.009672
21.2929,desired,-0.952220,-0.952220,0.111111,0.111111
21.3021,state,-0.984328,-0.958014,-0.126805,0.098871
21.3121,state,-0.978347,-0.953250,0.024386,0.151744
21.3220,state,-0.973608,-0.947721,-0.154068,-0.010337
21.3225,desired,-0.948889,-0.948889,0.111111,0.111111
21.3321,state,-0.964597,-0.937131,-0.074615,0.210387
21.3420,state,-0.995335,-0.974937,-0.172819,-0.009672
21.3520,state,-0.984328,-0.958014,-0.126805,0.098871
21.3528,desired,-0.945556,-0.945556,0.111111,0.111111
21.3620,state,-0.978347,-0.953250,0.024386,0.151744
21.3721,state,-0.973608,-0.947721,-0.154068,-0.010337
21.3820,state,-0.964597,-0.937131,-0.074615,0.210387
21.3825,desired,-0.942222,-0.942222,0.111111,0.111111
21.3836,state,-0.962312,-0.933778,-0.161181,-0.014674
21.3837,state,-0.952117,-0.922805,-0.126489,0.071544
21.3921,state,-0.978347,-0.953250,0.024386,0.151744
21.4020,state,-0.973608,-0.947721,-0.154068,-0.010337
21.4122,state,-0.964597,-0.937131,-0.074615,0.210387
21.4131,desired,-0.938887,-0.938887,0.111111,0.111111
21.4220,state,-0.962312,-0.933778,-0.161181,-0.014674
21.4320,state,-0.952117,-0.922805,-0.126489,0.071544
21.4421,state,-0.978347,-0.953250,0.024386,0.151744
21.4428,desired,-0.935556,-0.935556,0.111111,0.111111
21.4520,state,-0.973608,-0.947721,-0.154068,-0.010337
21.4621,state,-0.964597,-0.937131,-0.074615,0.210387
21.4721,state,-0.962312,-0.933778,-0.161181,-0.014674
21.4725,desired,-0.932222,-0.932222,0.111111,0.111111
21.4821,state,-0.952117,-0.922805,-0.126489,0.071544
21.4837,state,-0.945676,-0.917478,0.049165,0.194249
21.4847,state,-0.940429,-0.910162,-0.148397,-0.012626
21.4920,state,-0.964597,-0.937131,-0.074615,0.210387
21.5020,state,-0.962312,-0.933778,-0.161181,-0.014674
21.5026,desired,-0.928890,-0.928890,0.111111,0.111111
21.5120,state,-0.952117,-0.922805,-0.126489,0.071544
21.5220,state,-0.945676,-0.917478,0.049165,0.194249
21.5320,state,-0.940429,-0.910162,-0.148397,-0.012626
21.5325,desired,-0.925557,-0.925557,0.111111,0.111111
21.5420,state,-0.964597,-0.937131,-0.074615,0.210387
21.5520,state,-0.962312,-0.933778,-0.161181,-0.014674
21.5620,state,-0.952117,-0.922805,-0.126489,0.071544
21.5625,desired,-0.922223,-0.922223,0.111111,0.111111
21.5720,state,-0.945676,-0.917478,0.049165,0.194249
21.5820,state,-0.940429,-0.910162,-0.148397,-0.012626
21.5835,state,-0.930513,-0.900101,-0.061060,0.208019
21.5920,state,-0.962312,-0.933778,-0.161181,-0.014674
21.5927,desired,-0.918889,-0.918889,0.111111,0.111111
21.6020,state,-0.952117,-0.922805,-0.126489,0.071544
21.6122,state,-0.945676,-0.917478,0.049165,0.194249
21.6131,desired,-0.916665,-0.916665,0.111111,0.111111
21.6221,state,-0.940429,-0.910162,-0.148397,-0.012626
21.6320,state,-0.930513,-0.900101,-0.061060,0.208019
21.6421,state,-0.962312,-0.933778,-0.161181,-0.014674
21.6429,desired,-0.913333,-0.913333,0.111111,0.111111
21.6520,state,-0.952117,-0.922805,-0.126489,0.071544
21.6620,state,-0.945676,-0.917478,0.049165,0.194249
21.6720,state,-0.940429,-0.910162,-0.148397,-0.012626
21.6725,desired,-0.910000,-0.910000,0.111111,0.111111
21.6822,state,-0.930513,-0.900101,-0.061060,0.208019
21.6841,state,-0.927999,-0.896672,-0.156264,-0.018246
21.6857,state,-0.917788,-0.886126,-0.122250,0.077687
21.6921,state,-0.945676,-0.917478,0.049165,0.194249
21.7021,state,-0.940429,-0.910162,-0.148397,-0.012626
21.7029,desired,-0.906665,-0.906665,0.111111,0.111111
21.7121,state,-0.930513,-0.900101,-0.061060,0.208019
21.7220,state,-0.927999,-0.896672,-0.156264,-0.018246
21.7320,state,-0.917788,-0.886126,-0.122250,0.077687
21.7325,desired,-0.903333,-0.903333,0.111111,0.111111
21.7421,state,-0.945676,-0.917478,0.049165,0.194249
21.7521,state,-0.940429,-0.910162,-0.148397,-0.012626
21.7529,desired,-0.901109,-0.901109,0.111111,0.111111
21.7620,state,-0.930513,-0.900101,-0.061060,0.208019
21.7721,state,-0.927999,-0.896672,-0.156264,-0.018246
21.7825,desired,-0.897778,-0.897778,0.111111,0.111111
21.7828,state,-0.917788,-0.886126,-0.122250,0.077687
21.7841,state,-0.911890,-0.881738,0.032053,0.155798
21.7850,state,-0.907160,-0.875378,-0.146046,-0.015905
21.7921,state,-0.930513,-0.900101,-0.061060,0.208019
21.8021,state,-0.927999,-0.896672,-0.156264,-0.018246
21.8029,desired,-0.895553,-0.895553,0.111111,0.111111
21.8121,state,-0.917788,-0.886126,-0.122250,0.077687
21.8221,state,-0.911890,-0.881738,0.032053,0.155798
21.8320,state,-0.907160,-0.875378,-0.146046,-0.015905
21.8325,desired,-0.892222,-0.892222,0.111111,0.111111
21.8421,state,-0.930513,-0.900101,-0.061060,0.208019
21.8521,state,-0.927999,-0.896672,-0.156264,-0.018246
21.8621,state,-0.917788,-0.886126,-0.122250,0.077687
21.8627,desired,-0.888889,-0.888889,0.111111,0.111111
21.8721,state,-0.911890,-0.881738,0.032053,0.155798
21.8821,state,-0.907160,-0.875378,-0.146046,-0.015905
21.8833,state,-0.898150,-0.866416,-0.066504,0.187429
21.8922,state,-0.927999,-0.896672,-0.156264,-0.018246
21.8930,desired,-0.885554,-0.885554,0.111111,0.111111
21.9022,state,-0.917788,-0.886126,-0.122250,0.077687
21.9122,state,-0.911890,-0.881738,0.032053,0.155798
21.9221,state,-0.907160,-0.875378,-0.146046,-0.015905
21.9228,desired,-0.882223,-0.882223,0.111111,0.111111
21.9322,state,-0.898150,-0.866416,-0.066504,0.187429
21.9421,state,-0.927999,-0.896672,-0.156264,-0.018246
21.9429,desired,-0.880000,-0.880000,0.111111,0.111111
21.9520,state,-0.917788,-0.886126,-0.122250,0.077687
21.9622,state,-0.911890,-0.881738,0.032053,0.155798
21.9630,desired,-0.877776,-0.877776,0.111111,0.111111
21.9721,state,-0.907160,-0.875378,-0.146046,-0.015905
21.9822,state,-0.898150,-0.866416,-0.066504,0.187429
21.9841,state,-0.895866,-0.863272,-0.153004,-0.020446
21.9844,state,-0.885673,-0.852658,-0.118227,0.084112
21.9925,desired,-0.874445,-0.874445,0.111111,0.111111
21.9928,state,-0.911890,-0.881738,0.032053,0.155798
22.0022,state,-0.907160,-0.875378,-0.146046,-0.015905
22.0127,desired,-0.872220,-0.872220,0.111111,0.111111
22.0130,state,-0.898150,-0.866416,-0.066504,0.187429
22.0221,state,-0.895866,-0.863272,-0.153004,-0.020446
22.0321,state,-0.885673,-0.852658,-0.118227,0.084112
22.0422,desired,-0.868891,-0.868891,0.111111,0.111111
22.0424,state,-0.911890,-0.881738,0.032053,0.155798
22.0521,state,-0.907160,-0.875378,-0.146046,-0.015905
22.0624,desired,-0.866667,-0.866667,0.111111,0.111111
22.0625,state,-0.898150,-0.866416,-0.066504,0.187429
22.0722,state,-0.895866,-0.863272,-0.153004,-0.020446
22.0824,desired,-0.864445,-0.864445,0.111111,0.111111
22.0825,state,-0.885673,-0.852658,-0.118227,0.084112
22.0836,state,-0.879232,-0.848026,0.057502,0.174204
22.0842,state,-0.873987,-0.840967,-0.139993,-0.016342
22.0921,state,-0.898150,-0.866416,-0.066504,0.187429
22.1020,state,-0.895866,-0.863272,-0.153004,-0.020446
22.1127,desired,-0.861109,-0.861109,0.111111,0.111111
22.1130,state,-0.885673,-0.852658,-0.118227,0.084112
22.1220,state,-0.879232,-0.848026,0.057502,0.174204
22.1322,state,-0.873987,-0.840967,-0.139993,-0.016342
22.1425,desired,-0.857778,-0.857778,0.111111,0.111111
22.1428,state,-0.898150,-0.866416,-0.066504,0.187429
22.1520,state,-0.895866,-0.863272,-0.153004,-0.020446
22.1626,desired,-0.855554,-0.855554,0.111111,0.111111
22.1630,state,-0.885673,-0.852658,-0.118227,0.084112
22.1720,state,-0.879232,-0.848026,0.057502,0.174204
22.1822,state,-0.873987,-0.840967,-0.139993,-0.016342
22.1847,state,-0.864073,-0.831519,-0.052590,0.202352
22.1927,desired,-0.852220,-0.852220,0.111111,0.111111
22.1930,state,-0.895866,-0.863272,-0.153004,-0.020446
22.2022,state,-0.885673,-0.852658,-0.118227,0.084112
22.2121,state,-0.879232,-0.848026,0.057502,0.174204
22.2226,desired,-0.848887,-0.848887,0.111111,0.111111
22.2229,state,-0.873987,-0.840967,-0.139993,-0.016342
22.2322,state,-0.864073,-0.831519,-0.052590,0.202352
22.2422,state,-0.895866,-0.863272,-0.153004,-0.020446
22.2522,state,-0.885673,-0.852658,-0.118227,0.084112
22.2536,desired,-0.845554,-0.845554,0.111111,0.111111
22.2621,state,-0.879232,-0.848026,0.057502,0.174204
22.2721,state,-0.873987,-0.840967,-0.139993,-0.016342
22.2828,desired,-0.842222,-0.842222,0.111111,0.111111
22.2831,state,-0.864073,-0.831519,-0.052590,0.202352
22.2839,state,-0.861561,-0.828204,-0.147720,-0.021036
22.2853,state,-0.852352,-0.819377,-0.117819,0.064363
22.2921,state,-0.879232,-0.848026,0.057502,0.174204
22.3021,state,-0.873987,-0.840967,-0.139993,-0.016342
22.3132,desired,-0.838887,-0.838887,0.111111,0.111111
22.3136,state,-0.864073,-0.831519,-0.052590,0.202352
22.3221,state,-0.861561,-0.828204,-0.147720,-0.021036
22.3322,state,-0.852352,-0.819377,-0.117819,0.064363
22.3420,state,-0.879232,-0.848026,0.057502,0.174204
22.3432,desired,-0.835558,-0.835558,0.111111,0.111111
22.3521,state,-0.873987,-0.840967,-0.139993,-0.016342
22.3621,state,-0.864073,-0.831519,-0.052590,0.202352
22.3631,desired,-0.833334,-0.833334,0.111111,0.111111
22.3721,state,-0.861561,-0.828204,-0.147720,-0.021036
22.3822,state,-0.852352,-0.819377,-0.117819,0.064363
22.3836,desired,-0.831109,-0.831109,0.111111,0.111111
22.3846,state,-0.846010,-0.814668,0.061515,0.183792
22.3867,state,-0.840775,-0.807294,-0.135564,-0.016333
22.3921,state,-0.864073,-0.831519,-0.052590,0.202352
22.4022,state,-0.861561,-0.828204,-0.147720,-0.021036
22.4128,desired,-0.827778,-0.827778,0.111111,0.111111
22.4132,state,-0.852352,-0.819377,-0.117819,0.064363
22.4221,state,-0.846010,-0.814668,0.061515,0.183792
22.4321,state,-0.840775,-0.807294,-0.135564,-0.016333
22.4428,desired,-0.824446,-0.824446,0.111111,0.111111
22.4433,state,-0.864073,-0.831519,-0.052590,0.202352
22.4522,state,-0.861561,-0.828204,-0.147720,-0.021036
22.4621,state,-0.852352,-0.819377,-0.117819,0.064363
22.4631,desired,-0.822223,-0.822223,0.111111,0.111111
22.4721,state,-0.846010,-0.814668,0.061515,0.183792
22.4832,desired,-0.819997,-0.819997,0.111111,0.111111
22.4837,state,-0.840775,-0.807294,-0.135564,-0.016333
22.4852,state,-0.831725,-0.799107,-0.057548,0.173243
22.4922,state,-0.861561,-0.828204,-0.147720,-0.021036
22.5021,state,-0.852352,-0.819377,-0.117819,0.064363
22.5122,state,-0.846010,-0.814668,0.061515,0.183792
22.5127,desired,-0.816664,-0.816664,0.111111,0.111111
22.5221,state,-0.840775,-0.807294,-0.135564,-0.016333
22.5320,state,-0.831725,-0.799107,-0.057548,0.173243
22.5420,state,-0.861561,-0.828204,-0.147720,-0.021036
22.5424,desired,-0.813335,-0.813335,0.111111,0.111111
22.5521,state,-0.852352,-0.819377,-0.117819,0.064363
22.5621,state,-0.846010,-0.814668,0.061515,0.183792
22.5721,state,-0.840775,-0.807294,-0.135564,-0.016333
22.5727,desired,-0.810001,-0.810001,0.111111,0.111111
22.5821,state,-0.831725,-0.799107,-0.057548,0.173243
22.5845,state,-0.829440,-0.796266,-0.144104,-0.021369
22.5857,state,-0.819249,-0.785615,-0.109263,0.087603
22.5920,state,-0.846010,-0.814668,0.061515,0.183792
22.6020,state,-0.840775,-0.807294,-0.135564,-0.016333
22.6028,desired,-0.806669,-0.806669,0.111111,0.111111
22.6120,state,-0.831725,-0.799107,-0.057548,0.173243
22.6228,desired,-0.804445,-0.804445,0.111111,0.111111
22.6232,state,-0.829440,-0.796266,-0.144104,-0.021369
22.6321,state,-0.819249,-0.785615,-0.109263,0.087603
22.6421,state,-0.846010,-0.814668,0.061515,0.183792
22.6431,desired,-0.802222,-0.802222,0.111111,0.111111
22.6521,state,-0.840775,-0.807294,-0.135564,-0.016333
22.6621,state,-0.831725,-0.799107,-0.057548,0.173243
22.6722,state,-0.829440,-0.796266,-0.144104,-0.021369
22.6736,desired,-0.798887,-0.798887,0.111111,0.111111
22.6821,state,-0.819249,-0.785615,-0.109263,0.087603
22.6845,state,-0.812266,-0.780659,0.087819,0.197305
22.6862,state,-0.806508,-0.772922,-0.128977,-0.015647
22.6922,state,-0.831725,-0.799107,-0.057548,0.173243
22.7021,state,-0.829440,-0.796266,-0.144104,-0.021369
22.7034,desired,-0.795556,-0.795556,0.111111,0.111111
22.7122,state,-0.819249,-0.785615,-0.109263,0.087603
22.7221,state,-0.812266,-0.780659,0.087819,0.197305
22.7321,state,-0.806508,-0.772922,-0.128977,-0.015647
22.7334,desired,-0.792223,-0.792223,0.111111,0.111111
22.7421,state,-0.831725,-0.799107,-0.057548,0.173243
22.7521,state,-0.829440,-0.796266,-0.144104,-0.021369
22.7621,state,-0.819249,-0.785615,-0.109263,0.087603
22.7634,desired,-0.788890,-0.788890,0.111111,0.111111
22.7722,state,-0.812266,-0.780659,0.087819,0.197305
22.7822,state,-0.806508,-0.772922,-0.128977,-0.015647
22.7836,desired,-0.786664,-0.786664,0.111111,0.111111
22.7852,state,-0.798277,-0.765945,-0.062025,0.144454
22.7922,state,-0.829440,-0.796266,-0.144104,-0.021369
22.8021,state,-0.819249,-0.785615,-0.109263,0.087603
22.8121,state,-0.812266,-0.780659,0.087819,0.197305
22.8131,desired,-0.783333,-0.783333,0.111111,0.111111
22.8221,state,-0.806508,-0.772922,-0.128977,-0.015647
22.8321,state,-0.798277,-0.765945,-0.062025,0.144454
22.8421,state,-0.829440,-0.796266,-0.144104,-0.021369
22.8428,desired,-0.779998,-0.779998,0.111111,0.111111
22.8521,state,-0.819249,-0.785615,-0.109263,0.087603
22.8622,state,-0.812266,-0.780659,0.087819,0.197305
22.8630,desired,-0.777773,-0.777773,0.111111,0.111111
22.8720,state,-0.806508,-0.772922,-0.128977,-0.015647
22.8822,state,-0.798277,-0.765945,-0.062025,0.144454
22.8842,state,-0.796214,-0.763593,-0.140166,-0.021185
22.8849,state,-0.786042,-0.752398,-0.104597,0.094133
22.8921,state,-0.812266,-0.780659,0.087819,0.197305
22.8929,desired,-0.774443,-0.774443,0.111111,0.111111
22.9021,state,-0.806508,-0.772922,-0.128977,-0.015647
22.9120,state,-0.798277,-0.765945,-0.062025,0.144454
22.9220,state,-0.796214,-0.763593,-0.140166,-0.021185
22.9226,desired,-0.771109,-0.771109,0.111111,0.111111
22.9322,state,-0.786042,-0.752398,-0.104597,0.094133
22.9421,state,-0.812266,-0.780659,0.087819,0.197305
22.9521,state,-0.806508,-0.772922,-0.128977,-0.015647
22.9530,desired,-0.767777,-0.767777,0.111111,0.111111
22.9620,state,-0.798277,-0.765945,-0.062025,0.144454
22.9721,state,-0.796214,-0.763593,-0.140166,-0.021185
22.9821,state,-0.786042,-0.752398,-0.104597,0.094133
22.9827,desired,-0.764445,-0.764445,0.111111,0.111111
22.9836,state,-0.779603,-0.748026,0.071342,0.169398
22.9847,state,-0.774359,-0.741321,-0.126088,-0.016165
22.9920,state,-0.798277,-0.765945,-0.062025,0.144454
23.0020,state,-0.796214,-0.763593,-0.140166,-0.021185
23.0120,state,-0.786042,-0.752398,-0.104597,0.094133
23.0125,desired,-0.761112,-0.761112,0.111111,0.111111
23.0220,state,-0.779603,-0.748026,0.071342,0.169398
23.0320,state,-0.774359,-0.741321,-0.126088,-0.016165
23.0420,state,-0.798277,-0.765945,-0.062025,0.144454
23.0424,desired,-0.757780,-0.757780,0.111111,0.111111
23.0520,state,-0.796214,-0.763593,-0.140166,-0.021185
23.0620,state,-0.786042,-0.752398,-0.104597,0.094133
23.0626,desired,-0.755556,-0.755556,0.111111,0.111111
23.0720,state,-0.779603,-0.748026,0.071342,0.169398
23.0820,state,-0.774359,-0.741321,-0.126088,-0.016165
23.0826,desired,-0.753334,-0.753334,0.111111,0.111111
23.0836,state,-0.764452,-0.731919,-0.038656,0.204816
23.0920,state,-0.796214,-0.763593,-0.140166,-0.021185
23.1020,state,-0.786042,-0.752398,-0.104597,0.094133
23.1121,state,-0.779603,-0.748026,0.071342,0.169398
23.1129,desired,-0.749999,-0.749999,0.111111,0.111111
23.1220,state,-0.774359,-0.741321,-0.126088,-0.016165
23.1321,state,-0.764452,-0.731919,-0.038656,0.204816
23.1327,desired,-0.747777,-0.747777,0.111111,0.111111
23.1421,state,-0.796214,-0.763593,-0.140166,-0.021185
23.1520,state,-0.786042,-0.752398,-0.104597,0.094133
23.1621,state,-0.779603,-0.748026,0.071342,0.169398
23.1629,desired,-0.744443,-0.744443,0.111111,0.111111
23.1721,state,-0.774359,-0.741321,-0.126088,-0.016165
23.1821,state,-0.764452,-0.731919,-0.038656,0.204816
23.1830,desired,-0.742219,-0.742219,0.111111,0.111111
23.1846,state,-0.761944,-0.728754,-0.133628,-0.020250
23.1849,state,-0.751738,-0.718701,-0.099410,0.079263
23.1921,state,-0.779603,-0.748026,0.071342,0.169398
23.2021,state,-0.774359,-0.741321,-0.126088,-0.016165
23.2121,state,-0.764452,-0.731919,-0.038656,0.204816
23.2129,desired,-0.738889,-0.738889,0.111111,0.111111
23.2221,state,-0.761944,-0.728754,-0.133628,-0.020250
23.2321,state,-0.751738,-0.718701,-0.099410,0.079263
23.2421,state,-0.779603,-0.748026,0.071342,0.169398
23.2427,desired,-0.735556,-0.735556,0.111111,0.111111
23.2521,state,-0.774359,-0.741321,-0.126088,-0.016165
23.2621,state,-0.764452,-0.731919,-0.038656,0.204816
23.2720,state,-0.761944,-0.728754,-0.133628,-0.020250
23.2727,desired,-0.732224,-0.732224,0.111111,0.111111
23.2822,state,-0.751738,-0.718701,-0.099410,0.079263
23.2834,state,-0.745297,-0.714188,0.076336,0.179474
23.2845,state,-0.740057,-0.707281,-0.120974,-0.015234
23.2921,state,-0.764452,-0.731919,-0.038656,0.204816
23.2928,desired,-0.730000,-0.730000,0.111111,0.111111
23.3021,state,-0.761944,-0.728754,-0.133628,-0.020250
23.3121,state,-0.751738,-0.718701,-0.099410,0.079263
23.3128,desired,-0.727776,-0.727776,0.111111,0.111111
23.3221,state,-0.745297,-0.714188,0.076336,0.179474
23.3322,state,-0.740057,-0.707281,-0.120974,-0.015234
23.3328,desired,-0.725552,-0.725552,0.111111,0.111111
23.3421,state,-0.764452,-0.731919,-0.038656,0.204816
23.3521,state,-0.761944,-0.728754,-0.133628,-0.020250
23.3622,state,-0.751738,-0.718701,-0.099410,0.079263
23.3630,desired,-0.722220,-0.722220,0.111111,0.111111
23.3720,state,-0.745297,-0.714188,0.076336,0.179474
23.3822,state,-0.740057,-0.707281,-0.120974,-0.015234
23.3837,state,-0.731871,-0.700000,-0.052359,0.153471
23.3921,state,-0.761944,-0.728754,-0.133628,-0.020250
23.3929,desired,-0.718888,-0.718888,0.111111,0.111111
23.4021,state,-0.751738,-0.718701,-0.099410,0.079263
23.4122,state,-0.745297,-0.714188,0.076336,0.179474
23.4224,state,-0.740057,-0.707281,-0.120974,-0.015234
23.4232,desired,-0.715545,-0.715545,0.111111,0.111111
23.4326,state,-0.731871,-0.700000,-0.052359,0.153471
23.4422,state,-0.761944,-0.728754,-0.133628,-0.020250
23.4521,state,-0.751738,-0.718701,-0.099410,0.079263
23.4546,desired,-0.712220,-0.712220,0.111111,0.111111
23.4621,state,-0.745297,-0.714188,0.076336,0.179474
23.4720,state,-0.740057,-0.707281,-0.120974,-0.015234
23.4820,state,-0.731871,-0.700000,-0.052359,0.153471
23.4825,desired,-0.708890,-0.708890,0.111111,0.111111
23.4833,state,-0.729813,-0.697647,-0.130306,-0.019934
23.4838,state,-0.719641,-0.686617,-0.094641,0.090398
23.4920,state,-0.745297,-0.714188,0.076336,0.179474
23.5022,state,-0.740057,-0.707281,-0.120974,-0.015234
23.5028,desired,-0.706663,-0.706663,0.111111,0.111111
23.5123,state,-0.731871,-0.700000,-0.052359,0.153471
23.5221,state,-0.729813,-0.697647,-0.130306,-0.019934
23.5320,state,-0.719641,-0.686617,-0.094641,0.090398
23.5327,desired,-0.703334,-0.703334,0.111111,0.111111
23.5420,state,-0.745297,-0.714188,0.076336,0.179474
23.5520,state,-0.740057,-0.707281,-0.120974,-0.015234
23.5620,state,-0.731871,-0.700000,-0.052359,0.153471
23.5626,desired,-0.700002,-0.700002,0.111111,0.111111
23.5721,state,-0.729813,-0.697647,-0.130306,-0.019934
23.5820,state,-0.719641,-0.686617,-0.094641,0.090398
23.5827,desired,-0.697778,-0.697778,0.111111,0.111111
23.5834,state,-0.713206,-0.682210,0.081168,0.175107
23.5842,state,-0.707968,-0.675576,-0.116039,-0.014843
23.5920,state,-0.731871,-0.700000,-0.052359,0.153471
23.6020,state,-0.729813,-0.697647,-0.130306,-0.019934
23.6125,desired,-0.694445,-0.694445,0.111111,0.111111
23.6127,state,-0.719641,-0.686617,-0.094641,0.090398
23.6220,state,-0.713206,-0.682210,0.081168,0.175107
23.6325,desired,-0.692223,-0.692223,0.111111,0.111111
23.6328,state,-0.707968,-0.675576,-0.116039,-0.014843
23.6421,state,-0.731871,-0.700000,-0.052359,0.153471
23.6521,state,-0.729813,-0.697647,-0.130306,-0.019934
23.6620,state,-0.719641,-0.686617,-0.094641,0.090398
23.6625,desired,-0.688891,-0.688891,0.111111,0.111111
23.6720,state,-0.713206,-0.682210,0.081168,0.175107
23.6821,state,-0.707968,-0.675576,-0.116039,-0.014843
23.6827,desired,-0.686667,-0.686667,0.111111,0.111111
23.6837,state,-0.698922,-0.667145,-0.037962,0.182014
23.6921,state,-0.729813,-0.697647,-0.130306,-0.019934
23.7020,state,-0.719641,-0.686617,-0.094641,0.090398
23.7121,state,-0.713206,-0.682210,0.081168,0.175107
23.7128,desired,-0.683335,-0.683335,0.111111,0.111111
23.7221,state,-0.707968,-0.675576,-0.116039,-0.014843
23.7321,state,-0.698922,-0.667145,-0.037962,0.182014
23.7329,desired,-0.681111,-0.681111,0.111111,0.111111
23.7421,state,-0.729813,-0.697647,-0.130306,-0.019934
23.7520,state,-0.719641,-0.686617,-0.094641,0.090398
23.7620,state,-0.713206,-0.682210,0.081168,0.175107
23.7626,desired,-0.677779,-0.677779,0.111111,0.111111
23.7720,state,-0.707968,-0.675576,-0.116039,-0.014843
23.7822,state,-0.698922,-0.667145,-0.037962,0.182014
23.7830,desired,-0.675554,-0.675554,0.111111,0.111111
23.7845,state,-0.696640,-0.664452,-0.124377,-0.019044
23.7847,state,-0.685453,-0.652598,-0.085175,0.098200
23.7921,state,-0.713206,-0.682210,0.081168,0.175107
23.8020,state,-0.707968,-0.675576,-0.116039,-0.014843
23.8121,state,-0.698922,-0.667145,-0.037962,0.182014
23.8127,desired,-0.672223,-0.672223,0.111111,0.111111
23.8220,state,-0.696640,-0.664452,-0.124377,-0.019044
23.8320,state,-0.685453,-0.652598,-0.085175,0.098200
23.8327,desired,-0.670001,-0.670001,0.111111,0.111111
23.8421,state,-0.713206,-0.682210,0.081168,0.175107
23.8521,state,-0.707968,-0.675576,-0.116039,-0.014843
23.8530,desired,-0.667777,-0.667777,0.111111,0.111111
23.8620,state,-0.698922,-0.667145,-0.037962,0.182014
23.8721,state,-0.696640,-0.664452,-0.124377,-0.019044
23.8730,desired,-0.665554,-0.665554,0.111111,0.111111
23.8821,state,-0.685453,-0.652598,-0.085175,0.098200
23.8842,state,-0.678918,-0.648242,0.086937,0.173354
23.8862,state,-0.673672,-0.641835,-0.110574,-0.014147
23.8921,state,-0.698922,-0.667145,-0.037962,0.182014
23.9020,state,-0.696640,-0.664452,-0.124377,-0.019044
23.9026,desired,-0.662223,-0.662223,0.111111,0.111111
23.9121,state,-0.685453,-0.652598,-0.085175,0.098200
23.9220,state,-0.678918,-0.648242,0.086937,0.173354
23.9321,state,-0.673672,-0.641835,-0.110574,-0.014147
23.9329,desired,-0.658887,-0.658887,0.111111,0.111111
23.9421,state,-0.698922,-0.667145,-0.037962,0.182014
23.9521,state,-0.696640,-0.664452,-0.124377,-0.019044
23.9620,state,-0.685453,-0.652598,-0.085175,0.098200
23.9628,desired,-0.655557,-0.655557,0.111111,0.111111
23.9721,state,-0.678918,-0.648242,0.086937,0.173354
23.9822,state,-0.673672,-0.641835,-0.110574,-0.014147
23.9830,desired,-0.653332,-0.653332,0.111111,0.111111
23.9842,state,-0.668340,-0.637963,0.065123,0.158666
23.9857,state,-0.663665,-0.632043,-0.110907,-0.014554
23.9921,state,-0.685453,-0.652598,-0.085175,0.098200
24.0020,state,-0.678918,-0.648242,0.086937,0.173354
24.0121,state,-0.673672,-0.641835,-0.110574,-0.014147
24.0130,desired,-0.649999,-0.649999,0.111111,0.111111
24.0220,state,-0.668340,-0.637963,0.065123,0.158666
24.0320,state,-0.663665,-0.632043,-0.110907,-0.014554
24.0421,state,-0.685453,-0.652598,-0.085175,0.098200
24.0432,desired,-0.646668,-0.646668,0.111111,0.111111
24.0520,state,-0.678918,-0.648242,0.086937,0.173354
24.0621,state,-0.673672,-0.641835,-0.110574,-0.014147
24.0629,desired,-0.644444,-0.644444,0.111111,0.111111
24.0721,state,-0.668340,-0.637963,0.065123,0.158666
24.0821,state,-0.663665,-0.632043,-0.110907,-0.014554
24.0830,desired,-0.642221,-0.642221,0.111111,0.111111
24.0842,state,-0.654664,-0.623298,-0.031027,0.190259
24.0921,state,-0.678918,-0.648242,0.086937,0.173354
24.1021,state,-0.673672,-0.641835,-0.110574,-0.014147
24.1125,desired,-0.638890,-0.638890,0.111111,0.111111
24.1128,state,-0.668340,-0.637963,0.065123,0.158666
24.1221,state,-0.663665,-0.632043,-0.110907,-0.014554
24.1321,state,-0.654664,-0.623298,-0.031027,0.190259
24.1329,desired,-0.636665,-0.636665,0.111111,0.111111
24.1421,state,-0.678918,-0.648242,0.086937,0.173354
24.1520,state,-0.673672,-0.641835,-0.110574,-0.014147
24.1620,state,-0.668340,-0.637963,0.065123,0.158666
24.1628,desired,-0.633335,-0.633335,0.111111,0.111111
24.1722,state,-0.663665,-0.632043,-0.110907,-0.014554
24.1821,state,-0.654664,-0.623298,-0.031027,0.190259
24.1829,desired,-0.631111,-0.631111,0.111111,0.111111
24.1841,state,-0.652387,-0.620596,-0.117271,-0.018060
24.1857,state,-0.641200,-0.608870,-0.078021,0.094709
24.1921,state,-0.668340,-0.637963,0.065123,0.158666
24.2020,state,-0.663665,-0.632043,-0.110907,-0.014554
24.2121,state,-0.654664,-0.623298,-0.031027,0.190259
24.2127,desired,-0.627779,-0.627779,0.111111,0.111111
24.2221,state,-0.652387,-0.620596,-0.117271,-0.018060
24.2321,state,-0.641200,-0.608870,-0.078021,0.094709
24.2328,desired,-0.625556,-0.625556,0.111111,0.111111
24.2422,state,-0.668340,-0.637963,0.065123,0.158666
24.2521,state,-0.663665,-0.632043,-0.110907,-0.014554
24.2621,state,-0.654664,-0.623298,-0.031027,0.190259
24.2628,desired,-0.622221,-0.622221,0.111111,0.111111
24.2721,state,-0.652387,-0.620596,-0.117271,-0.018060
24.2821,state,-0.641200,-0.608870,-0.078021,0.094709
24.2841,state,-0.634666,-0.604471,0.094156,0.178301
24.2856,state,-0.629421,-0.598111,-0.103334,-0.013156
24.2921,state,-0.654664,-0.623298,-0.031027,0.190259
24.2929,desired,-0.618887,-0.618887,0.111111,0.111111
24.3021,state,-0.652387,-0.620596,-0.117271,-0.018060
24.3122,state,-0.641200,-0.608870,-0.078021,0.094709
24.3220,state,-0.634666,-0.604471,0.094156,0.178301
24.3226,desired,-0.615557,-0.615557,0.111111,0.111111
24.3322,state,-0.629421,-0.598111,-0.103334,-0.013156
24.3421,state,-0.654664,-0.623298,-0.031027,0.190259
24.3521,state,-0.652387,-0.620596,-0.117271,-0.018060
24.3528,desired,-0.612223,-0.612223,0.111111,0.111111
24.3621,state,-0.641200,-0.608870,-0.078021,0.094709
24.3721,state,-0.634666,-0.604471,0.094156,0.178301
24.3727,desired,-0.610000,-0.610000,0.111111,0.111111
24.3821,state,-0.629421,-0.598111,-0.103334,-0.013156
24.3841,state,-0.620373,-0.589504,-0.025218,0.186743
24.3921,state,-0.652387,-0.620596,-0.117271,-0.018060
24.4020,state,-0.641200,-0.608870,-0.078021,0.094709
24.4028,desired,-0.606668,-0.606668,0.111111,0.111111
24.4121,state,-0.634666,-0.604471,0.094156,0.178301
24.4221,state,-0.629421,-0.598111,-0.103334,-0.013156
24.4321,state,-0.620373,-0.589504,-0.025218,0.186743
24.4327,desired,-0.603332,-0.603332,0.111111,0.111111
24.4422,state,-0.652387,-0.620596,-0.117271,-0.018060
24.4521,state,-0.641200,-0.608870,-0.078021,0.094709
24.4622,state,-0.634666,-0.604471,0.094156,0.178301
24.4627,desired,-0.599999,-0.599999,0.111111,0.111111
24.4721,state,-0.629421,-0.598111,-0.103334,-0.013156
24.4821,state,-0.620373,-0.589504,-0.025218,0.186743
24.4836,state,-0.618093,-0.586950,-0.111583,-0.017072
24.4838,state,-0.607910,-0.576493,-0.076538,0.078108
24.4922,state,-0.634666,-0.604471,0.094156,0.178301
24.4930,desired,-0.596665,-0.596665,0.111111,0.111111
24.5020,state,-0.629421,-0.598111,-0.103334,-0.013156
24.5120,state,-0.620373,-0.589504,-0.025218,0.186743
24.5221,state,-0.618093,-0.586950,-0.111583,-0.017072
24.5226,desired,-0.593332,-0.593332,0.111111,0.111111
24.5321,state,-0.607910,-0.576493,-0.076538,0.078108
24.5420,state,-0.634666,-0.604471,0.094156,0.178301
24.5521,state,-0.629421,-0.598111,-0.103334,-0.013156
24.5527,desired,-0.590001,-0.590001,0.111111,0.111111
24.5620,state,-0.620373,-0.589504,-0.025218,0.186743
24.5721,state,-0.618093,-0.586950,-0.111583,-0.017072
24.5821,state,-0.607910,-0.576493,-0.076538,0.078108
24.5827,desired,-0.586667,-0.586667,0.111111,0.111111
24.5842,state,-0.602018,-0.572455,0.078026,0.162920
24.5849,state,-0.597298,-0.566747,-0.099724,-0.012925
24.5921,state,-0.620373,-0.589504,-0.025218,0.186743
24.6021,state,-0.618093,-0.586950,-0.111583,-0.017072
24.6121,state,-0.607910,-0.576493,-0.076538,0.078108
24.6127,desired,-0.583334,-0.583334,0.111111,0.111111
24.6221,state,-0.602018,-0.572455,0.078026,0.162920
24.6320,state,-0.597298,-0.566747,-0.099724,-0.012925
24.6421,state,-0.620373,-0.589504,-0.025218,0.186743
24.6425,desired,-0.580001,-0.580001,0.111111,0.111111
24.6521,state,-0.618093,-0.586950,-0.111583,-0.017072
24.6621,state,-0.607910,-0.576493,-0.076538,0.078108
24.6722,state,-0.602018,-0.572455,0.078026,0.162920
24.6730,desired,-0.576665,-0.576665,0.111111,0.111111
24.6822,state,-0.597298,-0.566747,-0.099724,-0.012925
24.6844,state,-0.587434,-0.556763,-0.010509,0.219490
24.6922,state,-0.618093,-0.586950,-0.111583,-0.017072
24.7021,state,-0.607910,-0.576493,-0.076538,0.078108
24.7026,desired,-0.573334,-0.573334,0.111111,0.111111
24.7121,state,-0.602018,-0.572455,0.078026,0.162920
24.7220,state,-0.597298,-0.566747,-0.099724,-0.012925
24.7320,state,-0.587434,-0.556763,-0.010509,0.219490
24.7328,desired,-0.570000,-0.570000,0.111111,0.111111
24.7421,state,-0.618093,-0.586950,-0.111583,-0.017072
24.7521,state,-0.607910,-0.576493,-0.076538,0.078108
24.7621,state,-0.602018,-0.572455,0.078026,0.162920
24.7627,desired,-0.566668,-0.566668,0.111111,0.111111
24.7721,state,-0.597298,-0.566747,-0.099724,-0.012925
24.7820,state,-0.587434,-0.556763,-0.010509,0.219490
24.7828,desired,-0.564445,-0.564445,0.111111,0.111111
24.7840,state,-0.584934,-0.553866,-0.105204,-0.016046
24.7850,state,-0.574730,-0.543986,-0.070799,0.069301
24.7920,state,-0.602018,-0.572455,0.078026,0.162920
24.8020,state,-0.597298,-0.566747,-0.099724,-0.012925
24.8120,state,-0.587434,-0.556763,-0.010509,0.219490
24.8126,desired,-0.561112,-0.561112,0.111111,0.111111
24.8220,state,-0.584934,-0.553866,-0.105204,-0.016046
24.8321,state,-0.574730,-0.543986,-0.070799,0.069301
24.8327,desired,-0.558890,-0.558890,0.111111,0.111111
24.8420,state,-0.602018,-0.572455,0.078026,0.162920
24.8521,state,-0.597298,-0.566747,-0.099724,-0.012925
24.8621,state,-0.587434,-0.556763,-0.010509,0.219490
24.8629,desired,-0.555556,-0.555556,0.111111,0.111111
24.8722,state,-0.584934,-0.553866,-0.105204,-0.016046
24.8822,state,-0.574730,-0.543986,-0.070799,0.069301
24.8830,desired,-0.553332,-0.553332,0.111111,0.111111
24.8850,state,-0.568293,-0.539279,0.104966,0.199079
24.8859,state,-0.563060,-0.532656,-0.092080,-0.011103
24.8921,state,-0.587434,-0.556763,-0.010509,0.219490
24.9021,state,-0.584934,-0.553866,-0.105204,-0.016046
24.9121,state,-0.574730,-0.543986,-0.070799,0.069301
24.9127,desired,-0.550001,-0.550001,0.111111,0.111111
24.9220,state,-0.568293,-0.539279,0.104966,0.199079
24.9320,state,-0.563060,-0.532656,-0.092080,-0.011103
24.9326,desired,-0.547778,-0.547778,0.111111,0.111111
24.9421,state,-0.587434,-0.556763,-0.010509,0.219490
24.9521,state,-0.584934,-0.553866,-0.105204,-0.016046
24.9621,state,-0.574730,-0.543986,-0.070799,0.069301
24.9629,desired,-0.544445,-0.544445,0.111111,0.111111
24.9721,state,-0.568293,-0.539279,0.104966,0.199079
24.9821,state,-0.563060,-0.532656,-0.092080,-0.011103
24.9829,desired,-0.542223,-0.542223,0.111111,0.111111
24.9838,state,-0.554013,-0.524089,-0.013870,0.185650
24.9921,state,-0.584934,-0.553866,-0.105204,-0.016046
25.0021,state,-0.574730,-0.543986,-0.070799,0.069301
25.0121,state,-0.568293,-0.539279,0.104966,0.199079
25.0126,desired,-0.538889,-0.538889,0.111111,0.111111
25.0221,state,-0.563060,-0.532656,-0.092080,-0.011103
25.0321,state,-0.554013,-0.524089,-0.013870,0.185650
25.0421,state,-0.584934,-0.553866,-0.105204,-0.016046
25.0429,desired,-0.535557,-0.535557,0.111111,0.111111
25.0521,state,-0.574730,-0.543986,-0.070799,0.069301
25.0620,state,-0.568293,-0.539279,0.104966,0.199079
25.0722,state,-0.563060,-0.532656,-0.092080,-0.011103
25.0730,desired,-0.532220,-0.532220,0.111111,0.111111
25.0822,state,-0.554013,-0.524089,-0.013870,0.185650
25.0841,state,-0.551733,-0.521753,-0.100199,-0.015219
25.0843,state,-0.542552,-0.512623,-0.069321,0.058780
25.0921,state,-0.568293,-0.539279,0.104966,0.199079
25.1021,state,-0.563060,-0.532656,-0.092080,-0.011103
25.1029,desired,-0.528890,-0.528890,0.111111,0.111111
25.1121,state,-0.554013,-0.524089,-0.013870,0.185650
25.1220,state,-0.551733,-0.521753,-0.100199,-0.015219
25.1320,state,-0.542552,-0.512623,-0.069321,0.058780
25.1328,desired,-0.525556,-0.525556,0.111111,0.111111
25.1422,state,-0.568293,-0.539279,0.104966,0.199079
25.1521,state,-0.563060,-0.532656,-0.092080,-0.011103
25.1621,state,-0.554013,-0.524089,-0.013870,0.185650
25.1627,desired,-0.522223,-0.522223,0.111111,0.111111
25.1721,state,-0.551733,-0.521753,-0.100199,-0.015219
25.1825,desired,-0.520000,-0.520000,0.111111,0.111111
25.1827,state,-0.542552,-0.512623,-0.069321,0.058780
25.1841,state,-0.536215,-0.507770,0.110286,0.209045
25.1856,state,-0.530990,-0.501053,-0.086470,-0.010157
25.1921,state,-0.554013,-0.524089,-0.013870,0.185650
25.2020,state,-0.551733,-0.521753,-0.100199,-0.015219
25.2121,state,-0.542552,-0.512623,-0.069321,0.058780
25.2129,desired,-0.516666,-0.516666,0.111111,0.111111
25.2221,state,-0.536215,-0.507770,0.110286,0.209045
25.2321,state,-0.530990,-0.501053,-0.086470,-0.010157
25.2421,state,-0.554013,-0.524089,-0.013870,0.185650
25.2429,desired,-0.513331,-0.513331,0.111111,0.111111
25.2521,state,-0.551733,-0.521753,-0.100199,-0.015219
25.2622,state,-0.542552,-0.512623,-0.069321,0.058780
25.2630,desired,-0.511106,-0.511106,0.111111,0.111111
25.2721,state,-0.536215,-0.507770,0.110286,0.209045
25.2822,state,-0.530990,-0.501053,-0.086470,-0.010157
25.2842,state,-0.521083,-0.491405,0.001224,0.210673
25.2921,state,-0.551733,-0.521753,-0.100199,-0.015219
25.2927,desired,-0.507776,-0.507776,0.111111,0.111111
25.3022,state,-0.542552,-0.512623,-0.069321,0.058780
25.3121,state,-0.536215,-0.507770,0.110286,0.209045
25.3221,state,-0.530990,-0.501053,-0.086470,-0.010157
25.3229,desired,-0.504443,-0.504443,0.111111,0.111111
25.3321,state,-0.521083,-0.491405,0.001224,0.210673
25.3421,state,-0.551733,-0.521753,-0.100199,-0.015219
25.3521,state,-0.542552,-0.512623,-0.069321,0.058780
25.3529,desired,-0.501109,-0.501109,0.111111,0.111111
25.3621,state,-0.536215,-0.507770,0.110286,0.209045
25.3721,state,-0.530990,-0.501053,-0.086470,-0.010157
25.3821,state,-0.521083,-0.491405,0.001224,0.210673
25.3827,desired,-0.497776,-0.497776,0.111111,0.111111
25.3836,state,-0.518581,-0.488855,-0.093562,-0.014173
25.3842,state,-0.508378,-0.478773,-0.059118,0.066057
25.3920,state,-0.536215,-0.507770,0.110286,0.209045
25.4020,state,-0.530990,-0.501053,-0.086470,-0.010157
25.4121,state,-0.521083,-0.491405,0.001224,0.210673
25.4127,desired,-0.494445,-0.494445,0.111111,0.111111
25.4221,state,-0.518581,-0.488855,-0.093562,-0.014173
25.4320,state,-0.508378,-0.478773,-0.059118,0.066057
25.4421,state,-0.536215,-0.507770,0.110286,0.209045
25.4429,desired,-0.491112,-0.491112,0.111111,0.111111
25.4522,state,-0.530990,-0.501053,-0.086470,-0.010157
25.4621,state,-0.521083,-0.491405,0.001224,0.210673
25.4722,state,-0.518581,-0.488855,-0.093562,-0.014173
25.4730,desired,-0.487776,-0.487776,0.111111,0.111111
25.4822,state,-0.508378,-0.478773,-0.059118,0.066057
25.4839,state,-0.501942,-0.473968,0.116731,0.207541
25.4859,state,-0.496709,-0.467552,-0.080301,-0.009420
25.4921,state,-0.521083,-0.491405,0.001224,0.210673
25.4929,desired,-0.485553,-0.485553,0.111111,0.111111
25.5020,state,-0.518581,-0.488855,-0.093562,-0.014173
25.5121,state,-0.508378,-0.478773,-0.059118,0.066057
25.5220,state,-0.501942,-0.473968,0.116731,0.207541
25.5228,desired,-0.482223,-0.482223,0.111111,0.111111
25.5320,state,-0.496709,-0.467552,-0.080301,-0.009420
25.5420,state,-0.521083,-0.491405,0.001224,0.210673
25.5520,state,-0.518581,-0.488855,-0.093562,-0.014173
25.5525,desired,-0.478890,-0.478890,0.111111,0.111111
25.5620,state,-0.508378,-0.478773,-0.059118,0.066057
25.5720,state,-0.501942,-0.473968,0.116731,0.207541
25.5820,state,-0.496709,-0.467552,-0.080301,-0.009420
25.5827,desired,-0.475557,-0.475557,0.111111,0.111111
25.5836,state,-0.487665,-0.458811,-0.002074,0.189089
25.5920,state,-0.518581,-0.488855,-0.093562,-0.014173
25.6020,state,-0.508378,-0.478773,-0.059118,0.066057
25.6121,state,-0.501942,-0.473968,0.116731,0.207541
25.6127,desired,-0.472224,-0.472224,0.111111,0.111111
25.6220,state,-0.496709,-0.467552,-0.080301,-0.009420
25.6321,state,-0.487665,-0.458811,-0.002074,0.189089
25.6326,desired,-0.470000,-0.470000,0.111111,0.111111
25.6421,state,-0.518581,-0.488855,-0.093562,-0.014173
25.6521,state,-0.508378,-0.478773,-0.059118,0.066057
25.6621,state,-0.501942,-0.473968,0.116731,0.207541
25.6627,desired,-0.466667,-0.466667,0.111111,0.111111
25.6722,state,-0.496709,-0.467552,-0.080301,-0.009420
25.6821,state,-0.487665,-0.458811,-0.002074,0.189089
25.6833,state,-0.485387,-0.456667,-0.088340,-0.013268
25.6837,state,-0.476208,-0.447558,-0.057418,0.052799
25.6927,desired,-0.463332,-0.463332,0.111111,0.111111
25.6930,state,-0.501942,-0.473968,0.116731,0.207541
25.7020,state,-0.496709,-0.467552,-0.080301,-0.009420
25.7122,state,-0.487665,-0.458811,-0.002074,0.189089
25.7221,state,-0.485387,-0.456667,-0.088340,-0.013268
25.7227,desired,-0.459999,-0.459999,0.111111,0.111111
25.7320,state,-0.476208,-0.447558,-0.057418,0.052799
25.7420,state,-0.501942,-0.473968,0.116731,0.207541
25.7521,state,-0.496709,-0.467552,-0.080301,-0.009420
25.7527,desired,-0.456667,-0.456667,0.111111,0.111111
25.7621,state,-0.487665,-0.458811,-0.002074,0.189089
25.7722,state,-0.485387,-0.456667,-0.088340,-0.013268
25.7729,desired,-0.454443,-0.454443,0.111111,0.111111
25.7821,state,-0.476208,-0.447558,-0.057418,0.052799
25.7836,state,-0.469326,-0.441963,0.143629,0.250344
25.7856,state,-0.463585,-0.434609,-0.072520,-0.007649
25.7922,state,-0.487665,-0.458811,-0.002074,0.189089
25.8021,state,-0.485387,-0.456667,-0.088340,-0.013268
25.8026,desired,-0.451112,-0.451112,0.111111,0.111111
25.8122,state,-0.476208,-0.447558,-0.057418,0.052799
25.8221,state,-0.469326,-0.441963,0.143629,0.250344
25.8322,state,-0.463585,-0.434609,-0.072520,-0.007649
25.8326,desired,-0.447776,-0.447776,0.111111,0.111111
25.8422,state,-0.487665,-0.458811,-0.002074,0.189089
25.8521,state,-0.485387,-0.456667,-0.088340,-0.013268
25.8622,state,-0.476208,-0.447558,-0.057418,0.052799
25.8629,desired,-0.444443,-0.444443,0.111111,0.111111
25.8721,state,-0.469326,-0.441963,0.143629,0.250344
25.8821,state,-0.463585,-0.434609,-0.072520,-0.007649
25.8835,state,-0.454499,-0.426255,0.004140,0.179567
25.8921,state,-0.485387,-0.456667,-0.088340,-0.013268
25.8926,desired,-0.441112,-0.441112,0.111111,0.111111
25.9022,state,-0.476208,-0.447558,-0.057418,0.052799
25.9121,state,-0.469326,-0.441963,0.143629,0.250344
25.9221,state,-0.463585,-0.434609,-0.072520,-0.007649
25.9226,desired,-0.437779,-0.437779,0.111111,0.111111
25.9321,state,-0.454499,-0.426255,0.004140,0.179567
25.9421,state,-0.485387,-0.456667,-0.088340,-0.013268
25.9427,desired,-0.435556,-0.435556,0.111111,0.111111
25.9520,state,-0.476208,-0.447558,-0.057418,0.052799
25.9620,state,-0.469326,-0.441963,0.143629,0.250344
25.9722,state,-0.463585,-0.434609,-0.072520,-0.007649
25.9730,desired,-0.432220,-0.432220,0.111111,0.111111
25.9820,state,-0.454499,-0.426255,0.004140,0.179567
25.9834,state,-0.452218,-0.424367,-0.082238,-0.012279
25.9841,state,-0.442039,-0.413651,-0.047073,0.065072
25.9921,state,-0.469326,-0.441963,0.143629,0.250344
26.0020,state,-0.463585,-0.434609,-0.072520,-0.007649
26.0026,desired,-0.428889,-0.428889,0.111111,0.111111
26.0121,state,-0.454499,-0.426255,0.004140,0.179567
26.0226,desired,-0.426665,-0.426665,0.111111,0.111111
26.0229,state,-0.452218,-0.424367,-0.082238,-0.012279
26.0321,state,-0.442039,-0.413651,-0.047073,0.065072
26.0422,state,-0.469326,-0.441963,0.143629,0.250344
26.0426,desired,-0.424443,-0.424443,0.111111,0.111111
26.0521,state,-0.463585,-0.434609,-0.072520,-0.007649
26.0620,state,-0.454499,-0.426255,0.004140,0.179567
26.0727,desired,-0.421109,-0.421109,0.111111,0.111111
26.0730,state,-0.452218,-0.424367,-0.082238,-0.012279
26.0821,state,-0.442039,-0.413651,-0.047073,0.065072
26.0840,state,-0.435604,-0.408774,0.128914,0.214484
26.0847,state,-0.430372,-0.402698,-0.068090,-0.007822
26.0921,state,-0.454499,-0.426255,0.004140,0.179567
26.1021,state,-0.452218,-0.424367,-0.082238,-0.012279
26.1027,desired,-0.417778,-0.417778,0.111111,0.111111
26.1121,state,-0.442039,-0.413651,-0.047073,0.065072
26.1221,state,-0.435604,-0.408774,0.128914,0.214484
26.1322,state,-0.430372,-0.402698,-0.068090,-0.007822
26.1330,desired,-0.414442,-0.414442,0.111111,0.111111
26.1421,state,-0.454499,-0.426255,0.004140,0.179567
26.1521,state,-0.452218,-0.424367,-0.082238,-0.012279
26.1621,state,-0.442039,-0.413651,-0.047073,0.065072
26.1627,desired,-0.411112,-0.411112,0.111111,0.111111
26.1721,state,-0.435604,-0.408774,0.128914,0.214484
26.1821,state,-0.430372,-0.402698,-0.068090,-0.007822
26.1826,desired,-0.408889,-0.408889,0.111111,0.111111
26.1833,state,-0.421328,-0.393714,0.010168,0.193233
26.1921,state,-0.452218,-0.424367,-0.082238,-0.012279
26.2020,state,-0.442039,-0.413651,-0.047073,0.065072
26.2027,desired,-0.406666,-0.406666,0.111111,0.111111
26.2120,state,-0.435604,-0.408774,0.128914,0.214484
26.2220,state,-0.430372,-0.402698,-0.068090,-0.007822
26.2320,state,-0.421328,-0.393714,0.010168,0.193233
26.2326,desired,-0.403334,-0.403334,0.111111,0.111111
26.2422,state,-0.452218,-0.424367,-0.082238,-0.012279
26.2521,state,-0.442039,-0.413651,-0.047073,0.065072
26.2621,state,-0.435604,-0.408774,0.128914,0.214484
26.2627,desired,-0.399998,-0.399998,0.111111,0.111111
26.2721,state,-0.430372,-0.402698,-0.068090,-0.007822
26.2821,state,-0.421328,-0.393714,0.010168,0.193233
26.2834,state,-0.419052,-0.391803,-0.076058,-0.011188
26.2836,state,-0.408873,-0.381341,-0.040860,0.057636
26.2921,state,-0.435604,-0.408774,0.128914,0.214484
26.2927,desired,-0.396667,-0.396667,0.111111,0.111111
26.3021,state,-0.430372,-0.402698,-0.068090,-0.007822
26.3121,state,-0.421328,-0.393714,0.010168,0.193233
26.3221,state,-0.419052,-0.391803,-0.076058,-0.011188
26.3227,desired,-0.393335,-0.393335,0.111111,0.111111
26.3321,state,-0.408873,-0.381341,-0.040860,0.057636
26.3421,state,-0.435604,-0.408774,0.128914,0.214484
26.3429,desired,-0.391112,-0.391112,0.111111,0.111111
26.3521,state,-0.430372,-0.402698,-0.068090,-0.007822
26.3622,state,-0.421328,-0.393714,0.010168,0.193233
26.3630,desired,-0.388888,-0.388888,0.111111,0.111111
26.3722,state,-0.419052,-0.391803,-0.076058,-0.011188
26.3821,state,-0.408873,-0.381341,-0.040860,0.057636
26.3833,state,-0.402439,-0.376348,0.135110,0.222476
26.3844,state,-0.397209,-0.370374,-0.061847,-0.006930
26.3921,state,-0.421328,-0.393714,0.010168,0.193233
26.3927,desired,-0.385556,-0.385556,0.111111,0.111111
26.4021,state,-0.419052,-0.391803,-0.076058,-0.011188
26.4121,state,-0.408873,-0.381341,-0.040860,0.057636
26.4221,state,-0.402439,-0.376348,0.135110,0.222476
26.4227,desired,-0.382223,-0.382223,0.111111,0.111111
26.4321,state,-0.397209,-0.370374,-0.061847,-0.006930
26.4421,state,-0.421328,-0.393714,0.010168,0.193233
26.4521,state,-0.419052,-0.391803,-0.076058,-0.011188
26.4529,desired,-0.378890,-0.378890,0.111111,0.111111
26.4622,state,-0.408873,-0.381341,-0.040860,0.057636
26.4721,state,-0.402439,-0.376348,0.135110,0.222476
26.4727,desired,-0.376667,-0.376667,0.111111,0.111111
26.4821,state,-0.397209,-0.370374,-0.061847,-0.006930
26.4836,state,-0.388164,-0.361286,0.016441,0.194377
26.4921,state,-0.419052,-0.391803,-0.076058,-0.011188
26.5021,state,-0.408873,-0.381341,-0.040860,0.057636
26.5026,desired,-0.373334,-0.373334,0.111111,0.111111
26.5121,state,-0.402439,-0.376348,0.135110,0.222476
26.5221,state,-0.397209,-0.370374,-0.061847,-0.006930
26.5321,state,-0.388164,-0.361286,0.016441,0.194377
26.5331,desired,-0.370000,-0.370000,0.111111,0.111111
26.5421,state,-0.419052,-0.391803,-0.076058,-0.011188
26.5521,state,-0.408873,-0.381341,-0.040860,0.057636
26.5621,state,-0.402439,-0.376348,0.135110,0.222476
26.5631,desired,-0.366667,-0.366667,0.111111,0.111111
26.5721,state,-0.397209,-0.370374,-0.061847,-0.006930
26.5821,state,-0.388164,-0.361286,0.016441,0.194377
26.5826,desired,-0.364444,-0.364444,0.111111,0.111111
26.5834,state,-0.385888,-0.359530,-0.069773,-0.010083
26.5847,state,-0.375710,-0.349079,-0.034562,0.051596
26.5922,state,-0.402439,-0.376348,0.135110,0.222476
26.6021,state,-0.397209,-0.370374,-0.061847,-0.006930
26.6121,state,-0.388164,-0.361286,0.016441,0.194377
26.6127,desired,-0.361112,-0.361112,0.111111,0.111111
26.6221,state,-0.385888,-0.359530,-0.069773,-0.010083
26.6324,desired,-0.358890,-0.358890,0.111111,0.111111
26.6327,state,-0.375710,-0.349079,-0.034562,0.051596
26.6421,state,-0.402439,-0.376348,0.135110,0.222476
26.6521,state,-0.397209,-0.370374,-0.061847,-0.006930
26.6622,state,-0.388164,-0.361286,0.016441,0.194377
26.6630,desired,-0.355554,-0.355554,0.111111,0.111111
26.6721,state,-0.385888,-0.359530,-0.069773,-0.010083
26.6821,state,-0.375710,-0.349079,-0.034562,0.051596
26.6842,state,-0.369277,-0.343975,0.141410,0.230074
26.6848,state,-0.364047,-0.338159,-0.055511,-0.006104
26.6921,state,-0.388164,-0.361286,0.016441,0.194377
26.6927,desired,-0.352223,-0.352223,0.111111,0.111111
26.7021,state,-0.385888,-0.359530,-0.069773,-0.010083
26.7121,state,-0.375710,-0.349079,-0.034562,0.051596
26.7221,state,-0.369277,-0.343975,0.141410,0.230074
26.7226,desired,-0.348891,-0.348891,0.111111,0.111111
26.7320,state,-0.364047,-0.338159,-0.055511,-0.006104
26.7420,state,-0.388164,-0.361286,0.016441,0.194377
26.7425,desired,-0.346668,-0.346668,0.111111,0.111111
26.7521,state,-0.385888,-0.359530,-0.069773,-0.010083
26.7621,state,-0.375710,-0.349079,-0.034562,0.051596
26.7722,state,-0.369277,-0.343975,0.141410,0.230074
26.7727,desired,-0.343333,-0.343333,0.111111,0.111111
26.7821,state,-0.364047,-0.338159,-0.055511,-0.006104
26.7841,state,-0.355004,-0.328933,0.022784,0.195835
26.7921,state,-0.385888,-0.359530,-0.069773,-0.010083
26.8021,state,-0.375710,-0.349079,-0.034562,0.051596
26.8029,desired,-0.340001,-0.340001,0.111111,0.111111
26.8121,state,-0.369277,-0.343975,0.141410,0.230074
26.8221,state,-0.364047,-0.338159,-0.055511,-0.006104
26.8321,state,-0.355004,-0.328933,0.022784,0.195835
26.8327,desired,-0.336667,-0.336667,0.111111,0.111111
26.8421,state,-0.385888,-0.359530,-0.069773,-0.010083
26.8521,state,-0.375710,-0.349079,-0.034562,0.051596
26.8621,state,-0.369277,-0.343975,0.141410,0.230074
26.8630,desired,-0.333332,-0.333332,0.111111,0.111111
26.8721,state,-0.364047,-0.338159,-0.055511,-0.006104
26.8821,state,-0.355004,-0.328933,0.022784,0.195835
26.8833,state,-0.352728,-0.327353,-0.063412,-0.008957
26.8835,state,-0.342549,-0.316918,-0.028166,0.044396
26.8921,state,-0.369277,-0.343975,0.141410,0.230074
26.8927,desired,-0.330000,-0.330000,0.111111,0.111111
26.9021,state,-0.364047,-0.338159,-0.055511,-0.006104
26.9121,state,-0.355004,-0.328933,0.022784,0.195835
26.9221,state,-0.352728,-0.327353,-0.063412,-0.008957
26.9227,desired,-0.326668,-0.326668,0.111111,0.111111
26.9321,state,-0.342549,-0.316918,-0.028166,0.044396
26.9421,state,-0.369277,-0.343975,0.141410,0.230074
26.9525,desired,-0.323333,-0.323333,0.111111,0.111111
26.9527,state,-0.364047,-0.338159,-0.055511,-0.006104
26.9621,state,-0.355004,-0.328933,0.022784,0.195835
26.9725,desired,-0.321110,-0.321110,0.111111,0.111111
26.9727,state,-0.352728,-0.327353,-0.063412,-0.008957
26.9821,state,-0.342549,-0.316918,-0.028166,0.044396
26.9833,state,-0.336116,-0.311685,0.147797,0.238742
26.9844,state,-0.330887,-0.306052,-0.049097,-0.005333
26.9921,state,-0.355004,-0.328933,0.022784,0.195835
27.0027,desired,-0.317776,-0.317776,0.111111,0.111111
27.0030,state,-0.352728,-0.327353,-0.063412,-0.008957
27.0121,state,-0.342549,-0.316918,-0.028166,0.044396
27.0221,state,-0.336116,-0.311685,0.147797,0.238742
27.0321,state,-0.330887,-0.306052,-0.049097,-0.005333
27.0330,desired,-0.314442,-0.314442,0.111111,0.111111
27.0422,state,-0.355004,-0.328933,0.022784,0.195835
27.0521,state,-0.352728,-0.327353,-0.063412,-0.008957
27.0622,state,-0.342549,-0.316918,-0.028166,0.044396
27.0630,desired,-0.311110,-0.311110,0.111111,0.111111
27.0721,state,-0.336116,-0.311685,0.147797,0.238742
27.0821,state,-0.330887,-0.306052,-0.049097,-0.005333
27.0839,state,-0.321843,-0.296664,0.029222,0.197299
27.0925,desired,-0.307778,-0.307778,0.111111,0.111111
27.0927,state,-0.352728,-0.327353,-0.063412,-0.008957
27.1021,state,-0.342549,-0.316918,-0.028166,0.044396
27.1126,desired,-0.305553,-0.305553,0.111111,0.111111
27.1128,state,-0.336116,-0.311685,0.147797,0.238742
27.1221,state,-0.330887,-0.306052,-0.049097,-0.005333
27.1321,state,-0.321843,-0.296664,0.029222,0.197299
27.1427,desired,-0.302220,-0.302220,0.111111,0.111111
27.1431,state,-0.352728,-0.327353,-0.063412,-0.008957
27.1521,state,-0.342549,-0.316918,-0.028166,0.044396
27.1622,state,-0.336116,-0.311685,0.147797,0.238742
27.1726,desired,-0.298889,-0.298889,0.111111,0.111111
27.1730,state,-0.330887,-0.306052,-0.049097,-0.005333
27.1822,state,-0.321843,-0.296664,0.029222,0.197299
27.1842,state,-0.319567,-0.295286,-0.056965,-0.007817
27.1857,state,-0.309390,-0.284878,-0.021714,0.035791
27.1921,state,-0.336116,-0.311685,0.147797,0.238742
27.2020,state,-0.330887,-0.306052,-0.049097,-0.005333
27.2027,desired,-0.295556,-0.295556,0.111111,0.111111
27.2121,state,-0.321843,-0.296664,0.029222,0.197299
27.2221,state,-0.319567,-0.295286,-0.056965,-0.007817
27.2228,desired,-0.293331,-0.293331,0.111111,0.111111
27.2322,state,-0.309390,-0.284878,-0.021714,0.035791
27.2421,state,-0.336116,-0.311685,0.147797,0.238742
27.2521,state,-0.330887,-0.306052,-0.049097,-0.005333
27.2529,desired,-0.289998,-0.289998,0.111111,0.111111
27.2621,state,-0.321843,-0.296664,0.029222,0.197299
27.2720,state,-0.319567,-0.295286,-0.056965,-0.007817
27.2821,state,-0.309390,-0.284878,-0.021714,0.035791
27.2829,desired,-0.286667,-0.286667,0.111111,0.111111
27.2840,state,-0.302957,-0.279491,0.154290,0.248789
27.2855,state,-0.297728,-0.274071,-0.042603,-0.004644
27.2922,state,-0.321843,-0.296664,0.029222,0.197299
27.3020,state,-0.319567,-0.295286,-0.056965,-0.007817
27.3120,state,-0.309390,-0.284878,-0.021714,0.035791
27.3128,desired,-0.283334,-0.283334,0.111111,0.111111
27.3221,state,-0.302957,-0.279491,0.154290,0.248789
27.3321,state,-0.297728,-0.274071,-0.042603,-0.004644
27.3422,state,-0.321843,-0.296664,0.029222,0.197299
27.3430,desired,-0.279998,-0.279998,0.111111,0.111111
27.3521,state,-0.319567,-0.295286,-0.056965,-0.007817
27.3621,state,-0.309390,-0.284878,-0.021714,0.035791
27.3724,desired,-0.276667,-0.276667,0.111111,0.111111
27.3727,state,-0.302957,-0.279491,0.154290,0.248789
27.3820,state,-0.297728,-0.274071,-0.042603,-0.004644
27.3850,state,-0.288686,-0.264502,0.035704,0.198543
27.3920,state,-0.319567,-0.295286,-0.056965,-0.007817
27.3926,desired,-0.274444,-0.274444,0.111111,0.111111
27.4021,state,-0.309390,-0.284878,-0.021714,0.035791
27.4120,state,-0.302957,-0.279491,0.154290,0.248789
27.4221,state,-0.297728,-0.274071,-0.042603,-0.004644
27.4227,desired,-0.271109,-0.271109,0.111111,0.111111
27.4320,state,-0.288686,-0.264502,0.035704,0.198543
27.4421,state,-0.319567,-0.295286,-0.056965,-0.007817
27.4520,state,-0.309390,-0.284878,-0.021714,0.035791
27.4526,desired,-0.267778,-0.267778,0.111111,0.111111
27.4620,state,-0.302957,-0.279491,0.154290,0.248789
27.4721,state,-0.297728,-0.274071,-0.042603,-0.004644
27.4820,state,-0.288686,-0.264502,0.035704,0.198543
27.4826,desired,-0.264445,-0.264445,0.111111,0.111111
27.4837,state,-0.286412,-0.263359,-0.050451,-0.006639
27.4849,state,-0.276233,-0.253031,-0.015175,0.024981
27.4921,state,-0.302957,-0.279491,0.154290,0.248789
27.5020,state,-0.297728,-0.274071,-0.042603,-0.004644
27.5120,state,-0.288686,-0.264502,0.035704,0.198543
27.5126,desired,-0.261111,-0.261111,0.111111,0.111111
27.5220,state,-0.286412,-0.263359,-0.050451,-0.006639
27.5321,state,-0.276233,-0.253031,-0.015175,0.024981
27.5422,state,-0.302957,-0.279491,0.154290,0.248789
27.5427,desired,-0.257775,-0.257775,0.111111,0.111111
27.5521,state,-0.297728,-0.274071,-0.042603,-0.004644
27.5620,state,-0.288686,-0.264502,0.035704,0.198543
27.5720,state,-0.286412,-0.263359,-0.050451,-0.006639
27.5726,desired,-0.254444,-0.254444,0.111111,0.111111
27.5820,state,-0.276233,-0.253031,-0.015175,0.024981
27.5842,state,-0.269256,-0.246753,0.182166,0.296251
27.5848,state,-0.263513,-0.240901,-0.034081,-0.003435
27.5920,state,-0.288686,-0.264502,0.035704,0.198543
27.6020,state,-0.286412,-0.263359,-0.050451,-0.006639
27.6025,desired,-0.251112,-0.251112,0.111111,0.111111
27.6120,state,-0.276233,-0.253031,-0.015175,0.024981
27.6220,state,-0.269256,-0.246753,0.182166,0.296251
27.6225,desired,-0.248889,-0.248889,0.111111,0.111111
27.6320,state,-0.263513,-0.240901,-0.034081,-0.003435
27.6420,state,-0.288686,-0.264502,0.035704,0.198543
27.6520,state,-0.286412,-0.263359,-0.050451,-0.006639
27.6527,desired,-0.245556,-0.245556,0.111111,0.111111
27.6620,state,-0.276233,-0.253031,-0.015175,0.024981
27.6720,state,-0.269256,-0.246753,0.182166,0.296251
27.6821,state,-0.263513,-0.240901,-0.034081,-0.003435
27.6825,desired,-0.242223,-0.242223,0.111111,0.111111
27.6851,state,-0.255290,-0.232822,0.033186,0.164143
27.6921,state,-0.286412,-0.263359,-0.050451,-0.006639
27.7020,state,-0.276233,-0.253031,-0.015175,0.024981
27.7120,state,-0.269256,-0.246753,0.182166,0.296251
27.7127,desired,-0.238889,-0.238889,0.111111,0.111111
27.7222,state,-0.263513,-0.240901,-0.034081,-0.003435
27.7320,state,-0.255290,-0.232822,0.033186,0.164143
27.7420,state,-0.286412,-0.263359,-0.050451,-0.006639
27.7425,desired,-0.235556,-0.235556,0.111111,0.111111
27.7521,state,-0.276233,-0.253031,-0.015175,0.024981
27.7620,state,-0.269256,-0.246753,0.182166,0.296251
27.7720,state,-0.263513,-0.240901,-0.034081,-0.003435
27.7727,desired,-0.232223,-0.232223,0.111111,0.111111
27.7821,state,-0.255290,-0.232822,0.033186,0.164143
27.7837,state,-0.253236,-0.232256,-0.044615,-0.005487
27.7851,state,-0.243079,-0.221432,-0.008659,0.007955
27.7921,state,-0.269256,-0.246753,0.182166,0.296251
27.8021,state,-0.263513,-0.240901,-0.034081,-0.003435
27.8031,desired,-0.228888,-0.228888,0.111111,0.111111
27.8120,state,-0.255290,-0.232822,0.033186,0.164143
27.8221,state,-0.253236,-0.232256,-0.044615,-0.005487
27.8320,state,-0.243079,-0.221432,-0.008659,0.007955
27.8329,desired,-0.225556,-0.225556,0.111111,0.111111
27.8423,state,-0.269256,-0.246753,0.182166,0.296251
27.8520,state,-0.263513,-0.240901,-0.034081,-0.003435
27.8622,state,-0.255290,-0.232822,0.033186,0.164143
27.8632,desired,-0.222221,-0.222221,0.111111,0.111111
27.8721,state,-0.253236,-0.232256,-0.044615,-0.005487
27.8820,state,-0.243079,-0.221432,-0.008659,0.007955
27.8834,state,-0.236647,-0.215748,0.167476,0.268705
27.8861,state,-0.231418,-0.211028,-0.029426,-0.003492
27.8920,state,-0.255290,-0.232822,0.033186,0.164143
27.8928,desired,-0.218889,-0.218889,0.111111,0.111111
27.9020,state,-0.253236,-0.232256,-0.044615,-0.005487
27.9121,state,-0.243079,-0.221432,-0.008659,0.007955
27.9130,desired,-0.216665,-0.216665,0.111111,0.111111
27.9220,state,-0.236647,-0.215748,0.167476,0.268705
27.9320,state,-0.231418,-0.211028,-0.029426,-0.003492
27.9423,desired,-0.213334,-0.213334,0.111111,0.111111
27.9425,state,-0.255290,-0.232822,0.033186,0.164143
27.9520,state,-0.253236,-0.232256,-0.044615,-0.005487
27.9620,state,-0.243079,-0.221432,-0.008659,0.007955
27.9721,state,-0.236647,-0.215748,0.167476,0.268705
27.9727,desired,-0.210001,-0.210001,0.111111,0.111111
27.9822,state,-0.231418,-0.211028,-0.029426,-0.003492
27.9850,state,-0.222376,-0.200939,0.048901,0.200035
27.9920,state,-0.253236,-0.232256,-0.044615,-0.005487
27.9927,desired,-0.207778,-0.207778,0.111111,0.111111
28.0021,state,-0.243079,-0.221432,-0.008659,0.007955
28.0121,state,-0.236647,-0.215748,0.167476,0.268705
28.0224,desired,-0.204445,-0.204445,0.111111,0.111111
28.0227,state,-0.231418,-0.211028,-0.029426,-0.003492
28.0321,state,-0.222376,-0.200939,0.048901,0.200035
28.0424,desired,-0.202223,-0.202223,0.111111,0.111111
28.0427,state,-0.253236,-0.232256,-0.044615,-0.005487
28.0521,state,-0.243079,-0.221432,-0.008659,0.007955
28.0621,state,-0.236647,-0.215748,0.167476,0.268705
28.0720,state,-0.231418,-0.211028,-0.029426,-0.003492
28.0727,desired,-0.198889,-0.198889,0.111111,0.111111
28.0820,state,-0.222376,-0.200939,0.048901,0.200035
28.0832,state,-0.220102,-0.200299,-0.037233,-0.004175
28.0920,state,-0.243079,-0.221432,-0.008659,0.007955
28.0938,state,-0.209925,-0.189890,-0.001937,0.008490
28.1020,state,-0.231418,-0.211028,-0.029426,-0.003492
28.1026,desired,-0.195556,-0.195556,0.111111,0.111111
28.1121,state,-0.222376,-0.200939,0.048901,0.200035
28.1220,state,-0.220102,-0.200299,-0.037233,-0.004175
28.1320,state,-0.243079,-0.221432,-0.008659,0.007955
28.1328,desired,-0.192223,-0.192223,0.111111,0.111111
28.1420,state,-0.209925,-0.189890,-0.001937,0.008490
28.1522,state,-0.231418,-0.211028,-0.029426,-0.003492
28.1530,desired,-0.189998,-0.189998,0.111111,0.111111
28.1621,state,-0.222376,-0.200939,0.048901,0.200035
28.1726,desired,-0.187775,-0.187775,0.111111,0.111111
28.1729,state,-0.220102,-0.200299,-0.037233,-0.004175
28.1822,state,-0.243079,-0.221432,-0.008659,0.007955
28.1842,state,-0.203492,-0.183865,0.174103,0.287901
28.1857,state,-0.198264,-0.179093,-0.022760,-0.002553
28.1921,state,-0.222376,-0.200939,0.048901,0.200035
28.2025,desired,-0.184445,-0.184445,0.111111,0.111111
28.2027,state,-0.220102,-0.200299,-0.037233,-0.004175
28.2121,state,-0.243079,-0.221432,-0.008659,0.007955
28.2221,state,-0.203492,-0.183865,0.174103,0.287901
28.2321,state,-0.198264,-0.179093,-0.022760,-0.002553
28.2327,desired,-0.181112,-0.181112,0.111111,0.111111
28.2422,state,-0.222376,-0.200939,0.048901,0.200035
28.2521,state,-0.220102,-0.200299,-0.037233,-0.004175
28.2627,desired,-0.177776,-0.177776,0.111111,0.111111
28.2630,state,-0.243079,-0.221432,-0.008659,0.007955
28.2721,state,-0.203492,-0.183865,0.174103,0.287901
28.2822,state,-0.198264,-0.179093,-0.022760,-0.002553
28.2854,state,-0.189220,-0.168952,0.055605,0.197323
28.2927,desired,-0.174442,-0.174442,0.111111,0.111111
28.2930,state,-0.220102,-0.200299,-0.037233,-0.004175
28.3021,state,-0.243079,-0.221432,-0.008659,0.007955
28.3122,state,-0.203492,-0.183865,0.174103,0.287901
28.3225,desired,-0.171112,-0.171112,0.111111,0.111111
28.3227,state,-0.198264,-0.179093,-0.022760,-0.002553
28.3321,state,-0.189220,-0.168952,0.055605,0.197323
28.3421,state,-0.220102,-0.200299,-0.037233,-0.004175
28.3429,desired,-0.168889,-0.168889,0.111111,0.111111
28.3522,state,-0.243079,-0.221432,-0.008659,0.007955
28.3621,state,-0.203492,-0.183865,0.174103,0.287901
28.3722,state,-0.198264,-0.179093,-0.022760,-0.002553
28.3730,desired,-0.165554,-0.165554,0.111111,0.111111
28.3821,state,-0.189220,-0.168952,0.055605,0.197323
28.3836,state,-0.186946,-0.168344,-0.030544,-0.003389
28.3860,state,-0.176771,-0.157837,0.004749,0.009361
28.3921,state,-0.203492,-0.183865,0.174103,0.287901
28.4026,desired,-0.162221,-0.162221,0.111111,0.111111
28.4029,state,-0.198264,-0.179093,-0.022760,-0.002553
28.4122,state,-0.189220,-0.168952,0.055605,0.197323
28.4221,state,-0.186946,-0.168344,-0.030544,-0.003389
28.4321,state,-0.176771,-0.157837,0.004749,0.009361
28.4327,desired,-0.158889,-0.158889,0.111111,0.111111
28.4422,state,-0.203492,-0.183865,0.174103,0.287901
28.4521,state,-0.198264,-0.179093,-0.022760,-0.002553
28.4624,desired,-0.155556,-0.155556,0.111111,0.111111
28.4627,state,-0.189220,-0.168952,0.055605,0.197323
28.4720,state,-0.186946,-0.168344,-0.030544,-0.003389
28.4821,state,-0.176771,-0.157837,0.004749,0.009361
28.4835,state,-0.170338,-0.151744,0.180822,0.293868
28.4861,state,-0.165110,-0.147063,-0.016044,-0.001856
28.4927,desired,-0.152220,-0.152220,0.111111,0.111111
28.4930,state,-0.189220,-0.168952,0.055605,0.197323
28.5020,state,-0.186946,-0.168344,-0.030544,-0.003389
28.5122,state,-0.176771,-0.157837,0.004749,0.009361
28.5224,desired,-0.148890,-0.148890,0.111111,0.111111
28.5227,state,-0.170338,-0.151744,0.180822,0.293868
28.5322,state,-0.165110,-0.147063,-0.016044,-0.001856
28.5421,state,-0.189220,-0.168952,0.055605,0.197323
28.5525,desired,-0.145554,-0.145554,0.111111,0.111111
28.5528,state,-0.186946,-0.168344,-0.030544,-0.003389
28.5621,state,-0.176771,-0.157837,0.004749,0.009361
28.5721,state,-0.170338,-0.151744,0.180822,0.293868
28.5825,desired,-0.142223,-0.142223,0.111111,0.111111
28.5827,state,-0.165110,-0.147063,-0.016044,-0.001856
28.5857,state,-0.155209,-0.135677,0.071739,0.219341
28.5921,state,-0.186946,-0.168344,-0.030544,-0.003389
28.6020,state,-0.176771,-0.157837,0.004749,0.009361
28.6121,state,-0.170338,-0.151744,0.180822,0.293868
28.6126,desired,-0.138889,-0.138889,0.111111,0.111111
28.6220,state,-0.165110,-0.147063,-0.016044,-0.001856
28.6320,state,-0.155209,-0.135677,0.071739,0.219341
28.6420,state,-0.186946,-0.168344,-0.030544,-0.003389
28.6425,desired,-0.135557,-0.135557,0.111111,0.111111
28.6520,state,-0.176771,-0.157837,0.004749,0.009361
28.6620,state,-0.170338,-0.151744,0.180822,0.293868
28.6720,state,-0.165110,-0.147063,-0.016044,-0.001856
28.6725,desired,-0.132224,-0.132224,0.111111,0.111111
28.6820,state,-0.155209,-0.135677,0.071739,0.219341
28.6920,state,-0.186946,-0.168344,-0.030544,-0.003389
28.7020,state,-0.176771,-0.157837,0.004749,0.009361
28.7025,desired,-0.128891,-0.128891,0.111111,0.111111
28.7120,state,-0.170338,-0.151744,0.180822,0.293868
28.7220,state,-0.165110,-0.147063,-0.016044,-0.001856
28.7239,state,-0.152712,-0.135059,-0.022838,-0.002631
28.7240,state,-0.143516,-0.126244,0.007548,0.008100
28.7320,state,-0.176771,-0.157837,0.004749,0.009361
28.7325,desired,-0.125557,-0.125557,0.111111,0.111111
28.7420,state,-0.170338,-0.151744,0.180822,0.293868
28.7520,state,-0.165110,-0.147063,-0.016044,-0.001856
28.7623,desired,-0.122224,-0.122224,0.111111,0.111111
28.7625,state,-0.152712,-0.135059,-0.022838,-0.002631
28.7720,state,-0.143516,-0.126244,0.007548,0.008100
28.7820,state,-0.176771,-0.157837,0.004749,0.009361
28.7929,desired,-0.118889,-0.118889,0.111111,0.111111
28.7931,state,-0.170338,-0.151744,0.180822,0.293868
28.8020,state,-0.165110,-0.147063,-0.016044,-0.001856
28.8120,state,-0.152712,-0.135059,-0.022838,-0.002631
28.8220,state,-0.143516,-0.126244,0.007548,0.008100
28.8225,desired,-0.115557,-0.115557,0.111111,0.111111
28.8238,state,-0.137180,-0.119834,0.187166,0.312929
28.8245,state,-0.131962,-0.115022,-0.009326,-0.001133
28.8320,state,-0.165110,-0.147063,-0.016044,-0.001856
28.8420,state,-0.152712,-0.135059,-0.022838,-0.002631
28.8524,desired,-0.112224,-0.112224,0.111111,0.111111
28.8527,state,-0.143516,-0.126244,0.007548,0.008100
28.8621,state,-0.137180,-0.119834,0.187166,0.312929
28.8720,state,-0.131962,-0.115022,-0.009326,-0.001133
28.8820,state,-0.165110,-0.147063,-0.016044,-0.001856
28.8826,desired,-0.108889,-0.108889,0.111111,0.111111
28.8920,state,-0.152712,-0.135059,-0.022838,-0.002631
28.9020,state,-0.143516,-0.126244,0.007548,0.008100
28.9122,state,-0.137180,-0.119834,0.187166,0.312929
28.9130,desired,-0.105553,-0.105553,0.111111,0.111111
28.9221,state,-0.131962,-0.115022,-0.009326,-0.001133
28.9246,state,-0.122921,-0.105058,0.069059,0.190778
28.9327,desired,-0.103331,-0.103331,0.111111,0.111111
28.9330,state,-0.152712,-0.135059,-0.022838,-0.002631
28.9420,state,-0.143516,-0.126244,0.007548,0.008100
28.9520,state,-0.137180,-0.119834,0.187166,0.312929
28.9625,desired,-0.100000,-0.100000,0.111111,0.111111
28.9627,state,-0.131962,-0.115022,-0.009326,-0.001133
28.9721,state,-0.122921,-0.105058,0.069059,0.190778
28.9821,state,-0.152712,-0.135059,-0.022838,-0.002631
28.9836,state,-0.120647,-0.104534,-0.017055,-0.002082
28.9853,state,-0.110471,-0.094034,0.018266,0.010921
28.9924,desired,-0.096664,-0.096664,0.111111,0.111111
28.9926,state,-0.131962,-0.115022,-0.009326,-0.001133
29.0021,state,-0.122921,-0.105058,0.069059,0.190778
29.0120,state,-0.152712,-0.135059,-0.022838,-0.002631
29.0221,state,-0.120647,-0.104534,-0.017055,-0.002082
29.0227,desired,-0.093333,-0.093333,0.111111,0.111111
29.0320,state,-0.110471,-0.094034,0.018266,0.010921
29.0422,state,-0.131962,-0.115022,-0.009326,-0.001133
29.0522,state,-0.122921,-0.105058,0.069059,0.190778
29.0530,desired,-0.089998,-0.089998,0.111111,0.111111
29.0620,state,-0.152712,-0.135059,-0.022838,-0.002631
29.0721,state,-0.120647,-0.104534,-0.017055,-0.002082
29.0820,state,-0.110471,-0.094034,0.018266,0.010921
29.0827,desired,-0.086667,-0.086667,0.111111,0.111111
29.0921,state,-0.131962,-0.115022,-0.009326,-0.001133
29.0935,state,-0.104039,-0.087932,0.194327,0.299750
29.0941,state,-0.098811,-0.083423,-0.002514,-0.000552
29.1021,state,-0.120647,-0.104534,-0.017055,-0.002082
29.1121,state,-0.110471,-0.094034,0.018266,0.010921
29.1127,desired,-0.083334,-0.083334,0.111111,0.111111
29.1220,state,-0.131962,-0.115022,-0.009326,-0.001133
29.1320,state,-0.104039,-0.087932,0.194327,0.299750
29.1421,state,-0.098811,-0.083423,-0.002514,-0.000552
29.1427,desired,-0.080001,-0.080001,0.111111,0.111111
29.1521,state,-0.120647,-0.104534,-0.017055,-0.002082
29.1624,desired,-0.077778,-0.077778,0.111111,0.111111
29.1626,state,-0.110471,-0.094034,0.018266,0.010921
29.1721,state,-0.131962,-0.115022,-0.009326,-0.001133
29.1821,state,-0.104039,-0.087932,0.194327,0.299750
29.1921,state,-0.098811,-0.083423,-0.002514,-0.000552
29.1927,desired,-0.074445,-0.074445,0.111111,0.111111
29.1935,state,-0.089770,-0.073347,0.075840,0.192637
29.2021,state,-0.110471,-0.094034,0.018266,0.010921
29.2121,state,-0.131962,-0.115022,-0.009326,-0.001133
29.2221,state,-0.104039,-0.087932,0.194327,0.299750
29.2227,desired,-0.071112,-0.071112,0.111111,0.111111
29.2321,state,-0.098811,-0.083423,-0.002514,-0.000552
29.2421,state,-0.089770,-0.073347,0.075840,0.192637
29.2427,desired,-0.068889,-0.068889,0.111111,0.111111
29.2521,state,-0.110471,-0.094034,0.018266,0.010921
29.2620,state,-0.131962,-0.115022,-0.009326,-0.001133
29.2721,state,-0.104039,-0.087932,0.194327,0.299750
29.2727,desired,-0.065556,-0.065556,0.111111,0.111111
29.2821,state,-0.098811,-0.083423,-0.002514,-0.000552
29.2921,state,-0.089770,-0.073347,0.075840,0.192637
29.2927,desired,-0.063334,-0.063334,0.111111,0.111111
29.2936,state,-0.087496,-0.072857,-0.010265,-0.001464
29.2939,state,-0.077319,-0.062444,0.025063,0.011639
29.3021,state,-0.104039,-0.087932,0.194327,0.299750
29.3120,state,-0.098811,-0.083423,-0.002514,-0.000552
29.3221,state,-0.089770,-0.073347,0.075840,0.192637
29.3227,desired,-0.060000,-0.060000,0.111111,0.111111
29.3320,state,-0.087496,-0.072857,-0.010265,-0.001464
29.3420,state,-0.077319,-0.062444,0.025063,0.011639
29.3520,state,-0.104039,-0.087932,0.194327,0.299750
29.3525,desired,-0.056667,-0.056667,0.111111,0.111111
29.3621,state,-0.098811,-0.083423,-0.002514,-0.000552
29.3720,state,-0.089770,-0.073347,0.075840,0.192637
29.3828,desired,-0.053331,-0.053331,0.111111,0.111111
29.3831,state,-0.087496,-0.072857,-0.010265,-0.001464
29.3921,state,-0.077319,-0.062444,0.025063,0.011639
29.3935,state,-0.070888,-0.056352,0.201081,0.302020
29.3948,state,-0.065662,-0.051904,0.004286,0.000055
29.4021,state,-0.089770,-0.073347,0.075840,0.192637
29.4121,state,-0.087496,-0.072857,-0.010265,-0.001464
29.4127,desired,-0.050000,-0.050000,0.111111,0.111111
29.4221,state,-0.077319,-0.062444,0.025063,0.011639
29.4321,state,-0.070888,-0.056352,0.201081,0.302020
29.4421,state,-0.065662,-0.051904,0.004286,0.000055
29.4425,desired,-0.046666,-0.046666,0.111111,0.111111
29.4520,state,-0.089770,-0.073347,0.075840,0.192637
29.4621,state,-0.087496,-0.072857,-0.010265,-0.001464
29.4721,state,-0.077319,-0.062444,0.025063,0.011639
29.4728,desired,-0.043334,-0.043334,0.111111,0.111111
29.4820,state,-0.070888,-0.056352,0.201081,0.302020
29.4921,state,-0.065662,-0.051904,0.004286,0.000055
29.4935,state,-0.055757,-0.040656,0.092134,0.215257
29.5021,state,-0.087496,-0.072857,-0.010265,-0.001464
29.5027,desired,-0.040000,-0.040000,0.111111,0.111111
29.5121,state,-0.077319,-0.062444,0.025063,0.011639
29.5221,state,-0.070888,-0.056352,0.201081,0.302020
29.5324,desired,-0.036669,-0.036669,0.111111,0.111111
29.5326,state,-0.065662,-0.051904,0.004286,0.000055
29.5421,state,-0.055757,-0.040656,0.092134,0.215257
29.5521,state,-0.087496,-0.072857,-0.010265,-0.001464
29.5527,desired,-0.034445,-0.034445,0.111111,0.111111
29.5621,state,-0.077319,-0.062444,0.025063,0.011639
29.5721,state,-0.070888,-0.056352,0.201081,0.302020
29.5820,state,-0.065662,-0.051904,0.004286,0.000055
29.5825,desired,-0.031113,-0.031113,0.111111,0.111111
29.5921,state,-0.055757,-0.040656,0.092134,0.215257
29.5934,state,-0.053260,-0.040160,-0.002468,-0.000854
29.5942,state,-0.043068,-0.030140,0.032153,0.012043
29.6020,state,-0.070888,-0.056352,0.201081,0.302020
29.6026,desired,-0.028890,-0.028890,0.111111,0.111111
29.6120,state,-0.065662,-0.051904,0.004286,0.000055
29.6220,state,-0.055757,-0.040656,0.092134,0.215257
29.6320,state,-0.053260,-0.040160,-0.002468,-0.000854
29.6325,desired,-0.025558,-0.025558,0.111111,0.111111
29.6420,state,-0.043068,-0.030140,0.032153,0.012043
29.6520,state,-0.070888,-0.056352,0.201081,0.302020
29.6620,state,-0.065662,-0.051904,0.004286,0.000055
29.6624,desired,-0.022225,-0.022225,0.111111,0.111111
29.6720,state,-0.055757,-0.040656,0.092134,0.215257
29.6820,state,-0.053260,-0.040160,-0.002468,-0.000854
29.6825,desired,-0.020002,-0.020002,0.111111,0.111111
29.6920,state,-0.043068,-0.030140,0.032153,0.012043
29.6932,state,-0.037179,-0.024776,0.186824,0.268157
29.6946,state,-0.032466,-0.020851,0.009366,0.000435
29.7020,state,-0.055757,-0.040656,0.092134,0.215257
29.7120,state,-0.053260,-0.040160,-0.002468,-0.000854
29.7125,desired,-0.016669,-0.016669,0.111111,0.111111
29.7220,state,-0.043068,-0.030140,0.032153,0.012043
29.7320,state,-0.037179,-0.024776,0.186824,0.268157
29.7324,desired,-0.014446,-0.014446,0.111111,0.111111
29.7420,state,-0.032466,-0.020851,0.009366,0.000435
29.7520,state,-0.055757,-0.040656,0.092134,0.215257
29.7620,state,-0.053260,-0.040160,-0.002468,-0.000854
29.7624,desired,-0.011113,-0.011113,0.111111,0.111111
29.7720,state,-0.043068,-0.030140,0.032153,0.012043
29.7820,state,-0.037179,-0.024776,0.186824,0.268157
29.7824,desired,-0.008890,-0.008890,0.111111,0.111111
29.7920,state,-0.032466,-0.020851,0.009366,0.000435
29.7932,state,-0.023468,-0.010547,0.089313,0.198739
29.8025,state,-0.053260,-0.040160,-0.002468,-0.000854
29.8032,desired,-0.006666,-0.006666,0.111111,0.111111
29.8122,state,-0.043068,-0.030140,0.032153,0.012043
29.8220,state,-0.037179,-0.024776,0.186824,0.268157
29.8320,state,-0.032466,-0.020851,0.009366,0.000435
29.8326,desired,-0.003335,-0.003335,0.111111,0.111111
29.8422,state,-0.023468,-0.010547,0.089313,0.198739
29.8523,state,-0.053260,-0.040160,-0.002468,-0.000854
29.8529,desired,-0.001103,-0.001103,0.111111,0.111111
29.8621,state,-0.043068,-0.030140,0.032153,0.012043
29.8720,state,-0.037179,-0.024776,0.186824,0.268157
29.8821,state,-0.032466,-0.020851,0.009366,0.000435
29.8828,desired,0.002223,0.002223,0.111111,0.111111
29.8920,state,-0.023468,-0.010547,0.089313,0.198739
29.8932,state,-0.021199,-0.010131,0.003355,-0.000449
29.8934,state,-0.011022,0.000109,0.038701,0.013018
29.9021,state,-0.037179,-0.024776,0.186824,0.268157
29.9121,state,-0.032466,-0.020851,0.009366,0.000435
29.9127,desired,0.005555,0.005555,0.111111,0.111111
29.9221,state,-0.023468,-0.010547,0.089313,0.198739
29.9321,state,-0.021199,-0.010131,0.003355,-0.000449
29.9327,desired,0.007777,0.007777,0.111111,0.111111
29.9421,state,-0.011022,0.000109,0.038701,0.013018
29.9521,state,-0.037179,-0.024776,0.186824,0.268157
29.9621,state,-0.032466,-0.020851,0.009366,0.000435
29.9627,desired,0.011110,0.011110,0.111111,0.111111
29.9721,state,-0.023468,-0.010547,0.089313,0.198739
29.9821,state,-0.021199,-0.010131,0.003355,-0.000449
29.9921,state,-0.011022,0.000109,0.038701,0.013018
29.9927,desired,0.014443,0.014443,0.111111,0.111111
29.9940,state,-0.004590,0.006126,0.214770,0.304325
29.9951,state,0.000638,0.010491,0.017936,0.000993
30.0021,state,-0.023468,-0.010547,0.089313,0.198739
30.0121,state,-0.021199,-0.010131,0.003355,-0.000449
30.0221,state,-0.011022,0.000109,0.038701,0.013018
30.0227,desired,0.017777,0.017777,0.111111,0.111111
30.0321,state,-0.004590,0.006126,0.214770,0.304325
30.0420,state,0.000638,0.010491,0.017936,0.000993
30.0521,state,-0.023468,-0.010547,0.089313,0.198739
30.0527,desired,0.021110,0.021110,0.111111,0.111111
30.0621,state,-0.021199,-0.010131,0.003355,-0.000449
30.0721,state,-0.011022,0.000109,0.038701,0.013018
30.0821,state,-0.004590,0.006126,0.214770,0.304325
30.0827,desired,0.024443,0.024443,0.111111,0.111111
30.0921,state,0.000638,0.010491,0.017936,0.000993
30.0937,state,0.010539,0.021625,0.105745,0.215645
30.1021,state,-0.021199,-0.010131,0.003355,-0.000449
30.1122,state,-0.011022,0.000109,0.038701,0.013018
30.1130,desired,0.027780,0.027780,0.111111,0.111111
30.1221,state,-0.004590,0.006126,0.214770,0.304325
30.1321,state,0.000638,0.010491,0.017936,0.000993
30.1421,state,0.010539,0.021625,0.105745,0.215645
30.1427,desired,0.031110,0.031110,0.111111,0.111111
30.1520,state,-0.021199,-0.010131,0.003355,-0.000449
30.1627,desired,0.033335,0.033335,0.111111,0.111111
30.1630,state,-0.011022,0.000109,0.038701,0.013018
30.1721,state,-0.004590,0.006126,0.214770,0.304325
30.1821,state,0.000638,0.010491,0.017936,0.000993
30.1921,state,0.010539,0.021625,0.105745,0.215645
30.1927,desired,0.036665,0.036665,0.111111,0.111111
30.1936,state,0.013035,0.022023,0.011180,-0.000097
30.1945,state,0.022231,0.030686,0.041579,0.011595
30.2021,state,-0.004590,0.006126,0.214770,0.304325
30.2120,state,0.000638,0.010491,0.017936,0.000993
30.2127,desired,0.038888,0.038888,0.111111,0.111111
30.2221,state,0.010539,0.021625,0.105745,0.215645
30.2321,state,0.013035,0.022023,0.011180,-0.000097
30.2421,state,0.022231,0.030686,0.041579,0.011595
30.2425,desired,0.042222,0.042222,0.111111,0.111111
30.2520,state,-0.004590,0.006126,0.214770,0.304325
30.2620,state,0.000638,0.010491,0.017936,0.000993
30.2721,state,0.010539,0.021625,0.105745,0.215645
30.2729,desired,0.045554,0.045554,0.111111,0.111111
30.2821,state,0.013035,0.022023,0.011180,-0.000097
30.2922,state,0.022231,0.030686,0.041579,0.011595
30.2930,desired,0.047780,0.047780,0.111111,0.111111
30.2942,state,0.028567,0.036902,0.221248,0.318011
30.2959,state,0.033786,0.041390,0.024734,0.001320
30.3020,state,0.010539,0.021625,0.105745,0.215645
30.3121,state,0.013035,0.022023,0.011180,-0.000097
30.3220,state,0.022231,0.030686,0.041579,0.011595
30.3227,desired,0.051110,0.051110,0.111111,0.111111
30.3320,state,0.028567,0.036902,0.221248,0.318011
30.3421,state,0.033786,0.041390,0.024734,0.001320
30.3429,desired,0.053334,0.053334,0.111111,0.111111
30.3520,state,0.010539,0.021625,0.105745,0.215645
30.3620,state,0.013035,0.022023,0.011180,-0.000097
30.3721,state,0.022231,0.030686,0.041579,0.011595
30.3727,desired,0.056666,0.056666,0.111111,0.111111
30.3821,state,0.028567,0.036902,0.221248,0.318011
30.3922,state,0.033786,0.041390,0.024734,0.001320
30.3930,desired,0.058891,0.058891,0.111111,0.111111
30.3946,state,0.042826,0.051129,0.103115,0.190747
30.4020,state,0.013035,0.022023,0.011180,-0.000097
30.4121,state,0.022231,0.030686,0.041579,0.011595
30.4220,state,0.028567,0.036902,0.221248,0.318011
30.4226,desired,0.062221,0.062221,0.111111,0.111111
30.4320,state,0.033786,0.041390,0.024734,0.001320
30.4421,state,0.042826,0.051129,0.103115,0.190747
30.4426,desired,0.064445,0.064445,0.111111,0.111111
30.4521,state,0.013035,0.022023,0.011180,-0.000097
30.4621,state,0.022231,0.030686,0.041579,0.011595
30.4722,state,0.028567,0.036902,0.221248,0.318011
30.4728,desired,0.067782,0.067782,0.111111,0.111111
30.4820,state,0.033786,0.041390,0.024734,0.001320
30.4921,state,0.042826,0.051129,0.103115,0.190747
30.4936,state,0.045099,0.051413,0.017021,0.000060
30.4938,state,0.055277,0.061674,0.052358,0.014115
30.5020,state,0.028567,0.036902,0.221248,0.318011
30.5027,desired,0.071109,0.071109,0.111111,0.111111
30.5120,state,0.033786,0.041390,0.024734,0.001320
30.5220,state,0.042826,0.051129,0.103115,0.190747
30.5320,state,0.045099,0.051413,0.017021,0.000060
30.5326,desired,0.074443,0.074443,0.111111,0.111111
30.5420,state,0.055277,0.061674,0.052358,0.014115
30.5520,state,0.028567,0.036902,0.221248,0.318011
30.5527,desired,0.076666,0.076666,0.111111,0.111111
30.5621,state,0.033786,0.041390,0.024734,0.001320
30.5721,state,0.042826,0.051129,0.103115,0.190747
30.5730,desired,0.078891,0.078891,0.111111,0.111111
30.5821,state,0.045099,0.051413,0.017021,0.000060
30.5921,state,0.055277,0.061674,0.052358,0.014115
30.5930,desired,0.081113,0.081113,0.111111,0.111111
30.5943,state,0.062252,0.068289,0.249699,0.341640
30.5953,state,0.067993,0.073031,0.033548,0.001556
30.6020,state,0.042826,0.051129,0.103115,0.190747
30.6121,state,0.045099,0.051413,0.017021,0.000060
30.6220,state,0.055277,0.061674,0.052358,0.014115
30.6226,desired,0.084444,0.084444,0.111111,0.111111
30.6321,state,0.062252,0.068289,0.249699,0.341640
30.6421,state,0.067993,0.073031,0.033548,0.001556
30.6522,state,0.042826,0.051129,0.103115,0.190747
30.6528,desired,0.087780,0.087780,0.111111,0.111111
30.6621,state,0.045099,0.051413,0.017021,0.000060
30.6720,state,0.055277,0.061674,0.052358,0.014115
30.6821,state,0.062252,0.068289,0.249699,0.341640
30.6830,desired,0.091113,0.091113,0.111111,0.111111
30.6921,state,0.067993,0.073031,0.033548,0.001556
30.6936,state,0.076218,0.081272,0.100878,0.164013
30.7021,state,0.045099,0.051413,0.017021,0.000060
30.7121,state,0.055277,0.061674,0.052358,0.014115
30.7127,desired,0.094444,0.094444,0.111111,0.111111
30.7221,state,0.062252,0.068289,0.249699,0.341640
30.7320,state,0.067993,0.073031,0.033548,0.001556
30.7420,state,0.076218,0.081272,0.100878,0.164013
30.7427,desired,0.097776,0.097776,0.111111,0.111111
30.7521,state,0.045099,0.051413,0.017021,0.000060
30.7621,state,0.055277,0.061674,0.052358,0.014115
30.7723,state,0.062252,0.068289,0.249699,0.341640
30.7734,desired,0.101113,0.101113,0.111111,0.111111
30.7821,state,0.067993,0.073031,0.033548,0.001556
30.7921,state,0.076218,0.081272,0.100878,0.164013
30.7940,state,0.078271,0.081428,0.023094,0.000107
30.7961,state,0.088427,0.092045,0.059094,0.014876
30.8020,state,0.062252,0.068289,0.249699,0.341640
30.8026,desired,0.104443,0.104443,0.111111,0.111111
30.8120,state,0.067993,0.073031,0.033548,0.001556
30.8220,state,0.076218,0.081272,0.100878,0.164013
30.8321,state,0.078271,0.081428,0.023094,0.000107
30.8327,desired,0.107776,0.107776,0.111111,0.111111
30.8422,state,0.088427,0.092045,0.059094,0.014876
30.8521,state,0.062252,0.068289,0.249699,0.341640
30.8527,desired,0.109999,0.109999,0.111111,0.111111
30.8622,state,0.067993,0.073031,0.033548,0.001556
30.8721,state,0.076218,0.081272,0.100878,0.164013
30.8822,state,0.078271,0.081428,0.023094,0.000107
30.8830,desired,0.113336,0.113336,0.111111,0.111111
30.8921,state,0.088427,0.092045,0.059094,0.014876
30.8936,state,0.095402,0.098521,0.256539,0.338317
30.8950,state,0.101143,0.103142,0.040356,0.001569
30.9021,state,0.076218,0.081272,0.100878,0.164013
30.9121,state,0.078271,0.081428,0.023094,0.000107
30.9127,desired,0.116665,0.116665,0.111111,0.111111
30.9220,state,0.088427,0.092045,0.059094,0.014876
30.9321,state,0.095402,0.098521,0.256539,0.338317
30.9327,desired,0.118888,0.118888,0.111111,0.111111
30.9421,state,0.101143,0.103142,0.040356,0.001569
30.9520,state,0.076218,0.081272,0.100878,0.164013
30.9621,state,0.078271,0.081428,0.023094,0.000107
30.9629,desired,0.122224,0.122224,0.111111,0.111111
30.9720,state,0.088427,0.092045,0.059094,0.014876
30.9821,state,0.095402,0.098521,0.256539,0.338317
30.9921,state,0.101143,0.103142,0.040356,0.001569
30.9930,desired,0.125557,0.125557,0.111111,0.111111
30.9944,state,0.110229,0.112564,0.117141,0.187651
31.0021,state,0.078271,0.081428,0.023094,0.000107
31.0120,state,0.088427,0.092045,0.059094,0.014876
31.0220,state,0.095402,0.098521,0.256539,0.338317
31.0227,desired,0.128887,0.128887,0.111111,0.111111
31.0320,state,0.101143,0.103142,0.040356,0.001569
31.0421,state,0.110229,0.112564,0.117141,0.187651
31.0521,state,0.078271,0.081428,0.023094,0.000107
31.0527,desired,0.132221,0.132221,0.111111,0.111111
31.0620,state,0.088427,0.092045,0.059094,0.014876
31.0721,state,0.095402,0.098521,0.256539,0.338317
31.0821,state,0.101143,0.103142,0.040356,0.001569
31.0827,desired,0.135555,0.135555,0.111111,0.111111
31.0922,state,0.110229,0.112564,0.117141,0.187651
31.0942,state,0.112507,0.112694,0.030876,0.000131
31.0945,state,0.121682,0.121591,0.061936,0.012723
31.1021,state,0.095402,0.098521,0.256539,0.338317
31.1030,desired,0.137780,0.137780,0.111111,0.111111
31.1122,state,0.101143,0.103142,0.040356,0.001569
31.1220,state,0.110229,0.112564,0.117141,0.187651
31.1320,state,0.112507,0.112694,0.030876,0.000131
31.1327,desired,0.141109,0.141109,0.111111,0.111111
31.1421,state,0.121682,0.121591,0.061936,0.012723
31.1520,state,0.095402,0.098521,0.256539,0.338317
31.1527,desired,0.143332,0.143332,0.111111,0.111111
31.1620,state,0.101143,0.103142,0.040356,0.001569
31.1721,state,0.110229,0.112564,0.117141,0.187651
31.1727,desired,0.145555,0.145555,0.111111,0.111111
31.1820,state,0.112507,0.112694,0.030876,0.000131
31.1921,state,0.121682,0.121591,0.061936,0.012723
31.1936,state,0.128016,0.127518,0.241651,0.314588
31.1947,state,0.133235,0.131740,0.045142,0.001495
31.2021,state,0.110229,0.112564,0.117141,0.187651
31.2027,desired,0.148888,0.148888,0.111111,0.111111
31.2120,state,0.112507,0.112694,0.030876,0.000131
31.2220,state,0.121682,0.121591,0.061936,0.012723
31.2321,state,0.128016,0.127518,0.241651,0.314588
31.2327,desired,0.152222,0.152222,0.111111,0.111111
31.2422,state,0.133235,0.131740,0.045142,0.001495
31.2521,state,0.110229,0.112564,0.117141,0.187651
31.2620,state,0.112507,0.112694,0.030876,0.000131
31.2626,desired,0.155554,0.155554,0.111111,0.111111
31.2720,state,0.121682,0.121591,0.061936,0.012723
31.2822,state,0.128016,0.127518,0.241651,0.314588
31.2830,desired,0.157780,0.157780,0.111111,0.111111
31.2921,state,0.133235,0.131740,0.045142,0.001495
31.2943,state,0.142276,0.141301,0.123526,0.191718
31.3020,state,0.112507,0.112694,0.030876,0.000131
31.3120,state,0.121682,0.121591,0.061936,0.012723
31.3127,desired,0.161109,0.161109,0.111111,0.111111
31.3220,state,0.128016,0.127518,0.241651,0.314588
31.3320,state,0.133235,0.131740,0.045142,0.001495
31.3421,state,0.142276,0.141301,0.123526,0.191718
31.3427,desired,0.164444,0.164444,0.111111,0.111111
31.3521,state,0.112507,0.112694,0.030876,0.000131
31.3621,state,0.121682,0.121591,0.061936,0.012723
31.3720,state,0.128016,0.127518,0.241651,0.314588
31.3727,desired,0.167776,0.167776,0.111111,0.111111
31.3821,state,0.133235,0.131740,0.045142,0.001495
31.3921,state,0.142276,0.141301,0.123526,0.191718
31.3935,state,0.144549,0.141370,0.037409,0.000228
31.3943,state,0.154726,0.151406,0.072724,0.014376
31.4021,state,0.128016,0.127518,0.241651,0.314588
31.4029,desired,0.171110,0.171110,0.111111,0.111111
31.4120,state,0.133235,0.131740,0.045142,0.001495
31.4221,state,0.142276,0.141301,0.123526,0.191718
31.4322,state,0.144549,0.141370,0.037409,0.000228
31.4330,desired,0.174445,0.174445,0.111111,0.111111
31.4421,state,0.154726,0.151406,0.072724,0.014376
31.4521,state,0.128016,0.127518,0.241651,0.314588
31.4621,state,0.133235,0.131740,0.045142,0.001495
31.4627,desired,0.177777,0.177777,0.111111,0.111111
31.4722,state,0.142276,0.141301,0.123526,0.191718
31.4821,state,0.144549,0.141370,0.037409,0.000228
31.4921,state,0.154726,0.151406,0.072724,0.014376
31.4928,desired,0.181110,0.181110,0.111111,0.111111
31.4935,state,0.161702,0.157809,0.270096,0.341973
31.4946,state,0.167445,0.162346,0.053893,0.001862
31.5021,state,0.142276,0.141301,0.123526,0.191718
31.5121,state,0.144549,0.141370,0.037409,0.000228
31.5221,state,0.154726,0.151406,0.072724,0.014376
31.5233,desired,0.184446,0.184446,0.111111,0.111111
31.5320,state,0.161702,0.157809,0.270096,0.341973
31.5422,state,0.167445,0.162346,0.053893,0.001862
31.5432,desired,0.186669,0.186669,0.111111,0.111111
31.5520,state,0.142276,0.141301,0.123526,0.191718
31.5621,state,0.144549,0.141370,0.037409,0.000228
31.5721,state,0.154726,0.151406,0.072724,0.014376
31.5728,desired,0.189998,0.189998,0.111111,0.111111
31.5821,state,0.161702,0.157809,0.270096,0.341973
31.5921,state,0.167445,0.162346,0.053893,0.001862
31.5928,desired,0.192221,0.192221,0.111111,0.111111
31.5937,state,0.176528,0.171601,0.130639,0.187555
31.6021,state,0.144549,0.141370,0.037409,0.000228
31.6121,state,0.154726,0.151406,0.072724,0.014376
31.6128,desired,0.194444,0.194444,0.111111,0.111111
31.6220,state,0.161702,0.157809,0.270096,0.341973
31.6320,state,0.167445,0.162346,0.053893,0.001862
31.6420,state,0.176528,0.171601,0.130639,0.187555
31.6425,desired,0.197776,0.197776,0.111111,0.111111
31.6520,state,0.144549,0.141370,0.037409,0.000228
31.6620,state,0.154726,0.151406,0.072724,0.014376
31.6625,desired,0.199999,0.199999,0.111111,0.111111
31.6720,state,0.161702,0.157809,0.270096,0.341973
31.6821,state,0.167445,0.162346,0.053893,0.001862
31.6827,desired,0.202221,0.202221,0.111111,0.111111
31.6920,state,0.176528,0.171601,0.130639,0.187555
31.6938,state,0.178805,0.171604,0.044386,0.000667
31.6943,state,0.188983,0.181657,0.079686,0.014713
31.7020,state,0.161702,0.157809,0.270096,0.341973
31.7121,state,0.167445,0.162346,0.053893,0.001862
31.7126,desired,0.205554,0.205554,0.111111,0.111111
31.7220,state,0.176528,0.171601,0.130639,0.187555
31.7320,state,0.178805,0.171604,0.044386,0.000667
31.7421,state,0.188983,0.181657,0.079686,0.014713
31.7428,desired,0.208889,0.208889,0.111111,0.111111
31.7521,state,0.161702,0.157809,0.270096,0.341973
31.7620,state,0.167445,0.162346,0.053893,0.001862
31.7721,state,0.176528,0.171601,0.130639,0.187555
31.7729,desired,0.212223,0.212223,0.111111,0.111111
31.7821,state,0.178805,0.171604,0.044386,0.000667
31.7921,state,0.188983,0.181657,0.079686,0.014713
31.7929,desired,0.214446,0.214446,0.111111,0.111111
31.7951,state,0.195415,0.187234,0.255696,0.302721
31.7970,state,0.200643,0.191202,0.058864,0.002426
31.8021,state,0.176528,0.171601,0.130639,0.187555
31.8120,state,0.178805,0.171604,0.044386,0.000667
31.8220,state,0.188983,0.181657,0.079686,0.014713
31.8228,desired,0.217777,0.217777,0.111111,0.111111
31.8321,state,0.195415,0.187234,0.255696,0.302721
31.8421,state,0.200643,0.191202,0.058864,0.002426
31.8521,state,0.176528,0.171601,0.130639,0.187555
31.8528,desired,0.221110,0.221110,0.111111,0.111111
31.8621,state,0.178805,0.171604,0.044386,0.000667
31.8721,state,0.188983,0.181657,0.079686,0.014713
31.8821,state,0.195415,0.187234,0.255696,0.302721
31.8828,desired,0.224444,0.224444,0.111111,0.111111
31.8921,state,0.200643,0.191202,0.058864,0.002426
31.8936,state,0.208825,0.199478,0.127764,0.171916
31.9021,state,0.178805,0.171604,0.044386,0.000667
31.9121,state,0.188983,0.181657,0.079686,0.014713
31.9128,desired,0.227776,0.227776,0.111111,0.111111
31.9220,state,0.195415,0.187234,0.255696,0.302721
31.9321,state,0.200643,0.191202,0.058864,0.002426
31.9421,state,0.208825,0.199478,0.127764,0.171916
31.9428,desired,0.231111,0.231111,0.111111,0.111111
31.9520,state,0.178805,0.171604,0.044386,0.000667
31.9620,state,0.188983,0.181657,0.079686,0.014713
31.9721,state,0.195415,0.187234,0.255696,0.302721
31.9728,desired,0.234444,0.234444,0.111111,0.111111
31.9821,state,0.200643,0.191202,0.058864,0.002426
31.9920,state,0.208825,0.199478,0.127764,0.171916
31.9932,state,0.210875,0.199426,0.050097,0.001682
31.9947,state,0.221032,0.209400,0.086082,0.015788
32.0021,state,0.195415,0.187234,0.255696,0.302721
32.0027,desired,0.237777,0.237777,0.111111,0.111111
32.0121,state,0.200643,0.191202,0.058864,0.002426
32.0221,state,0.208825,0.199478,0.127764,0.171916
32.0227,desired,0.240000,0.240000,0.111111,0.111111
32.0320,state,0.210875,0.199426,0.050097,0.001682
32.0421,state,0.221032,0.209400,0.086082,0.015788
32.0520,state,0.195415,0.187234,0.255696,0.302721
32.0527,desired,0.243333,0.243333,0.111111,0.111111
32.0620,state,0.200643,0.191202,0.058864,0.002426
32.0721,state,0.208825,0.199478,0.127764,0.171916
32.0821,state,0.210875,0.199426,0.050097,0.001682
32.0827,desired,0.246665,0.246665,0.111111,0.111111
32.0921,state,0.221032,0.209400,0.086082,0.015788
32.0936,state,0.227463,0.214497,0.262174,0.278936
32.0944,state,0.232691,0.218531,0.065317,0.004123
32.1021,state,0.208825,0.199478,0.127764,0.171916
32.1031,desired,0.248888,0.248888,0.111111,0.111111
32.1122,state,0.210875,0.199426,0.050097,0.001682
32.1220,state,0.221032,0.209400,0.086082,0.015788
32.1326,desired,0.252222,0.252222,0.111111,0.111111
32.1328,state,0.227463,0.214497,0.262174,0.278936
32.1421,state,0.232691,0.218531,0.065317,0.004123
32.1521,state,0.208825,0.199478,0.127764,0.171916
32.1621,state,0.210875,0.199426,0.050097,0.001682
32.1627,desired,0.255554,0.255554,0.111111,0.111111
32.1720,state,0.221032,0.209400,0.086082,0.015788
32.1821,state,0.227463,0.214497,0.262174,0.278936
32.1921,state,0.232691,0.218531,0.065317,0.004123
32.1928,desired,0.258887,0.258887,0.111111,0.111111
32.1943,state,0.242594,0.228654,0.153099,0.228751
32.2021,state,0.210875,0.199426,0.050097,0.001682
32.2120,state,0.221032,0.209400,0.086082,0.015788
32.2226,desired,0.262221,0.262221,0.111111,0.111111
32.2228,state,0.227463,0.214497,0.262174,0.278936
32.2321,state,0.232691,0.218531,0.065317,0.004123
32.2420,state,0.242594,0.228654,0.153099,0.228751
32.2526,desired,0.265554,0.265554,0.111111,0.111111
32.2528,state,0.210875,0.199426,0.050097,0.001682
32.2622,state,0.221032,0.209400,0.086082,0.015788
32.2720,state,0.227463,0.214497,0.262174,0.278936
32.2821,state,0.232691,0.218531,0.065317,0.004123
32.2829,desired,0.268889,0.268889,0.111111,0.111111
32.2920,state,0.242594,0.228654,0.153099,0.228751
32.2932,state,0.245092,0.228781,0.058485,0.004309
32.2936,state,0.255288,0.237744,0.093078,0.017712
32.3021,state,0.227463,0.214497,0.262174,0.278936
32.3120,state,0.232691,0.218531,0.065317,0.004123
32.3128,desired,0.272221,0.272221,0.111111,0.111111
32.3220,state,0.242594,0.228654,0.153099,0.228751
32.3321,state,0.245092,0.228781,0.058485,0.004309
32.3420,state,0.255288,0.237744,0.093078,0.017712
32.3427,desired,0.275554,0.275554,0.111111,0.111111
32.3521,state,0.227463,0.214497,0.262174,0.278936
32.3621,state,0.232691,0.218531,0.065317,0.004123
32.3720,state,0.242594,0.228654,0.153099,0.228751
32.3727,desired,0.278887,0.278887,0.111111,0.111111
32.3822,state,0.245092,0.228781,0.058485,0.004309
32.3921,state,0.255288,0.237744,0.093078,0.017712
32.3935,state,0.261722,0.242312,0.269045,0.248856
32.3941,state,0.266951,0.246964,0.072161,0.008667
32.4025,desired,0.282221,0.282221,0.111111,0.111111
32.4028,state,0.242594,0.228654,0.153099,0.228751
32.4121,state,0.245092,0.228781,0.058485,0.004309
32.4220,state,0.255288,0.237744,0.093078,0.017712
32.4326,desired,0.285554,0.285554,0.111111,0.111111
32.4329,state,0.261722,0.242312,0.269045,0.248856
32.4421,state,0.266951,0.246964,0.072161,0.008667
32.4522,state,0.242594,0.228654,0.153099,0.228751
32.4532,desired,0.287780,0.287780,0.111111,0.111111
32.4621,state,0.245092,0.228781,0.058485,0.004309
32.4721,state,0.255288,0.237744,0.093078,0.017712
32.4821,state,0.261722,0.242312,0.269045,0.248856
32.4827,desired,0.291110,0.291110,0.111111,0.111111
32.4921,state,0.266951,0.246964,0.072161,0.008667
32.4936,state,0.275131,0.254470,0.141012,0.187891
32.5021,state,0.245092,0.228781,0.058485,0.004309
32.5030,desired,0.293335,0.293335,0.111111,0.111111
32.5121,state,0.255288,0.237744,0.093078,0.017712
32.5221,state,0.261722,0.242312,0.269045,0.248856
32.5325,desired,0.296665,0.296665,0.111111,0.111111
32.5327,state,0.266951,0.246964,0.072161,0.008667
32.5421,state,0.275131,0.254470,0.141012,0.187891
32.5521,state,0.245092,0.228781,0.058485,0.004309
32.5621,state,0.255288,0.237744,0.093078,0.017712
32.5627,desired,0.299999,0.299999,0.111111,0.111111
32.5721,state,0.261722,0.242312,0.269045,0.248856
32.5821,state,0.266951,0.246964,0.072161,0.008667
32.5830,desired,0.302225,0.302225,0.111111,0.111111
32.5921,state,0.275131,0.254470,0.141012,0.187891
32.5942,state,0.277182,0.255061,0.063351,0.008445
32.5952,state,0.287342,0.265028,0.099323,0.066770
32.6021,state,0.261722,0.242312,0.269045,0.248856
32.6121,state,0.266951,0.246964,0.072161,0.008667
32.6129,desired,0.305557,0.305557,0.111111,0.111111
32.6221,state,0.275131,0.254470,0.141012,0.187891
32.6321,state,0.277182,0.255061,0.063351,0.008445
32.6425,desired,0.308887,0.308887,0.111111,0.111111
32.6427,state,0.287342,0.265028,0.099323,0.066770
32.6521,state,0.261722,0.242312,0.269045,0.248856
32.6621,state,0.266951,0.246964,0.072161,0.008667
32.6724,desired,0.312221,0.312221,0.111111,0.111111
32.6727,state,0.275131,0.254470,0.141012,0.187891
32.6821,state,0.277182,0.255061,0.063351,0.008445
32.6922,state,0.287342,0.265028,0.099323,0.066770
32.6930,desired,0.314447,0.314447,0.111111,0.111111
32.6942,state,0.293773,0.269259,0.275369,0.222112
32.6952,state,0.299001,0.274821,0.078501,0.014670
32.7022,state,0.275131,0.254470,0.141012,0.187891
32.7121,state,0.277182,0.255061,0.063351,0.008445
32.7221,state,0.287342,0.265028,0.099323,0.066770
32.7229,desired,0.317780,0.317780,0.111111,0.111111
32.7320,state,0.293773,0.269259,0.275369,0.222112
32.7421,state,0.299001,0.274821,0.078501,0.014670
32.7521,state,0.275131,0.254470,0.141012,0.187891
32.7527,desired,0.321110,0.321110,0.111111,0.111111
32.7621,state,0.277182,0.255061,0.063351,0.008445
32.7720,state,0.287342,0.265028,0.099323,0.066770
32.7821,state,0.293773,0.269259,0.275369,0.222112
32.7827,desired,0.324443,0.324443,0.111111,0.111111
32.7921,state,0.299001,0.274821,0.078501,0.014670
32.7952,state,0.308044,0.283089,0.156811,0.215644
32.8020,state,0.277182,0.255061,0.063351,0.008445
32.8122,state,0.287342,0.265028,0.099323,0.066770
32.8130,desired,0.327780,0.327780,0.111111,0.111111
32.8220,state,0.293773,0.269259,0.275369,0.222112
32.8321,state,0.299001,0.274821,0.078501,0.014670
32.8421,state,0.308044,0.283089,0.156811,0.215644
32.8425,desired,0.331110,0.331110,0.111111,0.111111
32.8521,state,0.277182,0.255061,0.063351,0.008445
32.8621,state,0.287342,0.265028,0.099323,0.066770
32.8724,desired,0.334443,0.334443,0.111111,0.111111
32.8727,state,0.293773,0.269259,0.275369,0.222112
32.8821,state,0.299001,0.274821,0.078501,0.014670
32.8924,desired,0.336665,0.336665,0.111111,0.111111
32.8927,state,0.308044,0.283089,0.156811,0.215644
32.8936,state,0.310318,0.284826,0.070647,0.012602
32.8938,state,0.321497,0.295958,0.110143,0.108683
32.9021,state,0.293773,0.269259,0.275369,0.222112
32.9120,state,0.299001,0.274821,0.078501,0.014670
32.9225,desired,0.339999,0.339999,0.111111,0.111111
32.9227,state,0.308044,0.283089,0.156811,0.215644
32.9321,state,0.310318,0.284826,0.070647,0.012602
32.9420,state,0.321497,0.295958,0.110143,0.108683
32.9525,desired,0.343332,0.343332,0.111111,0.111111
32.9527,state,0.293773,0.269259,0.275369,0.222112
32.9621,state,0.299001,0.274821,0.078501,0.014670
32.9721,state,0.308044,0.283089,0.156811,0.215644
32.9821,state,0.310318,0.284826,0.070647,0.012602
32.9827,desired,0.346665,0.346665,0.111111,0.111111
32.9921,state,0.321497,0.295958,0.110143,0.108683
32.9936,state,0.328027,0.300014,0.282441,0.205527
32.9947,state,0.333264,0.305980,0.085240,0.019122
33.0020,state,0.308044,0.283089,0.156811,0.215644
33.0121,state,0.310318,0.284826,0.070647,0.012602
33.0127,desired,0.349999,0.349999,0.111111,0.111111
33.0220,state,0.321497,0.295958,0.110143,0.108683
33.0322,state,0.328027,0.300014,0.282441,0.205527
33.0330,desired,0.352225,0.352225,0.111111,0.111111
33.0421,state,0.333264,0.305980,0.085240,0.019122
33.0521,state,0.308044,0.283089,0.156811,0.215644
33.0624,desired,0.355554,0.355554,0.111111,0.111111
33.0627,state,0.310318,0.284826,0.070647,0.012602
33.0720,state,0.321497,0.295958,0.110143,0.108683
33.0821,state,0.328027,0.300014,0.282441,0.205527
33.0921,state,0.333264,0.305980,0.085240,0.019122
33.0927,desired,0.358888,0.358888,0.111111,0.111111
33.0936,state,0.342307,0.314134,0.163516,0.218343
33.1021,state,0.310318,0.284826,0.070647,0.012602
33.1121,state,0.321497,0.295958,0.110143,0.108683
33.1225,desired,0.362221,0.362221,0.111111,0.111111
33.1227,state,0.328027,0.300014,0.282441,0.205527
33.1321,state,0.333264,0.305980,0.085240,0.019122
33.1422,state,0.342307,0.314134,0.163516,0.218343
33.1433,desired,0.364446,0.364446,0.111111,0.111111
33.1521,state,0.310318,0.284826,0.070647,0.012602
33.1620,state,0.321497,0.295958,0.110143,0.108683
33.1722,state,0.328027,0.300014,0.282441,0.205527
33.1732,desired,0.367780,0.367780,0.111111,0.111111
33.1820,state,0.333264,0.305980,0.085240,0.019122
33.1920,state,0.342307,0.314134,0.163516,0.218343
33.1939,state,0.344583,0.316419,0.077333,0.016172
33.1947,state,0.353764,0.325175,0.108348,0.095417
33.2021,state,0.328027,0.300014,0.282441,0.205527
33.2027,desired,0.371110,0.371110,0.111111,0.111111
33.2120,state,0.333264,0.305980,0.085240,0.019122
33.2221,state,0.342307,0.314134,0.163516,0.218343
33.2227,desired,0.373333,0.373333,0.111111,0.111111
33.2322,state,0.344583,0.316419,0.077333,0.016172
33.2421,state,0.353764,0.325175,0.108348,0.095417
33.2527,desired,0.376669,0.376669,0.111111,0.111111
33.2530,state,0.328027,0.300014,0.282441,0.205527
33.2620,state,0.333264,0.305980,0.085240,0.019122
33.2720,state,0.342307,0.314134,0.163516,0.218343
33.2822,state,0.344583,0.316419,0.077333,0.016172
33.2828,desired,0.380002,0.380002,0.111111,0.111111
33.2921,state,0.353764,0.325175,0.108348,0.095417
33.2940,state,0.360101,0.329385,0.288058,0.212174
33.2959,state,0.365324,0.336141,0.091399,0.022895
33.3021,state,0.342307,0.314134,0.163516,0.218343
33.3029,desired,0.382225,0.382225,0.111111,0.111111
33.3120,state,0.344583,0.316419,0.077333,0.016172
33.3221,state,0.353764,0.325175,0.108348,0.095417
33.3321,state,0.360101,0.329385,0.288058,0.212174
33.3327,desired,0.385555,0.385555,0.111111,0.111111
33.3421,state,0.365324,0.336141,0.091399,0.022895
33.3520,state,0.342307,0.314134,0.163516,0.218343
33.3620,state,0.344583,0.316419,0.077333,0.016172
33.3627,desired,0.388887,0.388887,0.111111,0.111111
33.3721,state,0.353764,0.325175,0.108348,0.095417
33.3821,state,0.360101,0.329385,0.288058,0.212174
33.3921,state,0.365324,0.336141,0.091399,0.022895
33.3927,desired,0.392222,0.392222,0.111111,0.111111
33.3937,state,0.374363,0.344040,0.169676,0.215106
33.4020,state,0.344583,0.316419,0.077333,0.016172
33.4120,state,0.353764,0.325175,0.108348,0.095417
33.4224,desired,0.395554,0.395554,0.111111,0.111111
33.4227,state,0.360101,0.329385,0.288058,0.212174
33.4321,state,0.365324,0.336141,0.091399,0.022895
33.4421,state,0.374363,0.344040,0.169676,0.215106
33.4520,state,0.344583,0.316419,0.077333,0.016172
33.4527,desired,0.398888,0.398888,0.111111,0.111111
33.4621,state,0.353764,0.325175,0.108348,0.095417
33.4721,state,0.360101,0.329385,0.288058,0.212174
33.4822,state,0.365324,0.336141,0.091399,0.022895
33.4830,desired,0.402224,0.402224,0.111111,0.111111
33.4921,state,0.374363,0.344040,0.169676,0.215106
33.4941,state,0.376638,0.346574,0.083512,0.018917
33.4945,state,0.387817,0.357934,0.122971,0.140072
33.5021,state,0.360101,0.329385,0.288058,0.212174
33.5125,desired,0.405554,0.405554,0.111111,0.111111
33.5127,state,0.365324,0.336141,0.091399,0.022895
33.5220,state,0.374363,0.344040,0.169676,0.215106
33.5320,state,0.376638,0.346574,0.083512,0.018917
33.5420,state,0.387817,0.357934,0.122971,0.140072
33.5427,desired,0.408886,0.408886,0.111111,0.111111
33.5521,state,0.360101,0.329385,0.288058,0.212174
33.5621,state,0.365324,0.336141,0.091399,0.022895
33.5627,desired,0.411110,0.411110,0.111111,0.111111
33.5720,state,0.374363,0.344040,0.169676,0.215106
33.5821,state,0.376638,0.346574,0.083512,0.018917
33.5826,desired,0.413333,0.413333,0.111111,0.111111
33.5921,state,0.387817,0.357934,0.122971,0.140072
33.5938,state,0.394349,0.361920,0.295313,0.194929
33.5954,state,0.399589,0.368420,0.098012,0.025459
33.6021,state,0.374363,0.344040,0.169676,0.215106
33.6120,state,0.376638,0.346574,0.083512,0.018917
33.6127,desired,0.416665,0.416665,0.111111,0.111111
33.6220,state,0.387817,0.357934,0.122971,0.140072
33.6320,state,0.394349,0.361920,0.295313,0.194929
33.6421,state,0.399589,0.368420,0.098012,0.025459
33.6426,desired,0.420000,0.420000,0.111111,0.111111
33.6520,state,0.374363,0.344040,0.169676,0.215106
33.6620,state,0.376638,0.346574,0.083512,0.018917
33.6720,state,0.387817,0.357934,0.122971,0.140072
33.6727,desired,0.423332,0.423332,0.111111,0.111111
33.6821,state,0.394349,0.361920,0.295313,0.194929
33.6920,state,0.399589,0.368420,0.098012,0.025459
33.6935,state,0.408632,0.376393,0.176236,0.219943
33.7025,desired,0.426665,0.426665,0.111111,0.111111
33.7027,state,0.376638,0.346574,0.083512,0.018917
33.7121,state,0.387817,0.357934,0.122971,0.140072
33.7220,state,0.394349,0.361920,0.295313,0.194929
33.7321,state,0.399589,0.368420,0.098012,0.025459
33.7327,desired,0.430000,0.430000,0.111111,0.111111
33.7421,state,0.408632,0.376393,0.176236,0.219943
33.7520,state,0.376638,0.346574,0.083512,0.018917
33.7620,state,0.387817,0.357934,0.122971,0.140072
33.7626,desired,0.433330,0.433330,0.111111,0.111111
33.7721,state,0.394349,0.361920,0.295313,0.194929
33.7821,state,0.399589,0.368420,0.098012,0.025459
33.7827,desired,0.435554,0.435554,0.111111,0.111111
33.7920,state,0.408632,0.376393,0.176236,0.219943
33.7935,state,0.410907,0.379235,0.090037,0.021630
33.7948,state,0.421087,0.389380,0.125239,0.132328
33.8020,state,0.394349,0.361920,0.295313,0.194929
33.8027,desired,0.437777,0.437777,0.111111,0.111111
33.8121,state,0.399589,0.368420,0.098012,0.025459
33.8221,state,0.408632,0.376393,0.176236,0.219943
33.8321,state,0.410907,0.379235,0.090037,0.021630
33.8327,desired,0.441110,0.441110,0.111111,0.111111
33.8421,state,0.421087,0.389380,0.125239,0.132328
33.8521,state,0.394349,0.361920,0.295313,0.194929
33.8624,desired,0.444444,0.444444,0.111111,0.111111
33.8625,state,0.399589,0.368420,0.098012,0.025459
33.8721,state,0.408632,0.376393,0.176236,0.219943
33.8821,state,0.410907,0.379235,0.090037,0.021630
33.8921,state,0.421087,0.389380,0.125239,0.132328
33.8926,desired,0.447780,0.447780,0.111111,0.111111
33.8932,state,0.426976,0.393027,0.279848,0.177599
33.8940,state,0.431692,0.399061,0.102279,0.027022
33.9020,state,0.408632,0.376393,0.176236,0.219943
33.9121,state,0.410907,0.379235,0.090037,0.021630
33.9220,state,0.421087,0.389380,0.125239,0.132328
33.9227,desired,0.451110,0.451110,0.111111,0.111111
33.9320,state,0.426976,0.393027,0.279848,0.177599
33.9421,state,0.431692,0.399061,0.102279,0.027022
33.9524,desired,0.454443,0.454443,0.111111,0.111111
33.9527,state,0.408632,0.376393,0.176236,0.219943
33.9621,state,0.410907,0.379235,0.090037,0.021630
33.9720,state,0.421087,0.389380,0.125239,0.132328
33.9821,state,0.426976,0.393027,0.279848,0.177599
33.9825,desired,0.457776,0.457776,0.111111,0.111111
33.9921,state,0.431692,0.399061,0.102279,0.027022
33.9942,state,0.440693,0.407165,0.182143,0.225692
34.0020,state,0.410907,0.379235,0.090037,0.021630
34.0120,state,0.421087,0.389380,0.125239,0.132328
34.0127,desired,0.461109,0.461109,0.111111,0.111111
34.0220,state,0.426976,0.393027,0.279848,0.177599
34.0320,state,0.431692,0.399061,0.102279,0.027022
34.0421,state,0.440693,0.407165,0.182143,0.225692
34.0427,desired,0.464443,0.464443,0.111111,0.111111
34.0520,state,0.410907,0.379235,0.090037,0.021630
34.0620,state,0.421087,0.389380,0.125239,0.132328
34.0722,state,0.426976,0.393027,0.279848,0.177599
34.0730,desired,0.467780,0.467780,0.111111,0.111111
34.0821,state,0.431692,0.399061,0.102279,0.027022
34.0922,state,0.440693,0.407165,0.182143,0.225692
34.0935,state,0.442966,0.410232,0.096039,0.023685
34.0936,state,0.453147,0.420299,0.131236,0.137061
34.1021,state,0.426976,0.393027,0.279848,0.177599
34.1029,desired,0.471111,0.471111,0.111111,0.111111
34.1121,state,0.431692,0.399061,0.102279,0.027022
34.1220,state,0.440693,0.407165,0.182143,0.225692
34.1320,state,0.442966,0.410232,0.096039,0.023685
34.1327,desired,0.474443,0.474443,0.111111,0.111111
34.1421,state,0.453147,0.420299,0.131236,0.137061
34.1521,state,0.426976,0.393027,0.279848,0.177599
34.1622,state,0.431692,0.399061,0.102279,0.027022
34.1630,desired,0.477780,0.477780,0.111111,0.111111
34.1721,state,0.440693,0.407165,0.182143,0.225692
34.1821,state,0.442966,0.410232,0.096039,0.023685
34.1921,state,0.453147,0.420299,0.131236,0.137061
34.1927,desired,0.481110,0.481110,0.111111,0.111111
34.1936,state,0.459583,0.424336,0.307237,0.196672
34.1951,state,0.464816,0.431331,0.110194,0.030095
34.2021,state,0.440693,0.407165,0.182143,0.225692
34.2121,state,0.442966,0.410232,0.096039,0.023685
34.2127,desired,0.483333,0.483333,0.111111,0.111111
34.2221,state,0.453147,0.420299,0.131236,0.137061
34.2321,state,0.459583,0.424336,0.307237,0.196672
34.2330,desired,0.485557,0.485557,0.111111,0.111111
34.2421,state,0.464816,0.431331,0.110194,0.030095
34.2520,state,0.440693,0.407165,0.182143,0.225692
34.2621,state,0.442966,0.410232,0.096039,0.023685
34.2630,desired,0.488890,0.488890,0.111111,0.111111
34.2721,state,0.453147,0.420299,0.131236,0.137061
34.2821,state,0.459583,0.424336,0.307237,0.196672
34.2921,state,0.464816,0.431331,0.110194,0.030095
34.2927,desired,0.492221,0.492221,0.111111,0.111111
34.2942,state,0.474719,0.439948,0.197860,0.241609
34.3022,state,0.442966,0.410232,0.096039,0.023685
34.3120,state,0.453147,0.420299,0.131236,0.137061
34.3222,state,0.459583,0.424336,0.307237,0.196672
34.3230,desired,0.495561,0.495561,0.111111,0.111111
34.3321,state,0.464816,0.431331,0.110194,0.030095
34.3420,state,0.474719,0.439948,0.197860,0.241609
34.3527,desired,0.498891,0.498891,0.111111,0.111111
34.3530,state,0.442966,0.410232,0.096039,0.023685
34.3621,state,0.453147,0.420299,0.131236,0.137061
34.3722,state,0.459583,0.424336,0.307237,0.196672
34.3821,state,0.464816,0.431331,0.110194,0.030095
34.3827,desired,0.502221,0.502221,0.111111,0.111111
34.3922,state,0.474719,0.439948,0.197860,0.241609
34.3941,state,0.477220,0.443418,0.103140,0.026179
34.3954,state,0.487420,0.453247,0.137606,0.139735
34.4020,state,0.459583,0.424336,0.307237,0.196672
34.4121,state,0.464816,0.431331,0.110194,0.030095
34.4127,desired,0.505554,0.505554,0.111111,0.111111
34.4221,state,0.474719,0.439948,0.197860,0.241609
34.4320,state,0.477220,0.443418,0.103140,0.026179
34.4422,state,0.487420,0.453247,0.137606,0.139735
34.4433,desired,0.508890,0.508890,0.111111,0.111111
34.4521,state,0.459583,0.424336,0.307237,0.196672
34.4622,state,0.464816,0.431331,0.110194,0.030095
34.4721,state,0.474719,0.439948,0.197860,0.241609
34.4725,desired,0.512221,0.512221,0.111111,0.111111
34.4821,state,0.477220,0.443418,0.103140,0.026179
34.4921,state,0.487420,0.453247,0.137606,0.139735
34.4936,state,0.493855,0.457295,0.313474,0.196270
34.4947,state,0.499088,0.464450,0.116454,0.032383
34.5024,desired,0.515554,0.515554,0.111111,0.111111
34.5027,state,0.474719,0.439948,0.197860,0.241609
34.5121,state,0.477220,0.443418,0.103140,0.026179
34.5221,state,0.487420,0.453247,0.137606,0.139735
34.5321,state,0.493855,0.457295,0.313474,0.196270
34.5327,desired,0.518887,0.518887,0.111111,0.111111
34.5421,state,0.499088,0.464450,0.116454,0.032383
34.5521,state,0.474719,0.439948,0.197860,0.241609
34.5527,desired,0.521110,0.521110,0.111111,0.111111
34.5621,state,0.477220,0.443418,0.103140,0.026179
34.5721,state,0.487420,0.453247,0.137606,0.139735
34.5821,state,0.493855,0.457295,0.313474,0.196270
34.5827,desired,0.524443,0.524443,0.111111,0.111111
34.5921,state,0.499088,0.464450,0.116454,0.032383
34.5936,state,0.507272,0.471295,0.185226,0.195834
34.6022,state,0.477220,0.443418,0.103140,0.026179
34.6030,desired,0.526675,0.526675,0.111111,0.111111
34.6120,state,0.487420,0.453247,0.137606,0.139735
34.6220,state,0.493855,0.457295,0.313474,0.196270
34.6321,state,0.499088,0.464450,0.116454,0.032383
34.6327,desired,0.529999,0.529999,0.111111,0.111111
34.6421,state,0.507272,0.471295,0.185226,0.195834
34.6526,desired,0.532224,0.532224,0.111111,0.111111
34.6529,state,0.477220,0.443418,0.103140,0.026179
34.6620,state,0.487420,0.453247,0.137606,0.139735
34.6721,state,0.493855,0.457295,0.313474,0.196270
34.6821,state,0.499088,0.464450,0.116454,0.032383
34.6827,desired,0.535554,0.535554,0.111111,0.111111
34.6921,state,0.507272,0.471295,0.185226,0.195834
34.6943,state,0.509325,0.474104,0.107440,0.027457
34.6948,state,0.519489,0.484699,0.143275,0.154321
34.7020,state,0.493855,0.457295,0.313474,0.196270
34.7121,state,0.499088,0.464450,0.116454,0.032383
34.7127,desired,0.538891,0.538891,0.111111,0.111111
34.7221,state,0.507272,0.471295,0.185226,0.195834
34.7320,state,0.509325,0.474104,0.107440,0.027457
34.7420,state,0.519489,0.484699,0.143275,0.154321
34.7426,desired,0.542221,0.542221,0.111111,0.111111
34.7520,state,0.493855,0.457295,0.313474,0.196270
34.7620,state,0.499088,0.464450,0.116454,0.032383
34.7721,state,0.507272,0.471295,0.185226,0.195834
34.7727,desired,0.545554,0.545554,0.111111,0.111111
34.7821,state,0.509325,0.474104,0.107440,0.027457
34.7920,state,0.519489,0.484699,0.143275,0.154321
34.7936,state,0.525923,0.488655,0.319310,0.190828
34.7956,state,0.531158,0.495676,0.122216,0.033858
34.8026,desired,0.548891,0.548891,0.111111,0.111111
34.8029,state,0.507272,0.471295,0.185226,0.195834
34.8120,state,0.509325,0.474104,0.107440,0.027457
34.8221,state,0.519489,0.484699,0.143275,0.154321
34.8321,state,0.525923,0.488655,0.319310,0.190828
34.8329,desired,0.552224,0.552224,0.111111,0.111111
34.8421,state,0.531158,0.495676,0.122216,0.033858
34.8521,state,0.507272,0.471295,0.185226,0.195834
34.8529,desired,0.554447,0.554447,0.111111,0.111111
34.8620,state,0.509325,0.474104,0.107440,0.027457
34.8720,state,0.519489,0.484699,0.143275,0.154321
34.8821,state,0.525923,0.488655,0.319310,0.190828
34.8827,desired,0.557777,0.557777,0.111111,0.111111
34.8921,state,0.531158,0.495676,0.122216,0.033858
34.8942,state,0.541062,0.504207,0.209847,0.243033
34.9020,state,0.509325,0.474104,0.107440,0.027457
34.9121,state,0.519489,0.484699,0.143275,0.154321
34.9130,desired,0.561113,0.561113,0.111111,0.111111
34.9220,state,0.525923,0.488655,0.319310,0.190828
34.9320,state,0.531158,0.495676,0.122216,0.033858
34.9420,state,0.541062,0.504207,0.209847,0.243033
34.9424,desired,0.564443,0.564443,0.111111,0.111111
34.9520,state,0.509325,0.474104,0.107440,0.027457
34.9620,state,0.519489,0.484699,0.143275,0.154321
34.9720,state,0.525923,0.488655,0.319310,0.190828
34.9725,desired,0.567776,0.567776,0.111111,0.111111
34.9820,state,0.531158,0.495676,0.122216,0.033858
34.9920,state,0.541062,0.504207,0.209847,0.243033
34.9933,state,0.543564,0.507918,0.115072,0.030079
34.9943,state,0.553766,0.517696,0.149488,0.147560
35.0020,state,0.525923,0.488655,0.319310,0.190828
35.0025,desired,0.571109,0.571109,0.111111,0.111111
35.0120,state,0.531158,0.495676,0.122216,0.033858
35.0220,state,0.541062,0.504207,0.209847,0.243033
35.0320,state,0.543564,0.507918,0.115072,0.030079
35.0325,desired,0.574443,0.574443,0.111111,0.111111
35.0420,state,0.553766,0.517696,0.149488,0.147560
35.0520,state,0.525923,0.488655,0.319310,0.190828
35.0525,desired,0.576665,0.576665,0.111111,0.111111
35.0620,state,0.531158,0.495676,0.122216,0.033858
35.0720,state,0.541062,0.504207,0.209847,0.243033
35.0820,state,0.543564,0.507918,0.115072,0.030079
35.0825,desired,0.579998,0.579998,0.111111,0.111111
35.0920,state,0.553766,0.517696,0.149488,0.147560
35.0933,state,0.560202,0.521743,0.325320,0.193948
35.0943,state,0.565436,0.529078,0.128242,0.039200
35.1020,state,0.541062,0.504207,0.209847,0.243033
35.1120,state,0.543564,0.507918,0.115072,0.030079
35.1126,desired,0.583332,0.583332,0.111111,0.111111
35.1220,state,0.553766,0.517696,0.149488,0.147560
35.1320,state,0.560202,0.521743,0.325320,0.193948
35.1420,state,0.565436,0.529078,0.128242,0.039200
35.1425,desired,0.586666,0.586666,0.111111,0.111111
35.1526,state,0.541062,0.504207,0.209847,0.243033
35.1620,state,0.543564,0.507918,0.115072,0.030079
35.1720,state,0.553766,0.517696,0.149488,0.147560
35.1725,desired,0.590000,0.590000,0.111111,0.111111
35.1820,state,0.560202,0.521743,0.325320,0.193948
35.1920,state,0.565436,0.529078,0.128242,0.039200
35.1935,state,0.573620,0.535826,0.196982,0.196205
35.2021,state,0.543564,0.507918,0.115072,0.030079
35.2027,desired,0.593331,0.593331,0.111111,0.111111
35.2120,state,0.553766,0.517696,0.149488,0.147560
35.2220,state,0.560202,0.521743,0.325320,0.193948
35.2226,desired,0.595554,0.595554,0.111111,0.111111
35.2321,state,0.565436,0.529078,0.128242,0.039200
35.2421,state,0.573620,0.535826,0.196982,0.196205
35.2427,desired,0.597778,0.597778,0.111111,0.111111
35.2522,state,0.543564,0.507918,0.115072,0.030079
35.2621,state,0.553766,0.517696,0.149488,0.147560
35.2721,state,0.560202,0.521743,0.325320,0.193948
35.2727,desired,0.601111,0.601111,0.111111,0.111111
35.2821,state,0.565436,0.529078,0.128242,0.039200
35.2922,state,0.573620,0.535826,0.196982,0.196205
35.2930,desired,0.603335,0.603335,0.111111,0.111111
35.2945,state,0.575675,0.538827,0.119150,0.030932
35.2948,state,0.585842,0.549442,0.154940,0.162214
35.3021,state,0.560202,0.521743,0.325320,0.193948
35.3122,state,0.565436,0.529078,0.128242,0.039200
35.3221,state,0.573620,0.535826,0.196982,0.196205
35.3227,desired,0.606666,0.606666,0.111111,0.111111
35.3321,state,0.575675,0.538827,0.119150,0.030932
35.3422,state,0.585842,0.549442,0.154940,0.162214
35.3430,desired,0.608891,0.608891,0.111111,0.111111
35.3521,state,0.560202,0.521743,0.325320,0.193948
35.3621,state,0.565436,0.529078,0.128242,0.039200
35.3721,state,0.573620,0.535826,0.196982,0.196205
35.3727,desired,0.612222,0.612222,0.111111,0.111111
35.3821,state,0.575675,0.538827,0.119150,0.030932
35.3921,state,0.585842,0.549442,0.154940,0.162214
35.3927,desired,0.614445,0.614445,0.111111,0.111111
35.3939,state,0.592276,0.553399,0.330878,0.188248
35.3954,state,0.597511,0.560556,0.133774,0.041705
35.4022,state,0.573620,0.535826,0.196982,0.196205
35.4121,state,0.575675,0.538827,0.119150,0.030932
35.4221,state,0.585842,0.549442,0.154940,0.162214
35.4227,desired,0.617778,0.617778,0.111111,0.111111
35.4321,state,0.592276,0.553399,0.330878,0.188248
35.4421,state,0.597511,0.560556,0.133774,0.041705
35.4522,state,0.573620,0.535826,0.196982,0.196205
35.4530,desired,0.621114,0.621114,0.111111,0.111111
35.4622,state,0.575675,0.538827,0.119150,0.030932
35.4721,state,0.585842,0.549442,0.154940,0.162214
35.4821,state,0.592276,0.553399,0.330878,0.188248
35.4827,desired,0.624444,0.624444,0.111111,0.111111
35.4921,state,0.597511,0.560556,0.133774,0.041705
35.4936,state,0.606557,0.568188,0.211941,0.221621
35.5022,state,0.575675,0.538827,0.119150,0.030932
35.5031,desired,0.626669,0.626669,0.111111,0.111111
35.5121,state,0.585842,0.549442,0.154940,0.162214
35.5222,state,0.592276,0.553399,0.330878,0.188248
35.5321,state,0.597511,0.560556,0.133774,0.041705
35.5327,desired,0.629999,0.629999,0.111111,0.111111
35.5422,state,0.606557,0.568188,0.211941,0.221621
35.5521,state,0.575675,0.538827,0.119150,0.030932
35.5527,desired,0.632224,0.632224,0.111111,0.111111
35.5621,state,0.585842,0.549442,0.154940,0.162214
35.5721,state,0.592276,0.553399,0.330878,0.188248
35.5821,state,0.597511,0.560556,0.133774,0.041705
35.5827,desired,0.635555,0.635555,0.111111,0.111111
35.5921,state,0.606557,0.568188,0.211941,0.221621
35.5935,state,0.608837,0.571670,0.125590,0.032768
35.5946,state,0.620021,0.582956,0.164860,0.175671
35.6021,state,0.592276,0.553399,0.330878,0.188248
35.6121,state,0.597511,0.560556,0.133774,0.041705
35.6130,desired,0.638891,0.638891,0.111111,0.111111
35.6221,state,0.606557,0.568188,0.211941,0.221621
35.6321,state,0.608837,0.571670,0.125590,0.032768
35.6329,desired,0.641114,0.641114,0.111111,0.111111
35.6420,state,0.620021,0.582956,0.164860,0.175671
35.6521,state,0.592276,0.553399,0.330878,0.188248
35.6620,state,0.597511,0.560556,0.133774,0.041705
35.6625,desired,0.644443,0.644443,0.111111,0.111111
35.6720,state,0.606557,0.568188,0.211941,0.221621
35.6820,state,0.608837,0.571670,0.125590,0.032768
35.6825,desired,0.646666,0.646666,0.111111,0.111111
35.6920,state,0.620021,0.582956,0.164860,0.175671
35.6932,state,0.626554,0.586797,0.337031,0.183085
35.6940,state,0.631798,0.593817,0.139582,0.042884
35.7020,state,0.606557,0.568188,0.211941,0.221621
35.7120,state,0.608837,0.571670,0.125590,0.032768
35.7125,desired,0.649999,0.649999,0.111111,0.111111
35.7220,state,0.620021,0.582956,0.164860,0.175671
35.7320,state,0.626554,0.586797,0.337031,0.183085
35.7420,state,0.631798,0.593817,0.139582,0.042884
35.7426,desired,0.653334,0.653334,0.111111,0.111111
35.7520,state,0.606557,0.568188,0.211941,0.221621
35.7620,state,0.608837,0.571670,0.125590,0.032768
35.7720,state,0.620021,0.582956,0.164860,0.175671
35.7725,desired,0.656666,0.656666,0.111111,0.111111
35.7821,state,0.626554,0.586797,0.337031,0.183085
35.7920,state,0.631798,0.593817,0.139582,0.042884
35.7936,state,0.640845,0.601457,0.217694,0.223257
35.8020,state,0.608837,0.571670,0.125590,0.032768
35.8027,desired,0.660000,0.660000,0.111111,0.111111
35.8122,state,0.620021,0.582956,0.164860,0.175671
35.8220,state,0.626554,0.586797,0.337031,0.183085
35.8320,state,0.631798,0.593817,0.139582,0.042884
35.8327,desired,0.663333,0.663333,0.111111,0.111111
35.8421,state,0.640845,0.601457,0.217694,0.223257
35.8521,state,0.608837,0.571670,0.125590,0.032768
35.8530,desired,0.665558,0.665558,0.111111,0.111111
35.8621,state,0.620021,0.582956,0.164860,0.175671
35.8721,state,0.626554,0.586797,0.337031,0.183085
35.8825,desired,0.668889,0.668889,0.111111,0.111111
35.8827,state,0.631798,0.593817,0.139582,0.042884
35.8922,state,0.640845,0.601457,0.217694,0.223257
35.8949,state,0.643126,0.604997,0.131321,0.034913
35.8952,state,0.652312,0.613831,0.162136,0.143290
35.9021,state,0.626554,0.586797,0.337031,0.183085
35.9029,desired,0.671114,0.671114,0.111111,0.111111
35.9120,state,0.631798,0.593817,0.139582,0.042884
35.9220,state,0.640845,0.601457,0.217694,0.223257
35.9320,state,0.643126,0.604997,0.131321,0.034913
35.9326,desired,0.674444,0.674444,0.111111,0.111111
35.9422,state,0.652312,0.613831,0.162136,0.143290
35.9521,state,0.626554,0.586797,0.337031,0.183085
35.9620,state,0.631798,0.593817,0.139582,0.042884
35.9627,desired,0.677778,0.677778,0.111111,0.111111
35.9720,state,0.640845,0.601457,0.217694,0.223257
35.9821,state,0.643126,0.604997,0.131321,0.034913
35.9921,state,0.652312,0.613831,0.162136,0.143290
35.9930,desired,0.681113,0.681113,0.111111,0.111111
35.9943,state,0.659195,0.618382,0.363028,0.215692
35.9958,state,0.664940,0.627286,0.146741,0.066896
36.0021,state,0.640845,0.601457,0.217694,0.223257
36.0121,state,0.643126,0.604997,0.131321,0.034913
36.0220,state,0.652312,0.613831,0.162136,0.143290
36.0227,desired,0.684444,0.684444,0.111111,0.111111
36.0321,state,0.659195,0.618382,0.363028,0.215692
36.0420,state,0.664940,0.627286,0.146741,0.066896
36.0521,state,0.640845,0.601457,0.217694,0.223257
36.0530,desired,0.687780,0.687780,0.111111,0.111111
36.0621,state,0.643126,0.604997,0.131321,0.034913
36.0721,state,0.652312,0.613831,0.162136,0.143290
36.0820,state,0.659195,0.618382,0.363028,0.215692
36.0827,desired,0.691111,0.691111,0.111111,0.111111
36.0920,state,0.664940,0.627286,0.146741,0.066896
36.0933,state,0.673167,0.633550,0.213829,0.186250
36.1021,state,0.643126,0.604997,0.131321,0.034913
36.1031,desired,0.693335,0.693335,0.111111,0.111111
36.1121,state,0.652312,0.613831,0.162136,0.143290
36.1221,state,0.659195,0.618382,0.363028,0.215692
36.1325,desired,0.696667,0.696667,0.111111,0.111111
36.1328,state,0.664940,0.627286,0.146741,0.066896
36.1424,state,0.673167,0.633550,0.213829,0.186250
36.1521,state,0.643126,0.604997,0.131321,0.034913
36.1620,state,0.652312,0.613831,0.162136,0.143290
36.1627,desired,0.700000,0.700000,0.111111,0.111111
36.1722,state,0.659195,0.618382,0.363028,0.215692
36.1821,state,0.664940,0.627286,0.146741,0.066896
36.1827,desired,0.702223,0.702223,0.111111,0.111111
36.1921,state,0.673167,0.633550,0.213829,0.186250
36.1933,state,0.675227,0.636527,0.135795,0.034972
36.1938,state,0.686395,0.648422,0.175696,0.189754
36.2021,state,0.659195,0.618382,0.363028,0.215692
36.2120,state,0.664940,0.627286,0.146741,0.066896
36.2127,desired,0.705555,0.705555,0.111111,0.111111
36.2220,state,0.673167,0.633550,0.213829,0.186250
36.2320,state,0.675227,0.636527,0.135795,0.034972
36.2421,state,0.686395,0.648422,0.175696,0.189754
36.2429,desired,0.708889,0.708889,0.111111,0.111111
36.2521,state,0.659195,0.618382,0.363028,0.215692
36.2621,state,0.664940,0.627286,0.146741,0.066896
36.2721,state,0.673167,0.633550,0.213829,0.186250
36.2729,desired,0.712225,0.712225,0.111111,0.111111
36.2822,state,0.675227,0.636527,0.135795,0.034972
36.2921,state,0.686395,0.648422,0.175696,0.189754
36.2942,state,0.692929,0.652724,0.347902,0.180035
36.2957,state,0.698175,0.659557,0.150357,0.045169
36.3021,state,0.673167,0.633550,0.213829,0.186250
36.3030,desired,0.715558,0.715558,0.111111,0.111111
36.3120,state,0.675227,0.636527,0.135795,0.034972
36.3220,state,0.686395,0.648422,0.175696,0.189754
36.3320,state,0.692929,0.652724,0.347902,0.180035
36.3326,desired,0.718889,0.718889,0.111111,0.111111
36.3421,state,0.698175,0.659557,0.150357,0.045169
36.3521,state,0.673167,0.633550,0.213829,0.186250
36.3621,state,0.675227,0.636527,0.135795,0.034972
36.3627,desired,0.722222,0.722222,0.111111,0.111111
36.3720,state,0.686395,0.648422,0.175696,0.189754
36.3820,state,0.692929,0.652724,0.347902,0.180035
36.3825,desired,0.724445,0.724445,0.111111,0.111111
36.3921,state,0.698175,0.659557,0.150357,0.045169
36.3937,state,0.706364,0.666309,0.218999,0.202264
36.4021,state,0.675227,0.636527,0.135795,0.034972
36.4120,state,0.686395,0.648422,0.175696,0.189754
36.4126,desired,0.727778,0.727778,0.111111,0.111111
36.4220,state,0.692929,0.652724,0.347902,0.180035
36.4320,state,0.698175,0.659557,0.150357,0.045169
36.4421,state,0.706364,0.666309,0.218999,0.202264
36.4427,desired,0.731111,0.731111,0.111111,0.111111
36.4521,state,0.675227,0.636527,0.135795,0.034972
36.4621,state,0.686395,0.648422,0.175696,0.189754
36.4720,state,0.692929,0.652724,0.347902,0.180035
36.4727,desired,0.734444,0.734444,0.111111,0.111111
36.4821,state,0.698175,0.659557,0.150357,0.045169
36.4921,state,0.706364,0.666309,0.218999,0.202264
36.4938,state,0.708422,0.669554,0.141057,0.036127
36.4941,state,0.718586,0.679944,0.176709,0.169775
36.5022,state,0.692929,0.652724,0.347902,0.180035
36.5030,desired,0.737780,0.737780,0.111111,0.111111
36.5120,state,0.698175,0.659557,0.150357,0.045169
36.5220,state,0.706364,0.666309,0.218999,0.202264
36.5320,state,0.708422,0.669554,0.141057,0.036127
36.5326,desired,0.741110,0.741110,0.111111,0.111111
36.5421,state,0.718586,0.679944,0.176709,0.169775
36.5522,state,0.692929,0.652724,0.347902,0.180035
36.5530,desired,0.743336,0.743336,0.111111,0.111111
36.5620,state,0.698175,0.659557,0.150357,0.045169
36.5721,state,0.706364,0.666309,0.218999,0.202264
36.5821,state,0.708422,0.669554,0.141057,0.036127
36.5827,desired,0.746667,0.746667,0.111111,0.111111
36.5921,state,0.718586,0.679944,0.176709,0.169775
36.5943,state,0.725567,0.684562,0.373960,0.205261
36.5957,state,0.731322,0.692953,0.157262,0.067665
36.6021,state,0.706364,0.666309,0.218999,0.202264
36.6121,state,0.708422,0.669554,0.141057,0.036127
36.6129,desired,0.750002,0.750002,0.111111,0.111111
36.6221,state,0.718586,0.679944,0.176709,0.169775
36.6321,state,0.725567,0.684562,0.373960,0.205261
36.6427,desired,0.753336,0.753336,0.111111,0.111111
36.6430,state,0.731322,0.692953,0.157262,0.067665
36.6521,state,0.706364,0.666309,0.218999,0.202264
36.6622,state,0.708422,0.669554,0.141057,0.036127
36.6721,state,0.718586,0.679944,0.176709,0.169775
36.6727,desired,0.756667,0.756667,0.111111,0.111111
36.6822,state,0.725567,0.684562,0.373960,0.205261
36.6921,state,0.731322,0.692953,0.157262,0.067665
36.6929,desired,0.758891,0.758891,0.111111,0.111111
36.6942,state,0.740414,0.700129,0.233726,0.214146
36.7022,state,0.708422,0.669554,0.141057,0.036127
36.7120,state,0.718586,0.679944,0.176709,0.169775
36.7221,state,0.725567,0.684562,0.373960,0.205261
36.7227,desired,0.762222,0.762222,0.111111,0.111111
36.7321,state,0.731322,0.692953,0.157262,0.067665
36.7421,state,0.740414,0.700129,0.233726,0.214146
36.7521,state,0.708422,0.669554,0.141057,0.036127
36.7527,desired,0.765556,0.765556,0.111111,0.111111
36.7621,state,0.718586,0.679944,0.176709,0.169775
36.7721,state,0.725567,0.684562,0.373960,0.205261
36.7821,state,0.731322,0.692953,0.157262,0.067665
36.7827,desired,0.768889,0.768889,0.111111,0.111111
36.7922,state,0.740414,0.700129,0.233726,0.214146
36.7941,state,0.742700,0.703485,0.147124,0.037452
36.7957,state,0.751888,0.712397,0.177831,0.150326
36.8021,state,0.725567,0.684562,0.373960,0.205261
36.8120,state,0.731322,0.692953,0.157262,0.067665
36.8126,desired,0.772223,0.772223,0.111111,0.111111
36.8221,state,0.740414,0.700129,0.233726,0.214146
36.8321,state,0.742700,0.703485,0.147124,0.037452
36.8327,desired,0.774446,0.774446,0.111111,0.111111
36.8421,state,0.751888,0.712397,0.177831,0.150326
36.8521,state,0.725567,0.684562,0.373960,0.205261
36.8621,state,0.731322,0.692953,0.157262,0.067665
36.8627,desired,0.777778,0.777778,0.111111,0.111111
36.8721,state,0.740414,0.700129,0.233726,0.214146
36.8821,state,0.742700,0.703485,0.147124,0.037452
36.8827,desired,0.780001,0.780001,0.111111,0.111111
36.8921,state,0.751888,0.712397,0.177831,0.150326
36.8946,state,0.758228,0.716454,0.357328,0.195182
36.8957,state,0.763460,0.724439,0.160335,0.068092
36.9022,state,0.740414,0.700129,0.233726,0.214146
36.9030,desired,0.782225,0.782225,0.111111,0.111111
36.9121,state,0.742700,0.703485,0.147124,0.037452
36.9221,state,0.751888,0.712397,0.177831,0.150326
36.9321,state,0.758228,0.716454,0.357328,0.195182
36.9327,desired,0.785555,0.785555,0.111111,0.111111
36.9421,state,0.763460,0.724439,0.160335,0.068092
36.9525,desired,0.787778,0.787778,0.111111,0.111111
36.9527,state,0.740414,0.700129,0.233726,0.214146
36.9621,state,0.742700,0.703485,0.147124,0.037452
36.9721,state,0.751888,0.712397,0.177831,0.150326
36.9825,desired,0.791111,0.791111,0.111111,0.111111
36.9827,state,0.758228,0.716454,0.357328,0.195182
36.9922,state,0.763460,0.724439,0.160335,0.068092
36.9951,state,0.772509,0.731688,0.238413,0.217473
37.0021,state,0.742700,0.703485,0.147124,0.037452
37.0125,desired,0.794445,0.794445,0.111111,0.111111
37.0127,state,0.751888,0.712397,0.177831,0.150326
37.0221,state,0.758228,0.716454,0.357328,0.195182
37.0320,state,0.763460,0.724439,0.160335,0.068092
37.0420,state,0.772509,0.731688,0.238413,0.217473
37.0427,desired,0.797778,0.797778,0.111111,0.111111
37.0521,state,0.742700,0.703485,0.147124,0.037452
37.0621,state,0.751888,0.712397,0.177831,0.150326
37.0724,desired,0.801111,0.801111,0.111111,0.111111
37.0727,state,0.758228,0.716454,0.357328,0.195182
37.0822,state,0.763460,0.724439,0.160335,0.068092
37.0921,state,0.772509,0.731688,0.238413,0.217473
37.0936,state,0.774793,0.735125,0.151916,0.038716
37.0938,state,0.785982,0.746354,0.191014,0.187523
37.1024,desired,0.804444,0.804444,0.111111,0.111111
37.1027,state,0.758228,0.716454,0.357328,0.195182
37.1122,state,0.763460,0.724439,0.160335,0.068092
37.1221,state,0.772509,0.731688,0.238413,0.217473
37.1321,state,0.774793,0.735125,0.151916,0.038716
37.1327,desired,0.807778,0.807778,0.111111,0.111111
37.1420,state,0.785982,0.746354,0.191014,0.187523
37.1520,state,0.758228,0.716454,0.357328,0.195182
37.1620,state,0.763460,0.724439,0.160335,0.068092
37.1627,desired,0.811111,0.811111,0.111111,0.111111
37.1721,state,0.772509,0.731688,0.238413,0.217473
37.1821,state,0.774793,0.735125,0.151916,0.038716
37.1921,state,0.785982,0.746354,0.191014,0.187523
37.1927,desired,0.814444,0.814444,0.111111,0.111111
37.1941,state,0.792519,0.750755,0.363127,0.182411
37.1951,state,0.797770,0.758069,0.165426,0.065576
37.2021,state,0.772509,0.731688,0.238413,0.217473
37.2121,state,0.774793,0.735125,0.151916,0.038716
37.2127,desired,0.816667,0.816667,0.111111,0.111111
37.2220,state,0.785982,0.746354,0.191014,0.187523
37.2321,state,0.792519,0.750755,0.363127,0.182411
37.2327,desired,0.818892,0.818892,0.111111,0.111111
37.2422,state,0.797770,0.758069,0.165426,0.065576
37.2521,state,0.772509,0.731688,0.238413,0.217473
37.2622,state,0.774793,0.735125,0.151916,0.038716
37.2631,desired,0.822225,0.822225,0.111111,0.111111
37.2722,state,0.785982,0.746354,0.191014,0.187523
37.2821,state,0.792519,0.750755,0.363127,0.182411
37.2922,state,0.797770,0.758069,0.165426,0.065576
37.2930,desired,0.825558,0.825558,0.111111,0.111111
37.2949,state,0.805958,0.764645,0.233958,0.200623
37.3020,state,0.774793,0.735125,0.151916,0.038716
37.3122,state,0.785982,0.746354,0.191014,0.187523
37.3223,desired,0.828888,0.828888,0.111111,0.111111
37.3225,state,0.792519,0.750755,0.363127,0.182411
37.3322,state,0.797770,0.758069,0.165426,0.065576
37.3420,state,0.805958,0.764645,0.233958,0.200623
37.3425,desired,0.831111,0.831111,0.111111,0.111111
37.3522,state,0.774793,0.735125,0.151916,0.038716
37.3620,state,0.785982,0.746354,0.191014,0.187523
37.3722,state,0.792519,0.750755,0.363127,0.182411
37.3730,desired,0.834447,0.834447,0.111111,0.111111
37.3820,state,0.797770,0.758069,0.165426,0.065576
37.3920,state,0.805958,0.764645,0.233958,0.200623
37.3939,state,0.808017,0.767787,0.155964,0.039400
37.3959,state,0.818190,0.778136,0.191528,0.175924
37.4021,state,0.792519,0.750755,0.363127,0.182411
37.4030,desired,0.837780,0.837780,0.111111,0.111111
37.4120,state,0.797770,0.758069,0.165426,0.065576
37.4220,state,0.805958,0.764645,0.233958,0.200623
37.4320,state,0.808017,0.767787,0.155964,0.039400
37.4325,desired,0.841110,0.841110,0.111111,0.111111
37.4421,state,0.818190,0.778136,0.191528,0.175924
37.4524,desired,0.843333,0.843333,0.111111,0.111111
37.4525,state,0.792519,0.750755,0.363127,0.182411
37.4620,state,0.797770,0.758069,0.165426,0.065576
37.4721,state,0.805958,0.764645,0.233958,0.200623
37.4820,state,0.808017,0.767787,0.155964,0.039400
37.4825,desired,0.846667,0.846667,0.111111,0.111111
37.4921,state,0.818190,0.778136,0.191528,0.175924
37.4936,state,0.824628,0.782488,0.367330,0.186733
37.4944,state,0.829870,0.790043,0.169948,0.069159
37.5020,state,0.805958,0.764645,0.233958,0.200623
37.5122,state,0.808017,0.767787,0.155964,0.039400
37.5130,desired,0.850003,0.850003,0.111111,0.111111
37.5220,state,0.818190,0.778136,0.191528,0.175924
37.5322,state,0.824628,0.782488,0.367330,0.186733
37.5421,state,0.829870,0.790043,0.169948,0.069159
37.5427,desired,0.853334,0.853334,0.111111,0.111111
37.5522,state,0.805958,0.764645,0.233958,0.200623
37.5621,state,0.808017,0.767787,0.155964,0.039400
37.5724,desired,0.856666,0.856666,0.111111,0.111111
37.5727,state,0.818190,0.778136,0.191528,0.175924
37.5821,state,0.824628,0.782488,0.367330,0.186733
37.5921,state,0.829870,0.790043,0.169948,0.069159
37.5926,desired,0.858891,0.858891,0.111111,0.111111
37.5938,state,0.839781,0.798155,0.257366,0.243974
37.6022,state,0.808017,0.767787,0.155964,0.039400
37.6121,state,0.818190,0.778136,0.191528,0.175924
37.6221,state,0.824628,0.782488,0.367330,0.186733
37.6227,desired,0.862221,0.862221,0.111111,0.111111
37.6321,state,0.829870,0.790043,0.169948,0.069159
37.6422,state,0.839781,0.798155,0.257366,0.243974
37.6431,desired,0.864448,0.864448,0.111111,0.111111
37.6522,state,0.808017,0.767787,0.155964,0.039400
37.6622,state,0.818190,0.778136,0.191528,0.175924
37.6722,state,0.824628,0.782488,0.367330,0.186733
37.6730,desired,0.867779,0.867779,0.111111,0.111111
37.6822,state,0.829870,0.790043,0.169948,0.069159
37.6921,state,0.839781,0.798155,0.257366,0.243974
37.6934,state,0.842291,0.802730,0.162294,0.041089
37.6936,state,0.852500,0.812234,0.196417,0.163738
37.7020,state,0.824628,0.782488,0.367330,0.186733
37.7026,desired,0.871111,0.871111,0.111111,0.111111
37.7120,state,0.829870,0.790043,0.169948,0.069159
37.7220,state,0.839781,0.798155,0.257366,0.243974
37.7320,state,0.842291,0.802730,0.162294,0.041089
37.7329,desired,0.874443,0.874443,0.111111,0.111111
37.7420,state,0.852500,0.812234,0.196417,0.163738
37.7520,state,0.824628,0.782488,0.367330,0.186733
37.7624,desired,0.877777,0.877777,0.111111,0.111111
37.7627,state,0.829870,0.790043,0.169948,0.069159
37.7721,state,0.839781,0.798155,0.257366,0.243974
37.7821,state,0.842291,0.802730,0.162294,0.041089
37.7927,desired,0.881113,0.881113,0.111111,0.111111
37.7930,state,0.852500,0.812234,0.196417,0.163738
37.7944,state,0.858398,0.816126,0.350759,0.171539
37.7959,state,0.863126,0.822492,0.172733,0.044770
37.8021,state,0.839781,0.798155,0.257366,0.243974
37.8122,state,0.842291,0.802730,0.162294,0.041089
37.8130,desired,0.883336,0.883336,0.111111,0.111111
37.8221,state,0.852500,0.812234,0.196417,0.163738
37.8321,state,0.858398,0.816126,0.350759,0.171539
37.8421,state,0.863126,0.822492,0.172733,0.044770
37.8427,desired,0.886667,0.886667,0.111111,0.111111
37.8522,state,0.839781,0.798155,0.257366,0.243974
37.8622,state,0.842291,0.802730,0.162294,0.041089
37.8630,desired,0.888890,0.888890,0.111111,0.111111
37.8722,state,0.852500,0.812234,0.196417,0.163738
37.8821,state,0.858398,0.816126,0.350759,0.171539
37.8921,state,0.863126,0.822492,0.172733,0.044770
37.8927,desired,0.892222,0.892222,0.111111,0.111111
37.8941,state,0.872133,0.829981,0.252289,0.229238
37.9022,state,0.842291,0.802730,0.162294,0.041089
37.9121,state,0.852500,0.812234,0.196417,0.163738
37.9127,desired,0.894445,0.894445,0.111111,0.111111
37.9221,state,0.858398,0.816126,0.350759,0.171539
37.9322,state,0.863126,0.822492,0.172733,0.044770
37.9330,desired,0.896669,0.896669,0.111111,0.111111
37.9421,state,0.872133,0.829981,0.252289,0.229238
37.9522,state,0.842291,0.802730,0.162294,0.041089
37.9625,desired,0.900000,0.900000,0.111111,0.111111
37.9627,state,0.852500,0.812234,0.196417,0.163738
37.9721,state,0.858398,0.816126,0.350759,0.171539
37.9825,desired,0.902222,0.902222,0.111111,0.111111
37.9827,state,0.863126,0.822492,0.172733,0.044770
37.9922,state,0.872133,0.829981,0.252289,0.229238
37.9950,state,0.874415,0.834268,0.165845,0.041822
37.9960,state,0.885609,0.845205,0.204839,0.187343
38.0020,state,0.858398,0.816126,0.350759,0.171539
38.0123,desired,0.905556,0.905556,0.111111,0.111111
38.0125,state,0.863126,0.822492,0.172733,0.044770
38.0221,state,0.872133,0.829981,0.252289,0.229238
38.0327,desired,0.907780,0.907780,0.111111,0.111111
38.0330,state,0.874415,0.834268,0.165845,0.041822
38.0420,state,0.885609,0.845205,0.204839,0.187343
38.0522,state,0.858398,0.816126,0.350759,0.171539
38.0623,desired,0.911111,0.911111,0.111111,0.111111
38.0625,state,0.863126,0.822492,0.172733,0.044770
38.0722,state,0.872133,0.829981,0.252289,0.229238
38.0821,state,0.874415,0.834268,0.165845,0.041822
38.0927,desired,0.914447,0.914447,0.111111,0.111111
38.0930,state,0.885609,0.845205,0.204839,0.187343
38.0941,state,0.892147,0.849571,0.376829,0.183096
38.0957,state,0.897400,0.856956,0.179040,0.071781
38.1021,state,0.872133,0.829981,0.252289,0.229238
38.1127,desired,0.916669,0.916669,0.111111,0.111111
38.1129,state,0.874415,0.834268,0.165845,0.041822
38.1222,state,0.885609,0.845205,0.204839,0.187343
38.1321,state,0.892147,0.849571,0.376829,0.183096
38.1428,desired,0.920003,0.920003,0.111111,0.111111
38.1432,state,0.897400,0.856956,0.179040,0.071781
38.1521,state,0.872133,0.829981,0.252289,0.229238
38.1622,state,0.874415,0.834268,0.165845,0.041822
38.1721,state,0.885609,0.845205,0.204839,0.187343
38.1726,desired,0.923334,0.923334,0.111111,0.111111
38.1822,state,0.892147,0.849571,0.376829,0.183096
38.1922,state,0.897400,0.856956,0.179040,0.071781
38.1930,desired,0.925558,0.925558,0.111111,0.111111
38.1942,state,0.905593,0.863440,0.247537,0.201779
38.2022,state,0.874415,0.834268,0.165845,0.041822
38.2121,state,0.885609,0.845205,0.204839,0.187343
38.2224,desired,0.928889,0.928889,0.111111,0.111111
38.2227,state,0.892147,0.849571,0.376829,0.183096
38.2321,state,0.897400,0.856956,0.179040,0.071781
38.2423,desired,0.931112,0.931112,0.111111,0.111111
38.2425,state,0.905593,0.863440,0.247537,0.201779
38.2522,state,0.874415,0.834268,0.165845,0.041822
38.2621,state,0.885609,0.845205,0.204839,0.187343
38.2727,desired,0.934447,0.934447,0.111111,0.111111
38.2731,state,0.892147,0.849571,0.376829,0.183096
38.2822,state,0.897400,0.856956,0.179040,0.071781
38.2921,state,0.905593,0.863440,0.247537,0.201779
38.2934,state,0.907656,0.867015,0.169404,0.041687
38.2935,state,0.917829,0.877219,0.204835,0.177485
38.3022,desired,0.937778,0.937778,0.111111,0.111111
38.3024,state,0.892147,0.849571,0.376829,0.183096
38.3121,state,0.897400,0.856956,0.179040,0.071781
38.3226,desired,0.940002,0.940002,0.111111,0.111111
38.3229,state,0.905593,0.863440,0.247537,0.201779
38.3321,state,0.907656,0.867015,0.169404,0.041687
38.3427,desired,0.942225,0.942225,0.111111,0.111111
38.3429,state,0.917829,0.877219,0.204835,0.177485
38.3521,state,0.892147,0.849571,0.376829,0.183096
38.3622,state,0.897400,0.856956,0.179040,0.071781
38.3721,state,0.905593,0.863440,0.247537,0.201779
38.3726,desired,0.945555,0.945555,0.111111,0.111111
38.3821,state,0.907656,0.867015,0.169404,0.041687
38.3921,state,0.917829,0.877219,0.204835,0.177485
38.3936,state,0.924269,0.881516,0.380626,0.186709
38.3947,state,0.929516,0.889077,0.183068,0.074200
38.4020,state,0.905593,0.863440,0.247537,0.201779
38.4026,desired,0.948889,0.948889,0.111111,0.111111
38.4121,state,0.907656,0.867015,0.169404,0.041687
38.4221,state,0.917829,0.877219,0.204835,0.177485
38.4320,state,0.924269,0.881516,0.380626,0.186709
38.4326,desired,0.952221,0.952221,0.111111,0.111111
38.4421,state,0.929516,0.889077,0.183068,0.074200
38.4525,desired,0.954444,0.954444,0.111111,0.111111
38.4527,state,0.905593,0.863440,0.247537,0.201779
38.4621,state,0.907656,0.867015,0.169404,0.041687
38.4721,state,0.917829,0.877219,0.204835,0.177485
38.4825,desired,0.957778,0.957778,0.111111,0.111111
38.4827,state,0.924269,0.881516,0.380626,0.186709
38.4921,state,0.929516,0.889077,0.183068,0.074200
38.4936,state,0.939429,0.897090,0.270392,0.245059
38.5021,state,0.907656,0.867015,0.169404,0.041687
38.5124,desired,0.961111,0.961111,0.111111,0.111111
38.5126,state,0.917829,0.877219,0.204835,0.177485
38.5221,state,0.924269,0.881516,0.380626,0.186709
38.5321,state,0.929516,0.889077,0.183068,0.074200
38.5420,state,0.939429,0.897090,0.270392,0.245059
38.5425,desired,0.964444,0.964444,0.111111,0.111111
38.5521,state,0.907656,0.867015,0.169404,0.041687
38.5621,state,0.917829,0.877219,0.204835,0.177485
38.5725,desired,0.967778,0.967778,0.111111,0.111111
38.5727,state,0.924269,0.881516,0.380626,0.186709
38.5821,state,0.929516,0.889077,0.183068,0.074200
38.5922,state,0.939429,0.897090,0.270392,0.245059
38.5929,desired,0.970002,0.970002,0.111111,0.111111
38.5941,state,0.941943,0.901731,0.175197,0.043203
38.5949,state,0.952155,0.911129,0.209199,0.166508
38.6021,state,0.924269,0.881516,0.380626,0.186709
38.6121,state,0.929516,0.889077,0.183068,0.074200
38.6221,state,0.939429,0.897090,0.270392,0.245059
38.6226,desired,0.973333,0.973333,0.111111,0.111111
38.6321,state,0.941943,0.901731,0.175197,0.043203
38.6428,desired,0.975558,0.975558,0.111111,0.111111
38.6432,state,0.952155,0.911129,0.209199,0.166508
38.6521,state,0.924269,0.881516,0.380626,0.186709
38.6621,state,0.929516,0.889077,0.183068,0.074200
38.6720,state,0.939429,0.897090,0.270392,0.245059
38.6726,desired,0.978890,0.978890,0.111111,0.111111
38.6822,state,0.941943,0.901731,0.175197,0.043203
38.6921,state,0.952155,0.911129,0.209199,0.166508
38.6935,state,0.958054,0.915022,0.363454,0.172190
38.6946,state,0.962785,0.921832,0.185313,0.070152
38.7021,state,0.939429,0.897090,0.270392,0.245059
38.7027,desired,0.982222,0.982222,0.111111,0.111111
38.7121,state,0.941943,0.901731,0.175197,0.043203
38.7221,state,0.952155,0.911129,0.209199,0.166508
38.7323,desired,0.985555,0.985555,0.111111,0.111111
38.7325,state,0.958054,0.915022,0.363454,0.172190
38.7421,state,0.962785,0.921832,0.185313,0.070152
38.7521,state,0.939429,0.897090,0.270392,0.245059
38.7624,desired,0.988889,0.988889,0.111111,0.111111
38.7625,state,0.941943,0.901731,0.175197,0.043203
38.7720,state,0.952155,0.911129,0.209199,0.166508
38.7821,state,0.958054,0.915022,0.363454,0.172190
38.7927,desired,0.992224,0.992224,0.111111,0.111111
38.7930,state,0.962785,0.921832,0.185313,0.070152
38.7943,state,0.971797,0.929212,0.264820,0.228989
38.8020,state,0.941943,0.901731,0.175197,0.043203
38.8120,state,0.952155,0.911129,0.209199,0.166508
38.8220,state,0.958054,0.915022,0.363454,0.172190
38.8225,desired,0.995555,0.995555,0.111111,0.111111
38.8320,state,0.962785,0.921832,0.185313,0.070152
38.8420,state,0.971797,0.929212,0.264820,0.228989
38.8521,state,0.941943,0.901731,0.175197,0.043203
38.8530,desired,0.998891,0.998891,0.111111,0.111111
38.8621,state,0.952155,0.911129,0.209199,0.166508
38.8721,state,0.958054,0.915022,0.363454,0.172190
38.8820,state,0.962785,0.921832,0.185313,0.070152
38.8825,desired,1.000000,1.000000,0.000000,0.000000
38.8921,state,0.971797,0.929212,0.264820,0.228989
38.8938,state,0.974084,0.933457,0.178230,0.043427
38.8948,state,0.984278,0.943124,0.212901,0.171903
38.9020,state,0.958054,0.915022,0.363454,0.172190
38.9121,state,0.962785,0.921832,0.185313,0.070152
38.9126,desired,1.000000,1.000000,0.000000,0.000000
38.9220,state,0.971797,0.929212,0.264820,0.228989
38.9320,state,0.974084,0.933457,0.178230,0.043427
38.9421,state,0.984278,0.943124,0.212901,0.171903
38.9430,desired,1.000000,1.000000,0.000000,0.000000
38.9521,state,0.958054,0.915022,0.363454,0.172190
38.9620,state,0.962785,0.921832,0.185313,0.070152
38.9723,desired,1.000000,1.000000,0.000000,0.000000
38.9725,state,0.971797,0.929212,0.264820,0.228989
38.9821,state,0.974084,0.933457,0.178230,0.043427
38.9927,desired,1.000000,1.000000,0.000000,0.000000
38.9930,state,0.984278,0.943124,0.212901,0.171903
38.9942,state,0.990175,0.947020,0.367192,0.170490
38.9970,state,0.994908,0.953733,0.189017,0.070758
39.0021,state,0.971797,0.929212,0.264820,0.228989
39.0121,state,0.974084,0.933457,0.178230,0.043427
39.0224,desired,1.000000,1.000000,0.000000,0.000000
39.0226,state,0.984278,0.943124,0.212901,0.171903
39.0321,state,0.990175,0.947020,0.367192,0.170490
39.0421,state,0.994908,0.953733,0.189017,0.070758
39.0524,desired,1.000000,1.000000,0.000000,0.000000
39.0527,state,0.971797,0.929212,0.264820,0.228989
39.0621,state,0.974084,0.933457,0.178230,0.043427
39.0727,desired,1.000000,1.000000,0.000000,0.000000
39.0730,state,0.984278,0.943124,0.212901,0.171903
39.0821,state,0.990175,0.947020,0.367192,0.170490
39.0921,state,0.994908,0.953733,0.189017,0.070758
39.0934,state,0.995300,0.954297,0.174156,0.041546
39.1021,state,0.974084,0.933457,0.178230,0.043427
39.1030,desired,1.000000,1.000000,0.000000,0.000000
39.1121,state,0.984278,0.943124,0.212901,0.171903
39.1221,state,0.990175,0.947020,0.367192,0.170490
39.1323,desired,1.000000,1.000000,0.000000,0.000000
39.1325,state,0.994908,0.953733,0.189017,0.070758
39.1422,state,0.995300,0.954297,0.174156,0.041546
39.1521,state,0.974084,0.933457,0.178230,0.043427
39.1625,desired,1.000000,1.000000,0.000000,0.000000
39.1627,state,0.984278,0.943124,0.212901,0.171903
39.1722,state,0.990175,0.947020,0.367192,0.170490
39.1827,desired,1.000000,1.000000,0.000000,0.000000
39.1830,state,0.994908,0.953733,0.189017,0.070758
39.1921,state,0.995300,0.954297,0.174156,0.041546
39.1935,state,0.995333,0.954755,0.172925,0.040504
39.1947,state,0.995335,0.955153,0.172821,0.039610
39.2020,state,0.990175,0.947020,0.367192,0.170490
39.2121,state,0.994908,0.953733,0.189017,0.070758
39.2127,desired,1.000000,1.000000,0.000000,0.000000
39.2220,state,0.995300,0.954297,0.174156,0.041546
39.2321,state,0.995333,0.954755,0.172925,0.040504
39.2421,state,0.995335,0.955153,0.172821,0.039610
39.2426,desired,1.000000,1.000000,0.000000,0.000000
39.2521,state,0.990175,0.947020,0.367192,0.170490
39.2621,state,0.994908,0.953733,0.189017,0.070758
39.2721,state,0.995300,0.954297,0.174156,0.041546
39.2726,desired,1.000000,1.000000,0.000000,0.000000
39.2821,state,0.995333,0.954755,0.172925,0.040504
39.2921,state,0.995335,0.955153,0.172821,0.039610
39.2937,state,0.995335,0.955500,0.172817,0.038839
39.2948,state,0.995335,0.955802,0.172817,0.038172
39.3021,state,0.995300,0.954297,0.174156,0.041546
39.3027,desired,1.000000,1.000000,0.000000,0.000000
39.3121,state,0.995333,0.954755,0.172925,0.040504
39.3221,state,0.995335,0.955153,0.172821,0.039610
39.3325,desired,1.000000,1.000000,0.000000,0.000000
39.3327,state,0.995335,0.955500,0.172817,0.038839
39.3421,state,0.995335,0.955802,0.172817,0.038172
39.3527,desired,1.000000,1.000000,0.000000,0.000000
39.3530,state,0.995300,0.954297,0.174156,0.041546
39.3621,state,0.995333,0.954755,0.172925,0.040504
39.3721,state,0.995335,0.955153,0.172821,0.039610
39.3824,desired,1.000000,1.000000,0.000000,0.000000
39.3825,state,0.995335,0.955500,0.172817,0.038839
39.3921,state,0.995335,0.955802,0.172817,0.038172
39.3943,state,0.995335,0.956066,0.172817,0.037595
39.4021,state,0.995333,0.954755,0.172925,0.040504
39.4127,desired,1.000000,1.000000,0.000000,0.000000
39.4130,state,0.995335,0.955153,0.172821,0.039610
39.4221,state,0.995335,0.955500,0.172817,0.038839
39.4321,state,0.995335,0.955802,0.172817,0.038172
39.4421,state,0.995335,0.956066,0.172817,0.037595
39.4426,desired,1.000000,1.000000,0.000000,0.000000
39.4521,state,0.995333,0.954755,0.172925,0.040504
39.4621,state,0.995335,0.955153,0.172821,0.039610
39.4724,desired,1.000000,1.000000,0.000000,0.000000
39.4726,state,0.995335,0.955500,0.172817,0.038839
39.4821,state,0.995335,0.955802,0.172817,0.038172
39.4921,state,0.995335,0.956066,0.172817,0.037595
39.4936,state,0.995335,0.956296,0.172817,0.037094
39.4938,state,0.995335,0.956498,0.172817,0.036659
39.5025,desired,1.000000,1.000000,0.000000,0.000000
39.5027,state,0.995335,0.955500,0.172817,0.038839
39.5121,state,0.995335,0.955802,0.172817,0.038172
39.5225,desired,1.000000,1.000000,0.000000,0.000000
39.5227,state,0.995335,0.956066,0.172817,0.037595
39.5321,state,0.995335,0.956296,0.172817,0.037094
39.5421,state,0.995335,0.956498,0.172817,0.036659
39.5521,state,0.995335,0.955500,0.172817,0.038839
39.5527,desired,1.000000,1.000000,0.000000,0.000000
39.5621,state,0.995335,0.955802,0.172817,0.038172
39.5721,state,0.995335,0.956066,0.172817,0.037595
39.5821,state,0.995335,0.956296,0.172817,0.037094
39.5827,desired,1.000000,1.000000,0.000000,0.000000
39.5920,state,0.995335,0.956498,0.172817,0.036659
39.5935,state,0.995335,0.956674,0.172817,0.036280
39.5945,state,0.995335,0.956829,0.172817,0.035949
39.6022,state,0.995335,0.956066,0.172817,0.037595
39.6029,desired,1.000000,1.000000,0.000000,0.000000
39.6120,state,0.995335,0.956296,0.172817,0.037094
39.6221,state,0.995335,0.956498,0.172817,0.036659
39.6321,state,0.995335,0.956674,0.172817,0.036280
39.6327,desired,1.000000,1.000000,0.000000,0.000000
39.6421,state,0.995335,0.956829,0.172817,0.035949
39.6521,state,0.995335,0.956066,0.172817,0.037595
39.6621,state,0.995335,0.956296,0.172817,0.037094
39.6627,desired,1.000000,1.000000,0.000000,0.000000
39.6721,state,0.995335,0.956498,0.172817,0.036659
39.6820,state,0.995335,0.956674,0.172817,0.036280
39.6825,desired,1.000000,1.000000,0.000000,0.000000
39.6921,state,0.995335,0.956829,0.172817,0.035949
39.6936,state,0.995335,0.956964,0.172817,0.035660
39.7022,state,0.995335,0.956296,0.172817,0.037094
39.7030,desired,1.000000,1.000000,0.000000,0.000000
39.7120,state,0.995335,0.956498,0.172817,0.036659
39.7221,state,0.995335,0.956674,0.172817,0.036280
39.7320,state,0.995335,0.956829,0.172817,0.035949
39.7325,desired,1.000000,1.000000,0.000000,0.000000
39.7420,state,0.995335,0.956964,0.172817,0.035660
39.7520,state,0.995335,0.956296,0.172817,0.037094
39.7620,state,0.995335,0.956498,0.172817,0.036659
39.7625,desired,1.000000,1.000000,0.000000,0.000000
39.7720,state,0.995335,0.956674,0.172817,0.036280
39.7820,state,0.995335,0.956829,0.172817,0.035949
39.7826,desired,1.000000,1.000000,0.000000,0.000000
39.7920,state,0.995335,0.956964,0.172817,0.035660
39.7937,state,0.995335,0.957083,0.172817,0.035408
39.7947,state,0.995335,0.957187,0.172817,0.035189
39.8021,state,0.995335,0.956674,0.172817,0.036280
39.8030,desired,1.000000,1.000000,0.000000,0.000000
39.8121,state,0.995335,0.956829,0.172817,0.035949
39.8221,state,0.995335,0.956964,0.172817,0.035660
39.8321,state,0.995335,0.957083,0.172817,0.035408
39.8327,desired,1.000000,1.000000,0.000000,0.000000
39.8422,state,0.995335,0.957187,0.172817,0.035189
39.8521,state,0.995335,0.956674,0.172817,0.036280
39.8622,state,0.995335,0.956829,0.172817,0.035949
39.8630,desired,1.000000,1.000000,-0.111111,-0.111111
39.8721,state,0.995335,0.956964,0.172817,0.035660
39.8821,state,0.995335,0.957083,0.172817,0.035408
39.8922,state,0.995335,0.957187,0.172817,0.035189
39.8931,desired,0.996662,0.996662,-0.111111,-0.111111
39.8951,state,0.995335,0.957278,0.172817,0.034996
39.8961,state,0.995335,0.957358,0.172817,0.034828
39.9021,state,0.995335,0.956964,0.172817,0.035660
39.9122,state,0.995335,0.957083,0.172817,0.035408
39.9220,state,0.995335,0.957187,0.172817,0.035189
39.9227,desired,0.993335,0.993335,-0.111111,-0.111111
39.9320,state,0.995335,0.957278,0.172817,0.034996
39.9422,state,0.995335,0.957358,0.172817,0.034828
39.9430,desired,0.991111,0.991111,-0.111111,-0.111111
39.9522,state,0.995335,0.956964,0.172817,0.035660
39.9621,state,0.995335,0.957083,0.172817,0.035408
39.9721,state,0.995335,0.957187,0.172817,0.035189
39.9727,desired,0.987779,0.987779,-0.111111,-0.111111
39.9821,state,0.995335,0.957278,0.172817,0.034996
39.9920,state,0.995335,0.957358,0.172817,0.034828
39.9931,state,0.993612,0.956985,0.153948,0.021675
40.0020,state,0.995335,0.957083,0.172817,0.035408
40.0027,desired,0.984446,0.984446,-0.111111,-0.111111
40.0120,state,0.995335,0.957187,0.172817,0.035189
40.0221,state,0.995335,0.957278,0.172817,0.034996
40.0229,desired,0.982222,0.982222,-0.111111,-0.111111
40.0320,state,0.995335,0.957358,0.172817,0.034828
40.0421,state,0.993612,0.956985,0.153948,0.021675
40.0430,desired,0.979999,0.979999,-0.111111,-0.111111
40.0521,state,0.995335,0.957083,0.172817,0.035408
40.0620,state,0.995335,0.957187,0.172817,0.035189
40.0725,desired,0.976669,0.976669,-0.111111,-0.111111
40.0727,state,0.995335,0.957278,0.172817,0.034996
40.0821,state,0.995335,0.957358,0.172817,0.034828
40.0922,state,0.993612,0.956985,0.153948,0.021675
40.0930,desired,0.974444,0.974444,-0.111111,-0.111111
40.0942,state,0.993161,0.956768,0.171025,0.034375
40.0945,state,0.983119,0.943229,0.130612,-0.142732
40.1021,state,0.995335,0.957278,0.172817,0.034996
40.1122,state,0.995335,0.957358,0.172817,0.034828
40.1220,state,0.993612,0.956985,0.153948,0.021675
40.1226,desired,0.971113,0.971113,-0.111111,-0.111111
40.1320,state,0.993161,0.956768,0.171025,0.034375
40.1421,state,0.983119,0.943229,0.130612,-0.142732
40.1430,desired,0.968889,0.968889,-0.111111,-0.111111
40.1520,state,0.995335,0.957278,0.172817,0.034996
40.1621,state,0.995335,0.957358,0.172817,0.034828
40.1630,desired,0.966665,0.966665,-0.111111,-0.111111
40.1721,state,0.993612,0.956985,0.153948,0.021675
40.1822,state,0.993161,0.956768,0.171025,0.034375
40.1922,state,0.983119,0.943229,0.130612,-0.142732
40.1930,desired,0.963333,0.963333,-0.111111,-0.111111
40.1942,state,0.976690,0.939381,-0.045503,-0.114184
40.1956,state,0.971442,0.933611,0.152073,0.022258
40.2021,state,0.993612,0.956985,0.153948,0.021675
40.2121,state,0.993161,0.956768,0.171025,0.034375
40.2221,state,0.983119,0.943229,0.130612,-0.142732
40.2227,desired,0.960002,0.960002,-0.111111,-0.111111
40.2321,state,0.976690,0.939381,-0.045503,-0.114184
40.2421,state,0.971442,0.933611,0.152073,0.022258
40.2427,desired,0.957780,0.957780,-0.111111,-0.111111
40.2521,state,0.993612,0.956985,0.153948,0.021675
40.2620,state,0.993161,0.956768,0.171025,0.034375
40.2721,state,0.983119,0.943229,0.130612,-0.142732
40.2730,desired,0.954445,0.954445,-0.111111,-0.111111
40.2821,state,0.976690,0.939381,-0.045503,-0.114184
40.2921,state,0.971442,0.933611,0.152073,0.022258
40.2942,state,0.963250,0.926683,0.083634,-0.147883
40.3021,state,0.993161,0.956768,0.171025,0.034375
40.3027,desired,0.951113,0.951113,-0.111111,-0.111111
40.3122,state,0.983119,0.943229,0.130612,-0.142732
40.3221,state,0.976690,0.939381,-0.045503,-0.114184
40.3320,state,0.971442,0.933611,0.152073,0.022258
40.3327,desired,0.947780,0.947780,-0.111111,-0.111111
40.3421,state,0.963250,0.926683,0.083634,-0.147883
40.3520,state,0.993161,0.956768,0.171025,0.034375
40.3621,state,0.983119,0.943229,0.130612,-0.142732
40.3629,desired,0.944444,0.944444,-0.111111,-0.111111
40.3720,state,0.976690,0.939381,-0.045503,-0.114184
40.3821,state,0.971442,0.933611,0.152073,0.022258
40.3921,state,0.963250,0.926683,0.083634,-0.147883
40.3930,desired,0.941111,0.941111,-0.111111,-0.111111
40.3942,state,0.961186,0.923932,0.161809,0.029183
40.3951,state,0.951008,0.913571,0.126411,-0.095300
40.4020,state,0.976690,0.939381,-0.045503,-0.114184
40.4120,state,0.971442,0.933611,0.152073,0.022258
40.4220,state,0.963250,0.926683,0.083634,-0.147883
40.4227,desired,0.937780,0.937780,-0.111111,-0.111111
40.4320,state,0.961186,0.923932,0.161809,0.029183
40.4421,state,0.951008,0.913571,0.126411,-0.095300
40.4430,desired,0.935555,0.935555,-0.111111,-0.111111
40.4520,state,0.976690,0.939381,-0.045503,-0.114184
40.4620,state,0.971442,0.933611,0.152073,0.022258
40.4720,state,0.963250,0.926683,0.083634,-0.147883
40.4727,desired,0.932224,0.932224,-0.111111,-0.111111
40.4821,state,0.961186,0.923932,0.161809,0.029183
40.4920,state,0.951008,0.913571,0.126411,-0.095300
40.4932,state,0.944025,0.909090,-0.070607,-0.171285
40.4944,state,0.938262,0.901386,0.146364,0.018156
40.5020,state,0.963250,0.926683,0.083634,-0.147883
40.5026,desired,0.928891,0.928891,-0.111111,-0.111111
40.5122,state,0.961186,0.923932,0.161809,0.029183
40.5220,state,0.951008,0.913571,0.126411,-0.095300
40.5320,state,0.944025,0.909090,-0.070607,-0.171285
40.5326,desired,0.925558,0.925558,-0.111111,-0.111111
40.5420,state,0.938262,0.901386,0.146364,0.018156
40.5521,state,0.963250,0.926683,0.083634,-0.147883
40.5620,state,0.961186,0.923932,0.161809,0.029183
40.5627,desired,0.922224,0.922224,-0.111111,-0.111111
40.5721,state,0.951008,0.913571,0.126411,-0.095300
40.5821,state,0.944025,0.909090,-0.070607,-0.171285
40.5927,desired,0.918889,0.918889,-0.111111,-0.111111
40.5929,state,0.938262,0.901386,0.146364,0.018156
40.5936,state,0.929165,0.893894,0.070077,-0.159386
40.6021,state,0.961186,0.923932,0.161809,0.029183
40.6120,state,0.951008,0.913571,0.126411,-0.095300
40.6220,state,0.944025,0.909090,-0.070607,-0.171285
40.6227,desired,0.915558,0.915558,-0.111111,-0.111111
40.6320,state,0.938262,0.901386,0.146364,0.018156
40.6421,state,0.929165,0.893894,0.070077,-0.159386
40.6429,desired,0.913333,0.913333,-0.111111,-0.111111
40.6520,state,0.961186,0.923932,0.161809,0.029183
40.6621,state,0.951008,0.913571,0.126411,-0.095300
40.6720,state,0.944025,0.909090,-0.070607,-0.171285
40.6727,desired,0.910002,0.910002,-0.111111,-0.111111
40.6822,state,0.938262,0.901386,0.146364,0.018156
40.6922,state,0.929165,0.893894,0.070077,-0.159386
40.6930,desired,0.907777,0.907777,-0.111111,-0.111111
40.6942,state,0.926873,0.891089,0.156885,0.026329
40.6945,state,0.916680,0.880626,0.122175,-0.092802
40.7021,state,0.944025,0.909090,-0.070607,-0.171285
40.7120,state,0.938262,0.901386,0.146364,0.018156
40.7220,state,0.929165,0.893894,0.070077,-0.159386
40.7227,desired,0.904446,0.904446,-0.111111,-0.111111
40.7321,state,0.926873,0.891089,0.156885,0.026329
40.7420,state,0.916680,0.880626,0.122175,-0.092802
40.7520,state,0.944025,0.909090,-0.070607,-0.171285
40.7527,desired,0.901113,0.901113,-0.111111,-0.111111
40.7620,state,0.938262,0.901386,0.146364,0.018156
40.7720,state,0.929165,0.893894,0.070077,-0.159386
40.7821,state,0.926873,0.891089,0.156885,0.026329
40.7827,desired,0.897779,0.897779,-0.111111,-0.111111
40.7920,state,0.916680,0.880626,0.122175,-0.092802
40.7930,state,0.910238,0.876496,-0.053552,-0.156235
40.7936,state,0.904991,0.869631,0.144003,0.020407
40.8021,state,0.929165,0.893894,0.070077,-0.159386
40.8120,state,0.926873,0.891089,0.156885,0.026329
40.8127,desired,0.894446,0.894446,-0.111111,-0.111111
40.8222,state,0.916680,0.880626,0.122175,-0.092802
40.8321,state,0.910238,0.876496,-0.053552,-0.156235
40.8421,state,0.904991,0.869631,0.144003,0.020407
40.8428,desired,0.891111,0.891111,-0.111111,-0.111111
40.8521,state,0.929165,0.893894,0.070077,-0.159386
40.8622,state,0.926873,0.891089,0.156885,0.026329
40.8720,state,0.916680,0.880626,0.122175,-0.092802
40.8727,desired,0.887780,0.887780,-0.111111,-0.111111
40.8821,state,0.910238,0.876496,-0.053552,-0.156235
40.8922,state,0.904991,0.869631,0.144003,0.020407
40.8930,desired,0.885555,0.885555,-0.111111,-0.111111
40.8943,state,0.896802,0.862610,0.075531,-0.146598
40.9021,state,0.926873,0.891089,0.156885,0.026329
40.9122,state,0.916680,0.880626,0.122175,-0.092802
40.9220,state,0.910238,0.876496,-0.053552,-0.156235
40.9227,desired,0.882224,0.882224,-0.111111,-0.111111
40.9322,state,0.904991,0.869631,0.144003,0.020407
40.9421,state,0.896802,0.862610,0.075531,-0.146598
40.9522,state,0.926873,0.891089,0.156885,0.026329
40.9530,desired,0.878889,0.878889,-0.111111,-0.111111
40.9620,state,0.916680,0.880626,0.122175,-0.092802
40.9720,state,0.910238,0.876496,-0.053552,-0.156235
40.9821,state,0.904991,0.869631,0.144003,0.020407
40.9827,desired,0.875557,0.875557,-0.111111,-0.111111
40.9920,state,0.896802,0.862610,0.075531,-0.146598
40.9936,state,0.894740,0.860050,0.153619,0.024820
40.9947,state,0.884567,0.849175,0.118144,-0.095937
41.0020,state,0.910238,0.876496,-0.053552,-0.156235
41.0121,state,0.904991,0.869631,0.144003,0.020407
41.0129,desired,0.872222,0.872222,-0.111111,-0.111111
41.0222,state,0.896802,0.862610,0.075531,-0.146598
41.0321,state,0.894740,0.860050,0.153619,0.024820
41.0420,state,0.884567,0.849175,0.118144,-0.095937
41.0427,desired,0.868891,0.868891,-0.111111,-0.111111
41.0522,state,0.910238,0.876496,-0.053552,-0.156235
41.0621,state,0.904991,0.869631,0.144003,0.020407
41.0722,state,0.896802,0.862610,0.075531,-0.146598
41.0730,desired,0.865555,0.865555,-0.111111,-0.111111
41.0820,state,0.894740,0.860050,0.153619,0.024820
41.0920,state,0.884567,0.849175,0.118144,-0.095937
41.0940,state,0.877583,0.844497,-0.078962,-0.183375
41.0955,state,0.871822,0.836841,0.137938,0.018331
41.1020,state,0.896802,0.862610,0.075531,-0.146598
41.1027,desired,0.862225,0.862225,-0.111111,-0.111111
41.1121,state,0.894740,0.860050,0.153619,0.024820
41.1221,state,0.884567,0.849175,0.118144,-0.095937
41.1321,state,0.877583,0.844497,-0.078962,-0.183375
41.1327,desired,0.858891,0.858891,-0.111111,-0.111111
41.1421,state,0.871822,0.836841,0.137938,0.018331
41.1521,state,0.896802,0.862610,0.075531,-0.146598
41.1621,state,0.894740,0.860050,0.153619,0.024820
41.1630,desired,0.855555,0.855555,-0.111111,-0.111111
41.1720,state,0.884567,0.849175,0.118144,-0.095937
41.1821,state,0.877583,0.844497,-0.078962,-0.183375
41.1920,state,0.871822,0.836841,0.137938,0.018331
41.1927,desired,0.852224,0.852224,-0.111111,-0.111111
41.1940,state,0.862728,0.829011,0.061596,-0.166232
41.2022,state,0.894740,0.860050,0.153619,0.024820
41.2120,state,0.884567,0.849175,0.118144,-0.095937
41.2126,desired,0.850002,0.850002,-0.111111,-0.111111
41.2220,state,0.877583,0.844497,-0.078962,-0.183375
41.2321,state,0.871822,0.836841,0.137938,0.018331
41.2420,state,0.862728,0.829011,0.061596,-0.166232
41.2426,desired,0.846669,0.846669,-0.111111,-0.111111
41.2521,state,0.894740,0.860050,0.153619,0.024820
41.2621,state,0.884567,0.849175,0.118144,-0.095937
41.2627,desired,0.844446,0.844446,-0.111111,-0.111111
41.2720,state,0.877583,0.844497,-0.078962,-0.183375
41.2821,state,0.871822,0.836841,0.137938,0.018331
41.2922,state,0.862728,0.829011,0.061596,-0.166232
41.2930,desired,0.841111,0.841111,-0.111111,-0.111111
41.2937,state,0.860438,0.826208,0.148329,0.023338
41.2939,state,0.850246,0.815600,0.113532,-0.090533
41.3021,state,0.877583,0.844497,-0.078962,-0.183375
41.3121,state,0.871822,0.836841,0.137938,0.018331
41.3222,state,0.862728,0.829011,0.061596,-0.166232
41.3230,desired,0.837777,0.837777,-0.111111,-0.111111
41.3320,state,0.860438,0.826208,0.148329,0.023338
41.3420,state,0.850246,0.815600,0.113532,-0.090533
41.3523,desired,0.834448,0.834448,-0.111111,-0.111111
41.3525,state,0.877583,0.844497,-0.078962,-0.183375
41.3620,state,0.871822,0.836841,0.137938,0.018331
41.3720,state,0.862728,0.829011,0.061596,-0.166232
41.3823,desired,0.831114,0.831114,-0.111111,-0.111111
41.3825,state,0.860438,0.826208,0.148329,0.023338
41.3920,state,0.850246,0.815600,0.113532,-0.090533
41.3938,state,0.843807,0.811295,-0.062192,-0.165153
41.3946,state,0.838563,0.804428,0.135224,0.018043
41.4020,state,0.862728,0.829011,0.061596,-0.166232
41.4120,state,0.860438,0.826208,0.148329,0.023338
41.4125,desired,0.827781,0.827781,-0.111111,-0.111111
41.4220,state,0.850246,0.815600,0.113532,-0.090533
41.4320,state,0.843807,0.811295,-0.062192,-0.165153
41.4423,desired,0.824448,0.824448,-0.111111,-0.111111
41.4425,state,0.838563,0.804428,0.135224,0.018043
41.4520,state,0.862728,0.829011,0.061596,-0.166232
41.4620,state,0.860438,0.826208,0.148329,0.023338
41.4625,desired,0.822225,0.822225,-0.111111,-0.111111
41.4720,state,0.850246,0.815600,0.113532,-0.090533
41.4823,desired,0.820003,0.820003,-0.111111,-0.111111
41.4825,state,0.843807,0.811295,-0.062192,-0.165153
41.4920,state,0.838563,0.804428,0.135224,0.018043
41.4938,state,0.829513,0.796226,0.057244,-0.175639
41.5020,state,0.860438,0.826208,0.148329,0.023338
41.5026,desired,0.817780,0.817780,-0.111111,-0.111111
41.5120,state,0.850246,0.815600,0.113532,-0.090533
41.5220,state,0.843807,0.811295,-0.062192,-0.165153
41.5320,state,0.838563,0.804428,0.135224,0.018043
41.5325,desired,0.814447,0.814447,-0.111111,-0.111111
41.5420,state,0.829513,0.796226,0.057244,-0.175639
41.5521,state,0.860438,0.826208,0.148329,0.023338
41.5526,desired,0.812223,0.812223,-0.111111,-0.111111
41.5621,state,0.850246,0.815600,0.113532,-0.090533
41.5720,state,0.843807,0.811295,-0.062192,-0.165153
41.5820,state,0.838563,0.804428,0.135224,0.018043
41.5826,desired,0.808891,0.808891,-0.111111,-0.111111
41.5921,state,0.829513,0.796226,0.057244,-0.175639
41.5943,state,0.827228,0.793343,0.143802,0.022388
41.5949,state,0.817038,0.782864,0.108957,-0.087699
41.6020,state,0.843807,0.811295,-0.062192,-0.165153
41.6120,state,0.838563,0.804428,0.135224,0.018043
41.6127,desired,0.805557,0.805557,-0.111111,-0.111111
41.6220,state,0.829513,0.796226,0.057244,-0.175639
41.6320,state,0.827228,0.793343,0.143802,0.022388
41.6420,state,0.817038,0.782864,0.108957,-0.087699
41.6426,desired,0.802224,0.802224,-0.111111,-0.111111
41.6520,state,0.843807,0.811295,-0.062192,-0.165153
41.6621,state,0.838563,0.804428,0.135224,0.018043
41.6720,state,0.829513,0.796226,0.057244,-0.175639
41.6727,desired,0.798892,0.798892,-0.111111,-0.111111
41.6821,state,0.827228,0.793343,0.143802,0.022388
41.6920,state,0.817038,0.782864,0.108957,-0.087699
41.6926,desired,0.796669,0.796669,-0.111111,-0.111111
41.6931,state,0.810598,0.778505,-0.066809,-0.169152
41.6938,state,0.805355,0.771636,0.130584,0.017163
41.7020,state,0.829513,0.796226,0.057244,-0.175639
41.7120,state,0.827228,0.793343,0.143802,0.022388
41.7220,state,0.817038,0.782864,0.108957,-0.087699
41.7228,desired,0.793336,0.793336,-0.111111,-0.111111
41.7321,state,0.810598,0.778505,-0.066809,-0.169152
41.7420,state,0.805355,0.771636,0.130584,0.017163
41.7521,state,0.829513,0.796226,0.057244,-0.175639
41.7527,desired,0.790002,0.790002,-0.111111,-0.111111
41.7620,state,0.827228,0.793343,0.143802,0.022388
41.7720,state,0.817038,0.782864,0.108957,-0.087699
41.7820,state,0.810598,0.778505,-0.066809,-0.169152
41.7827,desired,0.786669,0.786669,-0.111111,-0.111111
41.7921,state,0.805355,0.771636,0.130584,0.017163
41.7934,state,0.796305,0.763397,0.052566,-0.176738
41.8020,state,0.827228,0.793343,0.143802,0.022388
41.8026,desired,0.784447,0.784447,-0.111111,-0.111111
41.8121,state,0.817038,0.782864,0.108957,-0.087699
41.8220,state,0.810598,0.778505,-0.066809,-0.169152
41.8227,desired,0.782224,0.782224,-0.111111,-0.111111
41.8320,state,0.805355,0.771636,0.130584,0.017163
41.8421,state,0.796305,0.763397,0.052566,-0.176738
41.8521,state,0.827228,0.793343,0.143802,0.022388
41.8526,desired,0.778891,0.778891,-0.111111,-0.111111
41.8621,state,0.817038,0.782864,0.108957,-0.087699
41.8721,state,0.810598,0.778505,-0.066809,-0.169152
41.8728,desired,0.776668,0.776668,-0.111111,-0.111111
41.8821,state,0.805355,0.771636,0.130584,0.017163
41.8922,state,0.796305,0.763397,0.052566,-0.176738
41.8930,desired,0.774443,0.774443,-0.111111,-0.111111
41.8942,state,0.794020,0.760563,0.139096,0.021538
41.8945,state,0.783832,0.750071,0.104212,-0.086686
41.9021,state,0.810598,0.778505,-0.066809,-0.169152
41.9120,state,0.805355,0.771636,0.130584,0.017163
41.9221,state,0.796305,0.763397,0.052566,-0.176738
41.9228,desired,0.771112,0.771112,-0.111111,-0.111111
41.9321,state,0.794020,0.760563,0.139096,0.021538
41.9422,state,0.783832,0.750071,0.104212,-0.086686
41.9430,desired,0.768889,0.768889,-0.111111,-0.111111
41.9521,state,0.810598,0.778505,-0.066809,-0.169152
41.9622,state,0.805355,0.771636,0.130584,0.017163
41.9631,desired,0.766663,0.766663,-0.111111,-0.111111
41.9721,state,0.796305,0.763397,0.052566,-0.176738
41.9822,state,0.794020,0.760563,0.139096,0.021538
41.9921,state,0.783832,0.750071,0.104212,-0.086686
41.9927,desired,0.763334,0.763334,-0.111111,-0.111111
41.9939,state,0.777393,0.745679,-0.071572,-0.172151
41.9953,state,0.772152,0.738847,0.125773,0.016352
42.0021,state,0.796305,0.763397,0.052566,-0.176738
42.0122,state,0.794020,0.760563,0.139096,0.021538
42.0137,desired,0.761111,0.761111,-0.111111,-0.111111
42.0220,state,0.783832,0.750071,0.104212,-0.086686
42.0322,state,0.777393,0.745679,-0.071572,-0.172151
42.0330,desired,0.758889,0.758889,-0.111111,-0.111111
42.0421,state,0.772152,0.738847,0.125773,0.016352
42.0522,state,0.796305,0.763397,0.052566,-0.176738
42.0530,desired,0.756663,0.756663,-0.111111,-0.111111
42.0621,state,0.794020,0.760563,0.139096,0.021538
42.0722,state,0.783832,0.750071,0.104212,-0.086686
42.0821,state,0.777393,0.745679,-0.071572,-0.172151
42.0827,desired,0.753335,0.753335,-0.111111,-0.111111
42.0922,state,0.772152,0.738847,0.125773,0.016352
42.0949,state,0.763101,0.730560,0.047710,-0.178156
42.1020,state,0.794020,0.760563,0.139096,0.021538
42.1120,state,0.783832,0.750071,0.104212,-0.086686
42.1124,desired,0.750004,0.750004,-0.111111,-0.111111
42.1222,state,0.777393,0.745679,-0.071572,-0.172151
42.1322,state,0.772152,0.738847,0.125773,0.016352
42.1330,desired,0.747777,0.747777,-0.111111,-0.111111
42.1421,state,0.763101,0.730560,0.047710,-0.178156
42.1522,state,0.794020,0.760563,0.139096,0.021538
42.1621,state,0.783832,0.750071,0.104212,-0.086686
42.1626,desired,0.744446,0.744446,-0.111111,-0.111111
42.1722,state,0.777393,0.745679,-0.071572,-0.172151
42.1820,state,0.772152,0.738847,0.125773,0.016352
42.1922,state,0.763101,0.730560,0.047710,-0.178156
42.1931,desired,0.741111,0.741111,-0.111111,-0.111111
42.1943,state,0.760816,0.727775,0.134225,0.020708
42.1953,state,0.751625,0.718639,0.103501,-0.069144
42.2021,state,0.777393,0.745679,-0.071572,-0.172151
42.2121,state,0.772152,0.738847,0.125773,0.016352
42.2220,state,0.763101,0.730560,0.047710,-0.178156
42.2225,desired,0.737779,0.737779,-0.111111,-0.111111
42.2322,state,0.760816,0.727775,0.134225,0.020708
42.2421,state,0.751625,0.718639,0.103501,-0.069144
42.2521,state,0.777393,0.745679,-0.071572,-0.172151
42.2526,desired,0.734445,0.734445,-0.111111,-0.111111
42.2622,state,0.772152,0.738847,0.125773,0.016352
42.2721,state,0.763101,0.730560,0.047710,-0.178156
42.2824,desired,0.731113,0.731113,-0.111111,-0.111111
42.2826,state,0.760816,0.727775,0.134225,0.020708
42.2921,state,0.751625,0.718639,0.103501,-0.069144
42.2942,state,0.744744,0.713555,-0.097188,-0.210153
42.2957,state,0.739000,0.705604,0.119089,0.014553
42.3021,state,0.763101,0.730560,0.047710,-0.178156
42.3029,desired,0.728888,0.728888,-0.111111,-0.111111
42.3120,state,0.760816,0.727775,0.134225,0.020708
42.3220,state,0.751625,0.718639,0.103501,-0.069144
42.3321,state,0.744744,0.713555,-0.097188,-0.210153
42.3327,desired,0.725557,0.725557,-0.111111,-0.111111
42.3421,state,0.739000,0.705604,0.119089,0.014553
42.3521,state,0.763101,0.730560,0.047710,-0.178156
42.3620,state,0.760816,0.727775,0.134225,0.020708
42.3625,desired,0.722226,0.722226,-0.111111,-0.111111
42.3720,state,0.751625,0.718639,0.103501,-0.069144
42.3820,state,0.744744,0.713555,-0.097188,-0.210153
42.3825,desired,0.720003,0.720003,-0.111111,-0.111111
42.3920,state,0.739000,0.705604,0.119089,0.014553
42.3936,state,0.729908,0.697731,0.042584,-0.168160
42.4020,state,0.760816,0.727775,0.134225,0.020708
42.4120,state,0.751625,0.718639,0.103501,-0.069144
42.4126,desired,0.716669,0.716669,-0.111111,-0.111111
42.4220,state,0.744744,0.713555,-0.097188,-0.210153
42.4320,state,0.739000,0.705604,0.119089,0.014553
42.4420,state,0.729908,0.697731,0.042584,-0.168160
42.4427,desired,0.713337,0.713337,-0.111111,-0.111111
42.4520,state,0.760816,0.727775,0.134225,0.020708
42.4620,state,0.751625,0.718639,0.103501,-0.069144
42.4720,state,0.744744,0.713555,-0.097188,-0.210153
42.4725,desired,0.710004,0.710004,-0.111111,-0.111111
42.4820,state,0.739000,0.705604,0.119089,0.014553
42.4920,state,0.729908,0.697731,0.042584,-0.168160
42.4933,state,0.727621,0.695166,0.129191,0.019929
42.4934,state,0.717435,0.684447,0.094251,-0.086861
42.5020,state,0.744744,0.713555,-0.097188,-0.210153
42.5025,desired,0.706670,0.706670,-0.111111,-0.111111
42.5120,state,0.739000,0.705604,0.119089,0.014553
42.5220,state,0.729908,0.697731,0.042584,-0.168160
42.5325,desired,0.703335,0.703335,-0.111111,-0.111111
42.5331,state,0.727621,0.695166,0.129191,0.019929
42.5420,state,0.717435,0.684447,0.094251,-0.086861
42.5520,state,0.744744,0.713555,-0.097188,-0.210153
42.5526,desired,0.701112,0.701112,-0.111111,-0.111111
42.5620,state,0.739000,0.705604,0.119089,0.014553
42.5720,state,0.729908,0.697731,0.042584,-0.168160
42.5820,state,0.727621,0.695166,0.129191,0.019929
42.5825,desired,0.697779,0.697779,-0.111111,-0.111111
42.5921,state,0.717435,0.684447,0.094251,-0.086861
42.5938,state,0.710997,0.680014,-0.081564,-0.177032
42.5941,state,0.705759,0.673317,0.115688,0.014803
42.6020,state,0.729908,0.697731,0.042584,-0.168160
42.6120,state,0.727621,0.695166,0.129191,0.019929
42.6127,desired,0.694446,0.694446,-0.111111,-0.111111
42.6221,state,0.717435,0.684447,0.094251,-0.086861
42.6320,state,0.710997,0.680014,-0.081564,-0.177032
42.6421,state,0.705759,0.673317,0.115688,0.014803
42.6431,desired,0.691111,0.691111,-0.111111,-0.111111
42.6520,state,0.729908,0.697731,0.042584,-0.168160
42.6622,state,0.727621,0.695166,0.129191,0.019929
42.6629,desired,0.688889,0.688889,-0.111111,-0.111111
42.6720,state,0.717435,0.684447,0.094251,-0.086861
42.6821,state,0.710997,0.680014,-0.081564,-0.177032
42.6922,state,0.705759,0.673317,0.115688,0.014803
42.6932,desired,0.685556,0.685556,-0.111111,-0.111111
42.6943,state,0.696709,0.664917,0.037584,-0.181381
42.7020,state,0.727621,0.695166,0.129191,0.019929
42.7120,state,0.717435,0.684447,0.094251,-0.086861
42.7220,state,0.710997,0.680014,-0.081564,-0.177032
42.7226,desired,0.682225,0.682225,-0.111111,-0.111111
42.7320,state,0.705759,0.673317,0.115688,0.014803
42.7420,state,0.696709,0.664917,0.037584,-0.181381
42.7426,desired,0.680002,0.680002,-0.111111,-0.111111
42.7520,state,0.727621,0.695166,0.129191,0.019929
42.7620,state,0.717435,0.684447,0.094251,-0.086861
42.7720,state,0.710997,0.680014,-0.081564,-0.177032
42.7726,desired,0.676669,0.676669,-0.111111,-0.111111
42.7821,state,0.705759,0.673317,0.115688,0.014803
42.7921,state,0.696709,0.664917,0.037584,-0.181381
42.7931,desired,0.674445,0.674445,-0.111111,-0.111111
42.7943,state,0.694427,0.662238,0.124022,0.019050
42.7953,state,0.684241,0.651739,0.089040,-0.082721
42.8020,state,0.710997,0.680014,-0.081564,-0.177032
42.8121,state,0.705759,0.673317,0.115688,0.014803
42.8131,desired,0.672222,0.672222,-0.111111,-0.111111
42.8220,state,0.696709,0.664917,0.037584,-0.181381
42.8321,state,0.694427,0.662238,0.124022,0.019050
42.8421,state,0.684241,0.651739,0.089040,-0.082721
42.8427,desired,0.668891,0.668891,-0.111111,-0.111111
42.8520,state,0.710997,0.680014,-0.081564,-0.177032
42.8620,state,0.705759,0.673317,0.115688,0.014803
42.8626,desired,0.666669,0.666669,-0.111111,-0.111111
42.8720,state,0.696709,0.664917,0.037584,-0.181381
42.8820,state,0.694427,0.662238,0.124022,0.019050
42.8920,state,0.684241,0.651739,0.089040,-0.082721
42.8926,desired,0.663335,0.663335,-0.111111,-0.111111
42.8939,state,0.677804,0.647245,-0.086782,-0.181950
42.8955,state,0.672566,0.640547,0.110426,0.013970
42.9021,state,0.696709,0.664917,0.037584,-0.181381
42.9120,state,0.694427,0.662238,0.124022,0.019050
42.9220,state,0.684241,0.651739,0.089040,-0.082721
42.9229,desired,0.660003,0.660003,-0.111111,-0.111111
42.9320,state,0.677804,0.647245,-0.086782,-0.181950
42.9421,state,0.672566,0.640547,0.110426,0.013970
42.9431,desired,0.657779,0.657779,-0.111111,-0.111111
42.9520,state,0.696709,0.664917,0.037584,-0.181381
42.9621,state,0.694427,0.662238,0.124022,0.019050
42.9632,desired,0.655555,0.655555,-0.111111,-0.111111
42.9720,state,0.684241,0.651739,0.089040,-0.082721
42.9821,state,0.677804,0.647245,-0.086782,-0.181950
42.9920,state,0.672566,0.640547,0.110426,0.013970
42.9926,desired,0.652224,0.652224,-0.111111,-0.111111
42.9946,state,0.663519,0.632114,0.032304,-0.182394
43.0020,state,0.694427,0.662238,0.124022,0.019050
43.0121,state,0.684241,0.651739,0.089040,-0.082721
43.0220,state,0.677804,0.647245,-0.086782,-0.181950
43.0226,desired,0.648891,0.648891,-0.111111,-0.111111
43.0321,state,0.672566,0.640547,0.110426,0.013970
43.0421,state,0.663519,0.632114,0.032304,-0.182394
43.0526,desired,0.645558,0.645558,-0.111111,-0.111111
43.0529,state,0.694427,0.662238,0.124022,0.019050
43.0621,state,0.684241,0.651739,0.089040,-0.082721
43.0721,state,0.677804,0.647245,-0.086782,-0.181950
43.0822,state,0.672566,0.640547,0.110426,0.013970
43.0831,desired,0.642222,0.642222,-0.111111,-0.111111
43.0921,state,0.663519,0.632114,0.032304,-0.182394
43.0933,state,0.661238,0.629504,0.118709,0.018218
43.0934,state,0.651052,0.618990,0.083689,-0.081270
43.1021,state,0.677804,0.647245,-0.086782,-0.181950
43.1126,desired,0.638891,0.638891,-0.111111,-0.111111
43.1129,state,0.672566,0.640547,0.110426,0.013970
43.1221,state,0.663519,0.632114,0.032304,-0.182394
43.1321,state,0.661238,0.629504,0.118709,0.018218
43.1427,desired,0.635552,0.635552,-0.111111,-0.111111
43.1432,state,0.651052,0.618990,0.083689,-0.081270
43.1521,state,0.677804,0.647245,-0.086782,-0.181950
43.1622,state,0.672566,0.640547,0.110426,0.013970
43.1727,desired,0.632222,0.632222,-0.111111,-0.111111
43.1731,state,0.663519,0.632114,0.032304,-0.182394
43.1822,state,0.661238,0.629504,0.118709,0.018218
43.1922,state,0.651052,0.618990,0.083689,-0.081270
43.1942,state,0.644615,0.614460,-0.092197,-0.185519
43.1958,state,0.639377,0.607817,0.105013,0.013161
43.2025,desired,0.628890,0.628890,-0.111111,-0.111111
43.2027,state,0.663519,0.632114,0.032304,-0.182394
43.2121,state,0.661238,0.629504,0.118709,0.018218
43.2221,state,0.651052,0.618990,0.083689,-0.081270
43.2328,desired,0.625555,0.625555,-0.111111,-0.111111
43.2332,state,0.644615,0.614460,-0.092197,-0.185519
43.2421,state,0.639377,0.607817,0.105013,0.013161
43.2528,desired,0.623332,0.623332,-0.111111,-0.111111
43.2532,state,0.663519,0.632114,0.032304,-0.182394
43.2621,state,0.661238,0.629504,0.118709,0.018218
43.2722,state,0.651052,0.618990,0.083689,-0.081270
43.2821,state,0.644615,0.614460,-0.092197,-0.185519
43.2827,desired,0.620002,0.620002,-0.111111,-0.111111
43.2920,state,0.639377,0.607817,0.105013,0.013161
43.2936,state,0.630330,0.599335,0.026874,-0.183683
43.3021,state,0.661238,0.629504,0.118709,0.018218
43.3121,state,0.651052,0.618990,0.083689,-0.081270
43.3127,desired,0.616668,0.616668,-0.111111,-0.111111
43.3222,state,0.644615,0.614460,-0.092197,-0.185519
43.3320,state,0.639377,0.607817,0.105013,0.013161
43.3427,desired,0.613333,0.613333,-0.111111,-0.111111
43.3430,state,0.630330,0.599335,0.026874,-0.183683
43.3521,state,0.661238,0.629504,0.118709,0.018218
43.3622,state,0.651052,0.618990,0.083689,-0.081270
43.3721,state,0.644615,0.614460,-0.092197,-0.185519
43.3725,desired,0.610002,0.610002,-0.111111,-0.111111
43.3820,state,0.639377,0.607817,0.105013,0.013161
43.3921,state,0.630330,0.599335,0.026874,-0.183683
43.3930,desired,0.607777,0.607777,-0.111111,-0.111111
43.3943,state,0.628049,0.596796,0.113249,0.017345
43.3965,state,0.617866,0.586287,0.078211,-0.079316
43.4021,state,0.644615,0.614460,-0.092197,-0.185519
43.4121,state,0.639377,0.607817,0.105013,0.013161
43.4227,desired,0.604444,0.604444,-0.111111,-0.111111
43.4230,state,0.630330,0.599335,0.026874,-0.183683
43.4320,state,0.628049,0.596796,0.113249,0.017345
43.4422,state,0.617866,0.586287,0.078211,-0.079316
43.4520,state,0.644615,0.614460,-0.092197,-0.185519
43.4525,desired,0.601113,0.601113,-0.111111,-0.111111
43.4621,state,0.639377,0.607817,0.105013,0.013161
43.4720,state,0.630330,0.599335,0.026874,-0.183683
43.4822,state,0.628049,0.596796,0.113249,0.017345
43.4830,desired,0.597777,0.597777,-0.111111,-0.111111
43.4920,state,0.617866,0.586287,0.078211,-0.079316
43.4938,state,0.611432,0.581719,-0.097615,-0.189208
43.4954,state,0.606197,0.575142,0.099480,0.012329
43.5022,state,0.630330,0.599335,0.026874,-0.183683
43.5120,state,0.628049,0.596796,0.113249,0.017345
43.5127,desired,0.594446,0.594446,-0.111111,-0.111111
43.5220,state,0.617866,0.586287,0.078211,-0.079316
43.5324,desired,0.592224,0.592224,-0.111111,-0.111111
43.5325,state,0.611432,0.581719,-0.097615,-0.189208
43.5421,state,0.606197,0.575142,0.099480,0.012329
43.5526,desired,0.590000,0.590000,-0.111111,-0.111111
43.5529,state,0.630330,0.599335,0.026874,-0.183683
43.5621,state,0.628049,0.596796,0.113249,0.017345
43.5722,state,0.617866,0.586287,0.078211,-0.079316
43.5732,desired,0.587777,0.587777,-0.111111,-0.111111
43.5822,state,0.611432,0.581719,-0.097615,-0.189208
43.5921,state,0.606197,0.575142,0.099480,0.012329
43.5945,state,0.597147,0.566598,0.021274,-0.185200
43.6020,state,0.628049,0.596796,0.113249,0.017345
43.6026,desired,0.584446,0.584446,-0.111111,-0.111111
43.6121,state,0.617866,0.586287,0.078211,-0.079316
43.6220,state,0.611432,0.581719,-0.097615,-0.189208
43.6321,state,0.606197,0.575142,0.099480,0.012329
43.6327,desired,0.581114,0.581114,-0.111111,-0.111111
43.6421,state,0.597147,0.566598,0.021274,-0.185200
43.6521,state,0.628049,0.596796,0.113249,0.017345
43.6621,state,0.617866,0.586287,0.078211,-0.079316
43.6626,desired,0.577780,0.577780,-0.111111,-0.111111
43.6721,state,0.611432,0.581719,-0.097615,-0.189208
43.6821,state,0.606197,0.575142,0.099480,0.012329
43.6921,state,0.597147,0.566598,0.021274,-0.185200
43.6926,desired,0.574447,0.574447,-0.111111,-0.111111
43.6942,state,0.594867,0.564134,0.107652,0.016434
43.6957,state,0.584679,0.553622,0.072569,-0.077130
43.7021,state,0.611432,0.581719,-0.097615,-0.189208
43.7120,state,0.606197,0.575142,0.099480,0.012329
43.7220,state,0.597147,0.566598,0.021274,-0.185200
43.7225,desired,0.571114,0.571114,-0.111111,-0.111111
43.7320,state,0.594867,0.564134,0.107652,0.016434
43.7420,state,0.584679,0.553622,0.072569,-0.077130
43.7524,desired,0.567780,0.567780,-0.111111,-0.111111
43.7527,state,0.611432,0.581719,-0.097615,-0.189208
43.7620,state,0.606197,0.575142,0.099480,0.012329
43.7721,state,0.597147,0.566598,0.021274,-0.185200
43.7727,desired,0.565555,0.565555,-0.111111,-0.111111
43.7820,state,0.594867,0.564134,0.107652,0.016434
43.7921,state,0.584679,0.553622,0.072569,-0.077130
43.7938,state,0.578247,0.549009,-0.103183,-0.193238
43.7944,state,0.573015,0.542504,0.093809,0.011479
43.8021,state,0.597147,0.566598,0.021274,-0.185200
43.8029,desired,0.562225,0.562225,-0.111111,-0.111111
43.8120,state,0.594867,0.564134,0.107652,0.016434
43.8220,state,0.584679,0.553622,0.072569,-0.077130
43.8320,state,0.578247,0.549009,-0.103183,-0.193238
43.8325,desired,0.558891,0.558891,-0.111111,-0.111111
43.8420,state,0.573015,0.542504,0.093809,0.011479
43.8520,state,0.597147,0.566598,0.021274,-0.185200
43.8525,desired,0.556668,0.556668,-0.111111,-0.111111
43.8621,state,0.594867,0.564134,0.107652,0.016434
43.8720,state,0.584679,0.553622,0.072569,-0.077130
43.8820,state,0.578247,0.549009,-0.103183,-0.193238
43.8825,desired,0.553335,0.553335,-0.111111,-0.111111
43.8922,state,0.573015,0.542504,0.093809,0.011479
43.8942,state,0.563973,0.533903,0.015664,-0.186479
43.9021,state,0.594867,0.564134,0.107652,0.016434
43.9122,state,0.584679,0.553622,0.072569,-0.077130
43.9130,desired,0.550000,0.550000,-0.111111,-0.111111
43.9221,state,0.578247,0.549009,-0.103183,-0.193238
43.9327,desired,0.547777,0.547777,-0.111111,-0.111111
43.9329,state,0.573015,0.542504,0.093809,0.011479
43.9421,state,0.563973,0.533903,0.015664,-0.186479
43.9520,state,0.594867,0.564134,0.107652,0.016434
43.9624,desired,0.544445,0.544445,-0.111111,-0.111111
43.9626,state,0.584679,0.553622,0.072569,-0.077130
43.9720,state,0.578247,0.549009,-0.103183,-0.193238
43.9821,state,0.573015,0.542504,0.093809,0.011479
43.9921,state,0.563973,0.533903,0.015664,-0.186479
43.9927,desired,0.541112,0.541112,-0.111111,-0.111111
43.9940,state,0.561695,0.531524,0.101944,0.015497
43.9949,state,0.551507,0.521009,0.066817,-0.074614
44.0022,state,0.578247,0.549009,-0.103183,-0.193238
44.0120,state,0.573015,0.542504,0.093809,0.011479
44.0221,state,0.563973,0.533903,0.015664,-0.186479
44.0225,desired,0.537779,0.537779,-0.111111,-0.111111
44.0320,state,0.561695,0.531524,0.101944,0.015497
44.0421,state,0.551507,0.521009,0.066817,-0.074614
44.0521,state,0.578247,0.549009,-0.103183,-0.193238
44.0526,desired,0.534445,0.534445,-0.111111,-0.111111
44.0620,state,0.573015,0.542504,0.093809,0.011479
44.0721,state,0.563973,0.533903,0.015664,-0.186479
44.0824,desired,0.531112,0.531112,-0.111111,-0.111111
44.0825,state,0.561695,0.531524,0.101944,0.015497
44.0920,state,0.551507,0.521009,0.066817,-0.074614
44.0933,state,0.545072,0.516339,-0.109069,-0.197884
44.0952,state,0.539838,0.509906,0.088006,0.010618
44.1020,state,0.563973,0.533903,0.015664,-0.186479
44.1126,desired,0.527778,0.527778,-0.111111,-0.111111
44.1129,state,0.561695,0.531524,0.101944,0.015497
44.1220,state,0.551507,0.521009,0.066817,-0.074614
44.1322,state,0.545072,0.516339,-0.109069,-0.197884
44.1425,desired,0.524447,0.524447,-0.111111,-0.111111
44.1427,state,0.539838,0.509906,0.088006,0.010618
44.1520,state,0.563973,0.533903,0.015664,-0.186479
44.1620,state,0.561695,0.531524,0.101944,0.015497
44.1720,state,0.551507,0.521009,0.066817,-0.074614
44.1725,desired,0.521114,0.521114,-0.111111,-0.111111
44.1821,state,0.545072,0.516339,-0.109069,-0.197884
44.1921,state,0.539838,0.509906,0.088006,0.010618
44.1927,desired,0.518891,0.518891,-0.111111,-0.111111
44.1944,state,0.530792,0.501229,0.009795,-0.188074
44.2021,state,0.561695,0.531524,0.101944,0.015497
44.2121,state,0.551507,0.521009,0.066817,-0.074614
44.2127,desired,0.516668,0.516668,-0.111111,-0.111111
44.2221,state,0.545072,0.516339,-0.109069,-0.197884
44.2320,state,0.539838,0.509906,0.088006,0.010618
44.2427,desired,0.513333,0.513333,-0.111111,-0.111111
44.2428,state,0.530792,0.501229,0.009795,-0.188074
44.2522,state,0.561695,0.531524,0.101944,0.015497
44.2620,state,0.551507,0.521009,0.066817,-0.074614
44.2722,state,0.545072,0.516339,-0.109069,-0.197884
44.2730,desired,0.509998,0.509998,-0.111111,-0.111111
44.2821,state,0.539838,0.509906,0.088006,0.010618
44.2922,state,0.530792,0.501229,0.009795,-0.188074
44.2946,state,0.528513,0.498940,0.096100,0.014536
44.2949,state,0.518336,0.488442,0.060994,-0.071497
44.3021,state,0.545072,0.516339,-0.109069,-0.197884
44.3027,desired,0.506667,0.506667,-0.111111,-0.111111
44.3122,state,0.539838,0.509906,0.088006,0.010618
44.3220,state,0.530792,0.501229,0.009795,-0.188074
44.3322,state,0.528513,0.498940,0.096100,0.014536
44.3330,desired,0.503331,0.503331,-0.111111,-0.111111
44.3421,state,0.518336,0.488442,0.060994,-0.071497
44.3522,state,0.545072,0.516339,-0.109069,-0.197884
44.3621,state,0.539838,0.509906,0.088006,0.010618
44.3627,desired,0.500000,0.500000,-0.111111,-0.111111
44.3721,state,0.530792,0.501229,0.009795,-0.188074
44.3821,state,0.528513,0.498940,0.096100,0.014536
44.3920,state,0.518336,0.488442,0.060994,-0.071497
44.3925,desired,0.496669,0.496669,-0.111111,-0.111111
44.3935,state,0.512442,0.484283,-0.093759,-0.173837
44.3954,state,0.507720,0.478774,0.084032,0.010594
44.4022,state,0.530792,0.501229,0.009795,-0.188074
44.4121,state,0.528513,0.498940,0.096100,0.014536
44.4127,desired,0.494447,0.494447,-0.111111,-0.111111
44.4221,state,0.518336,0.488442,0.060994,-0.071497
44.4321,state,0.512442,0.484283,-0.093759,-0.173837
44.4327,desired,0.492222,0.492222,-0.111111,-0.111111
44.4422,state,0.507720,0.478774,0.084032,0.010594
44.4521,state,0.530792,0.501229,0.009795,-0.188074
44.4622,state,0.528513,0.498940,0.096100,0.014536
44.4630,desired,0.488888,0.488888,-0.111111,-0.111111
44.4721,state,0.518336,0.488442,0.060994,-0.071497
44.4822,state,0.512442,0.484283,-0.093759,-0.173837
44.4922,state,0.507720,0.478774,0.084032,0.010594
44.4930,desired,0.485555,0.485555,-0.111111,-0.111111
44.4943,state,0.497859,0.468534,-0.005205,-0.224047
44.5021,state,0.528513,0.498940,0.096100,0.014536
44.5121,state,0.518336,0.488442,0.060994,-0.071497
44.5221,state,0.512442,0.484283,-0.093759,-0.173837
44.5227,desired,0.482224,0.482224,-0.111111,-0.111111
44.5320,state,0.507720,0.478774,0.084032,0.010594
44.5420,state,0.497859,0.468534,-0.005205,-0.224047
44.5521,state,0.528513,0.498940,0.096100,0.014536
44.5529,desired,0.478889,0.478889,-0.111111,-0.111111
44.5621,state,0.518336,0.488442,0.060994,-0.071497
44.5722,state,0.512442,0.484283,-0.093759,-0.173837
44.5730,desired,0.476665,0.476665,-0.111111,-0.111111
44.5821,state,0.507720,0.478774,0.084032,0.010594
44.5921,state,0.497859,0.468534,-0.005205,-0.224047
44.5939,state,0.495361,0.465904,0.089401,0.013457
44.5950,state,0.485159,0.456060,0.054922,-0.061247
44.6022,state,0.512442,0.484283,-0.093759,-0.173837
44.6036,desired,0.473334,0.473334,-0.111111,-0.111111
44.6121,state,0.507720,0.478774,0.084032,0.010594
44.6221,state,0.497859,0.468534,-0.005205,-0.224047
44.6321,state,0.495361,0.465904,0.089401,0.013457
44.6331,desired,0.470002,0.470002,-0.111111,-0.111111
44.6422,state,0.485159,0.456060,0.054922,-0.061247
44.6521,state,0.512442,0.484283,-0.093759,-0.173837
44.6622,state,0.507720,0.478774,0.084032,0.010594
44.6636,desired,0.466667,0.466667,-0.111111,-0.111111
44.6721,state,0.497859,0.468534,-0.005205,-0.224047
44.6822,state,0.495361,0.465904,0.089401,0.013457
44.6831,desired,0.464444,0.464444,-0.111111,-0.111111
44.6922,state,0.485159,0.456060,0.054922,-0.061247
44.6946,state,0.478724,0.451176,-0.120916,-0.213137
44.6956,state,0.473492,0.444775,0.076077,0.008787
44.7020,state,0.497859,0.468534,-0.005205,-0.224047
44.7122,state,0.495361,0.465904,0.089401,0.013457
44.7136,desired,0.461110,0.461110,-0.111111,-0.111111
44.7221,state,0.485159,0.456060,0.054922,-0.061247
44.7321,state,0.478724,0.451176,-0.120916,-0.213137
44.7421,state,0.473492,0.444775,0.076077,0.008787
44.7430,desired,0.457779,0.457779,-0.111111,-0.111111
44.7521,state,0.497859,0.468534,-0.005205,-0.224047
44.7622,state,0.495361,0.465904,0.089401,0.013457
44.7635,desired,0.455555,0.455555,-0.111111,-0.111111
44.7722,state,0.485159,0.456060,0.054922,-0.061247
44.7823,state,0.478724,0.451176,-0.120916,-0.213137
44.7836,desired,0.453330,0.453330,-0.111111,-0.111111
44.7921,state,0.473492,0.444775,0.076077,0.008787
44.7958,state,0.464447,0.435994,-0.002173,-0.189660
44.8022,state,0.495361,0.465904,0.089401,0.013457
44.8121,state,0.485159,0.456060,0.054922,-0.061247
44.8126,desired,0.450001,0.450001,-0.111111,-0.111111
44.8221,state,0.478724,0.451176,-0.120916,-0.213137
44.8321,state,0.473492,0.444775,0.076077,0.008787
44.8421,state,0.464447,0.435994,-0.002173,-0.189660
44.8427,desired,0.446668,0.446668,-0.111111,-0.111111
44.8521,state,0.495361,0.465904,0.089401,0.013457
44.8621,state,0.485159,0.456060,0.054922,-0.061247
44.8721,state,0.478724,0.451176,-0.120916,-0.213137
44.8727,desired,0.443335,0.443335,-0.111111,-0.111111
44.8821,state,0.473492,0.444775,0.076077,0.008787
44.8920,state,0.464447,0.435994,-0.002173,-0.189660
44.8932,state,0.462169,0.433936,0.084085,0.012581
44.9021,state,0.485159,0.456060,0.054922,-0.061247
44.9027,desired,0.440001,0.440001,-0.111111,-0.111111
44.9035,state,0.451986,0.423401,0.048903,-0.064675
44.9122,state,0.473492,0.444775,0.076077,0.008787
44.9221,state,0.464447,0.435994,-0.002173,-0.189660
44.9320,state,0.462169,0.433936,0.084085,0.012581
44.9330,desired,0.436668,0.436668,-0.111111,-0.111111
44.9421,state,0.485159,0.456060,0.054922,-0.061247
44.9521,state,0.451986,0.423401,0.048903,-0.064675
44.9621,state,0.473492,0.444775,0.076077,0.008787
44.9631,desired,0.433333,0.433333,-0.111111,-0.111111
44.9721,state,0.464447,0.435994,-0.002173,-0.189660
44.9821,state,0.462169,0.433936,0.084085,0.012581
44.9920,state,0.485159,0.456060,0.054922,-0.061247
44.9927,desired,0.430002,0.430002,-0.111111,-0.111111
44.9959,state,0.445554,0.418532,-0.126956,-0.213677
44.9962,state,0.440324,0.412388,0.069958,0.008064
45.0021,state,0.464447,0.435994,-0.002173,-0.189660
45.0120,state,0.462169,0.433936,0.084085,0.012581
45.0220,state,0.485159,0.456060,0.054922,-0.061247
45.0226,desired,0.426668,0.426668,-0.111111,-0.111111
45.0320,state,0.445554,0.418532,-0.126956,-0.213677
45.0421,state,0.440324,0.412388,0.069958,0.008064
45.0521,state,0.464447,0.435994,-0.002173,-0.189660
45.0526,desired,0.423335,0.423335,-0.111111,-0.111111
45.0621,state,0.462169,0.433936,0.084085,0.012581
45.0722,state,0.485159,0.456060,0.054922,-0.061247
45.0730,desired,0.421110,0.421110,-0.111111,-0.111111
45.0821,state,0.445554,0.418532,-0.126956,-0.213677
45.0921,state,0.440324,0.412388,0.069958,0.008064
45.1022,state,0.464447,0.435994,-0.002173,-0.189660
45.1030,desired,0.417777,0.417777,-0.111111,-0.111111
45.1043,state,0.431281,0.403454,-0.008298,-0.192434
45.1121,state,0.485159,0.456060,0.054922,-0.061247
45.1221,state,0.445554,0.418532,-0.126956,-0.213677
45.1321,state,0.440324,0.412388,0.069958,0.008064
45.1327,desired,0.414447,0.414447,-0.111111,-0.111111
45.1421,state,0.464447,0.435994,-0.002173,-0.189660
45.1521,state,0.431281,0.403454,-0.008298,-0.192434
45.1625,desired,0.411113,0.411113,-0.111111,-0.111111
45.1627,state,0.485159,0.456060,0.054922,-0.061247
45.1721,state,0.445554,0.418532,-0.126956,-0.213677
45.1821,state,0.440324,0.412388,0.069958,0.008064
45.1920,state,0.464447,0.435994,-0.002173,-0.189660
45.1927,desired,0.407779,0.407779,-0.111111,-0.111111
45.1935,state,0.429005,0.401505,0.077925,0.011523
45.1957,state,0.418824,0.391029,0.042729,-0.059398
45.2020,state,0.445554,0.418532,-0.126956,-0.213677
45.2120,state,0.440324,0.412388,0.069958,0.008064
45.2220,state,0.464447,0.435994,-0.002173,-0.189660
45.2225,desired,0.404446,0.404446,-0.111111,-0.111111
45.2320,state,0.429005,0.401505,0.077925,0.011523
45.2421,state,0.418824,0.391029,0.042729,-0.059398
45.2525,desired,0.401113,0.401113,-0.111111,-0.111111
45.2527,state,0.445554,0.418532,-0.126956,-0.213677
45.2621,state,0.440324,0.412388,0.069958,0.008064
45.2721,state,0.464447,0.435994,-0.002173,-0.189660
45.2825,desired,0.397779,0.397779,-0.111111,-0.111111
45.2827,state,0.429005,0.401505,0.077925,0.011523
45.2921,state,0.418824,0.391029,0.042729,-0.059398
45.2933,state,0.412391,0.386070,-0.133208,-0.220209
45.2956,state,0.407160,0.380056,0.063733,0.007193
45.3022,state,0.464447,0.435994,-0.002173,-0.189660
45.3030,desired,0.395555,0.395555,-0.111111,-0.111111
45.3121,state,0.429005,0.401505,0.077925,0.011523
45.3221,state,0.418824,0.391029,0.042729,-0.059398
45.3321,state,0.412391,0.386070,-0.133208,-0.220209
45.3327,desired,0.392224,0.392224,-0.111111,-0.111111
45.3421,state,0.407160,0.380056,0.063733,0.007193
45.3521,state,0.464447,0.435994,-0.002173,-0.189660
45.3621,state,0.429005,0.401505,0.077925,0.011523
45.3627,desired,0.388890,0.388890,-0.111111,-0.111111
45.3721,state,0.418824,0.391029,0.042729,-0.059398
45.3821,state,0.412391,0.386070,-0.133208,-0.220209
45.3921,state,0.407160,0.380056,0.063733,0.007193
45.3927,desired,0.385556,0.385556,-0.111111,-0.111111
45.3955,state,0.398117,0.371005,-0.014546,-0.193935
45.4021,state,0.429005,0.401505,0.077925,0.011523
45.4121,state,0.418824,0.391029,0.042729,-0.059398
45.4129,desired,0.383332,0.383332,-0.111111,-0.111111
45.4221,state,0.412391,0.386070,-0.133208,-0.220209
45.4321,state,0.407160,0.380056,0.063733,0.007193
45.4421,state,0.398117,0.371005,-0.014546,-0.193935
45.4427,desired,0.380002,0.380002,-0.111111,-0.111111
45.4522,state,0.429005,0.401505,0.077925,0.011523
45.4621,state,0.418824,0.391029,0.042729,-0.059398
45.4721,state,0.412391,0.386070,-0.133208,-0.220209
45.4727,desired,0.376668,0.376668,-0.111111,-0.111111
45.4821,state,0.407160,0.380056,0.063733,0.007193
45.4921,state,0.398117,0.371005,-0.014546,-0.193935
45.4934,state,0.395840,0.369202,0.071669,0.010423
45.4955,state,0.384660,0.357317,0.032217,-0.066374
45.5022,state,0.412391,0.386070,-0.133208,-0.220209
45.5030,desired,0.373333,0.373333,-0.111111,-0.111111
45.5121,state,0.407160,0.380056,0.063733,0.007193
45.5221,state,0.398117,0.371005,-0.014546,-0.193935
45.5321,state,0.395840,0.369202,0.071669,0.010423
45.5327,desired,0.370002,0.370002,-0.111111,-0.111111
45.5421,state,0.384660,0.357317,0.032217,-0.066374
45.5520,state,0.412391,0.386070,-0.133208,-0.220209
45.5621,state,0.407160,0.380056,0.063733,0.007193
45.5627,desired,0.366669,0.366669,-0.111111,-0.111111
45.5721,state,0.398117,0.371005,-0.014546,-0.193935
45.5821,state,0.395840,0.369202,0.071669,0.010423
45.5921,state,0.384660,0.357317,0.032217,-0.066374
45.5927,desired,0.363335,0.363335,-0.111111,-0.111111
45.5949,state,0.378674,0.353082,-0.118685,-0.184363
45.5954,state,0.373951,0.348320,0.059143,0.007348
45.6021,state,0.398117,0.371005,-0.014546,-0.193935
45.6120,state,0.395840,0.369202,0.071669,0.010423
45.6221,state,0.384660,0.357317,0.032217,-0.066374
45.6227,desired,0.360002,0.360002,-0.111111,-0.111111
45.6320,state,0.378674,0.353082,-0.118685,-0.184363
45.6421,state,0.373951,0.348320,0.059143,0.007348
45.6521,state,0.398117,0.371005,-0.014546,-0.193935
45.6527,desired,0.356669,0.356669,-0.111111,-0.111111
45.6621,state,0.395840,0.369202,0.071669,0.010423
45.6721,state,0.384660,0.357317,0.032217,-0.066374
45.6821,state,0.378674,0.353082,-0.118685,-0.184363
45.6828,desired,0.353335,0.353335,-0.111111,-0.111111
45.6921,state,0.373951,0.348320,0.059143,0.007348
45.6948,state,0.364950,0.338564,-0.020720,-0.208144
45.7021,state,0.395840,0.369202,0.071669,0.010423
45.7030,desired,0.351110,0.351110,-0.111111,-0.111111
45.7122,state,0.384660,0.357317,0.032217,-0.066374
45.7222,state,0.378674,0.353082,-0.118685,-0.184363
45.7321,state,0.373951,0.348320,0.059143,0.007348
45.7327,desired,0.347780,0.347780,-0.111111,-0.111111
45.7420,state,0.364950,0.338564,-0.020720,-0.208144
45.7521,state,0.395840,0.369202,0.071669,0.010423
45.7620,state,0.384660,0.357317,0.032217,-0.066374
45.7627,desired,0.344446,0.344446,-0.111111,-0.111111
45.7721,state,0.378674,0.353082,-0.118685,-0.184363
45.7821,state,0.373951,0.348320,0.059143,0.007348
45.7827,desired,0.342223,0.342223,-0.111111,-0.111111
45.7921,state,0.364950,0.338564,-0.020720,-0.208144
45.7934,state,0.362678,0.336783,0.065343,0.009284
45.7953,state,0.352499,0.326597,0.030092,-0.044633
45.8021,state,0.378674,0.353082,-0.118685,-0.184363
45.8026,desired,0.340000,0.340000,-0.111111,-0.111111
45.8120,state,0.373951,0.348320,0.059143,0.007348
45.8220,state,0.364950,0.338564,-0.020720,-0.208144
45.8320,state,0.362678,0.336783,0.065343,0.009284
45.8326,desired,0.336669,0.336669,-0.111111,-0.111111
45.8420,state,0.352499,0.326597,0.030092,-0.044633
45.8520,state,0.378674,0.353082,-0.118685,-0.184363
45.8620,state,0.373951,0.348320,0.059143,0.007348
45.8627,desired,0.333336,0.333336,-0.111111,-0.111111
45.8720,state,0.364950,0.338564,-0.020720,-0.208144
45.8820,state,0.362678,0.336783,0.065343,0.009284
45.8920,state,0.352499,0.326597,0.030092,-0.044633
45.8925,desired,0.330003,0.330003,-0.111111,-0.111111
45.9021,state,0.378674,0.353082,-0.118685,-0.184363
45.9035,state,0.346065,0.321371,-0.145895,-0.237989
45.9047,state,0.340836,0.315626,0.051026,0.005524
45.9125,desired,0.327780,0.327780,-0.111111,-0.111111
45.9127,state,0.362678,0.336783,0.065343,0.009284
45.9222,state,0.352499,0.326597,0.030092,-0.044633
45.9321,state,0.378674,0.353082,-0.118685,-0.184363
45.9330,desired,0.325555,0.325555,-0.111111,-0.111111
45.9421,state,0.346065,0.321371,-0.145895,-0.237989
45.9521,state,0.340836,0.315626,0.051026,0.005524
45.9621,state,0.362678,0.336783,0.065343,0.009284
45.9627,desired,0.322223,0.322223,-0.111111,-0.111111
45.9721,state,0.352499,0.326597,0.030092,-0.044633
45.9821,state,0.378674,0.353082,-0.118685,-0.184363
45.9922,state,0.346065,0.321371,-0.145895,-0.237989
45.9930,desired,0.318888,0.318888,-0.111111,-0.111111
45.9943,state,0.331794,0.306324,-0.027259,-0.196178
46.0021,state,0.362678,0.336783,0.065343,0.009284
46.0122,state,0.352499,0.326597,0.030092,-0.044633
46.0221,state,0.378674,0.353082,-0.118685,-0.184363
46.0230,desired,0.315555,0.315555,-0.111111,-0.111111
46.0321,state,0.346065,0.321371,-0.145895,-0.237989
46.0421,state,0.331794,0.306324,-0.027259,-0.196178
46.0521,state,0.362678,0.336783,0.065343,0.009284
46.0527,desired,0.312224,0.312224,-0.111111,-0.111111
46.0621,state,0.352499,0.326597,0.030092,-0.044633
46.0721,state,0.378674,0.353082,-0.118685,-0.184363
46.0821,state,0.346065,0.321371,-0.145895,-0.237989
46.0830,desired,0.308889,0.308889,-0.111111,-0.111111
46.0920,state,0.331794,0.306324,-0.027259,-0.196178
46.0934,state,0.329519,0.304887,0.058908,0.008179
46.0953,state,0.319338,0.294454,0.023648,-0.038794
46.1021,state,0.378674,0.353082,-0.118685,-0.184363
46.1029,desired,0.306666,0.306666,-0.111111,-0.111111
46.1120,state,0.346065,0.321371,-0.145895,-0.237989
46.1221,state,0.331794,0.306324,-0.027259,-0.196178
46.1321,state,0.329519,0.304887,0.058908,0.008179
46.1330,desired,0.303333,0.303333,-0.111111,-0.111111
46.1420,state,0.319338,0.294454,0.023648,-0.038794
46.1520,state,0.378674,0.353082,-0.118685,-0.184363
46.1620,state,0.346065,0.321371,-0.145895,-0.237989
46.1627,desired,0.300002,0.300002,-0.111111,-0.111111
46.1722,state,0.331794,0.306324,-0.027259,-0.196178
46.1821,state,0.329519,0.304887,0.058908,0.008179
46.1921,state,0.319338,0.294454,0.023648,-0.038794
46.1927,desired,0.296668,0.296668,-0.111111,-0.111111
46.1938,state,0.312905,0.289121,-0.152353,-0.245361
46.1950,state,0.307676,0.283635,0.044556,0.004850
46.2022,state,0.331794,0.306324,-0.027259,-0.196178
46.2120,state,0.329519,0.304887,0.058908,0.008179
46.2220,state,0.319338,0.294454,0.023648,-0.038794
46.2225,desired,0.293336,0.293336,-0.111111,-0.111111
46.2320,state,0.312905,0.289121,-0.152353,-0.245361
46.2421,state,0.307676,0.283635,0.044556,0.004850
46.2427,desired,0.291113,0.291113,-0.111111,-0.111111
46.2521,state,0.331794,0.306324,-0.027259,-0.196178
46.2620,state,0.329519,0.304887,0.058908,0.008179
46.2720,state,0.319338,0.294454,0.023648,-0.038794
46.2726,desired,0.287780,0.287780,-0.111111,-0.111111
46.2821,state,0.312905,0.289121,-0.152353,-0.245361
46.2921,state,0.307676,0.283635,0.044556,0.004850
46.2929,desired,0.285555,0.285555,-0.111111,-0.111111
46.2962,state,0.298634,0.274127,-0.033737,-0.198169
46.3021,state,0.329519,0.304887,0.058908,0.008179
46.3120,state,0.319338,0.294454,0.023648,-0.038794
46.3221,state,0.312905,0.289121,-0.152353,-0.245361
46.3227,desired,0.282224,0.282224,-0.111111,-0.111111
46.3322,state,0.307676,0.283635,0.044556,0.004850
46.3420,state,0.298634,0.274127,-0.033737,-0.198169
46.3521,state,0.329519,0.304887,0.058908,0.008179
46.3530,desired,0.278888,0.278888,-0.111111,-0.111111
46.3621,state,0.319338,0.294454,0.023648,-0.038794
46.3721,state,0.312905,0.289121,-0.152353,-0.245361
46.3821,state,0.307676,0.283635,0.044556,0.004850
46.3827,desired,0.275557,0.275557,-0.111111,-0.111111
46.3921,state,0.298634,0.274127,-0.033737,-0.198169
46.3935,state,0.296360,0.272908,0.052413,0.007029
46.3955,state,0.286181,0.262517,0.017141,-0.028989
46.4021,state,0.312905,0.289121,-0.152353,-0.245361
46.4027,desired,0.273335,0.273335,-0.111111,-0.111111
46.4121,state,0.307676,0.283635,0.044556,0.004850
46.4221,state,0.298634,0.274127,-0.033737,-0.198169
46.4321,state,0.296360,0.272908,0.052413,0.007029
46.4327,desired,0.270001,0.270001,-0.111111,-0.111111
46.4422,state,0.286181,0.262517,0.017141,-0.028989
46.4521,state,0.312905,0.289121,-0.152353,-0.245361
46.4621,state,0.307676,0.283635,0.044556,0.004850
46.4627,desired,0.266669,0.266669,-0.111111,-0.111111
46.4721,state,0.298634,0.274127,-0.033737,-0.198169
46.4821,state,0.296360,0.272908,0.052413,0.007029
46.4921,state,0.286181,0.262517,0.017141,-0.028989
46.4927,desired,0.263335,0.263335,-0.111111,-0.111111
46.5020,state,0.312905,0.289121,-0.152353,-0.245361
46.5038,state,0.279749,0.257031,-0.158838,-0.255395
46.5050,state,0.274521,0.251818,0.038023,0.004203
46.5121,state,0.296360,0.272908,0.052413,0.007029
46.5130,desired,0.261110,0.261110,-0.111111,-0.111111
46.5221,state,0.286181,0.262517,0.017141,-0.028989
46.5322,state,0.312905,0.289121,-0.152353,-0.245361
46.5421,state,0.279749,0.257031,-0.158838,-0.255395
46.5427,desired,0.257779,0.257779,-0.111111,-0.111111
46.5522,state,0.274521,0.251818,0.038023,0.004203
46.5621,state,0.296360,0.272908,0.052413,0.007029
46.5721,state,0.286181,0.262517,0.017141,-0.028989
46.5727,desired,0.254446,0.254446,-0.111111,-0.111111
46.5822,state,0.312905,0.289121,-0.152353,-0.245361
46.5921,state,0.279749,0.257031,-0.158838,-0.255395
46.5956,state,0.265478,0.242130,-0.040298,-0.198525
46.6027,desired,0.251110,0.251110,-0.111111,-0.111111
46.6030,state,0.296360,0.272908,0.052413,0.007029
46.6121,state,0.286181,0.262517,0.017141,-0.028989
46.6222,state,0.312905,0.289121,-0.152353,-0.245361
46.6321,state,0.279749,0.257031,-0.158838,-0.255395
46.6327,desired,0.247779,0.247779,-0.111111,-0.111111
46.6422,state,0.265478,0.242130,-0.040298,-0.198525
46.6521,state,0.296360,0.272908,0.052413,0.007029
46.6622,state,0.286181,0.262517,0.017141,-0.028989
46.6628,desired,0.244442,0.244442,-0.111111,-0.111111
46.6721,state,0.312905,0.289121,-0.152353,-0.245361
46.6821,state,0.279749,0.257031,-0.158838,-0.255395
46.6921,state,0.265478,0.242130,-0.040298,-0.198525
46.6927,desired,0.241113,0.241113,-0.111111,-0.111111
46.6933,state,0.263204,0.241190,0.045850,0.005779
46.6957,state,0.253023,0.231075,0.010556,-0.006763
46.7021,state,0.312905,0.289121,-0.152353,-0.245361
46.7133,desired,0.238888,0.238888,-0.111111,-0.111111
46.7138,state,0.279749,0.257031,-0.158838,-0.255395
46.7221,state,0.265478,0.242130,-0.040298,-0.198525
46.7322,state,0.263204,0.241190,0.045850,0.005779
46.7420,state,0.253023,0.231075,0.010556,-0.006763
46.7426,desired,0.235558,0.235558,-0.111111,-0.111111
46.7520,state,0.312905,0.289121,-0.152353,-0.245361
46.7620,state,0.279749,0.257031,-0.158838,-0.255395
46.7627,desired,0.233335,0.233335,-0.111111,-0.111111
46.7720,state,0.265478,0.242130,-0.040298,-0.198525
46.7821,state,0.263204,0.241190,0.045850,0.005779
46.7922,state,0.253023,0.231075,0.010556,-0.006763
46.7931,desired,0.229999,0.229999,-0.111111,-0.111111
46.7942,state,0.246592,0.225343,-0.165387,-0.270893
46.7960,state,0.241365,0.220518,0.031425,0.003772
46.8021,state,0.265478,0.242130,-0.040298,-0.198525
46.8120,state,0.263204,0.241190,0.045850,0.005779
46.8220,state,0.253023,0.231075,0.010556,-0.006763
46.8226,desired,0.226669,0.226669,-0.111111,-0.111111
46.8320,state,0.246592,0.225343,-0.165387,-0.270893
46.8425,state,0.241365,0.220518,0.031425,0.003772
46.8521,state,0.265478,0.242130,-0.040298,-0.198525
46.8527,desired,0.223336,0.223336,-0.111111,-0.111111
46.8620,state,0.263204,0.241190,0.045850,0.005779
46.8720,state,0.253023,0.231075,0.010556,-0.006763
46.8724,desired,0.221113,0.221113,-0.111111,-0.111111
46.8820,state,0.246592,0.225343,-0.165387,-0.270893
46.8920,state,0.241365,0.220518,0.031425,0.003772
46.9020,state,0.265478,0.242130,-0.040298,-0.198525
46.9026,desired,0.217779,0.217779,-0.111111,-0.111111
46.9043,state,0.232323,0.210553,-0.046908,-0.198750
46.9120,state,0.253023,0.231075,0.010556,-0.006763
46.9220,state,0.246592,0.225343,-0.165387,-0.270893
46.9322,state,0.241365,0.220518,0.031425,0.003772
46.9328,desired,0.214443,0.214443,-0.111111,-0.111111
46.9421,state,0.265478,0.242130,-0.040298,-0.198525
46.9520,state,0.232323,0.210553,-0.046908,-0.198750
46.9621,state,0.253023,0.231075,0.010556,-0.006763
46.9630,desired,0.211110,0.211110,-0.111111,-0.111111
46.9721,state,0.246592,0.225343,-0.165387,-0.270893
46.9821,state,0.241365,0.220518,0.031425,0.003772
46.9920,state,0.265478,0.242130,-0.040298,-0.198525
46.9924,desired,0.207781,0.207781,-0.111111,-0.111111
47.0021,state,0.232323,0.210553,-0.046908,-0.198750
47.0121,state,0.253023,0.231075,0.010556,-0.006763
47.0127,desired,0.205557,0.205557,-0.111111,-0.111111
47.0221,state,0.246592,0.225343,-0.165387,-0.270893
47.0321,state,0.241365,0.220518,0.031425,0.003772
47.0358,state,0.230049,0.209908,0.039230,0.004434
47.0375,state,0.219871,0.199515,0.003933,-0.008242
47.0422,state,0.253023,0.231075,0.010556,-0.006763
47.0430,desired,0.202221,0.202221,-0.111111,-0.111111
47.0521,state,0.246592,0.225343,-0.165387,-0.270893
47.0622,state,0.241365,0.220518,0.031425,0.003772
47.0722,state,0.230049,0.209908,0.039230,0.004434
47.0730,desired,0.198888,0.198888,-0.111111,-0.111111
47.0821,state,0.219871,0.199515,0.003933,-0.008242
47.0922,state,0.253023,0.231075,0.010556,-0.006763
47.0943,state,0.213438,0.193534,-0.172116,-0.284965
47.0965,state,0.208209,0.188743,0.024764,0.002764
47.1021,state,0.230049,0.209908,0.039230,0.004434
47.1026,desired,0.195557,0.195557,-0.111111,-0.111111
47.1120,state,0.219871,0.199515,0.003933,-0.008242
47.1221,state,0.253023,0.231075,0.010556,-0.006763
47.1322,state,0.213438,0.193534,-0.172116,-0.284965
47.1330,desired,0.192221,0.192221,-0.111111,-0.111111
47.1420,state,0.208209,0.188743,0.024764,0.002764
47.1522,state,0.230049,0.209908,0.039230,0.004434
47.1622,state,0.219871,0.199515,0.003933,-0.008242
47.1630,desired,0.188888,0.188888,-0.111111,-0.111111
47.1720,state,0.253023,0.231075,0.010556,-0.006763
47.1822,state,0.213438,0.193534,-0.172116,-0.284965
47.1921,state,0.208209,0.188743,0.024764,0.002764
47.1926,desired,0.185557,0.185557,-0.111111,-0.111111
47.1943,state,0.199169,0.178611,-0.053551,-0.197839
47.2021,state,0.219871,0.199515,0.003933,-0.008242
47.2122,state,0.253023,0.231075,0.010556,-0.006763
47.2130,desired,0.183332,0.183332,-0.111111,-0.111111
47.2221,state,0.213438,0.193534,-0.172116,-0.284965
47.2322,state,0.208209,0.188743,0.024764,0.002764
47.2421,state,0.199169,0.178611,-0.053551,-0.197839
47.2425,desired,0.180001,0.180001,-0.111111,-0.111111
47.2521,state,0.219871,0.199515,0.003933,-0.008242
47.2621,state,0.253023,0.231075,0.010556,-0.006763
47.2721,state,0.213438,0.193534,-0.172116,-0.284965
47.2727,desired,0.176668,0.176668,-0.111111,-0.111111
47.2821,state,0.208209,0.188743,0.024764,0.002764
47.2922,state,0.199169,0.178611,-0.053551,-0.197839
47.2930,desired,0.174444,0.174444,-0.111111,-0.111111
47.2952,state,0.196896,0.177990,0.032560,0.003585
47.2955,state,0.186716,0.167483,-0.002758,-0.009157
47.3021,state,0.213438,0.193534,-0.172116,-0.284965
47.3122,state,0.208209,0.188743,0.024764,0.002764
47.3220,state,0.199169,0.178611,-0.053551,-0.197839
47.3226,desired,0.171113,0.171113,-0.111111,-0.111111
47.3321,state,0.196896,0.177990,0.032560,0.003585
47.3428,desired,0.168888,0.168888,-0.111111,-0.111111
47.3431,state,0.186716,0.167483,-0.002758,-0.009157
47.3521,state,0.213438,0.193534,-0.172116,-0.284965
47.3622,state,0.208209,0.188743,0.024764,0.002764
47.3724,desired,0.165557,0.165557,-0.111111,-0.111111
47.3727,state,0.199169,0.178611,-0.053551,-0.197839
47.3821,state,0.196896,0.177990,0.032560,0.003585
47.3921,state,0.186716,0.167483,-0.002758,-0.009157
47.3940,state,0.180285,0.161406,-0.178715,-0.292235
47.3962,state,0.175059,0.156702,0.018071,0.002043
47.4021,state,0.199169,0.178611,-0.053551,-0.197839
47.4026,desired,0.162223,0.162223,-0.111111,-0.111111
47.4122,state,0.196896,0.177990,0.032560,0.003585
47.4221,state,0.186716,0.167483,-0.002758,-0.009157
47.4322,state,0.180285,0.161406,-0.178715,-0.292235
47.4330,desired,0.158888,0.158888,-0.111111,-0.111111
47.4421,state,0.175059,0.156702,0.018071,0.002043
47.4522,state,0.199169,0.178611,-0.053551,-0.197839
47.4621,state,0.196896,0.177990,0.032560,0.003585
47.4627,desired,0.155557,0.155557,-0.111111,-0.111111
47.4723,state,0.186716,0.167483,-0.002758,-0.009157
47.4821,state,0.180285,0.161406,-0.178715,-0.292235
47.4921,state,0.175059,0.156702,0.018071,0.002043
47.4927,desired,0.152224,0.152224,-0.111111,-0.111111
47.4943,state,0.166017,0.146544,-0.060279,-0.196018
47.5022,state,0.196896,0.177990,0.032560,0.003585
47.5121,state,0.186716,0.167483,-0.002758,-0.009157
47.5221,state,0.180285,0.161406,-0.178715,-0.292235
47.5227,desired,0.148890,0.148890,-0.111111,-0.111111
47.5321,state,0.175059,0.156702,0.018071,0.002043
47.5421,state,0.166017,0.146544,-0.060279,-0.196018
47.5525,desired,0.145557,0.145557,-0.111111,-0.111111
47.5527,state,0.196896,0.177990,0.032560,0.003585
47.5621,state,0.186716,0.167483,-0.002758,-0.009157
47.5721,state,0.180285,0.161406,-0.178715,-0.292235
47.5825,desired,0.142224,0.142224,-0.111111,-0.111111
47.5827,state,0.175059,0.156702,0.018071,0.002043
47.5921,state,0.166017,0.146544,-0.060279,-0.196018
47.5936,state,0.163744,0.145962,0.025841,0.002905
47.5964,state,0.153566,0.135455,-0.009474,-0.009898
47.6021,state,0.180285,0.161406,-0.178715,-0.292235
47.6127,desired,0.138888,0.138888,-0.111111,-0.111111
47.6131,state,0.175059,0.156702,0.018071,0.002043
47.6223,state,0.166017,0.146544,-0.060279,-0.196018
47.6321,state,0.163744,0.145962,0.025841,0.002905
47.6422,state,0.153566,0.135455,-0.009474,-0.009898
47.6429,desired,0.135555,0.135555,-0.111111,-0.111111
47.6521,state,0.180285,0.161406,-0.178715,-0.292235
47.6622,state,0.175059,0.156702,0.018071,0.002043
47.6724,desired,0.132224,0.132224,-0.111111,-0.111111
47.6727,state,0.166017,0.146544,-0.060279,-0.196018
47.6822,state,0.163744,0.145962,0.025841,0.002905
47.6927,desired,0.129999,0.129999,-0.111111,-0.111111
47.6931,state,0.153566,0.135455,-0.009474,-0.009898
47.6943,state,0.147134,0.129339,-0.185487,-0.296873
47.6958,state,0.141907,0.124721,0.011327,0.001384
47.7022,state,0.166017,0.146544,-0.060279,-0.196018
47.7122,state,0.163744,0.145962,0.025841,0.002905
47.7220,state,0.153566,0.135455,-0.009474,-0.009898
47.7225,desired,0.126668,0.126668,-0.111111,-0.111111
47.7322,state,0.147134,0.129339,-0.185487,-0.296873
47.7420,state,0.141907,0.124721,0.011327,0.001384
47.7521,state,0.166017,0.146544,-0.060279,-0.196018
47.7527,desired,0.123335,0.123335,-0.111111,-0.111111
47.7620,state,0.163744,0.145962,0.025841,0.002905
47.7722,state,0.153566,0.135455,-0.009474,-0.009898
47.7730,desired,0.121110,0.121110,-0.111111,-0.111111
47.7821,state,0.147134,0.129339,-0.185487,-0.296873
47.7921,state,0.141907,0.124721,0.011327,0.001384
47.7957,state,0.132864,0.114590,-0.067046,-0.194194
47.8021,state,0.163744,0.145962,0.025841,0.002905
47.8030,desired,0.117777,0.117777,-0.111111,-0.111111
47.8120,state,0.153566,0.135455,-0.009474,-0.009898
47.8220,state,0.147134,0.129339,-0.185487,-0.296873
47.8320,state,0.141907,0.124721,0.011327,0.001384
47.8327,desired,0.114447,0.114447,-0.111111,-0.111111
47.8420,state,0.132864,0.114590,-0.067046,-0.194194
47.8520,state,0.163744,0.145962,0.025841,0.002905
47.8620,state,0.153566,0.135455,-0.009474,-0.009898
47.8627,desired,0.111113,0.111113,-0.111111,-0.111111
47.8720,state,0.147134,0.129339,-0.185487,-0.296873
47.8820,state,0.141907,0.124721,0.011327,0.001384
47.8920,state,0.132864,0.114590,-0.067046,-0.194194
47.8924,desired,0.107782,0.107782,-0.111111,-0.111111
47.9020,state,0.163744,0.145962,0.025841,0.002905
47.9034,state,0.130590,0.114048,0.019086,0.002261
47.9042,state,0.120413,0.103580,-0.016235,-0.010644
47.9122,state,0.141907,0.124721,0.011327,0.001384
47.9128,desired,0.105554,0.105554,-0.111111,-0.111111
47.9220,state,0.132864,0.114590,-0.067046,-0.194194
47.9321,state,0.163744,0.145962,0.025841,0.002905
47.9420,state,0.130590,0.114048,0.019086,0.002261
47.9426,desired,0.102224,0.102224,-0.111111,-0.111111
47.9520,state,0.120413,0.103580,-0.016235,-0.010644
47.9621,state,0.141907,0.124721,0.011327,0.001384
47.9629,desired,0.099999,0.099999,-0.111111,-0.111111
47.9721,state,0.132864,0.114590,-0.067046,-0.194194
47.9820,state,0.163744,0.145962,0.025841,0.002905
47.9921,state,0.130590,0.114048,0.019086,0.002261
47.9927,desired,0.096668,0.096668,-0.111111,-0.111111
47.9940,state,0.113983,0.097470,-0.192186,-0.299287
47.9958,state,0.108758,0.092937,0.004561,0.000734
48.0021,state,0.132864,0.114590,-0.067046,-0.194194
48.0121,state,0.163744,0.145962,0.025841,0.002905
48.0127,desired,0.094443,0.094443,-0.111111,-0.111111
48.0220,state,0.130590,0.114048,0.019086,0.002261
48.0322,state,0.113983,0.097470,-0.192186,-0.299287
48.0330,desired,0.092221,0.092221,-0.111111,-0.111111
48.0421,state,0.108758,0.092937,0.004561,0.000734
48.0522,state,0.132864,0.114590,-0.067046,-0.194194
48.0621,state,0.163744,0.145962,0.025841,0.002905
48.0629,desired,0.088891,0.088891,-0.111111,-0.111111
48.0721,state,0.130590,0.114048,0.019086,0.002261
48.0822,state,0.113983,0.097470,-0.192186,-0.299287
48.0830,desired,0.086666,0.086666,-0.111111,-0.111111
48.0921,state,0.108758,0.092937,0.004561,0.000734
48.1022,state,0.132864,0.114590,-0.067046,-0.194194
48.1042,state,0.099717,0.082851,-0.073800,-0.192867
48.1121,state,0.130590,0.114048,0.019086,0.002261
48.1129,desired,0.083336,0.083336,-0.111111,-0.111111
48.1221,state,0.113983,0.097470,-0.192186,-0.299287
48.1320,state,0.108758,0.092937,0.004561,0.000734
48.1421,state,0.132864,0.114590,-0.067046,-0.194194
48.1426,desired,0.079999,0.079999,-0.111111,-0.111111
48.1521,state,0.099717,0.082851,-0.073800,-0.192867
48.1621,state,0.130590,0.114048,0.019086,0.002261
48.1629,desired,0.077777,0.077777,-0.111111,-0.111111
48.1722,state,0.113983,0.097470,-0.192186,-0.299287
48.1820,state,0.108758,0.092937,0.004561,0.000734
48.1921,state,0.132864,0.114590,-0.067046,-0.194194
48.1927,desired,0.074448,0.074448,-0.111111,-0.111111
48.2020,state,0.099717,0.082851,-0.073800,-0.192867
48.2040,state,0.097444,0.082349,0.012305,0.001637
48.2055,state,0.086266,0.070652,-0.027267,-0.013014
48.2122,state,0.108758,0.092937,0.004561,0.000734
48.2130,desired,0.072221,0.072221,-0.111111,-0.111111
48.2221,state,0.132864,0.114590,-0.067046,-0.194194
48.2321,state,0.099717,0.082851,-0.073800,-0.192867
48.2421,state,0.097444,0.082349,0.012305,0.001637
48.2427,desired,0.068890,0.068890,-0.111111,-0.111111
48.2522,state,0.086266,0.070652,-0.027267,-0.013014
48.2621,state,0.108758,0.092937,0.004561,0.000734
48.2721,state,0.132864,0.114590,-0.067046,-0.194194
48.2727,desired,0.065557,0.065557,-0.111111,-0.111111
48.2821,state,0.099717,0.082851,-0.073800,-0.192867
48.2921,state,0.097444,0.082349,0.012305,0.001637
48.3021,state,0.086266,0.070652,-0.027267,-0.013014
48.3029,desired,0.062222,0.062222,-0.111111,-0.111111
48.3036,state,0.079739,0.064761,-0.199553,-0.290798
48.3047,state,0.074505,0.060451,-0.002493,0.000122
48.3122,state,0.099717,0.082851,-0.073800,-0.192867
48.3220,state,0.097444,0.082349,0.012305,0.001637
48.3321,state,0.086266,0.070652,-0.027267,-0.013014
48.3329,desired,0.058889,0.058889,-0.111111,-0.111111
48.3420,state,0.079739,0.064761,-0.199553,-0.290798
48.3521,state,0.074505,0.060451,-0.002493,0.000122
48.3529,desired,0.056666,0.056666,-0.111111,-0.111111
48.3621,state,0.099717,0.082851,-0.073800,-0.192867
48.3721,state,0.097444,0.082349,0.012305,0.001637
48.3820,state,0.086266,0.070652,-0.027267,-0.013014
48.3826,desired,0.053335,0.053335,-0.111111,-0.111111
48.3921,state,0.079739,0.064761,-0.199553,-0.290798
48.4021,state,0.074505,0.060451,-0.002493,0.000122
48.4027,desired,0.051111,0.051111,-0.111111,-0.111111
48.4042,state,0.066324,0.051524,-0.071383,-0.171202
48.4121,state,0.097444,0.082349,0.012305,0.001637
48.4220,state,0.086266,0.070652,-0.027267,-0.013014
48.4320,state,0.079739,0.064761,-0.199553,-0.290798
48.4326,desired,0.047780,0.047780,-0.111111,-0.111111
48.4420,state,0.074505,0.060451,-0.002493,0.000122
48.4520,state,0.066324,0.051524,-0.071383,-0.171202
48.4526,desired,0.045557,0.045557,-0.111111,-0.111111
48.4621,state,0.097444,0.082349,0.012305,0.001637
48.4720,state,0.086266,0.070652,-0.027267,-0.013014
48.4821,state,0.079739,0.064761,-0.199553,-0.290798
48.4829,desired,0.042222,0.042222,-0.111111,-0.111111
48.4921,state,0.074505,0.060451,-0.002493,0.000122
48.5021,state,0.066324,0.051524,-0.071383,-0.171202
48.5039,state,0.064274,0.051106,0.006257,0.001084
48.5041,state,0.054115,0.040380,-0.029773,-0.012622
48.5121,state,0.079739,0.064761,-0.199553,-0.290798
48.5130,desired,0.038888,0.038888,-0.111111,-0.111111
48.5220,state,0.074505,0.060451,-0.002493,0.000122
48.5320,state,0.066324,0.051524,-0.071383,-0.171202
48.5420,state,0.064274,0.051106,0.006257,0.001084
48.5425,desired,0.035558,0.035558,-0.111111,-0.111111
48.5520,state,0.054115,0.040380,-0.029773,-0.012622
48.5621,state,0.079739,0.064761,-0.199553,-0.290798
48.5629,desired,0.033335,0.033335,-0.111111,-0.111111
48.5720,state,0.074505,0.060451,-0.002493,0.000122
48.5821,state,0.066324,0.051524,-0.071383,-0.171202
48.5921,state,0.064274,0.051106,0.006257,0.001084
48.5929,desired,0.030002,0.030002,-0.111111,-0.111111
48.6021,state,0.054115,0.040380,-0.029773,-0.012622
48.6042,state,0.047683,0.034370,-0.205898,-0.299846
48.6060,state,0.042456,0.029990,-0.009062,-0.000426
48.6120,state,0.066324,0.051524,-0.071383,-0.171202
48.6128,desired,0.027779,0.027779,-0.111111,-0.111111
48.6221,state,0.064274,0.051106,0.006257,0.001084
48.6321,state,0.054115,0.040380,-0.029773,-0.012622
48.6420,state,0.047683,0.034370,-0.205898,-0.299846
48.6426,desired,0.024446,0.024446,-0.111111,-0.111111
48.6521,state,0.042456,0.029990,-0.009062,-0.000426
48.6620,state,0.066324,0.051524,-0.071383,-0.171202
48.6720,state,0.064274,0.051106,0.006257,0.001084
48.6726,desired,0.021113,0.021113,-0.111111,-0.111111
48.6821,state,0.054115,0.040380,-0.029773,-0.012622
48.6921,state,0.047683,0.034370,-0.205898,-0.299846
48.6930,desired,0.018887,0.018887,-0.111111,-0.111111
48.7020,state,0.042456,0.029990,-0.009062,-0.000426
48.7036,state,0.033417,0.019970,-0.087400,-0.193020
48.7120,state,0.064274,0.051106,0.006257,0.001084
48.7220,state,0.054115,0.040380,-0.029773,-0.012622
48.7225,desired,0.015555,0.015555,-0.111111,-0.111111
48.7320,state,0.047683,0.034370,-0.205898,-0.299846
48.7420,state,0.042456,0.029990,-0.009062,-0.000426
48.7520,state,0.033417,0.019970,-0.087400,-0.193020
48.7525,desired,0.012224,0.012224,-0.111111,-0.111111
48.7620,state,0.064274,0.051106,0.006257,0.001084
48.7720,state,0.054115,0.040380,-0.029773,-0.012622
48.7820,state,0.047683,0.034370,-0.205898,-0.299846
48.7826,desired,0.008891,0.008891,-0.111111,-0.111111
48.7920,state,0.042456,0.029990,-0.009062,-0.000426
48.8020,state,0.033417,0.019970,-0.087400,-0.193020
48.8032,state,0.031144,0.019551,-0.001318,0.000576
48.8038,state,0.019965,0.007947,-0.040908,-0.014557
48.8121,state,0.047683,0.034370,-0.205898,-0.299846
48.8126,desired,0.005558,0.005558,-0.111111,-0.111111
48.8220,state,0.042456,0.029990,-0.009062,-0.000426
48.8321,state,0.033417,0.019970,-0.087400,-0.193020
48.8326,desired,0.003332,0.003332,-0.111111,-0.111111
48.8420,state,0.031144,0.019551,-0.001318,0.000576
48.8521,state,0.019965,0.007947,-0.040908,-0.014557
48.8526,desired,0.001109,0.001109,-0.111111,-0.111111
48.8622,state,0.047683,0.034370,-0.205898,-0.299846
48.8722,state,0.042456,0.029990,-0.009062,-0.000426
48.8829,state,0.033417,0.019970,-0.087400,-0.193020
48.8837,desired,-0.002219,-0.002219,-0.111111,-0.111111
48.8922,state,0.031144,0.019551,-0.001318,0.000576
48.9020,state,0.019965,0.007947,-0.040908,-0.014557
48.9026,desired,-0.004442,-0.004442,-0.111111,-0.111111
48.9032,state,0.013982,0.002886,-0.191821,-0.254729
48.9038,state,0.009264,-0.000813,-0.014162,-0.000675
48.9121,state,0.033417,0.019970,-0.087400,-0.193020
48.9221,state,0.031144,0.019551,-0.001318,0.000576
48.9321,state,0.019965,0.007947,-0.040908,-0.014557
48.9327,desired,-0.007775,-0.007775,-0.111111,-0.111111
48.9421,state,0.013982,0.002886,-0.191821,-0.254729
48.9521,state,0.009264,-0.000813,-0.014162,-0.000675
48.9621,state,0.033417,0.019970,-0.087400,-0.193020
48.9627,desired,-0.011109,-0.011109,-0.111111,-0.111111
48.9721,state,0.031144,0.019551,-0.001318,0.000576
48.9821,state,0.019965,0.007947,-0.040908,-0.014557
48.9827,desired,-0.013332,-0.013332,-0.111111,-0.111111
48.9920,state,0.013982,0.002886,-0.191821,-0.254729
49.0021,state,0.009264,-0.000813,-0.014162,-0.000675
49.0034,state,0.000265,-0.011212,-0.094098,-0.201445
49.0121,state,0.031144,0.019551,-0.001318,0.000576
49.0128,desired,-0.016664,-0.016664,-0.111111,-0.111111
49.0221,state,0.019965,0.007947,-0.040908,-0.014557
49.0326,desired,-0.018890,-0.018890,-0.111111,-0.111111
49.0330,state,0.013982,0.002886,-0.191821,-0.254729
49.0421,state,0.009264,-0.000813,-0.014162,-0.000675
49.0521,state,0.000265,-0.011212,-0.094098,-0.201445
49.0625,desired,-0.022220,-0.022220,-0.111111,-0.111111
49.0626,state,0.031144,0.019551,-0.001318,0.000576
49.0720,state,0.019965,0.007947,-0.040908,-0.014557
49.0821,state,0.013982,0.002886,-0.191821,-0.254729
49.0924,desired,-0.025553,-0.025553,-0.111111,-0.111111
49.0926,state,0.009264,-0.000813,-0.014162,-0.000675
49.1021,state,0.000265,-0.011212,-0.094098,-0.201445
49.1031,state,-0.002004,-0.011598,-0.008135,0.000203
49.1033,state,-0.012183,-0.021766,-0.043488,-0.013373
49.1120,state,0.013982,0.002886,-0.191821,-0.254729
49.1125,desired,-0.027776,-0.027776,-0.111111,-0.111111
49.1222,state,0.009264,-0.000813,-0.014162,-0.000675
49.1321,state,0.000265,-0.011212,-0.094098,-0.201445
49.1421,state,-0.002004,-0.011598,-0.008135,0.000203
49.1426,desired,-0.031109,-0.031109,-0.111111,-0.111111
49.1520,state,-0.012183,-0.021766,-0.043488,-0.013373
49.1621,state,0.013982,0.002886,-0.191821,-0.254729
49.1720,state,0.009264,-0.000813,-0.014162,-0.000675
49.1726,desired,-0.034442,-0.034442,-0.111111,-0.111111
49.1822,state,0.000265,-0.011212,-0.094098,-0.201445
49.1921,state,-0.002004,-0.011598,-0.008135,0.000203
49.2021,state,-0.012183,-0.021766,-0.043488,-0.013373
49.2030,desired,-0.037779,-0.037779,-0.111111,-0.111111
49.2040,state,-0.018614,-0.027748,-0.219487,-0.304886
49.2044,state,-0.023840,-0.032076,-0.022710,-0.001198
49.2121,state,0.000265,-0.011212,-0.094098,-0.201445
49.2221,state,-0.002004,-0.011598,-0.008135,0.000203
49.2321,state,-0.012183,-0.021766,-0.043488,-0.013373
49.2330,desired,-0.041112,-0.041112,-0.111111,-0.111111
49.2420,state,-0.018614,-0.027748,-0.219487,-0.304886
49.2521,state,-0.023840,-0.032076,-0.022710,-0.001198
49.2620,state,0.000265,-0.011212,-0.094098,-0.201445
49.2627,desired,-0.044442,-0.044442,-0.111111,-0.111111
49.2721,state,-0.002004,-0.011598,-0.008135,0.000203
49.2821,state,-0.012183,-0.021766,-0.043488,-0.013373
49.2921,state,-0.018614,-0.027748,-0.219487,-0.304886
49.2926,desired,-0.047775,-0.047775,-0.111111,-0.111111
49.3021,state,-0.023840,-0.032076,-0.022710,-0.001198
49.3039,state,-0.032884,-0.041957,-0.101110,-0.193016
49.3122,state,-0.002004,-0.011598,-0.008135,0.000203
49.3129,desired,-0.050009,-0.050009,-0.111111,-0.111111
49.3220,state,-0.012183,-0.021766,-0.043488,-0.013373
49.3320,state,-0.018614,-0.027748,-0.219487,-0.304886
49.3422,state,-0.023840,-0.032076,-0.022710,-0.001198
49.3430,desired,-0.053334,-0.053334,-0.111111,-0.111111
49.3520,state,-0.032884,-0.041957,-0.101110,-0.193016
49.3622,state,-0.002004,-0.011598,-0.008135,0.000203
49.3721,state,-0.012183,-0.021766,-0.043488,-0.013373
49.3726,desired,-0.056664,-0.056664,-0.111111,-0.111111
49.3822,state,-0.018614,-0.027748,-0.219487,-0.304886
49.3921,state,-0.023840,-0.032076,-0.022710,-0.001198
49.4024,desired,-0.059998,-0.059998,-0.111111,-0.111111
49.4026,state,-0.032884,-0.041957,-0.101110,-0.193016
49.4031,state,-0.035158,-0.042265,-0.014978,-0.000020
49.4035,state,-0.046330,-0.053763,-0.054532,-0.015629
49.4121,state,-0.018614,-0.027748,-0.219487,-0.304886
49.4220,state,-0.023840,-0.032076,-0.022710,-0.001198
49.4322,state,-0.032884,-0.041957,-0.101110,-0.193016
49.4328,desired,-0.063335,-0.063335,-0.111111,-0.111111
49.4420,state,-0.035158,-0.042265,-0.014978,-0.000020
49.4521,state,-0.046330,-0.053763,-0.054532,-0.015629
49.4622,state,-0.018614,-0.027748,-0.219487,-0.304886
49.4630,desired,-0.066667,-0.066667,-0.111111,-0.111111
49.4720,state,-0.023840,-0.032076,-0.022710,-0.001198
49.4821,state,-0.032884,-0.041957,-0.101110,-0.193016
49.4921,state,-0.035158,-0.042265,-0.014978,-0.000020
49.4926,desired,-0.069998,-0.069998,-0.111111,-0.111111
49.5021,state,-0.046330,-0.053763,-0.054532,-0.015629
49.5031,state,-0.052858,-0.059457,-0.226894,-0.293738
49.5038,state,-0.058093,-0.063558,-0.029789,-0.001323
49.5120,state,-0.032884,-0.041957,-0.101110,-0.193016
49.5221,state,-0.035158,-0.042265,-0.014978,-0.000020
49.5231,desired,-0.073331,-0.073331,-0.111111,-0.111111
49.5322,state,-0.046330,-0.053763,-0.054532,-0.015629
49.5431,desired,-0.075556,-0.075556,-0.111111,-0.111111
49.5436,state,-0.052858,-0.059457,-0.226894,-0.293738
49.5522,state,-0.058093,-0.063558,-0.029789,-0.001323
49.5621,state,-0.032884,-0.041957,-0.101110,-0.193016
49.5722,state,-0.035158,-0.042265,-0.014978,-0.000020
49.5732,desired,-0.078893,-0.078893,-0.111111,-0.111111
49.5822,state,-0.046330,-0.053763,-0.054532,-0.015629
49.5921,state,-0.052858,-0.059457,-0.226894,-0.293738
49.6022,state,-0.058093,-0.063558,-0.029789,-0.001323
49.6034,desired,-0.082222,-0.082222,-0.111111,-0.111111
49.6052,state,-0.066276,-0.072255,-0.098691,-0.172168
49.6121,state,-0.035158,-0.042265,-0.014978,-0.000020
49.6222,state,-0.046330,-0.053763,-0.054532,-0.015629
49.6230,desired,-0.084445,-0.084445,-0.111111,-0.111111
49.6321,state,-0.052858,-0.059457,-0.226894,-0.293738
49.6422,state,-0.058093,-0.063558,-0.029789,-0.001323
49.6520,state,-0.066276,-0.072255,-0.098691,-0.172168
49.6525,desired,-0.087775,-0.087775,-0.111111,-0.111111
49.6622,state,-0.035158,-0.042265,-0.014978,-0.000020
49.6720,state,-0.046330,-0.053763,-0.054532,-0.015629
49.6820,state,-0.052858,-0.059457,-0.226894,-0.293738
49.6825,desired,-0.091108,-0.091108,-0.111111,-0.111111
49.6921,state,-0.058093,-0.063558,-0.029789,-0.001323
49.7021,state,-0.066276,-0.072255,-0.098691,-0.172168
49.7031,state,-0.068326,-0.072451,-0.021039,-0.000104
49.7033,state,-0.078485,-0.082961,-0.057065,-0.014663
49.7122,state,-0.052858,-0.059457,-0.226894,-0.293738
49.7135,desired,-0.094448,-0.094448,-0.111111,-0.111111
49.7221,state,-0.058093,-0.063558,-0.029789,-0.001323
49.7322,state,-0.066276,-0.072255,-0.098691,-0.172168
49.7420,state,-0.068326,-0.072451,-0.021039,-0.000104
49.7425,desired,-0.097775,-0.097775,-0.111111,-0.111111
49.7521,state,-0.078485,-0.082961,-0.057065,-0.014663
49.7622,state,-0.052858,-0.059457,-0.226894,-0.293738
49.7630,desired,-0.100001,-0.100001,-0.111111,-0.111111
49.7721,state,-0.058093,-0.063558,-0.029789,-0.001323
49.7822,state,-0.066276,-0.072255,-0.098691,-0.172168
49.7925,desired,-0.103332,-0.103332,-0.111111,-0.111111
49.7926,state,-0.068326,-0.072451,-0.021039,-0.000104
49.8021,state,-0.078485,-0.082961,-0.057065,-0.014663
49.8034,state,-0.084913,-0.088732,-0.233072,-0.301464
49.8043,state,-0.090138,-0.092869,-0.036339,-0.001403
49.8122,state,-0.066276,-0.072255,-0.098691,-0.172168
49.8130,desired,-0.105557,-0.105557,-0.111111,-0.111111
49.8221,state,-0.068326,-0.072451,-0.021039,-0.000104
49.8321,state,-0.078485,-0.082961,-0.057065,-0.014663
49.8421,state,-0.084913,-0.088732,-0.233072,-0.301464
49.8431,desired,-0.108887,-0.108887,-0.111111,-0.111111
49.8520,state,-0.090138,-0.092869,-0.036339,-0.001403
49.8621,state,-0.066276,-0.072255,-0.098691,-0.172168
49.8721,state,-0.068326,-0.072451,-0.021039,-0.000104
49.8732,desired,-0.112219,-0.112219,-0.111111,-0.111111
49.8821,state,-0.078485,-0.082961,-0.057065,-0.014663
49.8920,state,-0.084913,-0.088732,-0.233072,-0.301464
49.9028,desired,-0.115553,-0.115553,-0.111111,-0.111111
49.9031,state,-0.090138,-0.092869,-0.036339,-0.001403
49.9044,state,-0.099182,-0.102646,-0.114735,-0.193853
49.9121,state,-0.068326,-0.072451,-0.021039,-0.000104
49.9229,desired,-0.117775,-0.117775,-0.111111,-0.111111
49.9232,state,-0.078485,-0.082961,-0.057065,-0.014663
49.9321,state,-0.084913,-0.088732,-0.233072,-0.301464
49.9421,state,-0.090138,-0.092869,-0.036339,-0.001403
49.9528,desired,-0.121109,-0.121109,-0.111111,-0.111111
49.9530,state,-0.099182,-0.102646,-0.114735,-0.193853
49.9621,state,-0.068326,-0.072451,-0.021039,-0.000104
49.9721,state,-0.078485,-0.082961,-0.057065,-0.014663
49.9821,state,-0.084913,-0.088732,-0.233072,-0.301464
49.9831,desired,-0.124441,-0.124441,-0.111111,-0.111111
49.9920,state,-0.090138,-0.092869,-0.036339,-0.001403
50.0021,state,-0.099182,-0.102646,-0.114735,-0.193853
50.0041,state,-0.101456,-0.102815,-0.028601,-0.000132
50.0048,state,-0.112628,-0.114165,-0.068147,-0.015980
50.0121,state,-0.084913,-0.088732,-0.233072,-0.301464
50.0131,desired,-0.127775,-0.127775,-0.111111,-0.111111
50.0220,state,-0.090138,-0.092869,-0.036339,-0.001403
50.0320,state,-0.099182,-0.102646,-0.114735,-0.193853
50.0420,state,-0.101456,-0.102815,-0.028601,-0.000132
50.0429,desired,-0.131108,-0.131108,-0.111111,-0.111111
50.0520,state,-0.112628,-0.114165,-0.068147,-0.015980
50.0621,state,-0.084913,-0.088732,-0.233072,-0.301464
50.0720,state,-0.090138,-0.092869,-0.036339,-0.001403
50.0729,desired,-0.134441,-0.134441,-0.111111,-0.111111
50.0820,state,-0.099182,-0.102646,-0.114735,-0.193853
50.0920,state,-0.101456,-0.102815,-0.028601,-0.000132
50.0929,desired,-0.136664,-0.136664,-0.111111,-0.111111
50.1021,state,-0.112628,-0.114165,-0.068147,-0.015980
50.1037,state,-0.119157,-0.119715,-0.240506,-0.294083
50.1048,state,-0.124392,-0.123673,-0.043390,-0.001385
50.1120,state,-0.099182,-0.102646,-0.114735,-0.193853
50.1129,desired,-0.138886,-0.138886,-0.111111,-0.111111
50.1221,state,-0.101456,-0.102815,-0.028601,-0.000132
50.1320,state,-0.112628,-0.114165,-0.068147,-0.015980
50.1420,state,-0.119157,-0.119715,-0.240506,-0.294083
50.1429,desired,-0.142219,-0.142219,-0.111111,-0.111111
50.1521,state,-0.124392,-0.123673,-0.043390,-0.001385
50.1621,state,-0.099182,-0.102646,-0.114735,-0.193853
50.1721,state,-0.101456,-0.102815,-0.028601,-0.000132
50.1730,desired,-0.145555,-0.145555,-0.111111,-0.111111
50.1820,state,-0.112628,-0.114165,-0.068147,-0.015980
50.1921,state,-0.119157,-0.119715,-0.240506,-0.294083
50.2020,state,-0.124392,-0.123673,-0.043390,-0.001385
50.2029,desired,-0.148886,-0.148886,-0.111111,-0.111111
50.2038,state,-0.132572,-0.132218,-0.112257,-0.172208
50.2120,state,-0.101456,-0.102815,-0.028601,-0.000132
50.2220,state,-0.112628,-0.114165,-0.068147,-0.015980
50.2321,state,-0.119157,-0.119715,-0.240506,-0.294083
50.2329,desired,-0.152219,-0.152219,-0.111111,-0.111111
50.2421,state,-0.124392,-0.123673,-0.043390,-0.001385
50.2521,state,-0.132572,-0.132218,-0.112257,-0.172208
50.2627,desired,-0.155553,-0.155553,-0.111111,-0.111111
50.2629,state,-0.101456,-0.102815,-0.028601,-0.000132
50.2720,state,-0.112628,-0.114165,-0.068147,-0.015980
50.2821,state,-0.119157,-0.119715,-0.240506,-0.294083
50.2926,desired,-0.158886,-0.158886,-0.111111,-0.111111
50.2929,state,-0.124392,-0.123673,-0.043390,-0.001385
50.3021,state,-0.132572,-0.132218,-0.112257,-0.172208
50.3034,state,-0.134622,-0.132265,-0.034622,-0.000164
50.3037,state,-0.144781,-0.142631,-0.070640,-0.014774
50.3121,state,-0.119157,-0.119715,-0.240506,-0.294083
50.3220,state,-0.124392,-0.123673,-0.043390,-0.001385
50.3229,desired,-0.162219,-0.162219,-0.111111,-0.111111
50.3321,state,-0.132572,-0.132218,-0.112257,-0.172208
50.3420,state,-0.134622,-0.132265,-0.034622,-0.000164
50.3526,desired,-0.165553,-0.165553,-0.111111,-0.111111
50.3529,state,-0.144781,-0.142631,-0.070640,-0.014774
50.3620,state,-0.119157,-0.119715,-0.240506,-0.294083
50.3721,state,-0.124392,-0.123673,-0.043390,-0.001385
50.3821,state,-0.132572,-0.132218,-0.112257,-0.172208
50.3828,desired,-0.168886,-0.168886,-0.111111,-0.111111
50.3920,state,-0.134622,-0.132265,-0.034622,-0.000164
50.4021,state,-0.144781,-0.142631,-0.070640,-0.014774
50.4033,desired,-0.171109,-0.171109,-0.111111,-0.111111
50.4044,state,-0.151211,-0.148258,-0.246713,-0.301615
50.4058,state,-0.156438,-0.152255,-0.049900,-0.001565
50.4121,state,-0.132572,-0.132218,-0.112257,-0.172208
50.4221,state,-0.134622,-0.132265,-0.034622,-0.000164
50.4321,state,-0.144781,-0.142631,-0.070640,-0.014774
50.4330,desired,-0.174442,-0.174442,-0.111111,-0.111111
50.4421,state,-0.151211,-0.148258,-0.246713,-0.301615
50.4522,state,-0.156438,-0.152255,-0.049900,-0.001565
50.4536,desired,-0.176668,-0.176668,-0.111111,-0.111111
50.4621,state,-0.132572,-0.132218,-0.112257,-0.172208
50.4721,state,-0.134622,-0.132265,-0.034622,-0.000164
50.4829,desired,-0.179998,-0.179998,-0.111111,-0.111111
50.4832,state,-0.144781,-0.142631,-0.070640,-0.014774
50.4921,state,-0.151211,-0.148258,-0.246713,-0.301615
50.5021,state,-0.156438,-0.152255,-0.049900,-0.001565
50.5046,state,-0.166341,-0.163106,-0.137710,-0.217062
50.5132,desired,-0.183334,-0.183334,-0.111111,-0.111111
50.5136,state,-0.134622,-0.132265,-0.034622,-0.000164
50.5221,state,-0.144781,-0.142631,-0.070640,-0.014774
50.5321,state,-0.151211,-0.148258,-0.246713,-0.301615
50.5430,desired,-0.186665,-0.186665,-0.111111,-0.111111
50.5434,state,-0.156438,-0.152255,-0.049900,-0.001565
50.5522,state,-0.166341,-0.163106,-0.137710,-0.217062
50.5621,state,-0.134622,-0.132265,-0.034622,-0.000164
50.5721,state,-0.144781,-0.142631,-0.070640,-0.014774
50.5730,desired,-0.189997,-0.189997,-0.111111,-0.111111
50.5821,state,-0.151211,-0.148258,-0.246713,-0.301615
50.5921,state,-0.156438,-0.152255,-0.049900,-0.001565
50.6032,desired,-0.193334,-0.193334,-0.111111,-0.111111
50.6037,state,-0.166341,-0.163106,-0.137710,-0.217062
50.6045,state,-0.168838,-0.163187,-0.043115,-0.000510
50.6068,state,-0.179035,-0.172796,-0.077733,-0.013999
50.6121,state,-0.151211,-0.148258,-0.246713,-0.301615
50.6221,state,-0.156438,-0.152255,-0.049900,-0.001565
50.6328,desired,-0.196665,-0.196665,-0.111111,-0.111111
50.6331,state,-0.166341,-0.163106,-0.137710,-0.217062
50.6421,state,-0.168838,-0.163187,-0.043115,-0.000510
50.6521,state,-0.179035,-0.172796,-0.077733,-0.013999
50.6627,desired,-0.199998,-0.199998,-0.111111,-0.111111
50.6630,state,-0.151211,-0.148258,-0.246713,-0.301615
50.6722,state,-0.156438,-0.152255,-0.049900,-0.001565
50.6821,state,-0.166341,-0.163106,-0.137710,-0.217062
50.6921,state,-0.168838,-0.163187,-0.043115,-0.000510
50.6930,desired,-0.203331,-0.203331,-0.111111,-0.111111
50.7023,state,-0.179035,-0.172796,-0.077733,-0.013999
50.7045,state,-0.185468,-0.178481,-0.253689,-0.307593
50.7055,state,-0.190696,-0.182512,-0.056855,-0.002155
50.7121,state,-0.166341,-0.163106,-0.137710,-0.217062
50.7228,desired,-0.206665,-0.206665,-0.111111,-0.111111
50.7231,state,-0.168838,-0.163187,-0.043115,-0.000510
50.7321,state,-0.179035,-0.172796,-0.077733,-0.013999
50.7421,state,-0.185468,-0.178481,-0.253689,-0.307593
50.7521,state,-0.190696,-0.182512,-0.056855,-0.002155
50.7531,desired,-0.209997,-0.209997,-0.111111,-0.111111
50.7621,state,-0.166341,-0.163106,-0.137710,-0.217062
50.7723,state,-0.168838,-0.163187,-0.043115,-0.000510
50.7729,desired,-0.212232,-0.212232,-0.111111,-0.111111
50.7822,state,-0.179035,-0.172796,-0.077733,-0.013999
50.7921,state,-0.185468,-0.178481,-0.253689,-0.307593
50.8020,state,-0.190696,-0.182512,-0.056855,-0.002155
50.8025,desired,-0.215553,-0.215553,-0.111111,-0.111111
50.8033,state,-0.198876,-0.190830,-0.125736,-0.170975
50.8120,state,-0.168838,-0.163187,-0.043115,-0.000510
50.8220,state,-0.179035,-0.172796,-0.077733,-0.013999
50.8324,desired,-0.218886,-0.218886,-0.111111,-0.111111
50.8326,state,-0.185468,-0.178481,-0.253689,-0.307593
50.8420,state,-0.190696,-0.182512,-0.056855,-0.002155
50.8520,state,-0.198876,-0.190830,-0.125736,-0.170975
50.8620,state,-0.168838,-0.163187,-0.043115,-0.000510
50.8625,desired,-0.222220,-0.222220,-0.111111,-0.111111
50.8720,state,-0.179035,-0.172796,-0.077733,-0.013999
50.8821,state,-0.185468,-0.178481,-0.253689,-0.307593
50.8920,state,-0.190696,-0.182512,-0.056855,-0.002155
50.8924,desired,-0.225553,-0.225553,-0.111111,-0.111111
50.9021,state,-0.198876,-0.190830,-0.125736,-0.170975
50.9035,state,-0.200926,-0.190777,-0.048089,-0.001274
50.9038,state,-0.211089,-0.200917,-0.084103,-0.015457
50.9121,state,-0.185468,-0.178481,-0.253689,-0.307593
50.9224,desired,-0.228886,-0.228886,-0.111111,-0.111111
50.9226,state,-0.190696,-0.182512,-0.056855,-0.002155
50.9321,state,-0.198876,-0.190830,-0.125736,-0.170975
50.9421,state,-0.200926,-0.190777,-0.048089,-0.001274
50.9527,desired,-0.232223,-0.232223,-0.111111,-0.111111
50.9530,state,-0.211089,-0.200917,-0.084103,-0.015457
50.9622,state,-0.185468,-0.178481,-0.253689,-0.307593
50.9721,state,-0.190696,-0.182512,-0.056855,-0.002155
50.9821,state,-0.198876,-0.190830,-0.125736,-0.170975
50.9827,desired,-0.235553,-0.235553,-0.111111,-0.111111
50.9921,state,-0.200926,-0.190777,-0.048089,-0.001274
51.0021,state,-0.211089,-0.200917,-0.084103,-0.015457
51.0036,state,-0.217518,-0.206166,-0.260074,-0.286786
51.0046,state,-0.222743,-0.210126,-0.063310,-0.003438
51.0121,state,-0.198876,-0.190830,-0.125736,-0.170975
51.0125,desired,-0.238886,-0.238886,-0.111111,-0.111111
51.0221,state,-0.200926,-0.190777,-0.048089,-0.001274
51.0321,state,-0.211089,-0.200917,-0.084103,-0.015457
51.0424,desired,-0.242220,-0.242220,-0.111111,-0.111111
51.0426,state,-0.217518,-0.206166,-0.260074,-0.286786
51.0522,state,-0.222743,-0.210126,-0.063310,-0.003438
51.0621,state,-0.198876,-0.190830,-0.125736,-0.170975
51.0725,desired,-0.245553,-0.245553,-0.111111,-0.111111
51.0728,state,-0.200926,-0.190777,-0.048089,-0.001274
51.0821,state,-0.211089,-0.200917,-0.084103,-0.015457
51.0921,state,-0.217518,-0.206166,-0.260074,-0.286786
51.1021,state,-0.222743,-0.210126,-0.063310,-0.003438
51.1027,desired,-0.248886,-0.248886,-0.111111,-0.111111
51.1037,state,-0.231785,-0.219294,-0.141652,-0.200787
51.1122,state,-0.200926,-0.190777,-0.048089,-0.001274
51.1221,state,-0.211089,-0.200917,-0.084103,-0.015457
51.1327,desired,-0.252223,-0.252223,-0.111111,-0.111111
51.1330,state,-0.217518,-0.206166,-0.260074,-0.286786
51.1422,state,-0.222743,-0.210126,-0.063310,-0.003438
51.1526,desired,-0.254445,-0.254445,-0.111111,-0.111111
51.1528,state,-0.231785,-0.219294,-0.141652,-0.200787
51.1622,state,-0.200926,-0.190777,-0.048089,-0.001274
51.1721,state,-0.211089,-0.200917,-0.084103,-0.015457
51.1821,state,-0.217518,-0.206166,-0.260074,-0.286786
51.1827,desired,-0.257775,-0.257775,-0.111111,-0.111111
51.1921,state,-0.222743,-0.210126,-0.063310,-0.003438
51.2022,state,-0.231785,-0.219294,-0.141652,-0.200787
51.2030,desired,-0.260001,-0.260001,-0.111111,-0.111111
51.2042,state,-0.234059,-0.219331,-0.055516,-0.003216
51.2055,state,-0.245236,-0.229835,-0.095045,-0.018723
51.2121,state,-0.217518,-0.206166,-0.260074,-0.286786
51.2221,state,-0.222743,-0.210126,-0.063310,-0.003438
51.2321,state,-0.231785,-0.219294,-0.141652,-0.200787
51.2327,desired,-0.263331,-0.263331,-0.111111,-0.111111
51.2422,state,-0.234059,-0.219331,-0.055516,-0.003216
51.2527,desired,-0.265556,-0.265556,-0.111111,-0.111111
51.2530,state,-0.245236,-0.229835,-0.095045,-0.018723
51.2621,state,-0.217518,-0.206166,-0.260074,-0.286786
51.2721,state,-0.222743,-0.210126,-0.063310,-0.003438
51.2824,desired,-0.268886,-0.268886,-0.111111,-0.111111
51.2827,state,-0.231785,-0.219294,-0.141652,-0.200787
51.2921,state,-0.234059,-0.219331,-0.055516,-0.003216
51.3021,state,-0.245236,-0.229835,-0.095045,-0.018723
51.3040,state,-0.251766,-0.234395,-0.267369,-0.249682
51.3058,state,-0.257002,-0.238551,-0.070202,-0.006668
51.3122,state,-0.231785,-0.219294,-0.141652,-0.200787
51.3130,desired,-0.272222,-0.272222,-0.111111,-0.111111
51.3220,state,-0.234059,-0.219331,-0.055516,-0.003216
51.3322,state,-0.245236,-0.229835,-0.095045,-0.018723
51.3330,desired,-0.274445,-0.274445,-0.111111,-0.111111
51.3421,state,-0.251766,-0.234395,-0.267369,-0.249682
51.3522,state,-0.257002,-0.238551,-0.070202,-0.006668
51.3622,state,-0.231785,-0.219294,-0.141652,-0.200787
51.3630,desired,-0.277779,-0.277779,-0.111111,-0.111111
51.3721,state,-0.234059,-0.219331,-0.055516,-0.003216
51.3821,state,-0.245236,-0.229835,-0.095045,-0.018723
51.3921,state,-0.251766,-0.234395,-0.267369,-0.249682
51.3927,desired,-0.281109,-0.281109,-0.111111,-0.111111
51.4022,state,-0.257002,-0.238551,-0.070202,-0.006668
51.4051,state,-0.265183,-0.246268,-0.139040,-0.188743
51.4121,state,-0.234059,-0.219331,-0.055516,-0.003216
51.4220,state,-0.245236,-0.229835,-0.095045,-0.018723
51.4228,desired,-0.284442,-0.284442,-0.111111,-0.111111
51.4321,state,-0.251766,-0.234395,-0.267369,-0.249682
51.4421,state,-0.257002,-0.238551,-0.070202,-0.006668
51.4430,desired,-0.286667,-0.286667,-0.111111,-0.111111
51.4521,state,-0.265183,-0.246268,-0.139040,-0.188743
51.4621,state,-0.234059,-0.219331,-0.055516,-0.003216
51.4720,state,-0.245236,-0.229835,-0.095045,-0.018723
51.4727,desired,-0.289998,-0.289998,-0.111111,-0.111111
51.4820,state,-0.251766,-0.234395,-0.267369,-0.249682
51.4921,state,-0.257002,-0.238551,-0.070202,-0.006668
51.4927,desired,-0.292220,-0.292220,-0.111111,-0.111111
51.5021,state,-0.265183,-0.246268,-0.139040,-0.188743
51.5036,state,-0.267234,-0.246427,-0.061376,-0.007181
51.5038,state,-0.277394,-0.256257,-0.097355,-0.054074
51.5122,state,-0.251766,-0.234395,-0.267369,-0.249682
51.5130,desired,-0.294445,-0.294445,-0.111111,-0.111111
51.5220,state,-0.257002,-0.238551,-0.070202,-0.006668
51.5322,state,-0.265183,-0.246268,-0.139040,-0.188743
51.5421,state,-0.267234,-0.246427,-0.061376,-0.007181
51.5427,desired,-0.297776,-0.297776,-0.111111,-0.111111
51.5521,state,-0.277394,-0.256257,-0.097355,-0.054074
51.5621,state,-0.251766,-0.234395,-0.267369,-0.249682
51.5630,desired,-0.300000,-0.300000,-0.111111,-0.111111
51.5721,state,-0.257002,-0.238551,-0.070202,-0.006668
51.5822,state,-0.265183,-0.246268,-0.139040,-0.188743
51.5921,state,-0.267234,-0.246427,-0.061376,-0.007181
51.5927,desired,-0.303332,-0.303332,-0.111111,-0.111111
51.6021,state,-0.277394,-0.256257,-0.097355,-0.054074
51.6042,state,-0.283825,-0.260546,-0.273373,-0.227414
51.6056,state,-0.289052,-0.265899,-0.076534,-0.013159
51.6122,state,-0.265183,-0.246268,-0.139040,-0.188743
51.6130,desired,-0.305556,-0.305556,-0.111111,-0.111111
51.6220,state,-0.267234,-0.246427,-0.061376,-0.007181
51.6322,state,-0.277394,-0.256257,-0.097355,-0.054074
51.6420,state,-0.283825,-0.260546,-0.273373,-0.227414
51.6427,desired,-0.308887,-0.308887,-0.111111,-0.111111
51.6521,state,-0.289052,-0.265899,-0.076534,-0.013159
51.6620,state,-0.265183,-0.246268,-0.139040,-0.188743
51.6722,state,-0.267234,-0.246427,-0.061376,-0.007181
51.6728,desired,-0.312223,-0.312223,-0.111111,-0.111111
51.6821,state,-0.277394,-0.256257,-0.097355,-0.054074
51.6921,state,-0.283825,-0.260546,-0.273373,-0.227414
51.7022,state,-0.289052,-0.265899,-0.076534,-0.013159
51.7030,desired,-0.315555,-0.315555,-0.111111,-0.111111
51.7043,state,-0.298957,-0.275184,-0.164328,-0.239123
51.7120,state,-0.267234,-0.246427,-0.061376,-0.007181
51.7220,state,-0.277394,-0.256257,-0.097355,-0.054074
51.7321,state,-0.283825,-0.260546,-0.273373,-0.227414
51.7327,desired,-0.318887,-0.318887,-0.111111,-0.111111
51.7420,state,-0.289052,-0.265899,-0.076534,-0.013159
51.7520,state,-0.298957,-0.275184,-0.164328,-0.239123
51.7620,state,-0.267234,-0.246427,-0.061376,-0.007181
51.7627,desired,-0.322220,-0.322220,-0.111111,-0.111111
51.7721,state,-0.277394,-0.256257,-0.097355,-0.054074
51.7821,state,-0.283825,-0.260546,-0.273373,-0.227414
51.7827,desired,-0.324443,-0.324443,-0.111111,-0.111111
51.7920,state,-0.289052,-0.265899,-0.076534,-0.013159
51.8021,state,-0.298957,-0.275184,-0.164328,-0.239123
51.8035,state,-0.301456,-0.277050,-0.069672,-0.011738
51.8046,state,-0.311654,-0.286554,-0.104239,-0.083597
51.8121,state,-0.283825,-0.260546,-0.273373,-0.227414
51.8127,desired,-0.327776,-0.327776,-0.111111,-0.111111
51.8220,state,-0.289052,-0.265899,-0.076534,-0.013159
51.8321,state,-0.298957,-0.275184,-0.164328,-0.239123
51.8420,state,-0.301456,-0.277050,-0.069672,-0.011738
51.8427,desired,-0.331109,-0.331109,-0.111111,-0.111111
51.8520,state,-0.311654,-0.286554,-0.104239,-0.083597
51.8620,state,-0.283825,-0.260546,-0.273373,-0.227414
51.8720,state,-0.289052,-0.265899,-0.076534,-0.013159
51.8726,desired,-0.334442,-0.334442,-0.111111,-0.111111
51.8820,state,-0.298957,-0.275184,-0.164328,-0.239123
51.8920,state,-0.301456,-0.277050,-0.069672,-0.011738
51.9020,state,-0.311654,-0.286554,-0.104239,-0.083597
51.9025,desired,-0.337775,-0.337775,-0.111111,-0.111111
51.9033,state,-0.317544,-0.290304,-0.258822,-0.193204
51.9046,state,-0.322258,-0.295599,-0.081310,-0.017263
51.9120,state,-0.298957,-0.275184,-0.164328,-0.239123
51.9220,state,-0.301456,-0.277050,-0.069672,-0.011738
51.9225,desired,-0.339998,-0.339998,-0.111111,-0.111111
51.9320,state,-0.311654,-0.286554,-0.104239,-0.083597
51.9420,state,-0.317544,-0.290304,-0.258822,-0.193204
51.9520,state,-0.322258,-0.295599,-0.081310,-0.017263
51.9525,desired,-0.343332,-0.343332,-0.111111,-0.111111
51.9621,state,-0.298957,-0.275184,-0.164328,-0.239123
51.9720,state,-0.301456,-0.277050,-0.069672,-0.011738
51.9821,state,-0.311654,-0.286554,-0.104239,-0.083597
51.9827,desired,-0.346665,-0.346665,-0.111111,-0.111111
51.9920,state,-0.317544,-0.290304,-0.258822,-0.193204
52.0020,state,-0.322258,-0.295599,-0.081310,-0.017263
52.0035,state,-0.331257,-0.303975,-0.161208,-0.222581
52.0120,state,-0.301456,-0.277050,-0.069672,-0.011738
52.0125,desired,-0.349997,-0.349997,-0.111111,-0.111111
52.0220,state,-0.311654,-0.286554,-0.104239,-0.083597
52.0320,state,-0.317544,-0.290304,-0.258822,-0.193204
52.0420,state,-0.322258,-0.295599,-0.081310,-0.017263
52.0425,desired,-0.353330,-0.353330,-0.111111,-0.111111
52.0520,state,-0.331257,-0.303975,-0.161208,-0.222581
52.0620,state,-0.301456,-0.277050,-0.069672,-0.011738
52.0720,state,-0.311654,-0.286554,-0.104239,-0.083597
52.0725,desired,-0.356663,-0.356663,-0.111111,-0.111111
52.0820,state,-0.317544,-0.290304,-0.258822,-0.193204
52.0920,state,-0.322258,-0.295599,-0.081310,-0.017263
52.1020,state,-0.331257,-0.303975,-0.161208,-0.222581
52.1025,desired,-0.359996,-0.359996,-0.111111,-0.111111
52.1036,state,-0.333529,-0.306184,-0.075174,-0.015130
52.1038,state,-0.343708,-0.316088,-0.110436,-0.105898
52.1120,state,-0.317544,-0.290304,-0.258822,-0.193204
52.1220,state,-0.322258,-0.295599,-0.081310,-0.017263
52.1320,state,-0.331257,-0.303975,-0.161208,-0.222581
52.1325,desired,-0.363330,-0.363330,-0.111111,-0.111111
52.1420,state,-0.333529,-0.306184,-0.075174,-0.015130
52.1520,state,-0.343708,-0.316088,-0.110436,-0.105898
52.1620,state,-0.317544,-0.290304,-0.258822,-0.193204
52.1625,desired,-0.366665,-0.366665,-0.111111,-0.111111
52.1721,state,-0.322258,-0.295599,-0.081310,-0.017263
52.1824,state,-0.331257,-0.303975,-0.161208,-0.222581
52.1920,state,-0.333529,-0.306184,-0.075174,-0.015130
52.1926,desired,-0.369997,-0.369997,-0.111111,-0.111111
52.2021,state,-0.343708,-0.316088,-0.110436,-0.105898
52.2035,state,-0.350685,-0.320636,-0.307732,-0.228939
52.2045,state,-0.356428,-0.327909,-0.091461,-0.022766
52.2121,state,-0.331257,-0.303975,-0.161208,-0.222581
52.2221,state,-0.333529,-0.306184,-0.075174,-0.015130
52.2227,desired,-0.373331,-0.373331,-0.111111,-0.111111
52.2321,state,-0.343708,-0.316088,-0.110436,-0.105898
52.2421,state,-0.350685,-0.320636,-0.307732,-0.228939
52.2521,state,-0.356428,-0.327909,-0.091461,-0.022766
52.2526,desired,-0.376664,-0.376664,-0.111111,-0.111111
52.2621,state,-0.331257,-0.303975,-0.161208,-0.222581
52.2721,state,-0.333529,-0.306184,-0.075174,-0.015130
52.2821,state,-0.343708,-0.316088,-0.110436,-0.105898
52.2826,desired,-0.379997,-0.379997,-0.111111,-0.111111
52.2921,state,-0.350685,-0.320636,-0.307732,-0.228939
52.3021,state,-0.356428,-0.327909,-0.091461,-0.022766
52.3040,state,-0.365514,-0.335657,-0.168159,-0.210359
52.3121,state,-0.333529,-0.306184,-0.075174,-0.015130
52.3126,desired,-0.383331,-0.383331,-0.111111,-0.111111
52.3220,state,-0.343708,-0.316088,-0.110436,-0.105898
52.3321,state,-0.350685,-0.320636,-0.307732,-0.228939
52.3421,state,-0.356428,-0.327909,-0.091461,-0.022766
52.3427,desired,-0.386664,-0.386664,-0.111111,-0.111111
52.3521,state,-0.365514,-0.335657,-0.168159,-0.210359
52.3621,state,-0.333529,-0.306184,-0.075174,-0.015130
52.3721,state,-0.343708,-0.316088,-0.110436,-0.105898
52.3727,desired,-0.389997,-0.389997,-0.111111,-0.111111
52.3821,state,-0.350685,-0.320636,-0.307732,-0.228939
52.3921,state,-0.356428,-0.327909,-0.091461,-0.022766
52.4021,state,-0.365514,-0.335657,-0.168159,-0.210359
52.4026,desired,-0.393331,-0.393331,-0.111111,-0.111111
52.4035,state,-0.367793,-0.338064,-0.081831,-0.018267
52.4046,state,-0.377973,-0.348280,-0.117049,-0.122492
52.4121,state,-0.350685,-0.320636,-0.307732,-0.228939
52.4220,state,-0.356428,-0.327909,-0.091461,-0.022766
52.4321,state,-0.365514,-0.335657,-0.168159,-0.210359
52.4327,desired,-0.396664,-0.396664,-0.111111,-0.111111
52.4421,state,-0.367793,-0.338064,-0.081831,-0.018267
52.4521,state,-0.377973,-0.348280,-0.117049,-0.122492
52.4526,desired,-0.398888,-0.398888,-0.111111,-0.111111
52.4621,state,-0.350685,-0.320636,-0.307732,-0.228939
52.4721,state,-0.356428,-0.327909,-0.091461,-0.022766
52.4821,state,-0.365514,-0.335657,-0.168159,-0.210359
52.4827,desired,-0.402221,-0.402221,-0.111111,-0.111111
52.4921,state,-0.367793,-0.338064,-0.081831,-0.018267
52.5021,state,-0.377973,-0.348280,-0.117049,-0.122492
52.5035,state,-0.384406,-0.352355,-0.293014,-0.201434
52.5049,state,-0.389637,-0.359013,-0.096083,-0.024862
52.5121,state,-0.365514,-0.335657,-0.168159,-0.210359
52.5127,desired,-0.405554,-0.405554,-0.111111,-0.111111
52.5220,state,-0.367793,-0.338064,-0.081831,-0.018267
52.5321,state,-0.377973,-0.348280,-0.117049,-0.122492
52.5420,state,-0.384406,-0.352355,-0.293014,-0.201434
52.5427,desired,-0.408887,-0.408887,-0.111111,-0.111111
52.5521,state,-0.389637,-0.359013,-0.096083,-0.024862
52.5621,state,-0.365514,-0.335657,-0.168159,-0.210359
52.5627,desired,-0.411110,-0.411110,-0.111111,-0.111111
52.5721,state,-0.367793,-0.338064,-0.081831,-0.018267
52.5821,state,-0.377973,-0.348280,-0.117049,-0.122492
52.5921,state,-0.384406,-0.352355,-0.293014,-0.201434
52.5927,desired,-0.414443,-0.414443,-0.111111,-0.111111
52.6022,state,-0.389637,-0.359013,-0.096083,-0.024862
52.6042,state,-0.397819,-0.366045,-0.164917,-0.194403
52.6122,state,-0.367793,-0.338064,-0.081831,-0.018267
52.6130,desired,-0.416667,-0.416667,-0.111111,-0.111111
52.6220,state,-0.377973,-0.348280,-0.117049,-0.122492
52.6321,state,-0.384406,-0.352355,-0.293014,-0.201434
52.6420,state,-0.389637,-0.359013,-0.096083,-0.024862
52.6428,desired,-0.419998,-0.419998,-0.111111,-0.111111
52.6522,state,-0.397819,-0.366045,-0.164917,-0.194403
52.6621,state,-0.367793,-0.338064,-0.081831,-0.018267
52.6628,desired,-0.422220,-0.422220,-0.111111,-0.111111
52.6721,state,-0.377973,-0.348280,-0.117049,-0.122492
52.6821,state,-0.384406,-0.352355,-0.293014,-0.201434
52.6830,desired,-0.424445,-0.424445,-0.111111,-0.111111
52.6921,state,-0.389637,-0.359013,-0.096083,-0.024862
52.7022,state,-0.397819,-0.366045,-0.164917,-0.194403
52.7030,desired,-0.426670,-0.426670,-0.111111,-0.111111
52.7042,state,-0.399872,-0.368419,-0.087185,-0.020583
52.7045,state,-0.410033,-0.378936,-0.123093,-0.134543
52.7122,state,-0.384406,-0.352355,-0.293014,-0.201434
52.7221,state,-0.389637,-0.359013,-0.096083,-0.024862
52.7321,state,-0.397819,-0.366045,-0.164917,-0.194403
52.7327,desired,-0.429999,-0.429999,-0.111111,-0.111111
52.7421,state,-0.399872,-0.368419,-0.087185,-0.020583
52.7521,state,-0.410033,-0.378936,-0.123093,-0.134543
52.7621,state,-0.384406,-0.352355,-0.293014,-0.201434
52.7627,desired,-0.433332,-0.433332,-0.111111,-0.111111
52.7721,state,-0.389637,-0.359013,-0.096083,-0.024862
52.7822,state,-0.397819,-0.366045,-0.164917,-0.194403
52.7830,desired,-0.435557,-0.435557,-0.111111,-0.111111
52.7921,state,-0.399872,-0.368419,-0.087185,-0.020583
52.8022,state,-0.410033,-0.378936,-0.123093,-0.134543
52.8042,state,-0.417010,-0.383369,-0.320464,-0.217636
52.8053,state,-0.422756,-0.390964,-0.104113,-0.028209
52.8122,state,-0.397819,-0.366045,-0.164917,-0.194403
52.8135,desired,-0.438890,-0.438890,-0.111111,-0.111111
52.8221,state,-0.399872,-0.368419,-0.087185,-0.020583
52.8321,state,-0.410033,-0.378936,-0.123093,-0.134543
52.8421,state,-0.417010,-0.383369,-0.320464,-0.217636
52.8428,desired,-0.442220,-0.442220,-0.111111,-0.111111
52.8521,state,-0.422756,-0.390964,-0.104113,-0.028209
52.8620,state,-0.397819,-0.366045,-0.164917,-0.194403
52.8720,state,-0.399872,-0.368419,-0.087185,-0.020583
52.8726,desired,-0.445554,-0.445554,-0.111111,-0.111111
52.8820,state,-0.410033,-0.378936,-0.123093,-0.134543
52.8920,state,-0.417010,-0.383369,-0.320464,-0.217636
52.9020,state,-0.422756,-0.390964,-0.104113,-0.028209
52.9025,desired,-0.448887,-0.448887,-0.111111,-0.111111
52.9041,state,-0.431842,-0.398581,-0.180770,-0.212070
52.9120,state,-0.399872,-0.368419,-0.087185,-0.020583
52.9220,state,-0.410033,-0.378936,-0.123093,-0.134543
52.9320,state,-0.417010,-0.383369,-0.320464,-0.217636
52.9325,desired,-0.452221,-0.452221,-0.111111,-0.111111
52.9420,state,-0.422756,-0.390964,-0.104113,-0.028209
52.9520,state,-0.431842,-0.398581,-0.180770,-0.212070
52.9621,state,-0.399872,-0.368419,-0.087185,-0.020583
52.9629,desired,-0.455557,-0.455557,-0.111111,-0.111111
52.9720,state,-0.410033,-0.378936,-0.123093,-0.134543
52.9821,state,-0.417010,-0.383369,-0.320464,-0.217636
52.9830,desired,-0.457779,-0.457779,-0.111111,-0.111111
52.9921,state,-0.422756,-0.390964,-0.104113,-0.028209
53.0021,state,-0.431842,-0.398581,-0.180770,-0.212070
53.0048,state,-0.434122,-0.401417,-0.094413,-0.023199
53.0054,state,-0.444301,-0.411719,-0.129586,-0.139043
53.0121,state,-0.417010,-0.383369,-0.320464,-0.217636
53.0127,desired,-0.461110,-0.461110,-0.111111,-0.111111
53.0220,state,-0.422756,-0.390964,-0.104113,-0.028209
53.0322,state,-0.431842,-0.398581,-0.180770,-0.212070
53.0330,desired,-0.463334,-0.463334,-0.111111,-0.111111
53.0422,state,-0.434122,-0.401417,-0.094413,-0.023199
53.0526,desired,-0.465557,-0.465557,-0.111111,-0.111111
53.0529,state,-0.444301,-0.411719,-0.129586,-0.139043
53.0621,state,-0.417010,-0.383369,-0.320464,-0.217636
53.0720,state,-0.422756,-0.390964,-0.104113,-0.028209
53.0822,state,-0.431842,-0.398581,-0.180770,-0.212070
53.0830,desired,-0.468890,-0.468890,-0.111111,-0.111111
53.0921,state,-0.434122,-0.401417,-0.094413,-0.023199
53.1021,state,-0.444301,-0.411719,-0.129586,-0.139043
53.1036,state,-0.450735,-0.415748,-0.305571,-0.195851
53.1047,state,-0.455968,-0.422679,-0.108557,-0.029630
53.1122,state,-0.431842,-0.398581,-0.180770,-0.212070
53.1131,desired,-0.472224,-0.472224,-0.111111,-0.111111
53.1220,state,-0.434122,-0.401417,-0.094413,-0.023199
53.1322,state,-0.444301,-0.411719,-0.129586,-0.139043
53.1420,state,-0.450735,-0.415748,-0.305571,-0.195851
53.1427,desired,-0.475553,-0.475553,-0.111111,-0.111111
53.1522,state,-0.455968,-0.422679,-0.108557,-0.029630
53.1621,state,-0.431842,-0.398581,-0.180770,-0.212070
53.1628,desired,-0.477777,-0.477777,-0.111111,-0.111111
53.1722,state,-0.434122,-0.401417,-0.094413,-0.023199
53.1821,state,-0.444301,-0.411719,-0.129586,-0.139043
53.1827,desired,-0.479999,-0.479999,-0.111111,-0.111111
53.1921,state,-0.450735,-0.415748,-0.305571,-0.195851
53.2022,state,-0.455968,-0.422679,-0.108557,-0.029630
53.2030,desired,-0.482223,-0.482223,-0.111111,-0.111111
53.2043,state,-0.464153,-0.429605,-0.177367,-0.195744
53.2120,state,-0.434122,-0.401417,-0.094413,-0.023199
53.2220,state,-0.444301,-0.411719,-0.129586,-0.139043
53.2321,state,-0.450735,-0.415748,-0.305571,-0.195851
53.2327,desired,-0.485554,-0.485554,-0.111111,-0.111111
53.2422,state,-0.455968,-0.422679,-0.108557,-0.029630
53.2521,state,-0.464153,-0.429605,-0.177367,-0.195744
53.2621,state,-0.434122,-0.401417,-0.094413,-0.023199
53.2630,desired,-0.488889,-0.488889,-0.111111,-0.111111
53.2721,state,-0.444301,-0.411719,-0.129586,-0.139043
53.2822,state,-0.450735,-0.415748,-0.305571,-0.195851
53.2921,state,-0.455968,-0.422679,-0.108557,-0.029630
53.2927,desired,-0.492220,-0.492220,-0.111111,-0.111111
53.3021,state,-0.464153,-0.429605,-0.177367,-0.195744
53.3041,state,-0.466206,-0.432285,-0.099593,-0.024919
53.3048,state,-0.476367,-0.442872,-0.135451,-0.147931
53.3122,state,-0.450735,-0.415748,-0.305571,-0.195851
53.3130,desired,-0.494446,-0.494446,-0.111111,-0.111111
53.3220,state,-0.455968,-0.422679,-0.108557,-0.029630
53.3321,state,-0.464153,-0.429605,-0.177367,-0.195744
53.3421,state,-0.466206,-0.432285,-0.099593,-0.024919
53.3427,desired,-0.497776,-0.497776,-0.111111,-0.111111
53.3522,state,-0.476367,-0.442872,-0.135451,-0.147931
53.3621,state,-0.450735,-0.415748,-0.305571,-0.195851
53.3722,state,-0.455968,-0.422679,-0.108557,-0.029630
53.3727,desired,-0.501112,-0.501112,-0.111111,-0.111111
53.3821,state,-0.464153,-0.429605,-0.177367,-0.195744
53.3921,state,-0.466206,-0.432285,-0.099593,-0.024919
53.4022,state,-0.476367,-0.442872,-0.135451,-0.147931
53.4030,desired,-0.504445,-0.504445,-0.111111,-0.111111
53.4053,state,-0.483343,-0.447244,-0.332774,-0.212592
53.4056,state,-0.489090,-0.455030,-0.116392,-0.032470
53.4120,state,-0.464153,-0.429605,-0.177367,-0.195744
53.4221,state,-0.466206,-0.432285,-0.099593,-0.024919
53.4320,state,-0.476367,-0.442872,-0.135451,-0.147931
53.4327,desired,-0.507776,-0.507776,-0.111111,-0.111111
53.4421,state,-0.483343,-0.447244,-0.332774,-0.212592
53.4520,state,-0.489090,-0.455030,-0.116392,-0.032470
53.4622,state,-0.464153,-0.429605,-0.177367,-0.195744
53.4630,desired,-0.511112,-0.511112,-0.111111,-0.111111
53.4721,state,-0.466206,-0.432285,-0.099593,-0.024919
53.4821,state,-0.476367,-0.442872,-0.135451,-0.147931
53.4921,state,-0.483343,-0.447244,-0.332774,-0.212592
53.4927,desired,-0.514443,-0.514443,-0.111111,-0.111111
53.5021,state,-0.489090,-0.455030,-0.116392,-0.032470
53.5043,state,-0.498177,-0.462526,-0.193024,-0.212734
53.5064,state,-0.500459,-0.465605,-0.106620,-0.027277
53.5126,desired,-0.516668,-0.516668,-0.111111,-0.111111
53.5128,state,-0.476367,-0.442872,-0.135451,-0.147931
53.5221,state,-0.483343,-0.447244,-0.332774,-0.212592
53.5321,state,-0.489090,-0.455030,-0.116392,-0.032470
53.5421,state,-0.498177,-0.462526,-0.193024,-0.212734
53.5429,desired,-0.520000,-0.520000,-0.111111,-0.111111
53.5520,state,-0.500459,-0.465605,-0.106620,-0.027277
53.5621,state,-0.476367,-0.442872,-0.135451,-0.147931
53.5720,state,-0.483343,-0.447244,-0.332774,-0.212592
53.5727,desired,-0.523331,-0.523331,-0.111111,-0.111111
53.5821,state,-0.489090,-0.455030,-0.116392,-0.032470
53.5921,state,-0.498177,-0.462526,-0.193024,-0.212734
53.6021,state,-0.500459,-0.465605,-0.106620,-0.027277
53.6030,desired,-0.526668,-0.526668,-0.111111,-0.111111
53.6039,state,-0.509260,-0.473400,-0.194052,-0.221849
53.6121,state,-0.483343,-0.447244,-0.332774,-0.212592
53.6220,state,-0.489090,-0.455030,-0.116392,-0.032470
53.6320,state,-0.498177,-0.462526,-0.193024,-0.212734
53.6327,desired,-0.529997,-0.529997,-0.111111,-0.111111
53.6420,state,-0.500459,-0.465605,-0.106620,-0.027277
53.6521,state,-0.509260,-0.473400,-0.194052,-0.221849
53.6621,state,-0.483343,-0.447244,-0.332774,-0.212592
53.6627,desired,-0.533330,-0.533330,-0.111111,-0.111111
53.6721,state,-0.489090,-0.455030,-0.116392,-0.032470
53.6821,state,-0.498177,-0.462526,-0.193024,-0.212734
53.6827,desired,-0.535553,-0.535553,-0.111111,-0.111111
53.6921,state,-0.500459,-0.465605,-0.106620,-0.027277
53.7021,state,-0.509260,-0.473400,-0.194052,-0.221849
53.7027,desired,-0.537776,-0.537776,-0.111111,-0.111111
53.7036,state,-0.511518,-0.476632,-0.108531,-0.027652
53.7045,state,-0.520701,-0.485584,-0.139516,-0.131001
53.7121,state,-0.498177,-0.462526,-0.193024,-0.212734
53.7221,state,-0.500459,-0.465605,-0.106620,-0.027277
53.7320,state,-0.509260,-0.473400,-0.194052,-0.221849
53.7326,desired,-0.541108,-0.541108,-0.111111,-0.111111
53.7420,state,-0.511518,-0.476632,-0.108531,-0.027652
53.7520,state,-0.520701,-0.485584,-0.139516,-0.131001
53.7620,state,-0.498177,-0.462526,-0.193024,-0.212734
53.7626,desired,-0.544442,-0.544442,-0.111111,-0.111111
53.7720,state,-0.500459,-0.465605,-0.106620,-0.027277
53.7820,state,-0.509260,-0.473400,-0.194052,-0.221849
53.7827,desired,-0.546665,-0.546665,-0.111111,-0.111111
53.7921,state,-0.511518,-0.476632,-0.108531,-0.027652
53.8020,state,-0.520701,-0.485584,-0.139516,-0.131001
53.8031,state,-0.527037,-0.489664,-0.319060,-0.199764
53.8047,state,-0.532260,-0.497036,-0.122370,-0.033992
53.8125,desired,-0.549999,-0.549999,-0.111111,-0.111111
53.8127,state,-0.509260,-0.473400,-0.194052,-0.221849
53.8220,state,-0.511518,-0.476632,-0.108531,-0.027652
53.8321,state,-0.520701,-0.485584,-0.139516,-0.131001
53.8329,desired,-0.552224,-0.552224,-0.111111,-0.111111
53.8420,state,-0.527037,-0.489664,-0.319060,-0.199764
53.8522,state,-0.532260,-0.497036,-0.122370,-0.033992
53.8620,state,-0.509260,-0.473400,-0.194052,-0.221849
53.8626,desired,-0.555553,-0.555553,-0.111111,-0.111111
53.8720,state,-0.511518,-0.476632,-0.108531,-0.027652
53.8821,state,-0.520701,-0.485584,-0.139516,-0.131001
53.8920,state,-0.527037,-0.489664,-0.319060,-0.199764
53.8927,desired,-0.558886,-0.558886,-0.111111,-0.111111
53.9020,state,-0.532260,-0.497036,-0.122370,-0.033992
53.9032,state,-0.542167,-0.505449,-0.210064,-0.239915
53.9120,state,-0.511518,-0.476632,-0.108531,-0.027652
53.9125,desired,-0.561109,-0.561109,-0.111111,-0.111111
53.9221,state,-0.520701,-0.485584,-0.139516,-0.131001
53.9320,state,-0.527037,-0.489664,-0.319060,-0.199764
53.9420,state,-0.532260,-0.497036,-0.122370,-0.033992
53.9425,desired,-0.564442,-0.564442,-0.111111,-0.111111
53.9520,state,-0.542167,-0.505449,-0.210064,-0.239915
53.9621,state,-0.511518,-0.476632,-0.108531,-0.027652
53.9625,desired,-0.566666,-0.566666,-0.111111,-0.111111
53.9720,state,-0.520701,-0.485584,-0.139516,-0.131001
53.9820,state,-0.527037,-0.489664,-0.319060,-0.199764
53.9921,state,-0.532260,-0.497036,-0.122370,-0.033992
53.9926,desired,-0.569998,-0.569998,-0.111111,-0.111111
54.0020,state,-0.542167,-0.505449,-0.210064,-0.239915
54.0036,state,-0.544670,-0.509084,-0.115268,-0.029869
54.0038,state,-0.554870,-0.518902,-0.149680,-0.147922
54.0121,state,-0.527037,-0.489664,-0.319060,-0.199764
54.0220,state,-0.532260,-0.497036,-0.122370,-0.033992
54.0226,desired,-0.573331,-0.573331,-0.111111,-0.111111
54.0321,state,-0.542167,-0.505449,-0.210064,-0.239915
54.0421,state,-0.544670,-0.509084,-0.115268,-0.029869
54.0429,desired,-0.575556,-0.575556,-0.111111,-0.111111
54.0521,state,-0.554870,-0.518902,-0.149680,-0.147922
54.0621,state,-0.527037,-0.489664,-0.319060,-0.199764
54.0721,state,-0.532260,-0.497036,-0.122370,-0.033992
54.0729,desired,-0.578890,-0.578890,-0.111111,-0.111111
54.0821,state,-0.542167,-0.505449,-0.210064,-0.239915
54.0921,state,-0.544670,-0.509084,-0.115268,-0.029869
54.1020,state,-0.554870,-0.518902,-0.149680,-0.147922
54.1024,desired,-0.582218,-0.582218,-0.111111,-0.111111
54.1034,state,-0.561307,-0.522933,-0.325526,-0.193746
54.1038,state,-0.566541,-0.530242,-0.128439,-0.038848
54.1122,state,-0.542167,-0.505449,-0.210064,-0.239915
54.1220,state,-0.544670,-0.509084,-0.115268,-0.029869
54.1226,desired,-0.584442,-0.584442,-0.111111,-0.111111
54.1320,state,-0.554870,-0.518902,-0.149680,-0.147922
54.1420,state,-0.561307,-0.522933,-0.325526,-0.193746
54.1522,state,-0.566541,-0.530242,-0.128439,-0.038848
54.1531,desired,-0.587780,-0.587780,-0.111111,-0.111111
54.1621,state,-0.542167,-0.505449,-0.210064,-0.239915
54.1721,state,-0.544670,-0.509084,-0.115268,-0.029869
54.1822,state,-0.554870,-0.518902,-0.149680,-0.147922
54.1830,desired,-0.591112,-0.591112,-0.111111,-0.111111
54.1921,state,-0.561307,-0.522933,-0.325526,-0.193746
54.2021,state,-0.566541,-0.530242,-0.128439,-0.038848
54.2035,state,-0.575587,-0.537845,-0.206622,-0.219429
54.2121,state,-0.544670,-0.509084,-0.115268,-0.029869
54.2128,desired,-0.594442,-0.594442,-0.111111,-0.111111
54.2220,state,-0.554870,-0.518902,-0.149680,-0.147922
54.2320,state,-0.561307,-0.522933,-0.325526,-0.193746
54.2421,state,-0.566541,-0.530242,-0.128439,-0.038848
54.2427,desired,-0.597775,-0.597775,-0.111111,-0.111111
54.2521,state,-0.575587,-0.537845,-0.206622,-0.219429
54.2620,state,-0.544670,-0.509084,-0.115268,-0.029869
54.2720,state,-0.554870,-0.518902,-0.149680,-0.147922
54.2728,desired,-0.601109,-0.601109,-0.111111,-0.111111
54.2821,state,-0.561307,-0.522933,-0.325526,-0.193746
54.2921,state,-0.566541,-0.530242,-0.128439,-0.038848
54.3022,state,-0.575587,-0.537845,-0.206622,-0.219429
54.3030,desired,-0.604446,-0.604446,-0.111111,-0.111111
54.3043,state,-0.577866,-0.541264,-0.120296,-0.031365
54.3046,state,-0.587054,-0.550235,-0.151176,-0.138653
54.3121,state,-0.561307,-0.522933,-0.325526,-0.193746
54.3220,state,-0.566541,-0.530242,-0.128439,-0.038848
54.3321,state,-0.575587,-0.537845,-0.206622,-0.219429
54.3327,desired,-0.607775,-0.607775,-0.111111,-0.111111
54.3420,state,-0.577866,-0.541264,-0.120296,-0.031365
54.3521,state,-0.587054,-0.550235,-0.151176,-0.138653
54.3620,state,-0.561307,-0.522933,-0.325526,-0.193746
54.3628,desired,-0.611109,-0.611109,-0.111111,-0.111111
54.3721,state,-0.566541,-0.530242,-0.128439,-0.038848
54.3821,state,-0.575587,-0.537845,-0.206622,-0.219429
54.3830,desired,-0.613334,-0.613334,-0.111111,-0.111111
54.3921,state,-0.577866,-0.541264,-0.120296,-0.031365
54.4022,state,-0.587054,-0.550235,-0.151176,-0.138653
54.4027,desired,-0.615560,-0.615560,-0.111111,-0.111111
54.4036,state,-0.593934,-0.554727,-0.352017,-0.216798
54.4038,state,-0.599675,-0.563033,-0.135870,-0.038583
54.4121,state,-0.575587,-0.537845,-0.206622,-0.219429
54.4220,state,-0.577866,-0.541264,-0.120296,-0.031365
54.4320,state,-0.587054,-0.550235,-0.151176,-0.138653
54.4326,desired,-0.618886,-0.618886,-0.111111,-0.111111
54.4421,state,-0.593934,-0.554727,-0.352017,-0.216798
54.4520,state,-0.599675,-0.563033,-0.135870,-0.038583
54.4620,state,-0.575587,-0.537845,-0.206622,-0.219429
54.4627,desired,-0.622220,-0.622220,-0.111111,-0.111111
54.4721,state,-0.577866,-0.541264,-0.120296,-0.031365
54.4820,state,-0.587054,-0.550235,-0.151176,-0.138653
54.4827,desired,-0.624443,-0.624443,-0.111111,-0.111111
54.4922,state,-0.593934,-0.554727,-0.352017,-0.216798
54.5021,state,-0.599675,-0.563033,-0.135870,-0.038583
54.5030,desired,-0.626668,-0.626668,-0.111111,-0.111111
54.5042,state,-0.608763,-0.570204,-0.212459,-0.209237
54.5122,state,-0.577866,-0.541264,-0.120296,-0.031365
54.5222,state,-0.587054,-0.550235,-0.151176,-0.138653
54.5322,state,-0.593934,-0.554727,-0.352017,-0.216798
54.5330,desired,-0.630001,-0.630001,-0.111111,-0.111111
54.5421,state,-0.599675,-0.563033,-0.135870,-0.038583
54.5521,state,-0.608763,-0.570204,-0.212459,-0.209237
54.5621,state,-0.577866,-0.541264,-0.120296,-0.031365
54.5629,desired,-0.633334,-0.633334,-0.111111,-0.111111
54.5720,state,-0.587054,-0.550235,-0.151176,-0.138653
54.5821,state,-0.593934,-0.554727,-0.352017,-0.216798
54.5920,state,-0.599675,-0.563033,-0.135870,-0.038583
54.5926,desired,-0.636664,-0.636664,-0.111111,-0.111111
54.6022,state,-0.608763,-0.570204,-0.212459,-0.209237
54.6042,state,-0.611046,-0.573555,-0.125974,-0.033020
54.6049,state,-0.621234,-0.583923,-0.161036,-0.162390
54.6121,state,-0.593934,-0.554727,-0.352017,-0.216798
54.6220,state,-0.599675,-0.563033,-0.135870,-0.038583
54.6226,desired,-0.639997,-0.639997,-0.111111,-0.111111
54.6320,state,-0.608763,-0.570204,-0.212459,-0.209237
54.6421,state,-0.611046,-0.573555,-0.125974,-0.033020
54.6520,state,-0.621234,-0.583923,-0.161036,-0.162390
54.6528,desired,-0.643331,-0.643331,-0.111111,-0.111111
54.6621,state,-0.593934,-0.554727,-0.352017,-0.216798
54.6720,state,-0.599675,-0.563033,-0.135870,-0.038583
54.6820,state,-0.608763,-0.570204,-0.212459,-0.209237
54.6826,desired,-0.646664,-0.646664,-0.111111,-0.111111
54.6921,state,-0.611046,-0.573555,-0.125974,-0.033020
54.7020,state,-0.621234,-0.583923,-0.161036,-0.162390
54.7034,state,-0.627669,-0.587921,-0.336815,-0.188825
54.7049,state,-0.632903,-0.595159,-0.139734,-0.042895
54.7120,state,-0.608763,-0.570204,-0.212459,-0.209237
54.7126,desired,-0.649998,-0.649998,-0.111111,-0.111111
54.7221,state,-0.611046,-0.573555,-0.125974,-0.033020
54.7320,state,-0.621234,-0.583923,-0.161036,-0.162390
54.7420,state,-0.627669,-0.587921,-0.336815,-0.188825
54.7426,desired,-0.653331,-0.653331,-0.111111,-0.111111
54.7520,state,-0.632903,-0.595159,-0.139734,-0.042895
54.7620,state,-0.608763,-0.570204,-0.212459,-0.209237
54.7720,state,-0.611046,-0.573555,-0.125974,-0.033020
54.7725,desired,-0.656664,-0.656664,-0.111111,-0.111111
54.7820,state,-0.621234,-0.583923,-0.161036,-0.162390
54.7920,state,-0.627669,-0.587921,-0.336815,-0.188825
54.8020,state,-0.632903,-0.595159,-0.139734,-0.042895
54.8025,desired,-0.659997,-0.659997,-0.111111,-0.111111
54.8043,state,-0.641950,-0.602711,-0.217882,-0.220981
54.8122,state,-0.611046,-0.573555,-0.125974,-0.033020
54.8220,state,-0.621234,-0.583923,-0.161036,-0.162390
54.8320,state,-0.627669,-0.587921,-0.336815,-0.188825
54.8327,desired,-0.663331,-0.663331,-0.111111,-0.111111
54.8420,state,-0.632903,-0.595159,-0.139734,-0.042895
54.8522,state,-0.641950,-0.602711,-0.217882,-0.220981
54.8530,desired,-0.665557,-0.665557,-0.111111,-0.111111
54.8621,state,-0.611046,-0.573555,-0.125974,-0.033020
54.8720,state,-0.621234,-0.583923,-0.161036,-0.162390
54.8820,state,-0.627669,-0.587921,-0.336815,-0.188825
54.8827,desired,-0.668886,-0.668886,-0.111111,-0.111111
54.8921,state,-0.632903,-0.595159,-0.139734,-0.042895
54.9022,state,-0.641950,-0.602711,-0.217882,-0.220981
54.9030,desired,-0.671112,-0.671112,-0.111111,-0.111111
54.9043,state,-0.644230,-0.606278,-0.131502,-0.034572
54.9058,state,-0.653416,-0.615179,-0.162314,-0.143660
54.9121,state,-0.627669,-0.587921,-0.336815,-0.188825
54.9220,state,-0.632903,-0.595159,-0.139734,-0.042895
54.9320,state,-0.641950,-0.602711,-0.217882,-0.220981
54.9328,desired,-0.674443,-0.674443,-0.111111,-0.111111
54.9422,state,-0.644230,-0.606278,-0.131502,-0.034572
54.9520,state,-0.653416,-0.615179,-0.162314,-0.143660
54.9621,state,-0.627669,-0.587921,-0.336815,-0.188825
54.9627,desired,-0.677776,-0.677776,-0.111111,-0.111111
54.9720,state,-0.632903,-0.595159,-0.139734,-0.042895
54.9821,state,-0.641950,-0.602711,-0.217882,-0.220981
54.9827,desired,-0.680001,-0.680001,-0.111111,-0.111111
54.9921,state,-0.644230,-0.606278,-0.131502,-0.034572
55.0021,state,-0.653416,-0.615179,-0.162314,-0.143660
55.0043,state,-0.659755,-0.619332,-0.341859,-0.196923
55.0051,state,-0.664984,-0.626861,-0.144985,-0.040457
55.0121,state,-0.641950,-0.602711,-0.217882,-0.220981
55.0130,desired,-0.683334,-0.683334,-0.111111,-0.111111
55.0220,state,-0.644230,-0.606278,-0.131502,-0.034572
55.0320,state,-0.653416,-0.615179,-0.162314,-0.143660
55.0420,state,-0.659755,-0.619332,-0.341859,-0.196923
55.0428,desired,-0.686665,-0.686665,-0.111111,-0.111111
55.0521,state,-0.664984,-0.626861,-0.144985,-0.040457
55.0620,state,-0.641950,-0.602711,-0.217882,-0.220981
55.0720,state,-0.644230,-0.606278,-0.131502,-0.034572
55.0726,desired,-0.689998,-0.689998,-0.111111,-0.111111
55.0821,state,-0.653416,-0.615179,-0.162314,-0.143660
55.0921,state,-0.659755,-0.619332,-0.341859,-0.196923
55.1021,state,-0.664984,-0.626861,-0.144985,-0.040457
55.1029,desired,-0.693334,-0.693334,-0.111111,-0.111111
55.1042,state,-0.674893,-0.635036,-0.232588,-0.239631
55.1121,state,-0.644230,-0.606278,-0.131502,-0.034572
55.1221,state,-0.653416,-0.615179,-0.162314,-0.143660
55.1320,state,-0.659755,-0.619332,-0.341859,-0.196923
55.1328,desired,-0.696665,-0.696665,-0.111111,-0.111111
55.1421,state,-0.664984,-0.626861,-0.144985,-0.040457
55.1521,state,-0.674893,-0.635036,-0.232588,-0.239631
55.1621,state,-0.644230,-0.606278,-0.131502,-0.034572
55.1629,desired,-0.700001,-0.700001,-0.111111,-0.111111
55.1721,state,-0.653416,-0.615179,-0.162314,-0.143660
55.1821,state,-0.659755,-0.619332,-0.341859,-0.196923
55.1921,state,-0.664984,-0.626861,-0.144985,-0.040457
55.1927,desired,-0.703332,-0.703332,-0.111111,-0.111111
55.2020,state,-0.674893,-0.635036,-0.232588,-0.239631
55.2037,state,-0.677399,-0.639350,-0.137672,-0.036508
55.2039,state,-0.687603,-0.649044,-0.171964,-0.157430
55.2121,state,-0.659755,-0.619332,-0.341859,-0.196923
55.2220,state,-0.664984,-0.626861,-0.144985,-0.040457
55.2228,desired,-0.706665,-0.706665,-0.111111,-0.111111
55.2328,state,-0.674893,-0.635036,-0.232588,-0.239631
55.2420,state,-0.677399,-0.639350,-0.137672,-0.036508
55.2520,state,-0.687603,-0.649044,-0.171964,-0.157430
55.2526,desired,-0.709998,-0.709998,-0.111111,-0.111111
55.2620,state,-0.659755,-0.619332,-0.341859,-0.196923
55.2720,state,-0.664984,-0.626861,-0.144985,-0.040457
55.2820,state,-0.674893,-0.635036,-0.232588,-0.239631
55.2827,desired,-0.713331,-0.713331,-0.111111,-0.111111
55.2921,state,-0.677399,-0.639350,-0.137672,-0.036508
55.3021,state,-0.687603,-0.649044,-0.171964,-0.157430
55.3036,state,-0.694042,-0.653084,-0.347732,-0.191582
55.3048,state,-0.699280,-0.660426,-0.150506,-0.041772
55.3121,state,-0.674893,-0.635036,-0.232588,-0.239631
55.3127,desired,-0.716666,-0.716666,-0.111111,-0.111111
55.3221,state,-0.677399,-0.639350,-0.137672,-0.036508
55.3321,state,-0.687603,-0.649044,-0.171964,-0.157430
55.3420,state,-0.694042,-0.653084,-0.347732,-0.191582
55.3427,desired,-0.719998,-0.719998,-0.111111,-0.111111
55.3521,state,-0.699280,-0.660426,-0.150506,-0.041772
55.3621,state,-0.674893,-0.635036,-0.232588,-0.239631
55.3627,desired,-0.722221,-0.722221,-0.111111,-0.111111
55.3721,state,-0.677399,-0.639350,-0.137672,-0.036508
55.3820,state,-0.687603,-0.649044,-0.171964,-0.157430
55.3921,state,-0.694042,-0.653084,-0.347732,-0.191582
55.3927,desired,-0.725554,-0.725554,-0.111111,-0.111111
55.4020,state,-0.699280,-0.660426,-0.150506,-0.041772
55.4036,state,-0.708328,-0.667818,-0.228601,-0.219548
55.4121,state,-0.677399,-0.639350,-0.137672,-0.036508
55.4129,desired,-0.727778,-0.727778,-0.111111,-0.111111
55.4220,state,-0.687603,-0.649044,-0.171964,-0.157430
55.4320,state,-0.694042,-0.653084,-0.347732,-0.191582
55.4420,state,-0.699280,-0.660426,-0.150506,-0.041772
55.4427,desired,-0.731109,-0.731109,-0.111111,-0.111111
55.4520,state,-0.708328,-0.667818,-0.228601,-0.219548
55.4620,state,-0.677399,-0.639350,-0.137672,-0.036508
55.4627,desired,-0.733332,-0.733332,-0.111111,-0.111111
55.4720,state,-0.687603,-0.649044,-0.171964,-0.157430
55.4821,state,-0.694042,-0.653084,-0.347732,-0.191582
55.4829,desired,-0.735556,-0.735556,-0.111111,-0.111111
55.4921,state,-0.699280,-0.660426,-0.150506,-0.041772
55.5021,state,-0.708328,-0.667818,-0.228601,-0.219548
55.5038,state,-0.710610,-0.671348,-0.142168,-0.037531
55.5041,state,-0.720798,-0.681445,-0.177132,-0.167144
55.5120,state,-0.694042,-0.653084,-0.347732,-0.191582
55.5127,desired,-0.738887,-0.738887,-0.111111,-0.111111
55.5221,state,-0.699280,-0.660426,-0.150506,-0.041772
55.5320,state,-0.708328,-0.667818,-0.228601,-0.219548
55.5420,state,-0.710610,-0.671348,-0.142168,-0.037531
55.5426,desired,-0.742220,-0.742220,-0.111111,-0.111111
55.5520,state,-0.720798,-0.681445,-0.177132,-0.167144
55.5620,state,-0.694042,-0.653084,-0.347732,-0.191582
55.5627,desired,-0.744443,-0.744443,-0.111111,-0.111111
55.5721,state,-0.699280,-0.660426,-0.150506,-0.041772
55.5820,state,-0.708328,-0.667818,-0.228601,-0.219548
55.5921,state,-0.710610,-0.671348,-0.142168,-0.037531
55.5928,desired,-0.747777,-0.747777,-0.111111,-0.111111
55.6022,state,-0.720798,-0.681445,-0.177132,-0.167144
55.6037,state,-0.726691,-0.685416,-0.331618,-0.169287
55.6057,state,-0.731415,-0.691854,-0.153752,-0.047064
55.6121,state,-0.708328,-0.667818,-0.228601,-0.219548
55.6130,desired,-0.750001,-0.750001,-0.111111,-0.111111
55.6220,state,-0.710610,-0.671348,-0.142168,-0.037531
55.6322,state,-0.720798,-0.681445,-0.177132,-0.167144
55.6330,desired,-0.752223,-0.752223,-0.111111,-0.111111
55.6420,state,-0.726691,-0.685416,-0.331618,-0.169287
55.6521,state,-0.731415,-0.691854,-0.153752,-0.047064
55.6621,state,-0.708328,-0.667818,-0.228601,-0.219548
55.6627,desired,-0.755554,-0.755554,-0.111111,-0.111111
55.6720,state,-0.710610,-0.671348,-0.142168,-0.037531
55.6821,state,-0.720798,-0.681445,-0.177132,-0.167144
55.6829,desired,-0.757778,-0.757778,-0.111111,-0.111111
55.6920,state,-0.726691,-0.685416,-0.331618,-0.169287
55.7021,state,-0.731415,-0.691854,-0.153752,-0.047064
55.7056,state,-0.740420,-0.699577,-0.233419,-0.229958
55.7120,state,-0.710610,-0.671348,-0.142168,-0.037531
55.7126,desired,-0.761109,-0.761109,-0.111111,-0.111111
55.7221,state,-0.720798,-0.681445,-0.177132,-0.167144
55.7321,state,-0.726691,-0.685416,-0.331618,-0.169287
55.7421,state,-0.731415,-0.691854,-0.153752,-0.047064
55.7426,desired,-0.764442,-0.764442,-0.111111,-0.111111
55.7520,state,-0.740420,-0.699577,-0.233419,-0.229958
55.7620,state,-0.710610,-0.671348,-0.142168,-0.037531
55.7723,state,-0.720798,-0.681445,-0.177132,-0.167144
55.7730,desired,-0.767783,-0.767783,-0.111111,-0.111111
55.7823,state,-0.726691,-0.685416,-0.331618,-0.169287
55.7921,state,-0.731415,-0.691854,-0.153752,-0.047064
55.8021,state,-0.740420,-0.699577,-0.233419,-0.229958
55.8027,desired,-0.771110,-0.771110,-0.111111,-0.111111
55.8034,state,-0.742699,-0.703762,-0.147095,-0.038391
55.8036,state,-0.753887,-0.714757,-0.186246,-0.181125
55.8121,state,-0.726691,-0.685416,-0.331618,-0.169287
55.8220,state,-0.731415,-0.691854,-0.153752,-0.047064
55.8321,state,-0.740420,-0.699577,-0.233419,-0.229958
55.8327,desired,-0.774443,-0.774443,-0.111111,-0.111111
55.8421,state,-0.742699,-0.703762,-0.147095,-0.038391
55.8521,state,-0.753887,-0.714757,-0.186246,-0.181125
55.8529,desired,-0.776666,-0.776666,-0.111111,-0.111111
55.8621,state,-0.726691,-0.685416,-0.331618,-0.169287
55.8720,state,-0.731415,-0.691854,-0.153752,-0.047064
55.8820,state,-0.740420,-0.699577,-0.233419,-0.229958
55.8827,desired,-0.779998,-0.779998,-0.111111,-0.111111
55.8921,state,-0.742699,-0.703762,-0.147095,-0.038391
55.9021,state,-0.753887,-0.714757,-0.186246,-0.181125
55.9030,desired,-0.782222,-0.782222,-0.111111,-0.111111
55.9043,state,-0.760423,-0.719090,-0.358343,-0.183902
55.9064,state,-0.765672,-0.726041,-0.160720,-0.043146
55.9120,state,-0.740420,-0.699577,-0.233419,-0.229958
55.9221,state,-0.742699,-0.703762,-0.147095,-0.038391
55.9320,state,-0.753887,-0.714757,-0.186246,-0.181125
55.9326,desired,-0.785554,-0.785554,-0.111111,-0.111111
55.9420,state,-0.760423,-0.719090,-0.358343,-0.183902
55.9520,state,-0.765672,-0.726041,-0.160720,-0.043146
55.9620,state,-0.740420,-0.699577,-0.233419,-0.229958
55.9625,desired,-0.788887,-0.788887,-0.111111,-0.111111
55.9720,state,-0.742699,-0.703762,-0.147095,-0.038391
55.9820,state,-0.753887,-0.714757,-0.186246,-0.181125
55.9920,state,-0.760423,-0.719090,-0.358343,-0.183902
55.9925,desired,-0.792218,-0.792218,-0.111111,-0.111111
56.0020,state,-0.765672,-0.726041,-0.160720,-0.043146
56.0035,state,-0.774722,-0.733465,-0.238742,-0.223385
56.0120,state,-0.742699,-0.703762,-0.147095,-0.038391
56.0125,desired,-0.794443,-0.794443,-0.111111,-0.111111
56.0220,state,-0.753887,-0.714757,-0.186246,-0.181125
56.0320,state,-0.760423,-0.719090,-0.358343,-0.183902
56.0325,desired,-0.796666,-0.796666,-0.111111,-0.111111
56.0420,state,-0.765672,-0.726041,-0.160720,-0.043146
56.0520,state,-0.774722,-0.733465,-0.238742,-0.223385
56.0621,state,-0.742699,-0.703762,-0.147095,-0.038391
56.0627,desired,-0.799999,-0.799999,-0.111111,-0.111111
56.0721,state,-0.753887,-0.714757,-0.186246,-0.181125
56.0821,state,-0.760423,-0.719090,-0.358343,-0.183902
56.0921,state,-0.765672,-0.726041,-0.160720,-0.043146
56.0928,desired,-0.803332,-0.803332,-0.111111,-0.111111
56.1021,state,-0.774722,-0.733465,-0.238742,-0.223385
56.1033,state,-0.777005,-0.737555,-0.152240,-0.039427
56.1046,state,-0.787192,-0.747469,-0.187125,-0.166919
56.1121,state,-0.760423,-0.719090,-0.358343,-0.183902
56.1221,state,-0.765672,-0.726041,-0.160720,-0.043146
56.1227,desired,-0.806665,-0.806665,-0.111111,-0.111111
56.1321,state,-0.774722,-0.733465,-0.238742,-0.223385
56.1421,state,-0.777005,-0.737555,-0.152240,-0.039427
56.1521,state,-0.787192,-0.747469,-0.187125,-0.166919
56.1527,desired,-0.809998,-0.809998,-0.111111,-0.111111
56.1622,state,-0.760423,-0.719090,-0.358343,-0.183902
56.1721,state,-0.765672,-0.726041,-0.160720,-0.043146
56.1727,desired,-0.812221,-0.812221,-0.111111,-0.111111
56.1821,state,-0.774722,-0.733465,-0.238742,-0.223385
56.1921,state,-0.777005,-0.737555,-0.152240,-0.039427
56.1927,desired,-0.814443,-0.814443,-0.111111,-0.111111
56.2022,state,-0.787192,-0.747469,-0.187125,-0.166919
56.2047,state,-0.793087,-0.751384,-0.341606,-0.169671
56.2054,state,-0.797814,-0.757815,-0.163634,-0.049414
56.2122,state,-0.774722,-0.733465,-0.238742,-0.223385
56.2130,desired,-0.816667,-0.816667,-0.111111,-0.111111
56.2222,state,-0.777005,-0.737555,-0.152240,-0.039427
56.2321,state,-0.787192,-0.747469,-0.187125,-0.166919
56.2421,state,-0.793087,-0.751384,-0.341606,-0.169671
56.2427,desired,-0.819998,-0.819998,-0.111111,-0.111111
56.2522,state,-0.797814,-0.757815,-0.163634,-0.049414
56.2621,state,-0.774722,-0.733465,-0.238742,-0.223385
56.2627,desired,-0.822221,-0.822221,-0.111111,-0.111111
56.2721,state,-0.777005,-0.737555,-0.152240,-0.039427
56.2821,state,-0.787192,-0.747469,-0.187125,-0.166919
56.2921,state,-0.793087,-0.751384,-0.341606,-0.169671
56.2927,desired,-0.825555,-0.825555,-0.111111,-0.111111
56.3021,state,-0.797814,-0.757815,-0.163634,-0.049414
56.3042,state,-0.807683,-0.766246,-0.252721,-0.252419
56.3121,state,-0.777005,-0.737555,-0.152240,-0.039427
56.3222,state,-0.787192,-0.747469,-0.187125,-0.166919
56.3229,desired,-0.828890,-0.828890,-0.111111,-0.111111
56.3321,state,-0.793087,-0.751384,-0.341606,-0.169671
56.3422,state,-0.797814,-0.757815,-0.163634,-0.049414
56.3430,desired,-0.831112,-0.831112,-0.111111,-0.111111
56.3521,state,-0.807683,-0.766246,-0.252721,-0.252419
56.3621,state,-0.777005,-0.737555,-0.152240,-0.039427
56.3722,state,-0.787192,-0.747469,-0.187125,-0.166919
56.3730,desired,-0.834446,-0.834446,-0.111111,-0.111111
56.3821,state,-0.793087,-0.751384,-0.341606,-0.169671
56.3921,state,-0.797814,-0.757815,-0.163634,-0.049414
56.4021,state,-0.807683,-0.766246,-0.252721,-0.252419
56.4027,desired,-0.837776,-0.837776,-0.111111,-0.111111
56.4036,state,-0.810189,-0.771018,-0.157798,-0.040454
56.4038,state,-0.820398,-0.780400,-0.191967,-0.160215
56.4121,state,-0.793087,-0.751384,-0.341606,-0.169671
56.4221,state,-0.797814,-0.757815,-0.163634,-0.049414
56.4321,state,-0.807683,-0.766246,-0.252721,-0.252419
56.4327,desired,-0.841109,-0.841109,-0.111111,-0.111111
56.4421,state,-0.810189,-0.771018,-0.157798,-0.040454
56.4521,state,-0.820398,-0.780400,-0.191967,-0.160215
56.4621,state,-0.793087,-0.751384,-0.341606,-0.169671
56.4627,desired,-0.844443,-0.844443,-0.111111,-0.111111
56.4721,state,-0.797814,-0.757815,-0.163634,-0.049414
56.4821,state,-0.807683,-0.766246,-0.252721,-0.252419
56.4921,state,-0.810189,-0.771018,-0.157798,-0.040454
56.4929,desired,-0.847775,-0.847775,-0.111111,-0.111111
56.5021,state,-0.820398,-0.780400,-0.191967,-0.160215
56.5038,state,-0.826837,-0.784229,-0.367610,-0.191007
56.5048,state,-0.832079,-0.792132,-0.170249,-0.073484
56.5121,state,-0.807683,-0.766246,-0.252721,-0.252419
56.5127,desired,-0.849999,-0.849999,-0.111111,-0.111111
56.5221,state,-0.810189,-0.771018,-0.157798,-0.040454
56.5322,state,-0.820398,-0.780400,-0.191967,-0.160215
56.5330,desired,-0.852223,-0.852223,-0.111111,-0.111111
56.5421,state,-0.826837,-0.784229,-0.367610,-0.191007
56.5522,state,-0.832079,-0.792132,-0.170249,-0.073484
56.5621,state,-0.807683,-0.766246,-0.252721,-0.252419
56.5627,desired,-0.855553,-0.855553,-0.111111,-0.111111
56.5722,state,-0.810189,-0.771018,-0.157798,-0.040454
56.5821,state,-0.820398,-0.780400,-0.191967,-0.160215
56.5923,state,-0.826837,-0.784229,-0.367610,-0.191007
56.5932,desired,-0.858890,-0.858890,-0.111111,-0.111111
56.6021,state,-0.832079,-0.792132,-0.170249,-0.073484
56.6037,state,-0.841130,-0.799396,-0.248250,-0.220335
56.6122,state,-0.810189,-0.771018,-0.157798,-0.040454
56.6221,state,-0.820398,-0.780400,-0.191967,-0.160215
56.6227,desired,-0.862220,-0.862220,-0.111111,-0.111111
56.6321,state,-0.826837,-0.784229,-0.367610,-0.191007
56.6422,state,-0.832079,-0.792132,-0.170249,-0.073484
56.6430,desired,-0.864445,-0.864445,-0.111111,-0.111111
56.6521,state,-0.841130,-0.799396,-0.248250,-0.220335
56.6622,state,-0.810189,-0.771018,-0.157798,-0.040454
56.6721,state,-0.820398,-0.780400,-0.191967,-0.160215
56.6727,desired,-0.867775,-0.867775,-0.111111,-0.111111
56.6821,state,-0.826837,-0.784229,-0.367610,-0.191007
56.6921,state,-0.832079,-0.792132,-0.170249,-0.073484
56.7021,state,-0.841130,-0.799396,-0.248250,-0.220335
56.7027,desired,-0.871109,-0.871109,-0.111111,-0.111111
56.7038,state,-0.843416,-0.803414,-0.161681,-0.040822
56.7048,state,-0.852606,-0.812148,-0.192302,-0.152273
56.7122,state,-0.826837,-0.784229,-0.367610,-0.191007
56.7221,state,-0.832079,-0.792132,-0.170249,-0.073484
56.7321,state,-0.841130,-0.799396,-0.248250,-0.220335
56.7327,desired,-0.874442,-0.874442,-0.111111,-0.111111
56.7421,state,-0.843416,-0.803414,-0.161681,-0.040822
56.7522,state,-0.852606,-0.812148,-0.192302,-0.152273
56.7527,desired,-0.876669,-0.876669,-0.111111,-0.111111
56.7621,state,-0.826837,-0.784229,-0.367610,-0.191007
56.7721,state,-0.832079,-0.792132,-0.170249,-0.073484
56.7820,state,-0.841130,-0.799396,-0.248250,-0.220335
56.7826,desired,-0.879998,-0.879998,-0.111111,-0.111111
56.7921,state,-0.843416,-0.803414,-0.161681,-0.040822
56.8021,state,-0.852606,-0.812148,-0.192302,-0.152273
56.8026,desired,-0.882223,-0.882223,-0.111111,-0.111111
56.8032,state,-0.858948,-0.815999,-0.371743,-0.194412
56.8040,state,-0.864184,-0.824091,-0.174608,-0.076746
56.8120,state,-0.841130,-0.799396,-0.248250,-0.220335
56.8221,state,-0.843416,-0.803414,-0.161681,-0.040822
56.8320,state,-0.852606,-0.812148,-0.192302,-0.152273
56.8325,desired,-0.885553,-0.885553,-0.111111,-0.111111
56.8420,state,-0.858948,-0.815999,-0.371743,-0.194412
56.8520,state,-0.864184,-0.824091,-0.174608,-0.076746
56.8527,desired,-0.887776,-0.887776,-0.111111,-0.111111
56.8621,state,-0.841130,-0.799396,-0.248250,-0.220335
56.8720,state,-0.843416,-0.803414,-0.161681,-0.040822
56.8820,state,-0.852606,-0.812148,-0.192302,-0.152273
56.8827,desired,-0.891109,-0.891109,-0.111111,-0.111111
56.8921,state,-0.858948,-0.815999,-0.371743,-0.194412
56.9021,state,-0.864184,-0.824091,-0.174608,-0.076746
56.9030,desired,-0.893334,-0.893334,-0.111111,-0.111111
56.9043,state,-0.874097,-0.832073,-0.262050,-0.241289
56.9121,state,-0.843416,-0.803414,-0.161681,-0.040822
56.9220,state,-0.852606,-0.812148,-0.192302,-0.152273
56.9321,state,-0.858948,-0.815999,-0.371743,-0.194412
56.9327,desired,-0.896664,-0.896664,-0.111111,-0.111111
56.9421,state,-0.864184,-0.824091,-0.174608,-0.076746
56.9520,state,-0.874097,-0.832073,-0.262050,-0.241289
56.9622,state,-0.843416,-0.803414,-0.161681,-0.040822
56.9630,desired,-0.900001,-0.900001,-0.111111,-0.111111
56.9720,state,-0.852606,-0.812148,-0.192302,-0.152273
56.9821,state,-0.858948,-0.815999,-0.371743,-0.194412
56.9921,state,-0.864184,-0.824091,-0.174608,-0.076746
56.9927,desired,-0.903331,-0.903331,-0.111111,-0.111111
57.0022,state,-0.874097,-0.832073,-0.262050,-0.241289
57.0034,state,-0.876608,-0.836628,-0.166918,-0.042103
57.0036,state,-0.886819,-0.846163,-0.200997,-0.166046
57.0121,state,-0.858948,-0.815999,-0.371743,-0.194412
57.0129,desired,-0.905557,-0.905557,-0.111111,-0.111111
57.0220,state,-0.864184,-0.824091,-0.174608,-0.076746
57.0322,state,-0.874097,-0.832073,-0.262050,-0.241289
57.0420,state,-0.876608,-0.836628,-0.166918,-0.042103
57.0426,desired,-0.908886,-0.908886,-0.111111,-0.111111
57.0521,state,-0.886819,-0.846163,-0.200997,-0.166046
57.0621,state,-0.858948,-0.815999,-0.371743,-0.194412
57.0721,state,-0.864184,-0.824091,-0.174608,-0.076746
57.0729,desired,-0.912223,-0.912223,-0.111111,-0.111111
57.0820,state,-0.874097,-0.832073,-0.262050,-0.241289
57.0923,state,-0.876608,-0.836628,-0.166918,-0.042103
57.1020,state,-0.886819,-0.846163,-0.200997,-0.166046
57.1027,desired,-0.915553,-0.915553,-0.111111,-0.111111
57.1035,state,-0.893261,-0.850455,-0.376640,-0.190601
57.1050,state,-0.898506,-0.858250,-0.179151,-0.074997
57.1121,state,-0.874097,-0.832073,-0.262050,-0.241289
57.1220,state,-0.876608,-0.836628,-0.166918,-0.042103
57.1321,state,-0.886819,-0.846163,-0.200997,-0.166046
57.1327,desired,-0.918886,-0.918886,-0.111111,-0.111111
57.1421,state,-0.893261,-0.850455,-0.376640,-0.190601
57.1521,state,-0.898506,-0.858250,-0.179151,-0.074997
57.1529,desired,-0.921112,-0.921112,-0.111111,-0.111111
57.1621,state,-0.874097,-0.832073,-0.262050,-0.241289
57.1722,state,-0.876608,-0.836628,-0.166918,-0.042103
57.1820,state,-0.886819,-0.846163,-0.200997,-0.166046
57.1826,desired,-0.924442,-0.924442,-0.111111,-0.111111
57.1921,state,-0.893261,-0.850455,-0.376640,-0.190601
57.2021,state,-0.898506,-0.858250,-0.179151,-0.074997
57.2034,state,-0.907561,-0.865444,-0.257121,-0.221131
57.2121,state,-0.876608,-0.836628,-0.166918,-0.042103
57.2130,desired,-0.927779,-0.927779,-0.111111,-0.111111
57.2220,state,-0.886819,-0.846163,-0.200997,-0.166046
57.2321,state,-0.893261,-0.850455,-0.376640,-0.190601
57.2420,state,-0.898506,-0.858250,-0.179151,-0.074997
57.2426,desired,-0.931109,-0.931109,-0.111111,-0.111111
57.2521,state,-0.907561,-0.865444,-0.257121,-0.221131
57.2621,state,-0.876608,-0.836628,-0.166918,-0.042103
57.2628,desired,-0.933332,-0.933332,-0.111111,-0.111111
57.2721,state,-0.886819,-0.846163,-0.200997,-0.166046
57.2821,state,-0.893261,-0.850455,-0.376640,-0.190601
57.2829,desired,-0.935557,-0.935557,-0.111111,-0.111111
57.2921,state,-0.898506,-0.858250,-0.179151,-0.074997
57.3020,state,-0.907561,-0.865444,-0.257121,-0.221131
57.3037,state,-0.909849,-0.869482,-0.170451,-0.042074
57.3053,state,-0.920039,-0.879346,-0.205172,-0.172338
57.3121,state,-0.893261,-0.850455,-0.376640,-0.190601
57.3127,desired,-0.938888,-0.938888,-0.111111,-0.111111
57.3220,state,-0.898506,-0.858250,-0.179151,-0.074997
57.3320,state,-0.907561,-0.865444,-0.257121,-0.221131
57.3421,state,-0.909849,-0.869482,-0.170451,-0.042074
57.3428,desired,-0.942223,-0.942223,-0.111111,-0.111111
57.3520,state,-0.920039,-0.879346,-0.205172,-0.172338
57.3620,state,-0.893261,-0.850455,-0.376640,-0.190601
57.3720,state,-0.898506,-0.858250,-0.179151,-0.074997
57.3725,desired,-0.945553,-0.945553,-0.111111,-0.111111
57.3820,state,-0.907561,-0.865444,-0.257121,-0.221131
57.3920,state,-0.909849,-0.869482,-0.170451,-0.042074
57.4020,state,-0.920039,-0.879346,-0.205172,-0.172338
57.4025,desired,-0.948886,-0.948886,-0.111111,-0.111111
57.4033,state,-0.926480,-0.883627,-0.380869,-0.188510
57.4045,state,-0.931726,-0.891293,-0.183333,-0.075261
57.4120,state,-0.907561,-0.865444,-0.257121,-0.221131
57.4220,state,-0.909849,-0.869482,-0.170451,-0.042074
57.4320,state,-0.920039,-0.879346,-0.205172,-0.172338
57.4325,desired,-0.952219,-0.952219,-0.111111,-0.111111
57.4420,state,-0.926480,-0.883627,-0.380869,-0.188510
57.4520,state,-0.931726,-0.891293,-0.183333,-0.075261
57.4620,state,-0.907561,-0.865444,-0.257121,-0.221131
57.4625,desired,-0.955553,-0.955553,-0.111111,-0.111111
57.4720,state,-0.909849,-0.869482,-0.170451,-0.042074
57.4820,state,-0.920039,-0.879346,-0.205172,-0.172338
57.4920,state,-0.926480,-0.883627,-0.380869,-0.188510
57.4925,desired,-0.958886,-0.958886,-0.111111,-0.111111
57.5020,state,-0.931726,-0.891293,-0.183333,-0.075261
57.5037,state,-0.940779,-0.898475,-0.261237,-0.222126
57.5120,state,-0.909849,-0.869482,-0.170451,-0.042074
57.5220,state,-0.920039,-0.879346,-0.205172,-0.172338
57.5227,desired,-0.962219,-0.962219,-0.111111,-0.111111
57.5320,state,-0.926480,-0.883627,-0.380869,-0.188510
57.5420,state,-0.931726,-0.891293,-0.183333,-0.075261
57.5425,desired,-0.964442,-0.964442,-0.111111,-0.111111
57.5520,state,-0.940779,-0.898475,-0.261237,-0.222126
57.5622,state,-0.909849,-0.869482,-0.170451,-0.042074
57.5628,desired,-0.966669,-0.966669,-0.111111,-0.111111
57.5721,state,-0.920039,-0.879346,-0.205172,-0.172338
57.5821,state,-0.926480,-0.883627,-0.380869,-0.188510
57.5921,state,-0.931726,-0.891293,-0.183333,-0.075261
57.5928,desired,-0.969998,-0.969998,-0.111111,-0.111111
57.6021,state,-0.940779,-0.898475,-0.261237,-0.222126
57.6039,state,-0.943068,-0.902538,-0.174564,-0.042678
57.6041,state,-0.953262,-0.912357,-0.209269,-0.173011
57.6121,state,-0.926480,-0.883627,-0.380869,-0.188510
57.6220,state,-0.931726,-0.891293,-0.183333,-0.075261
57.6227,desired,-0.973330,-0.973330,-0.111111,-0.111111
57.6321,state,-0.940779,-0.898475,-0.261237,-0.222126
57.6421,state,-0.943068,-0.902538,-0.174564,-0.042678
57.6520,state,-0.953262,-0.912357,-0.209269,-0.173011
57.6527,desired,-0.976663,-0.976663,-0.111111,-0.111111
57.6621,state,-0.926480,-0.883627,-0.380869,-0.188510
57.6720,state,-0.931726,-0.891293,-0.183333,-0.075261
57.6820,state,-0.940779,-0.898475,-0.261237,-0.222126
57.6827,desired,-0.979998,-0.979998,-0.111111,-0.111111
57.6921,state,-0.943068,-0.902538,-0.174564,-0.042678
57.7021,state,-0.953262,-0.912357,-0.209269,-0.173011
57.7035,state,-0.959704,-0.916630,-0.384921,-0.188542
57.7047,state,-0.964952,-0.924304,-0.187339,-0.076959
57.7121,state,-0.940779,-0.898475,-0.261237,-0.222126
57.7127,desired,-0.983330,-0.983330,-0.111111,-0.111111
57.7221,state,-0.943068,-0.902538,-0.174564,-0.042678
57.7321,state,-0.953262,-0.912357,-0.209269,-0.173011
57.7420,state,-0.959704,-0.916630,-0.384921,-0.188542
57.7427,desired,-0.986663,-0.986663,-0.111111,-0.111111
57.7520,state,-0.964952,-0.924304,-0.187339,-0.076959
57.7621,state,-0.940779,-0.898475,-0.261237,-0.222126
57.7629,desired,-0.988886,-0.988886,-0.111111,-0.111111
57.7721,state,-0.943068,-0.902538,-0.174564,-0.042678
57.7821,state,-0.953262,-0.912357,-0.209269,-0.173011
57.7921,state,-0.959704,-0.916630,-0.384921,-0.188542
57.7927,desired,-0.992220,-0.992220,-0.111111,-0.111111
57.8022,state,-0.964952,-0.924304,-0.187339,-0.076959
57.8042,state,-0.973144,-0.930621,-0.255785,-0.199473
57.8120,state,-0.943068,-0.902538,-0.174564,-0.042678
57.8222,state,-0.953262,-0.912357,-0.209269,-0.173011
57.8230,desired,-0.995555,-0.995555,-0.111111,-0.111111
57.8321,state,-0.959704,-0.916630,-0.384921,-0.188542
57.8422,state,-0.964952,-0.924304,-0.187339,-0.076959
57.8430,desired,-0.997782,-0.997782,-0.111111,-0.111111
57.8521,state,-0.973144,-0.930621,-0.255785,-0.199473
57.8622,state,-0.943068,-0.902538,-0.174564,-0.042678
57.8721,state,-0.953262,-0.912357,-0.209269,-0.173011
57.8728,desired,-1.000000,-1.000000,0.000000,0.000000
57.8822,state,-0.959704,-0.916630,-0.384921,-0.188542
57.8921,state,-0.964952,-0.924304,-0.187339,-0.076959
57.9021,state,-0.973144,-0.930621,-0.255785,-0.199473
57.9028,desired,-1.000000,-1.000000,0.000000,0.000000
57.9039,state,-0.975208,-0.934139,-0.177603,-0.042877
57.9049,state,-0.986386,-0.945498,-0.217156,-0.197981
57.9122,state,-0.959704,-0.916630,-0.384921,-0.188542
57.9221,state,-0.964952,-0.924304,-0.187339,-0.076959
57.9322,state,-0.973144,-0.930621,-0.255785,-0.199473
57.9330,desired,-1.000000,-1.000000,0.000000,0.000000
57.9420,state,-0.975208,-0.934139,-0.177603,-0.042877
57.9520,state,-0.986386,-0.945498,-0.217156,-0.197981
57.9621,state,-0.959704,-0.916630,-0.384921,-0.188542
57.9626,desired,-1.000000,-1.000000,0.000000,0.000000
57.9720,state,-0.964952,-0.924304,-0.187339,-0.076959
57.9820,state,-0.973144,-0.930621,-0.255785,-0.199473
57.9920,state,-0.975208,-0.934139,-0.177603,-0.042877
57.9925,desired,-1.000000,-1.000000,0.000000,0.000000
58.0020,state,-0.986386,-0.945498,-0.217156,-0.197981
58.0034,state,-0.991292,-0.948653,-0.325118,-0.118384
58.0043,state,-0.995000,-0.952736,-0.185508,-0.055532
58.0121,state,-0.973144,-0.930621,-0.255785,-0.199473
58.0129,desired,-1.000000,-1.000000,0.000000,0.000000
58.0221,state,-0.975208,-0.934139,-0.177603,-0.042877
58.0321,state,-0.986386,-0.945498,-0.217156,-0.197981
58.0425,desired,-1.000000,-1.000000,0.000000,0.000000
58.0427,state,-0.991292,-0.948653,-0.325118,-0.118384
58.0521,state,-0.995000,-0.952736,-0.185508,-0.055532
58.0621,state,-0.973144,-0.930621,-0.255785,-0.199473
58.0721,state,-0.975208,-0.934139,-0.177603,-0.042877
58.0729,desired,-1.000000,-1.000000,0.000000,0.000000
58.0821,state,-0.986386,-0.945498,-0.217156,-0.197981
58.0922,state,-0.991292,-0.948653,-0.325118,-0.118384
58.0930,desired,-1.000000,-1.000000,0.000000,0.000000
58.1020,state,-0.995000,-0.952736,-0.185508,-0.055532
58.1036,state,-0.995308,-0.953239,-0.173866,-0.040892
58.1122,state,-0.975208,-0.934139,-0.177603,-0.042877
58.1220,state,-0.986386,-0.945498,-0.217156,-0.197981
58.1227,desired,-1.000000,-1.000000,0.000000,0.000000
58.1321,state,-0.991292,-0.948653,-0.325118,-0.118384
58.1421,state,-0.995000,-0.952736,-0.185508,-0.055532
58.1430,desired,-1.000000,-1.000000,0.000000,0.000000
58.1521,state,-0.995308,-0.953239,-0.173866,-0.040892
58.1621,state,-0.975208,-0.934139,-0.177603,-0.042877
58.1721,state,-0.986386,-0.945498,-0.217156,-0.197981
58.1727,desired,-1.000000,-1.000000,0.000000,0.000000
58.1822,state,-0.991292,-0.948653,-0.325118,-0.118384
58.1921,state,-0.995000,-0.952736,-0.185508,-0.055532
58.2020,state,-0.995308,-0.953239,-0.173866,-0.040892
58.2027,desired,-1.000000,-1.000000,0.000000,0.000000
58.2037,state,-0.995333,-0.953662,-0.172900,-0.039939
58.2040,state,-0.995335,-0.954029,-0.172819,-0.039119
58.2121,state,-0.991292,-0.948653,-0.325118,-0.118384
58.2221,state,-0.995000,-0.952736,-0.185508,-0.055532
58.2225,desired,-1.000000,-1.000000,0.000000,0.000000
58.2322,state,-0.995308,-0.953239,-0.173866,-0.040892
58.2421,state,-0.995333,-0.953662,-0.172900,-0.039939
58.2521,state,-0.995335,-0.954029,-0.172819,-0.039119
58.2528,desired,-1.000000,-1.000000,0.000000,0.000000
58.2621,state,-0.991292,-0.948653,-0.325118,-0.118384
58.2721,state,-0.995000,-0.952736,-0.185508,-0.055532
58.2730,desired,-1.000000,-1.000000,0.000000,0.000000
58.2821,state,-0.995308,-0.953239,-0.173866,-0.040892
58.2922,state,-0.995333,-0.953662,-0.172900,-0.039939
58.3021,state,-0.995335,-0.954029,-0.172819,-0.039119
58.3026,desired,-1.000000,-1.000000,0.000000,0.000000
58.3037,state,-0.995335,-0.954349,-0.172819,-0.038410
58.3046,state,-0.995335,-0.954629,-0.172819,-0.037798
58.3121,state,-0.995308,-0.953239,-0.173866,-0.040892
58.3221,state,-0.995333,-0.953662,-0.172900,-0.039939
58.3226,desired,-1.000000,-1.000000,0.000000,0.000000
58.3321,state,-0.995335,-0.954029,-0.172819,-0.039119
58.3421,state,-0.995335,-0.954349,-0.172819,-0.038410
58.3429,desired,-1.000000,-1.000000,0.000000,0.000000
58.3521,state,-0.995335,-0.954629,-0.172819,-0.037798
58.3622,state,-0.995308,-0.953239,-0.173866,-0.040892
58.3721,state,-0.995333,-0.953662,-0.172900,-0.039939
58.3726,desired,-1.000000,-1.000000,0.000000,0.000000
58.3821,state,-0.995335,-0.954029,-0.172819,-0.039119
58.3921,state,-0.995335,-0.954349,-0.172819,-0.038410
58.4022,state,-0.995335,-0.954629,-0.172819,-0.037798
58.4029,desired,-1.000000,-1.000000,0.000000,0.000000
58.4042,state,-0.995335,-0.954873,-0.172819,-0.037266
58.4121,state,-0.995333,-0.953662,-0.172900,-0.039939
58.4221,state,-0.995335,-0.954029,-0.172819,-0.039119
58.4322,state,-0.995335,-0.954349,-0.172819,-0.038410
58.4328,desired,-1.000000,-1.000000,0.000000,0.000000
58.4421,state,-0.995335,-0.954629,-0.172819,-0.037798
58.4522,state,-0.995335,-0.954873,-0.172819,-0.037266
58.4621,state,-0.995333,-0.953662,-0.172900,-0.039939
58.4627,desired,-1.000000,-1.000000,0.000000,0.000000
58.4722,state,-0.995335,-0.954029,-0.172819,-0.039119
58.4822,state,-0.995335,-0.954349,-0.172819,-0.038410
58.4830,desired,-1.000000,-1.000000,0.000000,0.000000
58.4921,state,-0.995335,-0.954629,-0.172819,-0.037798
58.5022,state,-0.995335,-0.954873,-0.172819,-0.037266
58.5038,state,-0.995335,-0.955086,-0.172819,-0.036804
58.5053,state,-0.995335,-0.955272,-0.172819,-0.036403
58.5121,state,-0.995335,-0.954349,-0.172819,-0.038410
58.5126,desired,-1.000000,-1.000000,0.000000,0.000000
58.5221,state,-0.995335,-0.954629,-0.172819,-0.037798
58.5321,state,-0.995335,-0.954873,-0.172819,-0.037266
58.5329,desired,-1.000000,-1.000000,0.000000,0.000000
58.5422,state,-0.995335,-0.955086,-0.172819,-0.036804
58.5521,state,-0.995335,-0.955272,-0.172819,-0.036403
58.5622,state,-0.995335,-0.954349,-0.172819,-0.038410
58.5631,desired,-1.000000,-1.000000,0.000000,0.000000
58.5721,state,-0.995335,-0.954629,-0.172819,-0.037798
58.5822,state,-0.995335,-0.954873,-0.172819,-0.037266
58.5921,state,-0.995335,-0.955086,-0.172819,-0.036804
58.5930,desired,-1.000000,-1.000000,0.000000,0.000000
58.6021,state,-0.995335,-0.955272,-0.172819,-0.036403
58.6039,state,-0.995335,-0.955436,-0.172819,-0.036052
58.6052,state,-0.995335,-0.955579,-0.172819,-0.035747
58.6122,state,-0.995335,-0.954873,-0.172819,-0.037266
58.6130,desired,-1.000000,-1.000000,0.000000,0.000000
58.6221,state,-0.995335,-0.955086,-0.172819,-0.036804
58.6322,state,-0.995335,-0.955272,-0.172819,-0.036403
58.6421,state,-0.995335,-0.955436,-0.172819,-0.036052
58.6426,desired,-1.000000,-1.000000,0.000000,0.000000
58.6522,state,-0.995335,-0.955579,-0.172819,-0.035747
58.6621,state,-0.995335,-0.954873,-0.172819,-0.037266
58.6721,state,-0.995335,-0.955086,-0.172819,-0.036804
58.6726,desired,-1.000000,-1.000000,0.000000,0.000000
58.6821,state,-0.995335,-0.955272,-0.172819,-0.036403
58.6921,state,-0.995335,-0.955436,-0.172819,-0.036052
58.6926,desired,-1.000000,-1.000000,0.000000,0.000000
58.7021,state,-0.995335,-0.955579,-0.172819,-0.035747
58.7047,state,-0.995335,-0.955704,-0.172819,-0.035480
58.7122,state,-0.995335,-0.955086,-0.172819,-0.036804
58.7130,desired,-1.000000,-1.000000,0.000000,0.000000
58.7221,state,-0.995335,-0.955272,-0.172819,-0.036403
58.7321,state,-0.995335,-0.955436,-0.172819,-0.036052
58.7421,state,-0.995335,-0.955579,-0.172819,-0.035747
58.7428,desired,-1.000000,-1.000000,0.000000,0.000000
58.7522,state,-0.995335,-0.955704,-0.172819,-0.035480
58.7621,state,-0.995335,-0.955086,-0.172819,-0.036804
58.7721,state,-0.995335,-0.955272,-0.172819,-0.036403
58.7726,desired,-1.000000,-1.000000,0.000000,0.000000
58.7822,state,-0.995335,-0.955436,-0.172819,-0.036052
58.7921,state,-0.995335,-0.955579,-0.172819,-0.035747
58.8021,state,-0.995335,-0.955704,-0.172819,-0.035480
58.8026,desired,-1.000000,-1.000000,0.000000,0.000000
58.8033,state,-0.995335,-0.955814,-0.172819,-0.035248
58.8047,state,-0.995335,-0.955911,-0.172819,-0.035044
58.8121,state,-0.995335,-0.955436,-0.172819,-0.036052
58.8221,state,-0.995335,-0.955579,-0.172819,-0.035747
58.8321,state,-0.995335,-0.955704,-0.172819,-0.035480
58.8325,desired,-1.000000,-1.000000,0.000000,0.000000
58.8421,state,-0.995335,-0.955814,-0.172819,-0.035248
58.8521,state,-0.995335,-0.955911,-0.172819,-0.035044
58.8621,state,-0.995335,-0.955436,-0.172819,-0.036052
58.8626,desired,-1.000000,-1.000000,4.000000,4.000000
58.8722,state,-0.995335,-0.955579,-0.172819,-0.035747
58.8821,state,-0.995335,-0.955704,-0.172819,-0.035480
58.8923,state,-0.995335,-0.955814,-0.172819,-0.035248
58.8932,desired,-0.879872,-0.879872,4.000000,4.000000
58.9021,state,-0.995335,-0.955911,-0.172819,-0.035044
58.9122,state,-0.995335,-0.955436,-0.172819,-0.036052
58.9141,state,-0.995335,-0.955995,-0.172819,-0.034866
58.9165,state,-0.995335,-0.956070,-0.172819,-0.034710
58.9221,state,-0.995335,-0.955814,-0.172819,-0.035248
58.9231,desired,-0.759999,-0.759999,4.000000,4.000000
58.9321,state,-0.995335,-0.955911,-0.172819,-0.035044
58.9421,state,-0.995335,-0.955436,-0.172819,-0.036052
58.9521,state,-0.995335,-0.955995,-0.172819,-0.034866
58.9531,desired,-0.640007,-0.640007,4.000000,4.000000
58.9621,state,-0.995335,-0.956070,-0.172819,-0.034710
58.9721,state,-0.995335,-0.955814,-0.172819,-0.035248
58.9821,state,-0.995335,-0.955911,-0.172819,-0.035044
58.9832,desired,-0.520007,-0.520007,4.000000,4.000000
58.9921,state,-0.995335,-0.955436,-0.172819,-0.036052
59.0021,state,-0.995335,-0.955995,-0.172819,-0.034866
59.0051,state,-0.902149,-0.923044,0.847241,1.014314
59.0128,desired,-0.400005,-0.400005,4.000000,4.000000
59.0131,state,-0.995335,-0.955814,-0.172819,-0.035248
59.0221,state,-0.995335,-0.955911,-0.172819,-0.035044
59.0322,state,-0.995335,-0.955436,-0.172819,-0.036052
59.0335,desired,-0.319886,-0.319886,4.000000,4.000000
59.0421,state,-0.995335,-0.955995,-0.172819,-0.034866
59.0522,state,-0.902149,-0.923044,0.847241,1.014314
59.0621,state,-0.995335,-0.955814,-0.172819,-0.035248
59.0630,desired,-0.199963,-0.199963,4.000000,4.000000
59.0721,state,-0.995335,-0.955911,-0.172819,-0.035044
59.0821,state,-0.995335,-0.955436,-0.172819,-0.036052
59.0922,state,-0.995335,-0.955995,-0.172819,-0.034866
59.0933,desired,-0.079964,-0.079964,4.000000,4.000000
59.1022,state,-0.902149,-0.923044,0.847241,1.014314
59.1054,state,-0.877797,-0.830787,-0.075073,1.467729
59.1064,state,-0.515923,-0.710810,1.362669,2.144578
59.1121,state,-0.995335,-0.955436,-0.172819,-0.036052
59.1221,state,-0.995335,-0.955995,-0.172819,-0.034866
59.1232,desired,0.000000,0.000000,0.000000,0.000000
59.1321,state,-0.902149,-0.923044,0.847241,1.014314
59.1421,state,-0.877797,-0.830787,-0.075073,1.467729
59.1521,state,-0.515923,-0.710810,1.362669,2.144578
59.1531,desired,0.000000,0.000000,0.000000,0.000000
59.1622,state,-0.995335,-0.955436,-0.172819,-0.036052
59.1721,state,-0.995335,-0.955995,-0.172819,-0.034866
59.1821,state,-0.902149,-0.923044,0.847241,1.014314
59.1831,desired,0.000000,0.000000,0.000000,0.000000
59.1921,state,-0.877797,-0.830787,-0.075073,1.467729
59.2020,state,-0.515923,-0.710810,1.362669,2.144578
59.2121,state,-0.995335,-0.955436,-0.172819,-0.036052
59.2131,desired,0.000000,0.000000,0.000000,0.000000
59.2143,state,-0.284613,-0.561283,7.709668,2.563893
59.2150,state,-0.096362,-0.392217,0.621494,2.850371
59.2222,state,-0.877797,-0.830787,-0.075073,1.467729
59.2322,state,-0.515923,-0.710810,1.362669,2.144578
59.2336,desired,0.000000,0.000000,0.000000,0.000000
59.2421,state,-0.995335,-0.955436,-0.172819,-0.036052
59.2521,state,-0.284613,-0.561283,7.709668,2.563893
59.2622,state,-0.096362,-0.392217,0.621494,2.850371
59.2636,desired,0.000000,0.000000,0.000000,0.000000
59.2721,state,-0.877797,-0.830787,-0.075073,1.467729
59.2821,state,-0.515923,-0.710810,1.362669,2.144578
59.2921,state,-0.995335,-0.955436,-0.172819,-0.036052
59.2932,desired,0.000000,0.000000,0.000000,0.000000
59.3021,state,-0.284613,-0.561283,7.709668,2.563893
59.3036,state,-0.018926,-0.209785,0.716872,3.049615
59.3122,state,-0.877797,-0.830787,-0.075073,1.467729
59.3136,desired,0.000000,0.000000,0.000000,0.000000
59.3222,state,-0.515923,-0.710810,1.362669,2.144578
59.3321,state,-0.995335,-0.955436,-0.172819,-0.036052
59.3421,state,-0.284613,-0.561283,7.709668,2.563893
59.3431,desired,0.000000,0.000000,0.000000,0.000000
59.3521,state,-0.018926,-0.209785,0.716872,3.049615
59.3621,state,-0.877797,-0.830787,-0.075073,1.467729
59.3721,state,-0.515923,-0.710810,1.362669,2.144578
59.3731,desired,0.000000,0.000000,0.000000,0.000000
59.3821,state,-0.995335,-0.955436,-0.172819,-0.036052
59.3932,desired,0.000000,0.000000,0.000000,0.000000
59.3936,state,-0.284613,-0.561283,7.709668,2.563893
59.4021,state,-0.018926,-0.209785,0.716872,3.049615
59.4034,state,-0.001552,-0.018363,0.058794,3.184765
59.4057,state,-0.000127,0.141091,0.004822,2.028462
59.4122,state,-0.995335,-0.955436,-0.172819,-0.036052
59.4221,state,-0.284613,-0.561283,7.709668,2.563893
59.4235,desired,0.000000,0.000000,0.000000,0.000000
59.4321,state,-0.018926,-0.209785,0.716872,3.049615
59.4421,state,-0.001552,-0.018363,0.058794,3.184765
59.4522,state,-0.000127,0.141091,0.004822,2.028462
59.4530,desired,0.000000,0.000000,0.000000,0.000000
59.4622,state,-0.995335,-0.955436,-0.172819,-0.036052
59.4721,state,-0.284613,-0.561283,7.709668,2.563893
59.4821,state,-0.018926,-0.209785,0.716872,3.049615
59.4830,desired,0.000000,0.000000,0.000000,0.000000
59.4922,state,-0.001552,-0.018363,0.058794,3.184765
59.5023,state,-0.000127,0.141091,0.004822,2.028462
59.5033,desired,0.000000,0.000000,0.000000,0.000000
59.5050,state,-0.000010,0.204087,0.000395,0.574827
59.5063,state,-0.000001,0.193979,0.000032,-0.488579
59.5122,state,-0.018926,-0.209785,0.716872,3.049615
59.5222,state,-0.001552,-0.018363,0.058794,3.184765
59.5323,state,-0.000127,0.141091,0.004822,2.028462
59.5334,desired,0.000000,0.000000,0.000000,0.000000
59.5421,state,-0.000010,0.204087,0.000395,0.574827
59.5521,state,-0.000001,0.193979,0.000032,-0.488579
59.5622,state,-0.018926,-0.209785,0.716872,3.049615
59.5630,desired,0.000000,0.000000,0.000000,0.000000
59.5721,state,-0.001552,-0.018363,0.058794,3.184765
59.5821,state,-0.000127,0.141091,0.004822,2.028462
59.5923,state,-0.000010,0.204087,0.000395,0.574827
59.5934,desired,0.000000,0.000000,0.000000,0.000000
59.6021,state,-0.000001,0.193979,0.000032,-0.488579
59.6052,state,-0.000000,0.130483,0.000003,-1.291881
59.6122,state,-0.001552,-0.018363,0.058794,3.184765
59.6222,state,-0.000127,0.141091,0.004822,2.028462
59.6235,desired,0.000000,0.000000,0.000000,0.000000
59.6321,state,-0.000010,0.204087,0.000395,0.574827
59.6421,state,-0.000001,0.193979,0.000032,-0.488579
59.6521,state,-0.000000,0.130483,0.000003,-1.291881
59.6532,desired,0.000000,0.000000,0.000000,0.000000
59.6621,state,-0.001552,-0.018363,0.058794,3.184765
59.6721,state,-0.000127,0.141091,0.004822,2.028462
59.6821,state,-0.000010,0.204087,0.000395,0.574827
59.6832,desired,0.000000,0.000000,0.000000,0.000000
59.6921,state,-0.000001,0.193979,0.000032,-0.488579
59.7021,state,-0.000000,0.130483,0.000003,-1.291881
59.7039,state,-0.000000,0.039908,0.000000,-1.241204
59.7063,state,-0.000000,0.036988,0.000000,0.343750
59.7132,desired,0.000000,0.000000,0.000000,0.000000
59.7136,state,-0.000010,0.204087,0.000395,0.574827
59.7221,state,-0.000001,0.193979,0.000032,-0.488579
59.7322,state,-0.000000,0.130483,0.000003,-1.291881
59.7421,state,-0.000000,0.039908,0.000000,-1.241204
59.7429,desired,0.000000,0.000000,0.000000,0.000000
59.7521,state,-0.000000,0.036988,0.000000,0.343750
59.7621,state,-0.000010,0.204087,0.000395,0.574827
59.7631,desired,0.000000,0.000000,0.000000,0.000000
59.7721,state,-0.000001,0.193979,0.000032,-0.488579
59.7821,state,-0.000000,0.130483,0.000003,-1.291881
59.7921,state,-0.000000,0.039908,0.000000,-1.241204
59.7934,desired,0.000000,0.000000,0.000000,0.000000
59.8022,state,-0.000000,0.036988,0.000000,0.343750
59.8045,state,-0.000000,0.050612,0.000000,0.055568
59.8064,state,-0.000000,0.045303,0.000000,-0.120150
59.8121,state,-0.000000,0.130483,0.000003,-1.291881
59.8222,state,-0.000000,0.039908,0.000000,-1.241204
59.8232,desired,0.000000,0.000000,0.000000,0.000000
59.8321,state,-0.000000,0.036988,0.000000,0.343750
59.8421,state,-0.000000,0.050612,0.000000,0.055568
59.8521,state,-0.000000,0.045303,0.000000,-0.120150
59.8529,desired,0.000000,0.000000,0.000000,0.000000
59.8621,state,-0.000000,0.130483,0.000003,-1.291881
59.8721,state,-0.000000,0.039908,0.000000,-1.241204
59.8828,desired,0.000000,0.000000,0.000000,0.000000
59.8832,state,-0.000000,0.036988,0.000000,0.343750
59.8922,state,-0.000000,0.050612,0.000000,0.055568
59.9021,state,-0.000000,0.045303,0.000000,-0.120150
59.9035,state,-0.000000,0.041621,0.000000,-0.032498
59.9121,state,-0.000000,0.039908,0.000000,-1.241204
59.9132,desired,0.000000,0.000000,0.000000,0.000000
59.9221,state,-0.000000,0.036988,0.000000,0.343750
59.9321,state,-0.000000,0.050612,0.000000,0.055568
59.9421,state,-0.000000,0.045303,0.000000,-0.120150
59.9431,desired,0.000000,0.000000,0.000000,0.000000
59.9521,state,-0.000000,0.041621,0.000000,-0.032498
59.9622,state,-0.000000,0.039908,0.000000,-1.241204
59.9633,desired,0.000000,0.000000,0.000000,0.000000
59.9720,state,-0.000000,0.036988,0.000000,0.343750
59.9821,state,-0.000000,0.050612,0.000000,0.055568
59.9921,state,-0.000000,0.045303,0.000000,-0.120150
59.9930,desired,0.000000,0.000000,0.000000,0.000000
60.0020,state,-0.000000,0.041621,0.000000,-0.032498
60.0120,state,-0.000000,0.039908,0.000000,-1.241204
60.0220,state,-0.000000,0.036988,0.000000,0.343750
60.0225,desired,0.000000,0.000000,0.000000,0.000000
60.0321,state,-0.000000,0.050612,0.000000,0.055568
60.0421,state,-0.000000,0.045303,0.000000,-0.120150
60.0439,state,-0.000000,0.039673,0.000000,-0.028177
60.0442,state,-0.000000,0.037942,0.000000,-0.024998
60.0524,desired,0.000000,0.000000,0.000000,0.000000
60.0527,state,-0.000000,0.036988,0.000000,0.343750
60.0621,state,-0.000000,0.050612,0.000000,0.055568
60.0722,state,-0.000000,0.045303,0.000000,-0.120150
60.0730,desired,0.000000,0.000000,0.000000,0.000000
60.0821,state,-0.000000,0.039673,0.000000,-0.028177
60.0921,state,-0.000000,0.037942,0.000000,-0.024998
60.1021,state,-0.000000,0.036988,0.000000,0.343750
60.1027,desired,0.000000,0.000000,0.000000,0.000000
60.1121,state,-0.000000,0.050612,0.000000,0.055568
60.1136,state,-0.000000,0.036393,0.000000,-0.022319
60.1140,state,-0.000000,0.034999,0.000000,-0.020043
60.1221,state,-0.000000,0.037942,0.000000,-0.024998
60.1229,desired,0.000000,0.000000,0.000000,0.000000
60.1320,state,-0.000000,0.036988,0.000000,0.343750
60.1422,state,-0.000000,0.050612,0.000000,0.055568
60.1521,state,-0.000000,0.036393,0.000000,-0.022319
60.1527,desired,0.000000,0.000000,0.000000,0.000000
60.1620,state,-0.000000,0.034999,0.000000,-0.020043
60.1721,state,-0.000000,0.037942,0.000000,-0.024998
60.1820,state,-0.000000,0.036988,0.000000,0.343750
60.1827,desired,0.000000,0.000000,0.000000,0.000000
60.1921,state,-0.000000,0.050612,0.000000,0.055568
60.2020,state,-0.000000,0.036393,0.000000,-0.022319
60.2121,state,-0.000000,0.034999,0.000000,-0.020043
60.2127,desired,0.000000,0.000000,0.000000,0.000000
60.2136,state,-0.000000,0.033737,0.000000,-0.018096
60.2221,state,-0.000000,0.036988,0.000000,0.343750
60.2321,state,-0.000000,0.050612,0.000000,0.055568
60.2421,state,-0.000000,0.036393,0.000000,-0.022319
60.2427,desired,0.000000,0.000000,0.000000,0.000000
60.2521,state,-0.000000,0.034999,0.000000,-0.020043
60.2621,state,-0.000000,0.033737,0.000000,-0.018096
60.2727,desired,0.000000,0.000000,0.000000,0.000000
60.2731,state,-0.000000,0.036988,0.000000,0.343750
60.2821,state,-0.000000,0.050612,0.000000,0.055568
60.2927,desired,0.000000,0.000000,0.000000,0.000000
60.2931,state,-0.000000,0.036393,0.000000,-0.022319
60.3021,state,-0.000000,0.034999,0.000000,-0.020043
60.3122,state,-0.000000,0.033737,0.000000,-0.018096
60.3129,desired,0.000000,0.000000,0.000000,0.000000
60.3135,state,-0.000000,0.032589,0.000000,-0.016419
60.3146,state,-0.000000,0.031539,0.000000,-0.014963
60.3221,state,-0.000000,0.036393,0.000000,-0.022319
60.3321,state,-0.000000,0.034999,0.000000,-0.020043
60.3427,desired,0.000000,0.000000,0.000000,0.000000
60.3431,state,-0.000000,0.033737,0.000000,-0.018096
60.3521,state,-0.000000,0.032589,0.000000,-0.016419
60.3622,state,-0.000000,0.031539,0.000000,-0.014963
60.3721,state,-0.000000,0.036393,0.000000,-0.022319
60.3727,desired,0.000000,0.000000,0.000000,0.000000
60.3821,state,-0.000000,0.034999,0.000000,-0.020043
60.3921,state,-0.000000,0.033737,0.000000,-0.018096
60.3927,desired,0.000000,0.000000,0.000000,0.000000
60.4021,state,-0.000000,0.032589,0.000000,-0.016419
60.4038,state,-0.000000,0.030575,0.000000,-0.013693
60.4052,state,-0.000000,0.029686,0.000000,-0.012579
60.4127,desired,0.000000,0.000000,0.000000,0.000000
60.4131,state,-0.000000,0.034999,0.000000,-0.020043
60.4222,state,-0.000000,0.033737,0.000000,-0.018096
60.4321,state,-0.000000,0.032589,0.000000,-0.016419
60.4421,state,-0.000000,0.030575,0.000000,-0.013693
60.4427,desired,0.000000,0.000000,0.000000,0.000000
60.4520,state,-0.000000,0.029686,0.000000,-0.012579
60.4621,state,-0.000000,0.034999,0.000000,-0.020043
60.4721,state,-0.000000,0.033737,0.000000,-0.018096
60.4727,desired,0.000000,0.000000,0.000000,0.000000
60.4821,state,-0.000000,0.032589,0.000000,-0.016419
60.4921,state,-0.000000,0.030575,0.000000,-0.013693
60.5025,desired,0.000000,0.000000,0.000000,0.000000
60.5027,state,-0.000000,0.029686,0.000000,-0.012579
60.5054,state,-0.000000,0.028864,0.000000,-0.011596
60.5121,state,-0.000000,0.033737,0.000000,-0.018096
60.5221,state,-0.000000,0.032589,0.000000,-0.016419
60.5322,state,-0.000000,0.030575,0.000000,-0.013693
60.5330,desired,0.000000,0.000000,0.000000,0.000000
60.5421,state,-0.000000,0.029686,0.000000,-0.012579
60.5522,state,-0.000000,0.028864,0.000000,-0.011596
60.5621,state,-0.000000,0.033737,0.000000,-0.018096
60.5627,desired,0.000000,0.000000,0.000000,0.000000
60.5722,state,-0.000000,0.032589,0.000000,-0.016419
60.5822,state,-0.000000,0.030575,0.000000,-0.013693
60.5830,desired,0.000000,0.000000,0.000000,0.000000
60.5921,state,-0.000000,0.029686,0.000000,-0.012579
60.6021,state,-0.000000,0.028864,0.000000,-0.011596
60.6034,state,-0.000000,0.028101,0.000000,-0.010724
60.6120,state,-0.000000,0.032589,0.000000,-0.016419
60.6128,desired,0.000000,0.000000,0.000000,0.000000
60.6142,state,-0.000000,0.027390,0.000000,-0.009948
60.6222,state,-0.000000,0.029686,0.000000,-0.012579
60.6321,state,-0.000000,0.028864,0.000000,-0.011596
60.6421,state,-0.000000,0.028101,0.000000,-0.010724
60.6429,desired,0.000000,0.000000,0.000000,0.000000
60.6520,state,-0.000000,0.032589,0.000000,-0.016419
60.6621,state,-0.000000,0.027390,0.000000,-0.009948
60.6720,state,-0.000000,0.029686,0.000000,-0.012579
60.6726,desired,0.000000,0.000000,0.000000,0.000000
60.6821,state,-0.000000,0.028864,0.000000,-0.011596
60.6921,state,-0.000000,0.028101,0.000000,-0.010724
60.6925,desired,0.000000,0.000000,0.000000,0.000000
60.7020,state,-0.000000,0.032589,0.000000,-0.016419
60.7121,state,-0.000000,0.027390,0.000000,-0.009948
60.7129,desired,0.000000,0.000000,0.000000,0.000000
60.7149,state,-0.000000,0.026727,0.000000,-0.009253
60.7170,state,-0.000000,0.026105,0.000000,-0.008630
60.7221,state,-0.000000,0.028101,0.000000,-0.010724
60.7321,state,-0.000000,0.032589,0.000000,-0.016419
60.7420,state,-0.000000,0.027390,0.000000,-0.009948
60.7426,desired,0.000000,0.000000,0.000000,0.000000
60.7520,state,-0.000000,0.026727,0.000000,-0.009253
60.7621,state,-0.000000,0.026105,0.000000,-0.008630
60.7720,state,-0.000000,0.028101,0.000000,-0.010724
60.7726,desired,0.000000,0.000000,0.000000,0.000000
60.7820,state,-0.000000,0.032589,0.000000,-0.016419
60.7922,state,-0.000000,0.027390,0.000000,-0.009948
60.7927,desired,0.000000,0.000000,0.000000,0.000000
60.8021,state,-0.000000,0.026727,0.000000,-0.009253
60.8121,state,-0.000000,0.026105,0.000000,-0.008630
60.8140,state,-0.000000,0.025522,0.000000,-0.008068
60.8222,state,-0.000000,0.032589,0.000000,-0.016419
60.8238,desired,0.000000,0.000000,0.000000,0.000000
60.8321,state,-0.000000,0.027390,0.000000,-0.009948
60.8421,state,-0.000000,0.026727,0.000000,-0.009253
60.8520,state,-0.000000,0.026105,0.000000,-0.008630
60.8525,desired,0.000000,0.000000,0.000000,0.000000
60.8621,state,-0.000000,0.025522,0.000000,-0.008068
60.8721,state,-0.000000,0.032589,0.000000,-0.016419
60.8727,desired,0.000000,0.000000,0.000000,0.000000
60.8821,state,-0.000000,0.027390,0.000000,-0.009948
60.8921,state,-0.000000,0.026727,0.000000,-0.009253
60.8927,desired,0.000000,0.000000,0.000000,0.000000
60.9021,state,-0.000000,0.026105,0.000000,-0.008630
60.9041,state,-0.000000,0.024973,0.000000,-0.007559
60.9069,state,-0.000000,0.024455,0.000000,-0.007098
60.9121,state,-0.000000,0.027390,0.000000,-0.009948
60.9130,desired,0.000000,0.000000,0.000000,0.000000
60.9221,state,-0.000000,0.026727,0.000000,-0.009253
60.9321,state,-0.000000,0.026105,0.000000,-0.008630
60.9424,desired,0.000000,0.000000,0.000000,0.000000
60.9427,state,-0.000000,0.024973,0.000000,-0.007559
60.9520,state,-0.000000,0.024455,0.000000,-0.007098
60.9621,state,-0.000000,0.027390,0.000000,-0.009948
60.9720,state,-0.000000,0.026727,0.000000,-0.009253
60.9726,desired,0.000000,0.000000,0.000000,0.000000
60.9820,state,-0.000000,0.026105,0.000000,-0.008630
60.9920,state,-0.000000,0.024973,0.000000,-0.007559
60.9927,desired,0.000000,0.000000,0.000000,0.000000
61.0021,state,-0.000000,0.024455,0.000000,-0.007098
61.0042,state,-0.000000,0.023965,0.000000,-0.006678
61.0064,state,-0.000000,0.023502,0.000000,-0.006294
61.0120,state,-0.000000,0.026105,0.000000,-0.008630
61.0221,state,-0.000000,0.024973,0.000000,-0.007559
61.0232,desired,0.000000,0.000000,0.000000,0.000000
61.0322,state,-0.000000,0.024455,0.000000,-0.007098
61.0420,state,-0.000000,0.023965,0.000000,-0.006678
61.0520,state,-0.000000,0.023502,0.000000,-0.006294
61.0529,desired,0.000000,0.000000,0.000000,0.000000
61.0621,state,-0.000000,0.026105,0.000000,-0.008630
61.0720,state,-0.000000,0.024973,0.000000,-0.007559
61.0820,state,-0.000000,0.024455,0.000000,-0.007098
61.0826,desired,0.000000,0.000000,0.000000,0.000000
61.0921,state,-0.000000,0.023965,0.000000,-0.006678
61.1020,state,-0.000000,0.023502,0.000000,-0.006294
61.1053,state,-0.000000,0.023063,0.000000,-0.005943
61.1120,state,-0.000000,0.024973,0.000000,-0.007559
61.1126,desired,0.000000,0.000000,4.000000,4.000000
61.1221,state,-0.000000,0.024455,0.000000,-0.007098
61.1321,state,-0.000000,0.023965,0.000000,-0.006678
61.1420,state,-0.000000,0.023502,0.000000,-0.006294
61.1427,desired,0.119990,0.119990,4.000000,4.000000
61.1521,state,-0.000000,0.023063,0.000000,-0.005943
61.1621,state,-0.000000,0.024973,0.000000,-0.007559
61.1724,desired,0.240001,0.240001,4.000000,4.000000
61.1727,state,-0.000000,0.024455,0.000000,-0.007098
61.1820,state,-0.000000,0.023965,0.000000,-0.006678
61.1921,state,-0.000000,0.023502,0.000000,-0.006294
61.2020,state,-0.000000,0.023063,0.000000,-0.005943
61.2026,desired,0.360024,0.360024,4.000000,4.000000
61.2038,state,-0.000000,0.022645,0.000000,-0.005621
61.2121,state,-0.000000,0.024455,0.000000,-0.007098
61.2141,state,-0.000000,0.022247,0.000000,-0.005324
61.2221,state,-0.000000,0.023502,0.000000,-0.006294
61.2227,desired,0.440096,0.440096,4.000000,4.000000
61.2321,state,-0.000000,0.023063,0.000000,-0.005943
61.2421,state,-0.000000,0.022645,0.000000,-0.005621
61.2521,state,-0.000000,0.024455,0.000000,-0.007098
61.2527,desired,0.560048,0.560048,4.000000,4.000000
61.2621,state,-0.000000,0.022247,0.000000,-0.005324
61.2721,state,-0.000000,0.023502,0.000000,-0.006294
61.2821,state,-0.000000,0.023063,0.000000,-0.005943
61.2827,desired,0.680048,0.680048,4.000000,4.000000
61.2922,state,-0.000000,0.022645,0.000000,-0.005621
61.3021,state,-0.000000,0.024455,0.000000,-0.007098
61.3027,desired,0.760079,0.760079,4.000000,4.000000
61.3041,state,0.156787,0.040868,6.147118,0.958422
61.3062,state,0.305000,0.145377,0.566983,1.977122
61.3122,state,-0.000000,0.023063,0.000000,-0.005943
61.3221,state,-0.000000,0.022645,0.000000,-0.005621
61.3321,state,-0.000000,0.024455,0.000000,-0.007098
61.3327,desired,0.880050,0.880050,4.000000,4.000000
61.3420,state,0.156787,0.040868,6.147118,0.958422
61.3520,state,0.305000,0.145377,0.566983,1.977122
61.3621,state,-0.000000,0.023063,0.000000,-0.005943
61.3627,desired,1.000000,1.000000,0.000000,0.000000
61.3721,state,-0.000000,0.022645,0.000000,-0.005621
61.3821,state,-0.000000,0.024455,0.000000,-0.007098
61.3922,state,0.156787,0.040868,6.147118,0.958422
61.3931,desired,1.000000,1.000000,0.000000,0.000000
61.4021,state,0.305000,0.145377,0.566983,1.977122
61.4045,state,0.627361,0.282563,3.511114,2.382821
61.4120,state,-0.000000,0.022645,0.000000,-0.005621
61.4220,state,-0.000000,0.024455,0.000000,-0.007098
61.4224,desired,1.000000,1.000000,0.000000,0.000000
61.4320,state,0.156787,0.040868,6.147118,0.958422
61.4420,state,0.305000,0.145377,0.566983,1.977122
61.4520,state,0.627361,0.282563,3.511114,2.382821
61.4526,desired,1.000000,1.000000,0.000000,0.000000
61.4620,state,-0.000000,0.022645,0.000000,-0.005621
61.4720,state,-0.000000,0.024455,0.000000,-0.007098
61.4820,state,0.156787,0.040868,6.147118,0.958422
61.4825,desired,1.000000,1.000000,0.000000,0.000000
61.4921,state,0.305000,0.145377,0.566983,1.977122
61.5020,state,0.627361,0.282563,3.511114,2.382821
61.5120,state,-0.000000,0.022645,0.000000,-0.005621
61.5125,desired,1.000000,1.000000,0.000000,0.000000
61.5133,state,0.709143,0.436740,0.413529,2.622667
61.5141,state,0.967790,0.601783,1.216093,2.784203
61.5220,state,0.305000,0.145377,0.566983,1.977122
61.5320,state,0.627361,0.282563,3.511114,2.382821
61.5325,desired,1.000000,1.000000,0.000000,0.000000
61.5420,state,-0.000000,0.022645,0.000000,-0.005621
61.5520,state,0.709143,0.436740,0.413529,2.622667
61.5620,state,0.967790,0.601783,1.216093,2.784203
61.5625,desired,1.000000,1.000000,0.000000,0.000000
61.5720,state,0.305000,0.145377,0.566983,1.977122
61.5839,state,0.627361,0.282563,3.511114,2.382821
61.5921,state,-0.000000,0.022645,0.000000,-0.005621
61.5928,desired,1.000000,1.000000,0.000000,0.000000
61.6020,state,0.709143,0.436740,0.413529,2.622667
61.6120,state,0.967790,0.601783,1.216093,2.784203
61.6133,state,0.993054,0.774219,0.259214,2.896547
61.6139,state,0.995147,0.951686,0.179969,2.973747
61.6220,state,-0.000000,0.022645,0.000000,-0.005621
61.6227,desired,1.000000,1.000000,0.000000,0.000000
61.6321,state,0.709143,0.436740,0.413529,2.622667
61.6420,state,0.967790,0.601783,1.216093,2.784203
61.6520,state,0.993054,0.774219,0.259214,2.896547
61.6527,desired,1.000000,1.000000,0.000000,0.000000
61.6621,state,0.995147,0.951686,0.179969,2.973747
61.6721,state,-0.000000,0.022645,0.000000,-0.005621
61.6727,desired,1.000000,1.000000,0.000000,0.000000
61.6820,state,0.709143,0.436740,0.413529,2.622667
61.6921,state,0.967790,0.601783,1.216093,2.784203
61.7020,state,0.993054,0.774219,0.259214,2.896547
61.7026,desired,1.000000,1.000000,0.000000,0.000000
61.7120,state,0.995147,0.951686,0.179969,2.973747
61.7137,state,0.995320,1.104921,0.173405,1.999679
61.7222,state,0.709143,0.436740,0.413529,2.622667
61.7230,desired,1.000000,1.000000,0.000000,0.000000
61.7321,state,0.967790,0.601783,1.216093,2.784203
61.7421,state,0.993054,0.774219,0.259214,2.896547
61.7520,state,0.995147,0.951686,0.179969,2.973747
61.7527,desired,1.000000,1.000000,0.000000,0.000000
61.7621,state,0.995320,1.104921,0.173405,1.999679
61.7721,state,0.709143,0.436740,0.413529,2.622667
61.7727,desired,1.000000,1.000000,0.000000,0.000000
61.7820,state,0.967790,0.601783,1.216093,2.784203
61.7921,state,0.993054,0.774219,0.259214,2.896547
61.8021,state,0.995147,0.951686,0.179969,2.973747
61.8027,desired,1.000000,1.000000,0.000000,0.000000
61.8036,state,0.995334,1.157886,0.172864,0.392047
61.8121,state,0.709143,0.436740,0.413529,2.622667
61.8136,state,0.995335,1.130153,0.172816,-0.783053
61.8221,state,0.993054,0.774219,0.259214,2.896547
61.8321,state,0.995147,0.951686,0.179969,2.973747
61.8327,desired,1.000000,1.000000,0.000000,0.000000
61.8421,state,0.995334,1.157886,0.172864,0.392047
61.8520,state,0.709143,0.436740,0.413529,2.622667
61.8621,state,0.995335,1.130153,0.172816,-0.783053
61.8627,desired,1.000000,1.000000,0.000000,0.000000
61.8720,state,0.993054,0.774219,0.259214,2.896547
61.8821,state,0.995147,0.951686,0.179969,2.973747
61.8920,state,0.995334,1.157886,0.172864,0.392047
61.8927,desired,1.000000,1.000000,0.000000,0.000000
61.9021,state,0.709143,0.436740,0.413529,2.622667
61.9055,state,0.995335,1.048830,0.172817,-1.427519
61.9069,state,0.995335,1.030150,0.172817,0.218478
61.9125,desired,1.000000,1.000000,0.000000,0.000000
61.9127,state,0.995147,0.951686,0.179969,2.973747
61.9220,state,0.995334,1.157886,0.172864,0.392047
61.9321,state,0.709143,0.436740,0.413529,2.622667
61.9420,state,0.995335,1.048830,0.172817,-1.427519
61.9426,desired,1.000000,1.000000,0.000000,0.000000
61.9520,state,0.995335,1.030150,0.172817,0.218478
61.9620,state,0.995147,0.951686,0.179969,2.973747
61.9724,desired,1.000000,1.000000,0.000000,0.000000
61.9727,state,0.995334,1.157886,0.172864,0.392047
61.9820,state,0.709143,0.436740,0.413529,2.622667
61.9920,state,0.995335,1.048830,0.172817,-1.427519
62.0020,state,0.995335,1.030150,0.172817,0.218478
62.0025,desired,1.000000,1.000000,0.000000,0.000000
62.0120,state,0.995147,0.951686,0.179969,2.973747
62.0139,state,0.995335,1.040275,0.172817,0.067045
62.0220,state,0.709143,0.436740,0.413529,2.622667
62.0320,state,0.995335,1.048830,0.172817,-1.427519
62.0325,desired,1.000000,1.000000,0.000000,0.000000
62.0420,state,0.995335,1.030150,0.172817,0.218478
62.0520,state,0.995147,0.951686,0.179969,2.973747
62.0621,state,0.995335,1.040275,0.172817,0.067045
62.0625,desired,1.000000,1.000000,0.000000,0.000000
62.0721,state,0.709143,0.436740,0.413529,2.622667
62.0820,state,0.995335,1.048830,0.172817,-1.427519
62.0921,state,0.995335,1.030150,0.172817,0.218478
62.0927,desired,1.000000,1.000000,0.000000,0.000000
62.1020,state,0.995147,0.951686,0.179969,2.973747
62.1032,state,0.995335,1.035709,0.172817,-0.050546
62.1121,state,0.709143,0.436740,0.413529,2.622667
62.1129,desired,1.000000,1.000000,0.000000,0.000000
62.1160,state,0.995335,1.031952,0.172817,-0.015652
62.1220,state,0.995335,1.030150,0.172817,0.218478
62.1321,state,0.995147,0.951686,0.179969,2.973747
62.1420,state,0.995335,1.035709,0.172817,-0.050546
62.1427,desired,1.000000,1.000000,0.000000,0.000000
62.1520,state,0.709143,0.436740,0.413529,2.622667
62.1621,state,0.995335,1.031952,0.172817,-0.015652
62.1725,desired,1.000000,1.000000,0.000000,0.000000
62.1727,state,0.995335,1.030150,0.172817,0.218478
62.1820,state,0.995147,0.951686,0.179969,2.973747
62.1921,state,0.995335,1.035709,0.172817,-0.050546
62.2021,state,0.709143,0.436740,0.413529,2.622667
62.2027,desired,1.000000,1.000000,0.000000,0.000000
62.2120,state,0.995335,1.031952,0.172817,-0.015652
62.2135,state,0.995335,1.028944,0.172817,-0.011554
62.2142,state,0.995335,1.026144,0.172817,-0.008559
62.2221,state,0.995335,1.035709,0.172817,-0.050546
62.2320,state,0.709143,0.436740,0.413529,2.622667
62.2327,desired,1.000000,1.000000,0.000000,0.000000
62.2420,state,0.995335,1.031952,0.172817,-0.015652
62.2520,state,0.995335,1.028944,0.172817,-0.011554
62.2624,desired,1.000000,1.000000,0.000000,0.000000
62.2627,state,0.995335,1.026144,0.172817,-0.008559
62.2721,state,0.995335,1.035709,0.172817,-0.050546
62.2820,state,0.709143,0.436740,0.413529,2.622667
62.2920,state,0.995335,1.031952,0.172817,-0.015652
62.2927,desired,1.000000,1.000000,0.000000,0.000000
62.3021,state,0.995335,1.028944,0.172817,-0.011554
62.3053,state,0.995335,1.023509,0.172817,-0.006210
62.3120,state,0.995335,1.035709,0.172817,-0.050546
62.3126,desired,1.000000,1.000000,0.000000,0.000000
62.3221,state,0.709143,0.436740,0.413529,2.622667
62.3321,state,0.995335,1.031952,0.172817,-0.015652
62.3424,desired,1.000000,1.000000,0.000000,0.000000
62.3427,state,0.995335,1.028944,0.172817,-0.011554
62.3521,state,0.995335,1.023509,0.172817,-0.006210
62.3621,state,0.995335,1.035709,0.172817,-0.050546
62.3721,state,0.709143,0.436740,0.413529,2.622667
62.3727,desired,1.000000,1.000000,0.000000,0.000000
62.3820,state,0.995335,1.031952,0.172817,-0.015652
62.3921,state,0.995335,1.028944,0.172817,-0.011554
62.4021,state,0.995335,1.023509,0.172817,-0.006210
62.4027,desired,1.000000,1.000000,0.000000,0.000000
62.4036,state,0.995335,1.021001,0.172817,-0.004387
62.4122,state,0.709143,0.436740,0.413529,2.622667
62.4140,state,0.995335,1.018593,0.172817,-0.002989
62.4221,state,0.995335,1.028944,0.172817,-0.011554
62.4322,state,0.995335,1.023509,0.172817,-0.006210
62.4330,desired,1.000000,1.000000,0.000000,0.000000
62.4421,state,0.995335,1.021001,0.172817,-0.004387
62.4521,state,0.709143,0.436740,0.413529,2.622667
62.4625,desired,1.000000,1.000000,0.000000,0.000000
62.4627,state,0.995335,1.018593,0.172817,-0.002989
62.4721,state,0.995335,1.028944,0.172817,-0.011554
62.4821,state,0.995335,1.023509,0.172817,-0.006210
62.4924,desired,1.000000,1.000000,0.000000,0.000000
62.4927,state,0.995335,1.021001,0.172817,-0.004387
62.5021,state,0.709143,0.436740,0.413529,2.622667
62.5051,state,0.995335,1.016261,0.172817,-0.001942
62.5053,state,0.995335,1.013985,0.172817,-0.001180
62.5121,state,0.995335,1.023509,0.172817,-0.006210
62.5225,desired,1.000000,1.000000,0.000000,0.000000
62.5227,state,0.995335,1.021001,0.172817,-0.004387
62.5321,state,0.709143,0.436740,0.413529,2.622667
62.5421,state,0.995335,1.016261,0.172817,-0.001942
62.5525,desired,1.000000,1.000000,0.000000,0.000000
62.5527,state,0.995335,1.013985,0.172817,-0.001180
62.5621,state,0.995335,1.023509,0.172817,-0.006210
62.5721,state,0.995335,1.021001,0.172817,-0.004387
62.5825,desired,1.000000,1.000000,0.000000,0.000000
62.5827,state,0.709143,0.436740,0.413529,2.622667
62.5921,state,0.995335,1.016261,0.172817,-0.001942
62.6021,state,0.995335,1.013985,0.172817,-0.001180
62.6026,desired,1.000000,1.000000,0.000000,0.000000
62.6121,state,0.995335,1.023509,0.172817,-0.006210
62.6138,state,0.995335,1.011750,0.172817,-0.000655
62.6222,state,0.709143,0.436740,0.413529,2.622667
62.6233,desired,1.000000,1.000000,0.000000,0.000000
62.6321,state,0.995335,1.016261,0.172817,-0.001942
62.6421,state,0.995335,1.013985,0.172817,-0.001180
62.6520,state,0.995335,1.023509,0.172817,-0.006210
62.6527,desired,1.000000,1.000000,0.000000,0.000000
62.6620,state,0.995335,1.011750,0.172817,-0.000655
62.6721,state,0.709143,0.436740,0.413529,2.622667
62.6726,desired,1.000000,1.000000,0.000000,0.000000
62.6820,state,0.995335,1.016261,0.172817,-0.001942
62.6920,state,0.995335,1.013985,0.172817,-0.001180
62.7023,desired,1.000000,1.000000,0.000000,0.000000
62.7025,state,0.995335,1.023509,0.172817,-0.006210
62.7120,state,0.995335,1.011750,0.172817,-0.000655
62.7139,state,0.995335,1.009544,0.172817,-0.000314
62.7146,state,0.995335,1.007356,0.172817,-0.000120
62.7221,state,0.995335,1.013985,0.172817,-0.001180
62.7323,desired,1.000000,1.000000,0.000000,0.000000
62.7325,state,0.995335,1.023509,0.172817,-0.006210
62.7420,state,0.995335,1.011750,0.172817,-0.000655
62.7520,state,0.995335,1.009544,0.172817,-0.000314
62.7623,desired,1.000000,1.000000,0.000000,0.000000
62.7625,state,0.995335,1.007356,0.172817,-0.000120
62.7720,state,0.995335,1.013985,0.172817,-0.001180
62.7820,state,0.995335,1.023509,0.172817,-0.006210
62.7920,state,0.995335,1.011750,0.172817,-0.000655
62.7925,desired,1.000000,1.000000,0.000000,0.000000
62.8020,state,0.995335,1.009544,0.172817,-0.000314
62.8120,state,0.995335,1.007356,0.172817,-0.000120
62.8133,state,0.995335,1.005178,0.172817,-0.000031
62.8140,state,0.995335,1.003007,0.172817,-0.000002
62.8220,state,0.995335,1.011750,0.172817,-0.000655
62.8225,desired,1.000000,1.000000,0.000000,0.000000
62.8320,state,0.995335,1.009544,0.172817,-0.000314
62.8420,state,0.995335,1.007356,0.172817,-0.000120
62.8520,state,0.995335,1.005178,0.172817,-0.000031
62.8527,desired,1.000000,1.000000,0.000000,0.000000
62.8620,state,0.995335,1.003007,0.172817,-0.000002
62.8720,state,0.995335,1.011750,0.172817,-0.000655
62.8820,state,0.995335,1.009544,0.172817,-0.000314
62.8825,desired,1.000000,1.000000,0.000000,0.000000
62.8920,state,0.995335,1.007356,0.172817,-0.000120
62.9021,state,0.995335,1.005178,0.172817,-0.000031
62.9121,state,0.995335,1.003007,0.172817,-0.000002
62.9125,desired,1.000000,1.000000,0.000000,0.000000
62.9142,state,0.995335,1.000839,0.172817,-0.000001
62.9221,state,0.995335,1.009544,0.172817,-0.000314
62.9320,state,0.995335,1.007356,0.172817,-0.000120
62.9420,state,0.995335,1.005178,0.172817,-0.000031
62.9427,desired,1.000000,1.000000,0.000000,0.000000
62.9521,state,0.995335,1.003007,0.172817,-0.000002
62.9621,state,0.995335,1.000839,0.172817,-0.000001
62.9721,state,0.995335,1.009544,0.172817,-0.000314
62.9727,desired,1.000000,1.000000,0.000000,0.000000
62.9821,state,0.995335,1.007356,0.172817,-0.000120
62.9921,state,0.995335,1.005178,0.172817,-0.000031
62.9927,desired,1.000000,1.000000,0.000000,0.000000
63.0022,state,0.995335,1.003007,0.172817,-0.000002
63.0036,state,0.995335,0.998674,0.172817,0.000017
63.0120,state,0.995335,1.009544,0.172817,-0.000314
63.0135,state,0.995335,0.996516,0.172817,0.000091
63.0221,state,0.995335,1.005178,0.172817,-0.000031
63.0228,desired,1.000000,1.000000,0.000000,0.000000
63.0320,state,0.995335,1.003007,0.172817,-0.000002
63.0420,state,0.995335,0.998674,0.172817,0.000017
63.0525,desired,1.000000,1.000000,0.000000,0.000000
63.0527,state,0.995335,1.009544,0.172817,-0.000314
63.0621,state,0.995335,0.996516,0.172817,0.000091
63.0722,state,0.995335,1.005178,0.172817,-0.000031
63.0730,desired,1.000000,1.000000,0.000000,0.000000
63.0821,state,0.995335,1.003007,0.172817,-0.000002
63.0922,state,0.995335,0.998674,0.172817,0.000017
63.0930,desired,1.000000,1.000000,0.000000,0.000000
63.1021,state,0.995335,1.009544,0.172817,-0.000314
63.1058,state,0.995335,0.994368,0.172817,0.000257
63.1061,state,0.995335,0.992239,0.172817,0.000545
63.1122,state,0.995335,1.003007,0.172817,-0.000002
63.1221,state,0.995335,0.998674,0.172817,0.000017
63.1226,desired,1.000000,1.000000,0.000000,0.000000
63.1321,state,0.995335,1.009544,0.172817,-0.000314
63.1420,state,0.995335,0.994368,0.172817,0.000257
63.1521,state,0.995335,0.992239,0.172817,0.000545
63.1527,desired,1.000000,1.000000,0.000000,0.000000
63.1621,state,0.995335,1.003007,0.172817,-0.000002
63.1721,state,0.995335,0.998674,0.172817,0.000017
63.1821,state,0.995335,1.009544,0.172817,-0.000314
63.1827,desired,1.000000,1.000000,0.000000,0.000000
63.1921,state,0.995335,0.994368,0.172817,0.000257
63.2021,state,0.995335,0.992239,0.172817,0.000545
63.2027,desired,1.000000,1.000000,0.000000,0.000000
63.2059,state,0.995335,0.990138,0.172817,0.000989
63.2121,state,0.995335,0.998674,0.172817,0.000017
63.2222,state,0.995335,1.009544,0.172817,-0.000314
63.2230,desired,1.000000,1.000000,0.000000,0.000000
63.2321,state,0.995335,0.994368,0.172817,0.000257
63.2421,state,0.995335,0.992239,0.172817,0.000545
63.2527,desired,1.000000,1.000000,0.000000,0.000000
63.2530,state,0.995335,0.990138,0.172817,0.000989
63.2621,state,0.995335,0.998674,0.172817,0.000017
63.2721,state,0.995335,1.009544,0.172817,-0.000314
63.2822,state,0.995335,0.994368,0.172817,0.000257
63.2830,desired,1.000000,1.000000,0.000000,0.000000
63.2921,state,0.995335,0.992239,0.172817,0.000545
63.3021,state,0.995335,0.990138,0.172817,0.000989
63.3032,state,0.995335,0.988074,0.172817,0.001602
63.3121,state,0.995335,1.009544,0.172817,-0.000314
63.3127,desired,1.000000,1.000000,0.000000,0.000000
63.3150,state,0.995335,0.986059,0.172817,0.002398
63.3221,state,0.995335,0.992239,0.172817,0.000545
63.3321,state,0.995335,0.990138,0.172817,0.000989
63.3421,state,0.995335,0.988074,0.172817,0.001602
63.3427,desired,1.000000,1.000000,0.000000,0.000000
63.3521,state,0.995335,1.009544,0.172817,-0.000314
63.3621,state,0.995335,0.986059,0.172817,0.002398
63.3625,desired,1.000000,1.000000,0.000000,0.000000
63.3721,state,0.995335,0.992239,0.172817,0.000545
63.3821,state,0.995335,0.990138,0.172817,0.000989
63.3921,state,0.995335,0.988074,0.172817,0.001602
63.3927,desired,1.000000,1.000000,0.000000,0.000000
63.4021,state,0.995335,1.009544,0.172817,-0.000314
63.4120,state,0.995335,0.986059,0.172817,0.002398
63.4141,state,0.995335,0.984104,0.172817,0.003373
63.4161,state,0.995335,0.982126,0.172817,0.001692
63.4224,desired,1.000000,1.000000,0.000000,0.000000
63.4226,state,0.995335,0.988074,0.172817,0.001602
63.4321,state,0.995335,1.009544,0.172817,-0.000314
63.4421,state,0.995335,0.986059,0.172817,0.002398
63.4427,desired,1.000000,1.000000,0.000000,0.000000
63.4522,state,0.995335,0.984104,0.172817,0.003373
63.4621,state,0.995335,0.982126,0.172817,0.001692
63.4627,desired,1.000000,1.000000,0.000000,0.000000
63.4721,state,0.995335,0.988074,0.172817,0.001602
63.4821,state,0.995335,1.009544,0.172817,-0.000314
63.4921,state,0.995335,0.986059,0.172817,0.002398
63.4927,desired,1.000000,1.000000,0.000000,0.000000
63.5020,state,0.995335,0.984104,0.172817,0.003373
63.5120,state,0.995335,0.982126,0.172817,0.001692
63.5143,state,0.995335,0.980202,0.172817,0.004152
63.5221,state,0.995335,1.009544,0.172817,-0.000314
63.5227,desired,1.000000,1.000000,0.000000,0.000000
63.5320,state,0.995335,0.986059,0.172817,0.002398
63.5420,state,0.995335,0.984104,0.172817,0.003373
63.5521,state,0.995335,0.982126,0.172817,0.001692
63.5527,desired,1.000000,1.000000,0.000000,0.000000
63.5621,state,0.995335,0.980202,0.172817,0.004152
63.5724,desired,1.000000,1.000000,0.000000,0.000000
63.5726,state,0.995335,1.009544,0.172817,-0.000314
63.5821,state,0.995335,0.986059,0.172817,0.002398
63.5921,state,0.995335,0.984104,0.172817,0.003373
63.5927,desired,1.000000,1.000000,0.000000,0.000000
63.6021,state,0.995335,0.982126,0.172817,0.001692
63.6041,state,0.995335,0.978368,0.172817,0.005054
63.6054,state,0.995335,0.976653,0.172817,0.006210
63.6120,state,0.995335,0.986059,0.172817,0.002398
63.6224,desired,1.000000,1.000000,0.000000,0.000000
63.6227,state,0.995335,0.984104,0.172817,0.003373
63.6320,state,0.995335,0.982126,0.172817,0.001692
63.6421,state,0.995335,0.978368,0.172817,0.005054
63.6427,desired,1.000000,1.000000,0.000000,0.000000
63.6520,state,0.995335,0.976653,0.172817,0.006210
63.6621,state,0.995335,0.986059,0.172817,0.002398
63.6720,state,0.995335,0.984104,0.172817,0.003373
63.6726,desired,1.000000,1.000000,0.000000,0.000000
63.6821,state,0.995335,0.982126,0.172817,0.001692
63.6926,desired,1.000000,1.000000,0.000000,0.000000
63.6929,state,0.995335,0.978368,0.172817,0.005054
63.7020,state,0.995335,0.976653,0.172817,0.006210
63.7061,state,0.995335,0.975046,0.172817,0.009755
63.7063,state,0.995335,0.973535,0.172817,0.010834
63.7122,state,0.995335,0.982126,0.172817,0.001692
63.7130,desired,1.000000,1.000000,0.000000,0.000000
63.7221,state,0.995335,0.978368,0.172817,0.005054
63.7321,state,0.995335,0.976653,0.172817,0.006210
63.7420,state,0.995335,0.975046,0.172817,0.009755
63.7425,desired,1.000000,1.000000,0.000000,0.000000
63.7520,state,0.995335,0.973535,0.172817,0.010834
63.7620,state,0.995335,0.982126,0.172817,0.001692
63.7720,state,0.995335,0.978368,0.172817,0.005054
63.7725,desired,1.000000,1.000000,0.000000,0.000000
63.7820,state,0.995335,0.976653,0.172817,0.006210
63.7920,state,0.995335,0.975046,0.172817,0.009755
63.8020,state,0.995335,0.973535,0.172817,0.010834
63.8026,desired,1.000000,1.000000,0.000000,0.000000
63.8122,state,0.995335,0.982126,0.172817,0.001692
63.8140,state,0.995335,0.972103,0.172817,0.011392
63.8220,state,0.995335,0.976653,0.172817,0.006210
63.8320,state,0.995335,0.975046,0.172817,0.009755
63.8326,desired,1.000000,1.000000,0.000000,0.000000
63.8420,state,0.995335,0.973535,0.172817,0.010834
63.8520,state,0.995335,0.982126,0.172817,0.001692
63.8621,state,0.995335,0.972103,0.172817,0.011392
63.8627,desired,1.000000,1.000000,-8.000000,-8.000000
63.8720,state,0.995335,0.976653,0.172817,0.006210
63.8820,state,0.995335,0.975046,0.172817,0.009755
63.8920,state,0.995335,0.973535,0.172817,0.010834
63.8925,desired,0.759993,0.759993,-8.000000,-8.000000
63.9020,state,0.995335,0.982126,0.172817,0.001692
63.9121,state,0.995335,0.972103,0.172817,0.011392
63.9142,state,0.995335,0.970803,0.172817,0.013742
63.9151,state,0.995335,0.969584,0.172817,0.014742
63.9221,state,0.995335,0.973535,0.172817,0.010834
63.9226,desired,0.520005,0.520005,-8.000000,-8.000000
63.9320,state,0.995335,0.982126,0.172817,0.001692
63.9420,state,0.995335,0.972103,0.172817,0.011392
63.9520,state,0.995335,0.970803,0.172817,0.013742
63.9526,desired,0.280051,0.280051,-8.000000,-8.000000
63.9620,state,0.995335,0.969584,0.172817,0.014742
63.9721,state,0.995335,0.973535,0.172817,0.010834
63.9727,desired,0.120013,0.120013,-8.000000,-8.000000
63.9820,state,0.995335,0.982126,0.172817,0.001692
63.9920,state,0.995335,0.972103,0.172817,0.011392
64.0023,desired,-0.120027,-0.120027,-8.000000,-8.000000
64.0025,state,0.995335,0.970803,0.172817,0.013742
64.0121,state,0.995335,0.969584,0.172817,0.014742
64.0138,state,0.877744,0.953384,-4.437572,-0.747419
64.0147,state,0.766221,0.859227,-0.239062,-1.812457
64.0220,state,0.995335,0.972103,0.172817,0.011392
64.0321,state,0.995335,0.970803,0.172817,0.013742
64.0326,desired,-0.360085,-0.360085,-8.000000,-8.000000
64.0420,state,0.995335,0.969584,0.172817,0.014742
64.0520,state,0.877744,0.953384,-4.437572,-0.747419
64.0620,state,0.766221,0.859227,-0.239062,-1.812457
64.0625,desired,-0.600000,-0.600000,-8.000000,-8.000000
64.0720,state,0.995335,0.972103,0.172817,0.011392
64.0820,state,0.995335,0.970803,0.172817,0.013742
64.0920,state,0.995335,0.969584,0.172817,0.014742
64.0925,desired,-0.840042,-0.840042,-8.000000,-8.000000
64.1021,state,0.877744,0.953384,-4.437572,-0.747419
64.1120,state,0.766221,0.859227,-0.239062,-1.812457
64.1142,state,0.191050,0.724032,-8.738462,-2.358512
64.1221,state,0.995335,0.970803,0.172817,0.013742
64.1226,desired,-1.000000,-1.000000,0.000000,0.000000
64.1320,state,0.995335,0.969584,0.172817,0.014742
64.1420,state,0.877744,0.953384,-4.437572,-0.747419
64.1527,desired,-1.000000,-1.000000,0.000000,0.000000
64.1530,state,0.766221,0.859227,-0.239062,-1.812457
64.1621,state,0.191050,0.724032,-8.738462,-2.358512
64.1722,state,0.995335,0.970803,0.172817,0.013742
64.1821,state,0.995335,0.969584,0.172817,0.014742
64.1827,desired,-1.000000,-1.000000,0.000000,0.000000
64.1921,state,0.877744,0.953384,-4.437572,-0.747419
64.2020,state,0.766221,0.859227,-0.239062,-1.812457
64.2121,state,0.191050,0.724032,-8.738462,-2.358512
64.2129,desired,-1.000000,-1.000000,0.000000,0.000000
64.2142,state,-0.020829,0.564322,-0.725448,-2.710276
64.2145,state,-0.729741,0.388098,-4.174387,-2.955007
64.2220,state,0.877744,0.953384,-4.437572,-0.747419
64.2320,state,0.766221,0.859227,-0.239062,-1.812457
64.2421,state,0.191050,0.724032,-8.738462,-2.358512
64.2427,desired,-1.000000,-1.000000,0.000000,0.000000
64.2521,state,-0.020829,0.564322,-0.725448,-2.710276
64.2622,state,-0.729741,0.388098,-4.174387,-2.955007
64.2630,desired,-1.000000,-1.000000,0.000000,0.000000
64.2721,state,0.877744,0.953384,-4.437572,-0.747419
64.2821,state,0.766221,0.859227,-0.239062,-1.812457
64.2829,desired,-1.000000,-1.000000,0.000000,0.000000
64.2920,state,0.191050,0.724032,-8.738462,-2.358512
64.3022,state,-0.020829,0.564322,-0.725448,-2.710276
64.3120,state,-0.729741,0.388098,-4.174387,-2.955007
64.3126,desired,-1.000000,-1.000000,0.000000,0.000000
64.3148,state,-0.905522,0.200477,-3.557549,-3.126275
64.3162,state,-0.987894,0.005247,-0.454667,-3.241411
64.3221,state,0.191050,0.724032,-8.738462,-2.358512
64.3320,state,-0.020829,0.564322,-0.725448,-2.710276
64.3420,state,-0.729741,0.388098,-4.174387,-2.955007
64.3427,desired,-1.000000,-1.000000,0.000000,0.000000
64.3522,state,-0.905522,0.200477,-3.557549,-3.126275
64.3621,state,-0.987894,0.005247,-0.454667,-3.241411
64.3725,desired,-1.000000,-1.000000,0.000000,0.000000
64.3727,state,0.191050,0.724032,-8.738462,-2.358512
64.3821,state,-0.020829,0.564322,-0.725448,-2.710276
64.3921,state,-0.729741,0.388098,-4.174387,-2.955007
64.4021,state,-0.905522,0.200477,-3.557549,-3.126275
64.4027,desired,-1.000000,-1.000000,0.000000,0.000000
64.4122,state,-0.987894,0.005247,-0.454667,-3.241411
64.4140,state,-0.994719,-0.194636,-0.196157,-3.312134
64.4221,state,-0.020829,0.564322,-0.725448,-2.710276
64.4321,state,-0.729741,0.388098,-4.174387,-2.955007
64.4327,desired,-1.000000,-1.000000,0.000000,0.000000
64.4421,state,-0.905522,0.200477,-3.557549,-3.126275
64.4521,state,-0.987894,0.005247,-0.454667,-3.241411
64.4622,state,-0.994719,-0.194636,-0.196157,-3.312134
64.4630,desired,-1.000000,-1.000000,0.000000,0.000000
64.4720,state,-0.020829,0.564322,-0.725448,-2.710276
64.4820,state,-0.729741,0.388098,-4.174387,-2.955007
64.4921,state,-0.905522,0.200477,-3.557549,-3.126275
64.4927,desired,-1.000000,-1.000000,0.000000,0.000000
64.5020,state,-0.987894,0.005247,-0.454667,-3.241411
64.5120,state,-0.994719,-0.194636,-0.196157,-3.312134
64.5136,state,-0.995284,-0.396859,-0.174747,-3.347921
64.5147,state,-0.995331,-0.599660,-0.172971,-3.357113
64.5221,state,-0.905522,0.200477,-3.557549,-3.126275
64.5230,desired,-1.000000,-1.000000,0.000000,0.000000
64.5320,state,-0.987894,0.005247,-0.454667,-3.241411
64.5420,state,-0.994719,-0.194636,-0.196157,-3.312134
64.5521,state,-0.995284,-0.396859,-0.174747,-3.347921
64.5529,desired,-1.000000,-1.000000,0.000000,0.000000
64.5622,state,-0.995331,-0.599660,-0.172971,-3.357113
64.5721,state,-0.905522,0.200477,-3.557549,-3.126275
64.5820,state,-0.987894,0.005247,-0.454667,-3.241411
64.5825,desired,-1.000000,-1.000000,0.000000,0.000000
64.5920,state,-0.994719,-0.194636,-0.196157,-3.312134
64.6020,state,-0.995284,-0.396859,-0.174747,-3.347921
64.6121,state,-0.995331,-0.599660,-0.172971,-3.357113
64.6127,desired,-1.000000,-1.000000,0.000000,0.000000
64.6140,state,-0.995335,-0.801775,-0.172828,-3.347177
64.6155,state,-0.995335,-1.002383,-0.172819,-3.324792
64.6221,state,-0.994719,-0.194636,-0.196157,-3.312134
64.6320,state,-0.995284,-0.396859,-0.174747,-3.347921
64.6425,desired,-1.000000,-1.000000,0.000000,0.000000
64.6427,state,-0.995331,-0.599660,-0.172971,-3.357113
64.6521,state,-0.995335,-0.801775,-0.172828,-3.347177
64.6621,state,-0.995335,-1.002383,-0.172819,-3.324792
64.6721,state,-0.994719,-0.194636,-0.196157,-3.312134
64.6727,desired,-1.000000,-1.000000,0.000000,0.000000
64.6821,state,-0.995284,-0.396859,-0.174747,-3.347921
64.6920,state,-0.995331,-0.599660,-0.172971,-3.357113
64.7021,state,-0.995335,-0.801775,-0.172828,-3.347177
64.7027,desired,-1.000000,-1.000000,0.000000,0.000000
64.7063,state,-0.995335,-1.163075,-0.172819,-2.060942
64.7122,state,-0.994719,-0.194636,-0.196157,-3.312134
64.7220,state,-0.995284,-0.396859,-0.174747,-3.347921
64.7320,state,-0.995331,-0.599660,-0.172971,-3.357113
64.7326,desired,-1.000000,-1.000000,0.000000,0.000000
64.7420,state,-0.995335,-0.801775,-0.172828,-3.347177
64.7522,state,-0.995335,-1.163075,-0.172819,-2.060942
64.7529,desired,-1.000000,-1.000000,0.000000,0.000000
64.7621,state,-0.994719,-0.194636,-0.196157,-3.312134
64.7721,state,-0.995284,-0.396859,-0.174747,-3.347921
64.7821,state,-0.995331,-0.599660,-0.172971,-3.357113
64.7827,desired,-1.000000,-1.000000,0.000000,0.000000
64.7920,state,-0.995335,-0.801775,-0.172828,-3.347177
64.8020,state,-0.995335,-1.163075,-0.172819,-2.060942
64.8034,state,-0.995335,-1.223879,-0.172819,-0.553487
64.8121,state,-0.995284,-0.396859,-0.174747,-3.347921
64.8127,desired,-1.000000,-1.000000,0.000000,0.000000
64.8144,state,-0.995335,-1.208242,-0.172819,0.566674
64.8220,state,-0.995335,-0.801775,-0.172828,-3.347177
64.8320,state,-0.995335,-1.163075,-0.172819,-2.060942
64.8420,state,-0.995335,-1.223879,-0.172819,-0.553487
64.8427,desired,-1.000000,-1.000000,0.000000,0.000000
64.8521,state,-0.995284,-0.396859,-0.174747,-3.347921
64.8621,state,-0.995335,-1.208242,-0.172819,0.566674
64.8721,state,-0.995335,-0.801775,-0.172828,-3.347177
64.8727,desired,-1.000000,-1.000000,0.000000,0.000000
64.8820,state,-0.995335,-1.163075,-0.172819,-2.060942
64.8920,state,-0.995335,-1.223879,-0.172819,-0.553487
64.9021,state,-0.995284,-0.396859,-0.174747,-3.347921
64.9027,desired,-1.000000,-1.000000,0.000000,0.000000
64.9122,state,-0.995335,-1.208242,-0.172819,0.566674
64.9138,state,-0.995335,-1.136393,-0.172819,1.410599
64.9148,state,-0.995335,-1.036248,-0.172819,1.331774
64.9220,state,-0.995335,-1.223879,-0.172819,-0.553487
64.9321,state,-0.995284,-0.396859,-0.174747,-3.347921
64.9329,desired,-1.000000,-1.000000,0.000000,0.000000
64.9420,state,-0.995335,-1.208242,-0.172819,0.566674
64.9522,state,-0.995335,-1.136393,-0.172819,1.410599
64.9621,state,-0.995335,-1.036248,-0.172819,1.331774
64.9627,desired,-1.000000,-1.000000,0.000000,0.000000
64.9721,state,-0.995335,-1.223879,-0.172819,-0.553487
64.9820,state,-0.995284,-0.396859,-0.174747,-3.347921
64.9920,state,-0.995335,-1.208242,-0.172819,0.566674
64.9927,desired,-1.000000,-1.000000,0.000000,0.000000
65.0020,state,-0.995335,-1.136393,-0.172819,1.410599
65.0120,state,-0.995335,-1.036248,-0.172819,1.331774
65.0127,desired,-1.000000,-1.000000,0.000000,0.000000
65.0143,state,-0.995335,-1.031447,-0.172819,-0.399398
65.0221,state,-0.995284,-0.396859,-0.174747,-3.347921
65.0327,desired,-1.000000,-1.000000,0.000000,0.000000
65.0330,state,-0.995335,-1.208242,-0.172819,0.566674
65.0421,state,-0.995335,-1.136393,-0.172819,1.410599
65.0521,state,-0.995335,-1.036248,-0.172819,1.331774
65.0624,desired,-1.000000,-1.000000,0.000000,0.000000
65.0626,state,-0.995335,-1.031447,-0.172819,-0.399398
65.0721,state,-0.995284,-0.396859,-0.174747,-3.347921
65.0825,desired,-1.000000,-1.000000,0.000000,0.000000
65.0828,state,-0.995335,-1.208242,-0.172819,0.566674
65.0922,state,-0.995335,-1.136393,-0.172819,1.410599
65.1021,state,-0.995335,-1.036248,-0.172819,1.331774
65.1042,state,-0.995335,-1.044935,-0.172819,-0.056891
65.1065,state,-0.995335,-1.037525,-0.172819,0.114400
65.1121,state,-0.995335,-1.208242,-0.172819,0.566674
65.1127,desired,-1.000000,-1.000000,0.000000,0.000000
65.1221,state,-0.995335,-1.136393,-0.172819,1.410599
65.1321,state,-0.995335,-1.036248,-0.172819,1.331774
65.1427,desired,-1.000000,-1.000000,0.000000,0.000000
65.1430,state,-0.995335,-1.044935,-0.172819,-0.056891
65.1521,state,-0.995335,-1.037525,-0.172819,0.114400
65.1621,state,-0.995335,-1.208242,-0.172819,0.566674
65.1630,desired,-1.000000,-1.000000,0.000000,0.000000
65.1720,state,-0.995335,-1.136393,-0.172819,1.410599
65.1820,state,-0.995335,-1.036248,-0.172819,1.331774
65.1920,state,-0.995335,-1.044935,-0.172819,-0.056891
65.1927,desired,-1.000000,-1.000000,0.000000,0.000000
65.2020,state,-0.995335,-1.037525,-0.172819,0.114400
65.2121,state,-0.995335,-1.208242,-0.172819,0.566674
65.2129,desired,-1.000000,-1.000000,0.000000,0.000000
65.2142,state,-0.995335,-1.033065,-0.172819,0.018938
65.2153,state,-0.995335,-1.029871,-0.172819,0.014255
65.2220,state,-0.995335,-1.044935,-0.172819,-0.056891
65.2320,state,-0.995335,-1.037525,-0.172819,0.114400
65.2420,state,-0.995335,-1.208242,-0.172819,0.566674
65.2426,desired,-1.000000,-1.000000,0.000000,0.000000
65.2521,state,-0.995335,-1.033065,-0.172819,0.018938
65.2621,state,-0.995335,-1.029871,-0.172819,0.014255
65.2720,state,-0.995335,-1.044935,-0.172819,-0.056891
65.2726,desired,-1.000000,-1.000000,0.000000,0.000000
65.2820,state,-0.995335,-1.037525,-0.172819,0.114400
65.2920,state,-0.995335,-1.208242,-0.172819,0.566674
65.3021,state,-0.995335,-1.033065,-0.172819,0.018938
65.3029,desired,-1.000000,-1.000000,0.000000,0.000000
65.3120,state,-0.995335,-1.029871,-0.172819,0.014255
65.3137,state,-0.995335,-1.026926,-0.172819,0.010684
65.3221,state,-0.995335,-1.037525,-0.172819,0.114400
65.3320,state,-0.995335,-1.208242,-0.172819,0.566674
65.3326,desired,-1.000000,-1.000000,0.000000,0.000000
65.3422,state,-0.995335,-1.033065,-0.172819,0.018938
65.3521,state,-0.995335,-1.029871,-0.172819,0.014255
65.3625,desired,-1.000000,-1.000000,0.000000,0.000000
65.3627,state,-0.995335,-1.026926,-0.172819,0.010684
65.3722,state,-0.995335,-1.037525,-0.172819,0.114400
65.3820,state,-0.995335,-1.208242,-0.172819,0.566674
65.3921,state,-0.995335,-1.033065,-0.172819,0.018938
65.3929,desired,-1.000000,-1.000000,0.000000,0.000000
65.4020,state,-0.995335,-1.029871,-0.172819,0.014255
65.4057,state,-0.995335,-1.024176,-0.172819,0.007877
65.4059,state,-0.995335,-1.021579,-0.172819,0.005680
65.4122,state,-0.995335,-1.208242,-0.172819,0.566674
65.4130,desired,-1.000000,-1.000000,0.000000,0.000000
65.4220,state,-0.995335,-1.033065,-0.172819,0.018938
65.4321,state,-0.995335,-1.029871,-0.172819,0.014255
65.4420,state,-0.995335,-1.024176,-0.172819,0.007877
65.4426,desired,-1.000000,-1.000000,0.000000,0.000000
65.4522,state,-0.995335,-1.021579,-0.172819,0.005680
65.4620,state,-0.995335,-1.208242,-0.172819,0.566674
65.4720,state,-0.995335,-1.033065,-0.172819,0.018938
65.4725,desired,-1.000000,-1.000000,0.000000,0.000000
65.4820,state,-0.995335,-1.029871,-0.172819,0.014255
65.4921,state,-0.995335,-1.024176,-0.172819,0.007877
65.5020,state,-0.995335,-1.021579,-0.172819,0.005680
65.5026,desired,-1.000000,-1.000000,0.000000,0.000000
65.5120,state,-0.995335,-1.208242,-0.172819,0.566674
65.5147,state,-0.995335,-1.019102,-0.172819,0.003979
65.5157,state,-0.995335,-1.016717,-0.172819,0.002682
65.5221,state,-0.995335,-1.024176,-0.172819,0.007877
65.5229,desired,-1.000000,-1.000000,0.000000,0.000000
65.5321,state,-0.995335,-1.021579,-0.172819,0.005680
65.5422,state,-0.995335,-1.208242,-0.172819,0.566674
65.5521,state,-0.995335,-1.019102,-0.172819,0.003979
65.5526,desired,-1.000000,-1.000000,0.000000,0.000000
65.5621,state,-0.995335,-1.016717,-0.172819,0.002682
65.5723,desired,-1.000000,-1.000000,0.000000,0.000000
65.5725,state,-0.995335,-1.024176,-0.172819,0.007877
65.5820,state,-0.995335,-1.021579,-0.172819,0.005680
65.5920,state,-0.995335,-1.208242,-0.172819,0.566674
65.6020,state,-0.995335,-1.019102,-0.172819,0.003979
65.6026,desired,-1.000000,-1.000000,0.000000,0.000000
65.6121,state,-0.995335,-1.016717,-0.172819,0.002682
65.6143,state,-0.995335,-1.014404,-0.172819,0.001717
65.6220,state,-0.995335,-1.021579,-0.172819,0.005680
65.6321,state,-0.995335,-1.208242,-0.172819,0.566674
65.6327,desired,-1.000000,-1.000000,0.000000,0.000000
65.6420,state,-0.995335,-1.019102,-0.172819,0.003979
65.6522,state,-0.995335,-1.016717,-0.172819,0.002682
65.6625,desired,-1.000000,-1.000000,0.000000,0.000000
65.6627,state,-0.995335,-1.014404,-0.172819,0.001717
65.6721,state,-0.995335,-1.021579,-0.172819,0.005680
65.6820,state,-0.995335,-1.208242,-0.172819,0.566674
65.6920,state,-0.995335,-1.019102,-0.172819,0.003979
65.6924,desired,-1.000000,-1.000000,0.000000,0.000000
65.7021,state,-0.995335,-1.016717,-0.172819,0.002682
65.7037,state,-0.995335,-1.012143,-0.172819,0.001021
65.7051,state,-0.995335,-1.009919,-0.172819,0.000547
65.7120,state,-0.995335,-1.208242,-0.172819,0.566674
65.7126,desired,-1.000000,-1.000000,0.000000,0.000000
65.7221,state,-0.995335,-1.019102,-0.172819,0.003979
65.7320,state,-0.995335,-1.016717,-0.172819,0.002682
65.7424,desired,-1.000000,-1.000000,0.000000,0.000000
65.7427,state,-0.995335,-1.012143,-0.172819,0.001021
65.7521,state,-0.995335,-1.009919,-0.172819,0.000547
65.7621,state,-0.995335,-1.208242,-0.172819,0.566674
65.7721,state,-0.995335,-1.019102,-0.172819,0.003979
65.7729,desired,-1.000000,-1.000000,0.000000,0.000000
65.7820,state,-0.995335,-1.016717,-0.172819,0.002682
65.7921,state,-0.995335,-1.012143,-0.172819,0.001021
65.8021,state,-0.995335,-1.009919,-0.172819,0.000547
65.8027,desired,-1.000000,-1.000000,0.000000,0.000000
65.8122,state,-0.995335,-1.208242,-0.172819,0.566674
65.8142,state,-0.995335,-1.007718,-0.172819,0.000251
65.8157,state,-0.995335,-1.005535,-0.172819,0.000085
65.8221,state,-0.995335,-1.012143,-0.172819,0.001021
65.8227,desired,-1.000000,-1.000000,0.000000,0.000000
65.8321,state,-0.995335,-1.009919,-0.172819,0.000547
65.8420,state,-0.995335,-1.208242,-0.172819,0.566674
65.8521,state,-0.995335,-1.007718,-0.172819,0.000251
65.8529,desired,-1.000000,-1.000000,0.000000,0.000000
65.8622,state,-0.995335,-1.005535,-0.172819,0.000085
65.8720,state,-0.995335,-1.012143,-0.172819,0.001021
65.8821,state,-0.995335,-1.009919,-0.172819,0.000547
65.8829,desired,-1.000000,-1.000000,0.000000,0.000000
65.8920,state,-0.995335,-1.208242,-0.172819,0.566674
65.9020,state,-0.995335,-1.007718,-0.172819,0.000251
65.9062,state,-0.995335,-1.003362,-0.172819,0.000018
65.9121,state,-0.995335,-1.012143,-0.172819,0.001021
65.9127,desired,-1.000000,-1.000000,0.000000,0.000000
65.9221,state,-0.995335,-1.009919,-0.172819,0.000547
65.9320,state,-0.995335,-1.208242,-0.172819,0.566674
65.9421,state,-0.995335,-1.007718,-0.172819,0.000251
65.9427,desired,-1.000000,-1.000000,0.000000,0.000000
65.9521,state,-0.995335,-1.003362,-0.172819,0.000018
65.9621,state,-0.995335,-1.012143,-0.172819,0.001021
65.9627,desired,-1.000000,-1.000000,0.000000,0.000000
65.9721,state,-0.995335,-1.009919,-0.172819,0.000547
65.9820,state,-0.995335,-1.208242,-0.172819,0.566674
65.9923,desired,-1.000000,-1.000000,0.000000,0.000000
65.9925,state,-0.995335,-1.007718,-0.172819,0.000251
66.0021,state,-0.995335,-1.003362,-0.172819,0.000018
66.0127,desired,-1.000000,-1.000000,0.000000,0.000000
66.0130,state,-0.995335,-1.012143,-0.172819,0.001021
66.0221,state,-0.995335,-1.009919,-0.172819,0.000547
66.0321,state,-0.995335,-1.208242,-0.172819,0.566674
66.0421,state,-0.995335,-1.007718,-0.172819,0.000251
66.0429,desired,-1.000000,-1.000000,0.000000,0.000000
66.0439,state,-0.995335,-1.001193,-0.172819,0.000001
66.0442,state,-0.995335,-0.999027,-0.172819,-0.000000
66.0520,state,-0.995335,-1.009919,-0.172819,0.000547
66.0621,state,-0.995335,-1.208242,-0.172819,0.566674
66.0627,desired,-1.000000,-1.000000,0.000000,0.000000
66.0720,state,-0.995335,-1.007718,-0.172819,0.000251
66.0820,state,-0.995335,-1.001193,-0.172819,0.000001
66.0920,state,-0.995335,-0.999027,-0.172819,-0.000000
66.0925,desired,-1.000000,-1.000000,0.000000,0.000000
66.1021,state,-0.995335,-1.009919,-0.172819,0.000547
66.1038,state,-0.995335,-0.996865,-0.172819,-0.000029
66.1048,state,-0.995335,-0.994711,-0.172819,-0.000122
66.1124,desired,-1.000000,-1.000000,0.000000,0.000000
66.1127,state,-0.995335,-1.001193,-0.172819,0.000001
66.1220,state,-0.995335,-0.999027,-0.172819,-0.000000
66.1320,state,-0.995335,-1.009919,-0.172819,0.000547
66.1420,state,-0.995335,-0.996865,-0.172819,-0.000029
66.1426,desired,-1.000000,-1.000000,0.000000,0.000000
66.1521,state,-0.995335,-0.994711,-0.172819,-0.000122
66.1625,desired,-1.000000,-1.000000,0.000000,0.000000
66.1627,state,-0.995335,-1.001193,-0.172819,0.000001
66.1721,state,-0.995335,-0.999027,-0.172819,-0.000000
66.1820,state,-0.995335,-1.009919,-0.172819,0.000547
66.1920,state,-0.995335,-0.996865,-0.172819,-0.000029
66.1924,desired,-1.000000,-1.000000,0.000000,0.000000
66.2021,state,-0.995335,-0.994711,-0.172819,-0.000122
66.2050,state,-0.995335,-0.992570,-0.172819,-0.000316
66.2121,state,-0.995335,-0.999027,-0.172819,-0.000000
66.2127,desired,-1.000000,-1.000000,0.000000,0.000000
66.2220,state,-0.995335,-1.009919,-0.172819,0.000547
66.2321,state,-0.995335,-0.996865,-0.172819,-0.000029
66.2420,state,-0.995335,-0.994711,-0.172819,-0.000122
66.2426,desired,-1.000000,-1.000000,0.000000,0.000000
66.2521,state,-0.995335,-0.992570,-0.172819,-0.000316
66.2621,state,-0.995335,-0.999027,-0.172819,-0.000000
66.2627,desired,-1.000000,-1.000000,0.000000,0.000000
66.2721,state,-0.995335,-1.009919,-0.172819,0.000547
66.2821,state,-0.995335,-0.996865,-0.172819,-0.000029
66.2921,state,-0.995335,-0.994711,-0.172819,-0.000122
66.2929,desired,-1.000000,-1.000000,0.000000,0.000000
66.3021,state,-0.995335,-0.992570,-0.172819,-0.000316
66.3121,state,-0.995335,-0.999027,-0.172819,-0.000000
66.3146,state,-0.995335,-0.990449,-0.172819,-0.000643
66.3164,state,-0.995335,-0.988358,-0.172819,-0.001127
66.3227,desired,-1.000000,-1.000000,0.000000,0.000000
66.3229,state,-0.995335,-0.994711,-0.172819,-0.000122
66.3321,state,-0.995335,-0.992570,-0.172819,-0.000316
66.3421,state,-0.995335,-0.999027,-0.172819,-0.000000
66.3521,state,-0.995335,-0.990449,-0.172819,-0.000643
66.3527,desired,-1.000000,-1.000000,0.000000,0.000000
66.3621,state,-0.995335,-0.988358,-0.172819,-0.001127
66.3720,state,-0.995335,-0.994711,-0.172819,-0.000122
66.3820,state,-0.995335,-0.992570,-0.172819,-0.000316
66.3827,desired,-1.000000,-1.000000,0.000000,0.000000
66.3920,state,-0.995335,-0.999027,-0.172819,-0.000000
66.4021,state,-0.995335,-0.990449,-0.172819,-0.000643
66.4041,state,-0.995335,-0.986307,-0.172819,-0.001785
66.4120,state,-0.995335,-0.994711,-0.172819,-0.000122
66.4127,desired,-1.000000,-1.000000,0.000000,0.000000
66.4151,state,-0.995335,-0.984307,-0.172819,-0.002626
66.4221,state,-0.995335,-0.999027,-0.172819,-0.000000
66.4320,state,-0.995335,-0.990449,-0.172819,-0.000643
66.4421,state,-0.995335,-0.986307,-0.172819,-0.001785
66.4429,desired,-1.000000,-1.000000,0.000000,0.000000
66.4520,state,-0.995335,-0.994711,-0.172819,-0.000122
66.4621,state,-0.995335,-0.984307,-0.172819,-0.002626
66.4722,state,-0.995335,-0.999027,-0.172819,-0.000000
66.4730,desired,-1.000000,-1.000000,0.000000,0.000000
66.4821,state,-0.995335,-0.990449,-0.172819,-0.000643
66.4920,state,-0.995335,-0.986307,-0.172819,-0.001785
66.5025,desired,-1.000000,-1.000000,0.000000,0.000000
66.5027,state,-0.995335,-0.994711,-0.172819,-0.000122
66.5121,state,-0.995335,-0.984307,-0.172819,-0.002626
66.5148,state,-0.995335,-0.982371,-0.172819,-0.003646
66.5220,state,-0.995335,-0.990449,-0.172819,-0.000643
66.5321,state,-0.995335,-0.986307,-0.172819,-0.001785
66.5327,desired,-1.000000,-1.000000,0.000000,0.000000
66.5420,state,-0.995335,-0.994711,-0.172819,-0.000122
66.5520,state,-0.995335,-0.984307,-0.172819,-0.002626
66.5621,state,-0.995335,-0.982371,-0.172819,-0.003646
66.5629,desired,-1.000000,-1.000000,0.000000,0.000000
66.5720,state,-0.995335,-0.990449,-0.172819,-0.000643
66.5821,state,-0.995335,-0.986307,-0.172819,-0.001785
66.5921,state,-0.995335,-0.994711,-0.172819,-0.000122
66.5929,desired,-1.000000,-1.000000,0.000000,0.000000
66.6022,state,-0.995335,-0.984307,-0.172819,-0.002626
66.6042,state,-0.995335,-0.980508,-0.172819,-0.004830
66.6059,state,-0.995335,-0.978728,-0.172819,-0.006160
66.6121,state,-0.995335,-0.986307,-0.172819,-0.001785
66.6129,desired,-1.000000,-1.000000,0.111111,0.111111
66.6222,state,-0.995335,-0.994711,-0.172819,-0.000122
66.6321,state,-0.995335,-0.984307,-0.172819,-0.002626
66.6420,state,-0.995335,-0.980508,-0.172819,-0.004830
66.6426,desired,-0.996671,-0.996671,0.111111,0.111111
66.6522,state,-0.995335,-0.978728,-0.172819,-0.006160
66.6620,state,-0.995335,-0.986307,-0.172819,-0.001785
66.6627,desired,-0.994447,-0.994447,0.111111,0.111111
66.6721,state,-0.995335,-0.994711,-0.172819,-0.000122
66.6820,state,-0.995335,-0.984307,-0.172819,-0.002626
66.6922,state,-0.995335,-0.980508,-0.172819,-0.004830
66.6930,desired,-0.991110,-0.991110,0.111111,0.111111
66.7021,state,-0.995335,-0.978728,-0.172819,-0.006160
66.7046,state,-0.995335,-0.977039,-0.172819,-0.007609
66.7056,state,-0.995335,-0.975446,-0.172819,-0.009146
66.7121,state,-0.995335,-0.984307,-0.172819,-0.002626
66.7220,state,-0.995335,-0.980508,-0.172819,-0.004830
66.7226,desired,-0.987780,-0.987780,0.111111,0.111111
66.7320,state,-0.995335,-0.978728,-0.172819,-0.006160
66.7421,state,-0.995335,-0.977039,-0.172819,-0.007609
66.7429,desired,-0.985556,-0.985556,0.111111,0.111111
66.7520,state,-0.995335,-0.975446,-0.172819,-0.009146
66.7620,state,-0.995335,-0.984307,-0.172819,-0.002626
66.7720,state,-0.995335,-0.980508,-0.172819,-0.004830
66.7727,desired,-0.982226,-0.982226,0.111111,0.111111
66.7821,state,-0.995335,-0.978728,-0.172819,-0.006160
66.7921,state,-0.995335,-0.977039,-0.172819,-0.007609
66.7930,desired,-0.980000,-0.980000,0.111111,0.111111
66.8021,state,-0.995335,-0.975446,-0.172819,-0.009146
66.8121,state,-0.995335,-0.984307,-0.172819,-0.002626
66.8156,state,-0.988439,-0.964392,-0.097341,0.210077
66.8221,state,-0.995335,-0.978728,-0.172819,-0.006160
66.8227,desired,-0.976667,-0.976667,0.111111,0.111111
66.8321,state,-0.995335,-0.977039,-0.172819,-0.007609
66.8421,state,-0.995335,-0.975446,-0.172819,-0.009146
66.8520,state,-0.995335,-0.984307,-0.172819,-0.002626
66.8527,desired,-0.973335,-0.973335,0.111111,0.111111
66.8622,state,-0.988439,-0.964392,-0.097341,0.210077
66.8721,state,-0.995335,-0.978728,-0.172819,-0.006160
66.8820,state,-0.995335,-0.977039,-0.172819,-0.007609
66.8827,desired,-0.970002,-0.970002,0.111111,0.111111
66.8921,state,-0.995335,-0.975446,-0.172819,-0.009146
66.9021,state,-0.995335,-0.984307,-0.172819,-0.002626
66.9037,state,-0.986636,-0.961275,-0.165647,-0.011171
66.9120,state,-0.995335,-0.978728,-0.172819,-0.006160
66.9126,desired,-0.966669,-0.966669,0.111111,0.111111
66.9149,state,-0.976481,-0.949881,-0.129467,0.061324
66.9221,state,-0.995335,-0.975446,-0.172819,-0.009146
66.9321,state,-0.995335,-0.984307,-0.172819,-0.002626
66.9420,state,-0.986636,-0.961275,-0.165647,-0.011171
66.9427,desired,-0.963335,-0.963335,0.111111,0.111111
66.9520,state,-0.995335,-0.978728,-0.172819,-0.006160
66.9621,state,-0.976481,-0.949881,-0.129467,0.061324
66.9627,desired,-0.961113,-0.961113,0.111111,0.111111
66.9720,state,-0.995335,-0.975446,-0.172819,-0.009146
66.9820,state,-0.995335,-0.984307,-0.172819,-0.002626
66.9920,state,-0.986636,-0.961275,-0.165647,-0.011171
66.9925,desired,-0.957781,-0.957781,0.111111,0.111111
67.0021,state,-0.995335,-0.978728,-0.172819,-0.006160
67.0120,state,-0.976481,-0.949881,-0.129467,0.061324
67.0127,desired,-0.955558,-0.955558,0.111111,0.111111
67.0134,state,-0.970043,-0.944094,0.046283,0.209206
67.0138,state,-0.964795,-0.936764,-0.151301,-0.010058
67.0222,state,-0.986636,-0.961275,-0.165647,-0.011171
67.0326,desired,-0.953334,-0.953334,0.111111,0.111111
67.0329,state,-0.995335,-0.978728,-0.172819,-0.006160
67.0420,state,-0.976481,-0.949881,-0.129467,0.061324
67.0520,state,-0.970043,-0.944094,0.046283,0.209206
67.0622,state,-0.964795,-0.936764,-0.151301,-0.010058
67.0631,desired,-0.949999,-0.949999,0.111111,0.111111
67.0721,state,-0.986636,-0.961275,-0.165647,-0.011171
67.0822,state,-0.995335,-0.978728,-0.172819,-0.006160
67.0922,state,-0.976481,-0.949881,-0.129467,0.061324
67.0930,desired,-0.946667,-0.946667,0.111111,0.111111
67.1022,state,-0.970043,-0.944094,0.046283,0.209206
67.1121,state,-0.964795,-0.936764,-0.151301,-0.010058
67.1141,state,-0.954880,-0.926214,-0.063995,0.212948
67.1222,state,-0.995335,-0.978728,-0.172819,-0.006160
67.1230,desired,-0.943333,-0.943333,0.111111,0.111111
67.1322,state,-0.976481,-0.949881,-0.129467,0.061324
67.1421,state,-0.970043,-0.944094,0.046283,0.209206
67.1521,state,-0.964795,-0.936764,-0.151301,-0.010058
67.1529,desired,-0.940000,-0.940000,0.111111,0.111111
67.1622,state,-0.954880,-0.926214,-0.063995,0.212948
67.1722,state,-0.995335,-0.978728,-0.172819,-0.006160
67.1821,state,-0.976481,-0.949881,-0.129467,0.061324
67.1827,desired,-0.936669,-0.936669,0.111111,0.111111
67.1921,state,-0.970043,-0.944094,0.046283,0.209206
67.2021,state,-0.964795,-0.936764,-0.151301,-0.010058
67.2121,state,-0.954880,-0.926214,-0.063995,0.212948
67.2127,desired,-0.933335,-0.933335,0.111111,0.111111
67.2133,state,-0.952366,-0.922777,-0.159221,-0.015892
67.2136,state,-0.943152,-0.913406,-0.129412,0.057737
67.2223,state,-0.970043,-0.944094,0.046283,0.209206
67.2321,state,-0.964795,-0.936764,-0.151301,-0.010058
67.2425,desired,-0.930002,-0.930002,0.111111,0.111111
67.2427,state,-0.954880,-0.926214,-0.063995,0.212948
67.2520,state,-0.952366,-0.922777,-0.159221,-0.015892
67.2622,state,-0.943152,-0.913406,-0.129412,0.057737
67.2630,desired,-0.927778,-0.927778,0.111111,0.111111
67.2721,state,-0.970043,-0.944094,0.046283,0.209206
67.2821,state,-0.964795,-0.936764,-0.151301,-0.010058
67.2922,state,-0.954880,-0.926214,-0.063995,0.212948
67.2930,desired,-0.924444,-0.924444,0.111111,0.111111
67.3021,state,-0.952366,-0.922777,-0.159221,-0.015892
67.3122,state,-0.943152,-0.913406,-0.129412,0.057737
67.3142,state,-0.936808,-0.908060,0.049861,0.199668
67.3156,state,-0.931570,-0.900441,-0.147349,-0.013275
67.3226,desired,-0.921113,-0.921113,0.111111,0.111111
67.3229,state,-0.954880,-0.926214,-0.063995,0.212948
67.3322,state,-0.952366,-0.922777,-0.159221,-0.015892
67.3427,desired,-0.918889,-0.918889,0.111111,0.111111
67.3430,state,-0.943152,-0.913406,-0.129412,0.057737
67.3521,state,-0.936808,-0.908060,0.049861,0.199668
67.3621,state,-0.931570,-0.900441,-0.147349,-0.013275
67.3727,desired,-0.915555,-0.915555,0.111111,0.111111
67.3730,state,-0.954880,-0.926214,-0.063995,0.212948
67.3821,state,-0.952366,-0.922777,-0.159221,-0.015892
67.3921,state,-0.943152,-0.913406,-0.129412,0.057737
67.4021,state,-0.936808,-0.908060,0.049861,0.199668
67.4027,desired,-0.912224,-0.912224,0.111111,0.111111
67.4121,state,-0.931570,-0.900441,-0.147349,-0.013275
67.4144,state,-0.922515,-0.891713,-0.069391,0.178038
67.4221,state,-0.952366,-0.922777,-0.159221,-0.015892
67.4322,state,-0.943152,-0.913406,-0.129412,0.057737
67.4330,desired,-0.908889,-0.908889,0.111111,0.111111
67.4421,state,-0.936808,-0.908060,0.049861,0.199668
67.4521,state,-0.931570,-0.900441,-0.147349,-0.013275
67.4622,state,-0.922515,-0.891713,-0.069391,0.178038
67.4629,desired,-0.905555,-0.905555,0.111111,0.111111
67.4721,state,-0.952366,-0.922777,-0.159221,-0.015892
67.4821,state,-0.943152,-0.913406,-0.129412,0.057737
67.4921,state,-0.936808,-0.908060,0.049861,0.199668
67.4926,desired,-0.902224,-0.902224,0.111111,0.111111
67.5021,state,-0.931570,-0.900441,-0.147349,-0.013275
67.5121,state,-0.922515,-0.891713,-0.069391,0.178038
67.5135,state,-0.920227,-0.888692,-0.156067,-0.019258
67.5144,state,-0.910035,-0.877698,-0.121351,0.085419
67.5226,desired,-0.898891,-0.898891,0.111111,0.111111
67.5230,state,-0.936808,-0.908060,0.049861,0.199668
67.5321,state,-0.931570,-0.900441,-0.147349,-0.013275
67.5426,desired,-0.896666,-0.896666,0.111111,0.111111
67.5429,state,-0.922515,-0.891713,-0.069391,0.178038
67.5521,state,-0.920227,-0.888692,-0.156067,-0.019258
67.5621,state,-0.910035,-0.877698,-0.121351,0.085419
67.5721,state,-0.936808,-0.908060,0.049861,0.199668
67.5729,desired,-0.893333,-0.893333,0.111111,0.111111
67.5821,state,-0.931570,-0.900441,-0.147349,-0.013275
67.5922,state,-0.922515,-0.891713,-0.069391,0.178038
67.6021,state,-0.920227,-0.888692,-0.156067,-0.019258
67.6027,desired,-0.890002,-0.890002,0.111111,0.111111
67.6122,state,-0.910035,-0.877698,-0.121351,0.085419
67.6134,state,-0.903051,-0.872426,0.075676,0.202287
67.6147,state,-0.897289,-0.864496,-0.141255,-0.014846
67.6221,state,-0.922515,-0.891713,-0.069391,0.178038
67.6321,state,-0.920227,-0.888692,-0.156067,-0.019258
67.6327,desired,-0.886669,-0.886669,0.111111,0.111111
67.6421,state,-0.910035,-0.877698,-0.121351,0.085419
67.6521,state,-0.903051,-0.872426,0.075676,0.202287
67.6627,desired,-0.883333,-0.883333,0.111111,0.111111
67.6630,state,-0.897289,-0.864496,-0.141255,-0.014846
67.6721,state,-0.922515,-0.891713,-0.069391,0.178038
67.6822,state,-0.920227,-0.888692,-0.156067,-0.019258
67.6924,desired,-0.880002,-0.880002,0.111111,0.111111
67.6927,state,-0.910035,-0.877698,-0.121351,0.085419
67.7021,state,-0.903051,-0.872426,0.075676,0.202287
67.7121,state,-0.897289,-0.864496,-0.141255,-0.014846
67.7135,state,-0.889054,-0.857283,-0.074352,0.145413
67.7222,state,-0.920227,-0.888692,-0.156067,-0.019258
67.7230,desired,-0.876665,-0.876665,0.111111,0.111111
67.7321,state,-0.910035,-0.877698,-0.121351,0.085419
67.7421,state,-0.903051,-0.872426,0.075676,0.202287
67.7520,state,-0.897289,-0.864496,-0.141255,-0.014846
67.7525,desired,-0.873337,-0.873337,0.111111,0.111111
67.7620,state,-0.889054,-0.857283,-0.074352,0.145413
67.7720,state,-0.920227,-0.888692,-0.156067,-0.019258
67.7820,state,-0.910035,-0.877698,-0.121351,0.085419
67.7825,desired,-0.870003,-0.870003,0.111111,0.111111
67.7920,state,-0.903051,-0.872426,0.075676,0.202287
67.8020,state,-0.897289,-0.864496,-0.141255,-0.014846
67.8041,state,-0.886988,-0.854765,-0.152603,-0.020983
67.8054,state,-0.876816,-0.843397,-0.117141,0.094271
67.8120,state,-0.910035,-0.877698,-0.121351,0.085419
67.8125,desired,-0.866670,-0.866670,0.111111,0.111111
67.8220,state,-0.903051,-0.872426,0.075676,0.202287
67.8320,state,-0.897289,-0.864496,-0.141255,-0.014846
67.8420,state,-0.886988,-0.854765,-0.152603,-0.020983
67.8425,desired,-0.863337,-0.863337,0.111111,0.111111
67.8520,state,-0.876816,-0.843397,-0.117141,0.094271
67.8620,state,-0.910035,-0.877698,-0.121351,0.085419
67.8625,desired,-0.861114,-0.861114,0.111111,0.111111
67.8720,state,-0.903051,-0.872426,0.075676,0.202287
67.8820,state,-0.897289,-0.864496,-0.141255,-0.014846
67.8920,state,-0.886988,-0.854765,-0.152603,-0.020983
67.8926,desired,-0.857781,-0.857781,0.111111,0.111111
67.9020,state,-0.876816,-0.843397,-0.117141,0.094271
67.9120,state,-0.910035,-0.877698,-0.121351,0.085419
67.9144,state,-0.870378,-0.838896,0.058604,0.168074
67.9153,state,-0.865134,-0.832039,-0.138822,-0.016687
67.9227,desired,-0.854445,-0.854445,0.111111,0.111111
67.9229,state,-0.886988,-0.854765,-0.152603,-0.020983
67.9320,state,-0.876816,-0.843397,-0.117141,0.094271
67.9420,state,-0.910035,-0.877698,-0.121351,0.085419
67.9520,state,-0.870378,-0.838896,0.058604,0.168074
67.9525,desired,-0.851114,-0.851114,0.111111,0.111111
67.9620,state,-0.865134,-0.832039,-0.138822,-0.016687
67.9721,state,-0.886988,-0.854765,-0.152603,-0.020983
67.9727,desired,-0.848889,-0.848889,0.111111,0.111111
67.9821,state,-0.876816,-0.843397,-0.117141,0.094271
67.9920,state,-0.910035,-0.877698,-0.121351,0.085419
68.0020,state,-0.870378,-0.838896,0.058604,0.168074
68.0027,desired,-0.845558,-0.845558,0.111111,0.111111
68.0120,state,-0.865134,-0.832039,-0.138822,-0.016687
68.0137,state,-0.856083,-0.823574,-0.060855,0.178921
68.0221,state,-0.876816,-0.843397,-0.117141,0.094271
68.0232,desired,-0.843335,-0.843335,0.111111,0.111111
68.0321,state,-0.910035,-0.877698,-0.121351,0.085419
68.0420,state,-0.870378,-0.838896,0.058604,0.168074
68.0520,state,-0.865134,-0.832039,-0.138822,-0.016687
68.0526,desired,-0.840003,-0.840003,0.111111,0.111111
68.0621,state,-0.856083,-0.823574,-0.060855,0.178921
68.0722,state,-0.876816,-0.843397,-0.117141,0.094271
68.0729,desired,-0.837777,-0.837777,0.111111,0.111111
68.0820,state,-0.910035,-0.877698,-0.121351,0.085419
68.0921,state,-0.870378,-0.838896,0.058604,0.168074
68.1020,state,-0.865134,-0.832039,-0.138822,-0.016687
68.1027,desired,-0.834447,-0.834447,0.111111,0.111111
68.1120,state,-0.856083,-0.823574,-0.060855,0.178921
68.1133,state,-0.853797,-0.820608,-0.147442,-0.021360
68.1142,state,-0.843605,-0.810019,-0.112629,0.086456
68.1220,state,-0.870378,-0.838896,0.058604,0.168074
68.1320,state,-0.865134,-0.832039,-0.138822,-0.016687
68.1325,desired,-0.831114,-0.831114,0.111111,0.111111
68.1420,state,-0.856083,-0.823574,-0.060855,0.178921
68.1520,state,-0.853797,-0.820608,-0.147442,-0.021360
68.1526,desired,-0.828891,-0.828891,0.111111,0.111111
68.1621,state,-0.843605,-0.810019,-0.112629,0.086456
68.1721,state,-0.870378,-0.838896,0.058604,0.168074
68.1727,desired,-0.826669,-0.826669,0.111111,0.111111
68.1820,state,-0.865134,-0.832039,-0.138822,-0.016687
68.1921,state,-0.856083,-0.823574,-0.060855,0.178921
68.2021,state,-0.853797,-0.820608,-0.147442,-0.021360
68.2027,desired,-0.823335,-0.823335,0.111111,0.111111
68.2121,state,-0.843605,-0.810019,-0.112629,0.086456
68.2136,state,-0.837164,-0.805532,0.063156,0.171660
68.2142,state,-0.831919,-0.798589,-0.134309,-0.016671
68.2222,state,-0.856083,-0.823574,-0.060855,0.178921
68.2238,desired,-0.821110,-0.821110,0.111111,0.111111
68.2320,state,-0.853797,-0.820608,-0.147442,-0.021360
68.2420,state,-0.843605,-0.810019,-0.112629,0.086456
68.2520,state,-0.837164,-0.805532,0.063156,0.171660
68.2526,desired,-0.817780,-0.817780,0.111111,0.111111
68.2620,state,-0.831919,-0.798589,-0.134309,-0.016671
68.2721,state,-0.856083,-0.823574,-0.060855,0.178921
68.2729,desired,-0.815555,-0.815555,0.111111,0.111111
68.2820,state,-0.853797,-0.820608,-0.147442,-0.021360
68.2922,state,-0.843605,-0.810019,-0.112629,0.086456
68.3021,state,-0.837164,-0.805532,0.063156,0.171660
68.3027,desired,-0.812224,-0.812224,0.111111,0.111111
68.3120,state,-0.831919,-0.798589,-0.134309,-0.016671
68.3135,state,-0.822008,-0.789237,-0.046894,0.202194
68.3221,state,-0.853797,-0.820608,-0.147442,-0.021360
68.3229,desired,-0.810000,-0.810000,0.111111,0.111111
68.3320,state,-0.843605,-0.810019,-0.112629,0.086456
68.3421,state,-0.837164,-0.805532,0.063156,0.171660
68.3520,state,-0.831919,-0.798589,-0.134309,-0.016671
68.3526,desired,-0.806669,-0.806669,0.111111,0.111111
68.3622,state,-0.822008,-0.789237,-0.046894,0.202194
68.3720,state,-0.853797,-0.820608,-0.147442,-0.021360
68.3727,desired,-0.804446,-0.804446,0.111111,0.111111
68.3820,state,-0.843605,-0.810019,-0.112629,0.086456
68.3921,state,-0.837164,-0.805532,0.063156,0.171660
68.4021,state,-0.831919,-0.798589,-0.134309,-0.016671
68.4027,desired,-0.801113,-0.801113,0.111111,0.111111
68.4121,state,-0.822008,-0.789237,-0.046894,0.202194
68.4133,state,-0.819499,-0.785994,-0.141951,-0.021068
68.4138,state,-0.810288,-0.777243,-0.111996,0.064213
68.4221,state,-0.837164,-0.805532,0.063156,0.171660
68.4325,desired,-0.797780,-0.797780,0.111111,0.111111
68.4327,state,-0.831919,-0.798589,-0.134309,-0.016671
68.4420,state,-0.822008,-0.789237,-0.046894,0.202194
68.4527,desired,-0.795555,-0.795555,0.111111,0.111111
68.4530,state,-0.819499,-0.785994,-0.141951,-0.021068
68.4621,state,-0.810288,-0.777243,-0.111996,0.064213
68.4721,state,-0.837164,-0.805532,0.063156,0.171660
68.4821,state,-0.831919,-0.798589,-0.134309,-0.016671
68.4827,desired,-0.792224,-0.792224,0.111111,0.111111
68.4921,state,-0.822008,-0.789237,-0.046894,0.202194
68.5021,state,-0.819499,-0.785994,-0.141951,-0.021068
68.5043,state,-0.803947,-0.772590,0.067366,0.184545
68.5066,state,-0.798714,-0.765286,-0.129663,-0.016048
68.5121,state,-0.831919,-0.798589,-0.134309,-0.016671
68.5127,desired,-0.788891,-0.788891,0.111111,0.111111
68.5221,state,-0.822008,-0.789237,-0.046894,0.202194
68.5321,state,-0.819499,-0.785994,-0.141951,-0.021068
68.5427,desired,-0.785556,-0.785556,0.111111,0.111111
68.5430,state,-0.803947,-0.772590,0.067366,0.184545
68.5520,state,-0.798714,-0.765286,-0.129663,-0.016048
68.5622,state,-0.831919,-0.798589,-0.134309,-0.016671
68.5630,desired,-0.783333,-0.783333,0.111111,0.111111
68.5721,state,-0.822008,-0.789237,-0.046894,0.202194
68.5821,state,-0.819499,-0.785994,-0.141951,-0.021068
68.5921,state,-0.803947,-0.772590,0.067366,0.184545
68.5927,desired,-0.780002,-0.780002,0.111111,0.111111
68.6021,state,-0.798714,-0.765286,-0.129663,-0.016048
68.6121,state,-0.831919,-0.798589,-0.134309,-0.016671
68.6129,desired,-0.777778,-0.777778,0.111111,0.111111
68.6142,state,-0.789664,-0.757131,-0.051608,0.173826
68.6222,state,-0.819499,-0.785994,-0.141951,-0.021068
68.6321,state,-0.803947,-0.772590,0.067366,0.184545
68.6424,desired,-0.774447,-0.774447,0.111111,0.111111
68.6426,state,-0.798714,-0.765286,-0.129663,-0.016048
68.6522,state,-0.831919,-0.798589,-0.134309,-0.016671
68.6621,state,-0.789664,-0.757131,-0.051608,0.173826
68.6627,desired,-0.772224,-0.772224,0.111111,0.111111
68.6720,state,-0.819499,-0.785994,-0.141951,-0.021068
68.6821,state,-0.803947,-0.772590,0.067366,0.184545
68.6830,desired,-0.770000,-0.770000,0.111111,0.111111
68.6920,state,-0.798714,-0.765286,-0.129663,-0.016048
68.7021,state,-0.831919,-0.798589,-0.134309,-0.016671
68.7121,state,-0.789664,-0.757131,-0.051608,0.173826
68.7127,desired,-0.766669,-0.766669,0.111111,0.111111
68.7139,state,-0.787380,-0.754359,-0.138136,-0.020920
68.7151,state,-0.777191,-0.743749,-0.103249,0.086855
68.7221,state,-0.798714,-0.765286,-0.129663,-0.016048
68.7320,state,-0.831919,-0.798589,-0.134309,-0.016671
68.7424,desired,-0.763336,-0.763336,0.111111,0.111111
68.7426,state,-0.789664,-0.757131,-0.051608,0.173826
68.7522,state,-0.787380,-0.754359,-0.138136,-0.020920
68.7621,state,-0.777191,-0.743749,-0.103249,0.086855
68.7626,desired,-0.761113,-0.761113,0.111111,0.111111
68.7720,state,-0.798714,-0.765286,-0.129663,-0.016048
68.7821,state,-0.831919,-0.798589,-0.134309,-0.016671
68.7921,state,-0.789664,-0.757131,-0.051608,0.173826
68.7927,desired,-0.757779,-0.757779,0.111111,0.111111
68.8021,state,-0.787380,-0.754359,-0.138136,-0.020920
68.8121,state,-0.777191,-0.743749,-0.103249,0.086855
68.8137,state,-0.770753,-0.739316,0.072531,0.173586
68.8153,state,-0.765512,-0.732500,-0.124792,-0.015899
68.8223,state,-0.789664,-0.757131,-0.051608,0.173826
68.8238,desired,-0.754444,-0.754444,0.111111,0.111111
68.8320,state,-0.787380,-0.754359,-0.138136,-0.020920
68.8420,state,-0.777191,-0.743749,-0.103249,0.086855
68.8521,state,-0.770753,-0.739316,0.072531,0.173586
68.8527,desired,-0.751113,-0.751113,0.111111,0.111111
68.8622,state,-0.765512,-0.732500,-0.124792,-0.015899
68.8721,state,-0.789664,-0.757131,-0.051608,0.173826
68.8821,state,-0.787380,-0.754359,-0.138136,-0.020920
68.8827,desired,-0.747780,-0.747780,0.111111,0.111111
68.8921,state,-0.777191,-0.743749,-0.103249,0.086855
68.9022,state,-0.770753,-0.739316,0.072531,0.173586
68.9029,desired,-0.745555,-0.745555,0.111111,0.111111
68.9056,state,-0.756462,-0.724159,-0.046739,0.179045
68.9121,state,-0.789664,-0.757131,-0.051608,0.173826
68.9220,state,-0.787380,-0.754359,-0.138136,-0.020920
68.9320,state,-0.777191,-0.743749,-0.103249,0.086855
68.9327,desired,-0.742224,-0.742224,0.111111,0.111111
68.9421,state,-0.770753,-0.739316,0.072531,0.173586
68.9520,state,-0.756462,-0.724159,-0.046739,0.179045
68.9620,state,-0.789664,-0.757131,-0.051608,0.173826
68.9627,desired,-0.738893,-0.738893,0.111111,0.111111
68.9720,state,-0.787380,-0.754359,-0.138136,-0.020920
68.9820,state,-0.777191,-0.743749,-0.103249,0.086855
68.9826,desired,-0.736669,-0.736669,0.111111,0.111111
68.9920,state,-0.770753,-0.739316,0.072531,0.173586
69.0020,state,-0.756462,-0.724159,-0.046739,0.179045
69.0121,state,-0.789664,-0.757131,-0.051608,0.173826
69.0127,desired,-0.733335,-0.733335,0.111111,0.111111
69.0132,state,-0.754179,-0.721380,-0.133232,-0.020294
69.0134,state,-0.743991,-0.710861,-0.098307,0.084933
69.0221,state,-0.770753,-0.739316,0.072531,0.173586
69.0321,state,-0.756462,-0.724159,-0.046739,0.179045
69.0427,desired,-0.730001,-0.730001,0.111111,0.111111
69.0430,state,-0.789664,-0.757131,-0.051608,0.173826
69.0521,state,-0.754179,-0.721380,-0.133232,-0.020294
69.0622,state,-0.743991,-0.710861,-0.098307,0.084933
69.0725,desired,-0.726669,-0.726669,0.111111,0.111111
69.0727,state,-0.770753,-0.739316,0.072531,0.173586
69.0822,state,-0.756462,-0.724159,-0.046739,0.179045
69.0921,state,-0.789664,-0.757131,-0.051608,0.173826
69.1021,state,-0.754179,-0.721380,-0.133232,-0.020294
69.1027,desired,-0.723336,-0.723336,0.111111,0.111111
69.1121,state,-0.743991,-0.710861,-0.098307,0.084933
69.1136,state,-0.737553,-0.706407,0.077467,0.176604
69.1143,state,-0.732314,-0.699622,-0.119791,-0.015232
69.1221,state,-0.789664,-0.757131,-0.051608,0.173826
69.1321,state,-0.754179,-0.721380,-0.133232,-0.020294
69.1327,desired,-0.720003,-0.720003,0.111111,0.111111
69.1421,state,-0.743991,-0.710861,-0.098307,0.084933
69.1521,state,-0.737553,-0.706407,0.077467,0.176604
69.1621,state,-0.732314,-0.699622,-0.119791,-0.015232
69.1627,desired,-0.716669,-0.716669,0.111111,0.111111
69.1722,state,-0.789664,-0.757131,-0.051608,0.173826
69.1821,state,-0.754179,-0.721380,-0.133232,-0.020294
69.1921,state,-0.743991,-0.710861,-0.098307,0.084933
69.1927,desired,-0.713336,-0.713336,0.111111,0.111111
69.2021,state,-0.737553,-0.706407,0.077467,0.176604
69.2121,state,-0.732314,-0.699622,-0.119791,-0.015232
69.2128,desired,-0.711111,-0.711111,0.111111,0.111111
69.2137,state,-0.723266,-0.691260,-0.041719,0.180024
69.2222,state,-0.754179,-0.721380,-0.133232,-0.020294
69.2321,state,-0.743991,-0.710861,-0.098307,0.084933
69.2425,desired,-0.707780,-0.707780,0.111111,0.111111
69.2427,state,-0.737553,-0.706407,0.077467,0.176604
69.2521,state,-0.732314,-0.699622,-0.119791,-0.015232
69.2621,state,-0.723266,-0.691260,-0.041719,0.180024
69.2724,desired,-0.704447,-0.704447,0.111111,0.111111
69.2727,state,-0.754179,-0.721380,-0.133232,-0.020294
69.2821,state,-0.743991,-0.710861,-0.098307,0.084933
69.2921,state,-0.737553,-0.706407,0.077467,0.176604
69.2927,desired,-0.702224,-0.702224,0.111111,0.111111
69.3021,state,-0.732314,-0.699622,-0.119791,-0.015232
69.3121,state,-0.723266,-0.691260,-0.041719,0.180024
69.3127,desired,-0.700002,-0.700002,0.111111,0.111111
69.3143,state,-0.720983,-0.688540,-0.128177,-0.019583
69.3150,state,-0.709795,-0.676665,-0.089011,0.099490
69.3221,state,-0.737553,-0.706407,0.077467,0.176604
69.3321,state,-0.732314,-0.699622,-0.119791,-0.015232
69.3421,state,-0.723266,-0.691260,-0.041719,0.180024
69.3426,desired,-0.696670,-0.696670,0.111111,0.111111
69.3521,state,-0.720983,-0.688540,-0.128177,-0.019583
69.3622,state,-0.709795,-0.676665,-0.089011,0.099490
69.3631,desired,-0.694442,-0.694442,0.111111,0.111111
69.3721,state,-0.737553,-0.706407,0.077467,0.176604
69.3821,state,-0.732314,-0.699622,-0.119791,-0.015232
69.3921,state,-0.723266,-0.691260,-0.041719,0.180024
69.3927,desired,-0.691113,-0.691113,0.111111,0.111111
69.4021,state,-0.720983,-0.688540,-0.128177,-0.019583
69.4121,state,-0.709795,-0.676665,-0.089011,0.099490
69.4136,state,-0.703260,-0.672328,0.083093,0.171060
69.4147,state,-0.698014,-0.665886,-0.114444,-0.014690
69.4222,state,-0.723266,-0.691260,-0.041719,0.180024
69.4230,desired,-0.687777,-0.687777,0.111111,0.111111
69.4321,state,-0.720983,-0.688540,-0.128177,-0.019583
69.4420,state,-0.709795,-0.676665,-0.089011,0.099490
69.4521,state,-0.703260,-0.672328,0.083093,0.171060
69.4527,desired,-0.684446,-0.684446,0.111111,0.111111
69.4621,state,-0.698014,-0.665886,-0.114444,-0.014690
69.4721,state,-0.723266,-0.691260,-0.041719,0.180024
69.4821,state,-0.720983,-0.688540,-0.128177,-0.019583
69.4827,desired,-0.681114,-0.681114,0.111111,0.111111
69.4921,state,-0.709795,-0.676665,-0.089011,0.099490
69.5021,state,-0.703260,-0.672328,0.083093,0.171060
69.5122,state,-0.698014,-0.665886,-0.114444,-0.014690
69.5130,desired,-0.677777,-0.677777,0.111111,0.111111
69.5143,state,-0.689826,-0.658389,-0.045807,0.159347
69.5221,state,-0.720983,-0.688540,-0.128177,-0.019583
69.5321,state,-0.709795,-0.676665,-0.089011,0.099490
69.5425,desired,-0.674447,-0.674447,0.111111,0.111111
69.5427,state,-0.703260,-0.672328,0.083093,0.171060
69.5521,state,-0.698014,-0.665886,-0.114444,-0.014690
69.5622,state,-0.689826,-0.658389,-0.045807,0.159347
69.5631,desired,-0.672221,-0.672221,0.111111,0.111111
69.5721,state,-0.720983,-0.688540,-0.128177,-0.019583
69.5822,state,-0.709795,-0.676665,-0.089011,0.099490
69.5921,state,-0.703260,-0.672328,0.083093,0.171060
69.5927,desired,-0.668891,-0.668891,0.111111,0.111111
69.6021,state,-0.698014,-0.665886,-0.114444,-0.014690
69.6122,state,-0.689826,-0.658389,-0.045807,0.159347
69.6130,desired,-0.666666,-0.666666,0.111111,0.111111
69.6137,state,-0.687769,-0.656045,-0.123738,-0.018926
69.6143,state,-0.677601,-0.645109,-0.088043,0.087466
69.6222,state,-0.703260,-0.672328,0.083093,0.171060
69.6321,state,-0.698014,-0.665886,-0.114444,-0.014690
69.6421,state,-0.689826,-0.658389,-0.045807,0.159347
69.6427,desired,-0.663333,-0.663333,0.111111,0.111111
69.6521,state,-0.687769,-0.656045,-0.123738,-0.018926
69.6621,state,-0.677601,-0.645109,-0.088043,0.087466
69.6722,state,-0.703260,-0.672328,0.083093,0.171060
69.6730,desired,-0.659999,-0.659999,0.111111,0.111111
69.6821,state,-0.698014,-0.665886,-0.114444,-0.014690
69.6922,state,-0.689826,-0.658389,-0.045807,0.159347
69.7021,state,-0.687769,-0.656045,-0.123738,-0.018926
69.7027,desired,-0.656669,-0.656669,0.111111,0.111111
69.7122,state,-0.677601,-0.645109,-0.088043,0.087466
69.7143,state,-0.671166,-0.640653,0.087833,0.179850
69.7157,state,-0.665929,-0.634062,-0.109352,-0.013861
69.7221,state,-0.689826,-0.658389,-0.045807,0.159347
69.7321,state,-0.687769,-0.656045,-0.123738,-0.018926
69.7327,desired,-0.653336,-0.653336,0.111111,0.111111
69.7422,state,-0.677601,-0.645109,-0.088043,0.087466
69.7521,state,-0.671166,-0.640653,0.087833,0.179850
69.7627,desired,-0.650000,-0.650000,0.111111,0.111111
69.7630,state,-0.665929,-0.634062,-0.109352,-0.013861
69.7721,state,-0.689826,-0.658389,-0.045807,0.159347
69.7820,state,-0.687769,-0.656045,-0.123738,-0.018926
69.7922,state,-0.677601,-0.645109,-0.088043,0.087466
69.7930,desired,-0.646666,-0.646666,0.111111,0.111111
69.8021,state,-0.671166,-0.640653,0.087833,0.179850
69.8121,state,-0.665929,-0.634062,-0.109352,-0.013861
69.8137,state,-0.656020,-0.624529,-0.021785,0.208793
69.8221,state,-0.687769,-0.656045,-0.123738,-0.018926
69.8227,desired,-0.643335,-0.643335,0.111111,0.111111
69.8321,state,-0.677601,-0.645109,-0.088043,0.087466
69.8420,state,-0.671166,-0.640653,0.087833,0.179850
69.8426,desired,-0.641113,-0.641113,0.111111,0.111111
69.8520,state,-0.665929,-0.634062,-0.109352,-0.013861
69.8620,state,-0.656020,-0.624529,-0.021785,0.208793
69.8720,state,-0.687769,-0.656045,-0.123738,-0.018926
69.8725,desired,-0.637781,-0.637781,0.111111,0.111111
69.8820,state,-0.677601,-0.645109,-0.088043,0.087466
69.8920,state,-0.671166,-0.640653,0.087833,0.179850
69.9020,state,-0.665929,-0.634062,-0.109352,-0.013861
69.9025,desired,-0.634448,-0.634448,0.111111,0.111111
69.9120,state,-0.656020,-0.624529,-0.021785,0.208793
69.9133,state,-0.653515,-0.621574,-0.116680,-0.017816
69.9145,state,-0.643311,-0.611541,-0.082357,0.074932
69.9220,state,-0.671166,-0.640653,0.087833,0.179850
69.9320,state,-0.665929,-0.634062,-0.109352,-0.013861
69.9325,desired,-0.631114,-0.631114,0.111111,0.111111
69.9420,state,-0.656020,-0.624529,-0.021785,0.208793
69.9520,state,-0.653515,-0.621574,-0.116680,-0.017816
69.9620,state,-0.643311,-0.611541,-0.082357,0.074932
69.9626,desired,-0.627781,-0.627781,0.111111,0.111111
69.9720,state,-0.671166,-0.640653,0.087833,0.179850
69.9820,state,-0.665929,-0.634062,-0.109352,-0.013861
69.9920,state,-0.656020,-0.624529,-0.021785,0.208793
69.9926,desired,-0.624448,-0.624448,0.111111,0.111111
70.0020,state,-0.653515,-0.621574,-0.116680,-0.017816
70.0120,state,-0.643311,-0.611541,-0.082357,0.074932
70.0131,state,-0.636873,-0.606937,0.093418,0.189970
70.0140,state,-0.631637,-0.600203,-0.103732,-0.012803
70.0220,state,-0.656020,-0.624529,-0.021785,0.208793
70.0225,desired,-0.621114,-0.621114,0.111111,0.111111
70.0320,state,-0.653515,-0.621574,-0.116680,-0.017816
70.0420,state,-0.643311,-0.611541,-0.082357,0.074932
70.0520,state,-0.636873,-0.606937,0.093418,0.189970
