t,src,ideal_pos,cheap_pos,ideal_vel,cheap_vel
0.0470,state,0.370414,0.341323,0.066817,0.015141
0.0472,state,0.360234,0.341441,0.031582,0.015600
0.0474,state,0.386963,0.366570,-0.138030,-0.009322
0.0555,desired,0.341110,0.341110,-0.111111,-0.111111
0.0557,state,0.381732,0.358214,0.058901,-0.178590
0.0650,state,0.372689,0.345018,-0.019383,-0.222638
0.0750,state,0.370414,0.341323,0.066817,0.015141
0.0850,state,0.360234,0.341441,0.031582,0.015600
0.0854,desired,0.337775,0.337775,-0.111111,-0.111111
0.0863,state,0.353801,0.336758,-0.144387,-0.227449
0.0872,state,0.348571,0.318764,0.052525,-0.220627
0.0950,state,0.372689,0.345018,-0.019383,-0.222638
0.1056,desired,0.335548,0.335548,-0.111111,-0.111111
0.1058,state,0.370414,0.341323,0.066817,0.015141
0.1150,state,0.360234,0.341441,0.031582,0.015600
0.1250,state,0.353801,0.336758,-0.144387,-0.227449
0.1357,desired,0.332218,0.332218,-0.111111,-0.111111
0.1360,state,0.348571,0.318764,0.052525,-0.220627
0.1450,state,0.372689,0.345018,-0.019383,-0.222638
0.1550,state,0.370414,0.341323,0.066817,0.015141
0.1654,desired,0.328887,0.328887,-0.111111,-0.111111
0.1657,state,0.360234,0.341441,0.031582,0.015600
0.1751,state,0.353801,0.336758,-0.144387,-0.227449
0.1852,state,0.348571,0.318764,0.052525,-0.220627
0.1874,state,0.339528,0.316914,-0.025777,0.014433
0.1957,desired,0.325551,0.325551,-0.111111,-0.111111
0.1960,state,0.370414,0.341323,0.066817,0.015141
0.2050,state,0.360234,0.341441,0.031582,0.015600
0.2150,state,0.353801,0.336758,-0.144387,-0.227449
0.2256,desired,0.322218,0.322218,-0.111111,-0.111111
0.2259,state,0.348571,0.318764,0.052525,-0.220627
0.2351,state,0.339528,0.316914,-0.025777,0.014433
0.2451,state,0.370414,0.341323,0.066817,0.015141
0.2550,state,0.360234,0.341441,0.031582,0.015600
0.2555,desired,0.318888,0.318888,-0.111111,-0.111111
0.2651,state,0.353801,0.336758,-0.144387,-0.227449
0.2750,state,0.348571,0.318764,0.052525,-0.220627
0.2856,desired,0.315554,0.315554,-0.111111,-0.111111
0.2860,state,0.339528,0.316914,-0.025777,0.014433
0.2875,state,0.337252,0.317030,0.060413,0.014610
0.2882,state,0.327072,0.302099,0.025156,-0.262168
0.2950,state,0.353801,0.336758,-0.144387,-0.227449
0.3050,state,0.348571,0.318764,0.052525,-0.220627
0.3154,desired,0.312221,0.312221,-0.111111,-0.111111
0.3156,state,0.339528,0.316914,-0.025777,0.014433
0.3250,state,0.337252,0.317030,0.060413,0.014610
0.3356,desired,0.309996,0.309996,-0.111111,-0.111111
0.3360,state,0.327072,0.302099,0.025156,-0.262168
0.3450,state,0.353801,0.336758,-0.144387,-0.227449
0.3550,state,0.348571,0.318764,0.052525,-0.220627
0.3656,desired,0.306663,0.306663,-0.111111,-0.111111
0.3660,state,0.339528,0.316914,-0.025777,0.014433
0.3751,state,0.337252,0.317030,0.060413,0.014610
0.3857,desired,0.304440,0.304440,-0.111111,-0.111111
0.3860,state,0.327072,0.302099,0.025156,-0.262168
0.3887,state,0.320640,0.296959,-0.150786,0.012152
0.3896,state,0.315412,0.297104,0.046077,0.014356
0.3950,state,0.339528,0.316914,-0.025777,0.014433
0.4051,state,0.337252,0.317030,0.060413,0.014610
0.4156,desired,0.301107,0.301107,-0.111111,-0.111111
0.4159,state,0.327072,0.302099,0.025156,-0.262168
0.4251,state,0.320640,0.296959,-0.150786,0.012152
0.4350,state,0.315412,0.297104,0.046077,0.014356
0.4454,desired,0.297776,0.297776,-0.111111,-0.111111
0.4456,state,0.339528,0.316914,-0.025777,0.014433
0.4550,state,0.337252,0.317030,0.060413,0.014610
0.4656,desired,0.295551,0.295551,-0.111111,-0.111111
0.4660,state,0.327072,0.302099,0.025156,-0.262168
0.4750,state,0.320640,0.296959,-0.150786,0.012152
0.4851,state,0.315412,0.297104,0.046077,0.014356
0.4869,state,0.306367,0.286133,-0.032255,-0.310724
0.4954,desired,0.292221,0.292221,-0.111111,-0.111111
0.4956,state,0.337252,0.317030,0.060413,0.014610
0.5051,state,0.327072,0.302099,0.025156,-0.262168
0.5150,state,0.320640,0.296959,-0.150786,0.012152
0.5255,desired,0.288887,0.288887,-0.111111,-0.111111
0.5257,state,0.315412,0.297104,0.046077,0.014356
0.5352,state,0.306367,0.286133,-0.032255,-0.310724
0.5450,state,0.337252,0.317030,0.060413,0.014610
0.5554,desired,0.285554,0.285554,-0.111111,-0.111111
0.5557,state,0.327072,0.302099,0.025156,-0.262168
0.5652,state,0.320640,0.296959,-0.150786,0.012152
0.5757,desired,0.283330,0.283330,-0.111111,-0.111111
0.5760,state,0.315412,0.297104,0.046077,0.014356
0.5852,state,0.306367,0.286133,-0.032255,-0.310724
0.5874,state,0.304092,0.274278,0.053931,-0.042242
0.5890,state,0.293915,0.274366,0.018672,0.014011
0.5956,desired,0.281107,0.281107,-0.111111,-0.111111
0.5960,state,0.320640,0.296959,-0.150786,0.012152
0.6051,state,0.315412,0.297104,0.046077,0.014356
0.6150,state,0.306367,0.286133,-0.032255,-0.310724
0.6250,state,0.304092,0.274278,0.053931,-0.042242
0.6257,desired,0.277776,0.277776,-0.111111,-0.111111
0.6351,state,0.293915,0.274366,0.018672,0.014011
0.6450,state,0.320640,0.296959,-0.150786,0.012152
0.6550,state,0.315412,0.297104,0.046077,0.014356
0.6557,desired,0.274443,0.274443,-0.111111,-0.111111
0.6651,state,0.306367,0.286133,-0.032255,-0.310724
0.6750,state,0.304092,0.274278,0.053931,-0.042242
0.6851,state,0.293915,0.274366,0.018672,0.014011
0.6861,desired,0.271108,0.271108,-0.111111,-0.111111
0.6873,state,0.287481,0.270232,-0.157362,-0.204521
0.6887,state,0.282252,0.253791,0.039548,-0.200673
0.6952,state,0.306367,0.286133,-0.032255,-0.310724
0.7050,state,0.304092,0.274278,0.053931,-0.042242
0.7150,state,0.293915,0.274366,0.018672,0.014011
0.7156,desired,0.267776,0.267776,-0.111111,-0.111111
0.7251,state,0.287481,0.270232,-0.157362,-0.204521
0.7350,state,0.282252,0.253791,0.039548,-0.200673
0.7456,desired,0.264440,0.264440,-0.111111,-0.111111
0.7459,state,0.306367,0.286133,-0.032255,-0.310724
0.7550,state,0.304092,0.274278,0.053931,-0.042242
0.7651,state,0.293915,0.274366,0.018672,0.014011
0.7750,state,0.287481,0.270232,-0.157362,-0.204521
0.7756,desired,0.261109,0.261109,-0.111111,-0.111111
0.7851,state,0.282252,0.253791,0.039548,-0.200673
0.7880,state,0.273211,0.253040,-0.038755,0.013385
0.7957,desired,0.258886,0.258886,-0.111111,-0.111111
0.7961,state,0.304092,0.274278,0.053931,-0.042242
0.8051,state,0.293915,0.274366,0.018672,0.014011
0.8150,state,0.287481,0.270232,-0.157362,-0.204521
0.8250,state,0.282252,0.253791,0.039548,-0.200673
0.8256,desired,0.255554,0.255554,-0.111111,-0.111111
0.8351,state,0.273211,0.253040,-0.038755,0.013385
0.8450,state,0.304092,0.274278,0.053931,-0.042242
0.8551,state,0.293915,0.274366,0.018672,0.014011
0.8559,desired,0.252218,0.252218,-0.111111,-0.111111
0.8650,state,0.287481,0.270232,-0.157362,-0.204521
0.8751,state,0.282252,0.253791,0.039548,-0.200673
0.8854,desired,0.248887,0.248887,-0.111111,-0.111111
0.8857,state,0.273211,0.253040,-0.038755,0.013385
0.8869,state,0.270937,0.253234,0.047387,0.013305
0.8872,state,0.260758,0.236317,0.012106,-0.287648
0.8951,state,0.287481,0.270232,-0.157362,-0.204521
0.9051,state,0.282252,0.253791,0.039548,-0.200673
0.9155,desired,0.245552,0.245552,-0.111111,-0.111111
0.9157,state,0.273211,0.253040,-0.038755,0.013385
0.9250,state,0.270937,0.253234,0.047387,0.013305
0.9351,state,0.260758,0.236317,0.012106,-0.287648
0.9457,desired,0.242218,0.242218,-0.111111,-0.111111
0.9460,state,0.287481,0.270232,-0.157362,-0.204521
0.9550,state,0.282252,0.253791,0.039548,-0.200673
0.9650,state,0.273211,0.253040,-0.038755,0.013385
0.9753,desired,0.238886,0.238886,-0.111111,-0.111111
0.9755,state,0.270937,0.253234,0.047387,0.013305
0.9850,state,0.260758,0.236317,0.012106,-0.287648
0.9861,state,0.254326,0.231273,-0.163919,0.011010
0.9868,state,0.249097,0.231480,0.032963,0.012698
0.9950,state,0.273211,0.253040,-0.038755,0.013385
1.0054,desired,0.235555,0.235555,-0.111111,-0.111111
1.0055,state,0.270937,0.253234,0.047387,0.013305
1.0150,state,0.260758,0.236317,0.012106,-0.287648
1.0250,state,0.254326,0.231273,-0.163919,0.011010
1.0354,desired,0.232221,0.232221,-0.111111,-0.111111
1.0357,state,0.249097,0.231480,0.032963,0.012698
1.0450,state,0.273211,0.253040,-0.038755,0.013385
1.0550,state,0.270937,0.253234,0.047387,0.013305
1.0655,desired,0.228887,0.228887,-0.111111,-0.111111
1.0657,state,0.260758,0.236317,0.012106,-0.287648
1.0750,state,0.254326,0.231273,-0.163919,0.011010
1.0851,state,0.249097,0.231480,0.032963,0.012698
1.0866,state,0.240055,0.220639,-0.045364,-0.309838
1.0955,desired,0.225550,0.225550,-0.111111,-0.111111
1.0958,state,0.270937,0.253234,0.047387,0.013305
1.1050,state,0.260758,0.236317,0.012106,-0.287648
1.1150,state,0.254326,0.231273,-0.163919,0.011010
1.1250,state,0.249097,0.231480,0.032963,0.012698
1.1256,desired,0.222221,0.222221,-0.111111,-0.111111
1.1351,state,0.240055,0.220639,-0.045364,-0.309838
1.1450,state,0.270937,0.253234,0.047387,0.013305
1.1554,desired,0.218887,0.218887,-0.111111,-0.111111
1.1556,state,0.260758,0.236317,0.012106,-0.287648
1.1652,state,0.254326,0.231273,-0.163919,0.011010
1.1750,state,0.249097,0.231480,0.032963,0.012698
1.1857,desired,0.215549,0.215549,-0.111111,-0.111111
1.1860,state,0.240055,0.220639,-0.045364,-0.309838
1.1866,state,0.237780,0.210069,0.040778,0.001227
1.1879,state,0.227604,0.210247,0.005491,0.011733
1.1952,state,0.254326,0.231273,-0.163919,0.011010
1.2051,state,0.249097,0.231480,0.032963,0.012698
1.2157,desired,0.212217,0.212217,-0.111111,-0.111111
1.2160,state,0.240055,0.220639,-0.045364,-0.309838
1.2250,state,0.237780,0.210069,0.040778,0.001227
1.2352,state,0.227604,0.210247,0.005491,0.011733
1.2450,state,0.254326,0.231273,-0.163919,0.011010
1.2457,desired,0.208887,0.208887,-0.111111,-0.111111
1.2551,state,0.249097,0.231480,0.032963,0.012698
1.2657,desired,0.206662,0.206662,-0.111111,-0.111111
1.2660,state,0.240055,0.220639,-0.045364,-0.309838
1.2752,state,0.237780,0.210069,0.040778,0.001227
1.2851,state,0.227604,0.210247,0.005491,0.011733
1.2951,state,0.254326,0.231273,-0.163919,0.011010
1.2960,desired,0.203328,0.203328,-0.111111,-0.111111
1.2967,state,0.221172,0.205751,-0.170521,-0.226001
1.2984,state,0.215944,0.188929,0.026324,-0.198632
1.3052,state,0.237780,0.210069,0.040778,0.001227
1.3150,state,0.227604,0.210247,0.005491,0.011733
1.3261,desired,0.199998,0.199998,-0.111111,-0.111111
1.3265,state,0.254326,0.231273,-0.163919,0.011010
1.3353,state,0.221172,0.205751,-0.170521,-0.226001
1.3451,state,0.215944,0.188929,0.026324,-0.198632
1.3561,desired,0.196662,0.196662,-0.111111,-0.111111
1.3567,state,0.237780,0.210069,0.040778,0.001227
1.3651,state,0.227604,0.210247,0.005491,0.011733
1.3752,state,0.254326,0.231273,-0.163919,0.011010
1.3851,state,0.221172,0.205751,-0.170521,-0.226001
1.3859,desired,0.193331,0.193331,-0.111111,-0.111111
1.3951,state,0.215944,0.188929,0.026324,-0.198632
1.3978,state,0.209526,0.188788,-0.192195,0.010996
1.3987,state,0.203829,0.188988,0.022286,0.010832
1.4052,state,0.254326,0.231273,-0.163919,0.011010
1.4066,desired,0.191106,0.191106,-0.111111,-0.111111
1.4151,state,0.221172,0.205751,-0.170521,-0.226001
1.4252,state,0.215944,0.188929,0.026324,-0.198632
1.4266,desired,0.188883,0.188883,-0.111111,-0.111111
1.4350,state,0.209526,0.188788,-0.192195,0.010996
1.4453,state,0.203829,0.188988,0.022286,0.010832
1.4552,state,0.254326,0.231273,-0.163919,0.011010
1.4564,desired,0.185552,0.185552,-0.111111,-0.111111
1.4651,state,0.221172,0.205751,-0.170521,-0.226001
1.4752,state,0.215944,0.188929,0.026324,-0.198632
1.4861,desired,0.182219,0.182219,-0.111111,-0.111111
1.4866,state,0.209526,0.188788,-0.192195,0.010996
1.4953,state,0.203829,0.188988,0.022286,0.010832
1.4990,state,0.194749,0.176854,-0.054594,-0.342647
1.5051,state,0.221172,0.205751,-0.170521,-0.226001
1.5161,desired,0.178885,0.178885,-0.111111,-0.111111
1.5166,state,0.215944,0.188929,0.026324,-0.198632
1.5252,state,0.209526,0.188788,-0.192195,0.010996
1.5352,state,0.203829,0.188988,0.022286,0.010832
1.5367,desired,0.176662,0.176662,-0.111111,-0.111111
1.5451,state,0.194749,0.176854,-0.054594,-0.342647
1.5551,state,0.221172,0.205751,-0.170521,-0.226001
1.5661,desired,0.173328,0.173328,-0.111111,-0.111111
1.5666,state,0.215944,0.188929,0.026324,-0.198632
1.5750,state,0.209526,0.188788,-0.192195,0.010996
1.5852,state,0.203829,0.188988,0.022286,0.010832
1.5950,state,0.194749,0.176854,-0.054594,-0.342647
1.5959,desired,0.169998,0.169998,-0.111111,-0.111111
1.5975,state,0.192472,0.165817,0.031653,-0.000891
1.5978,state,0.182293,0.166008,-0.003649,0.010185
1.6051,state,0.209526,0.188788,-0.192195,0.010996
1.6156,desired,0.167773,0.167773,-0.111111,-0.111111
1.6160,state,0.203829,0.188988,0.022286,0.010832
1.6251,state,0.194749,0.176854,-0.054594,-0.342647
1.6352,state,0.192472,0.165817,0.031653,-0.000891
1.6456,desired,0.164440,0.164440,-0.111111,-0.111111
1.6459,state,0.182293,0.166008,-0.003649,0.010185
1.6551,state,0.209526,0.188788,-0.192195,0.010996
1.6650,state,0.203829,0.188988,0.022286,0.010832
1.6756,desired,0.161107,0.161107,-0.111111,-0.111111
1.6759,state,0.194749,0.176854,-0.054594,-0.342647
1.6851,state,0.192472,0.165817,0.031653,-0.000891
1.6951,state,0.182293,0.166008,-0.003649,0.010185
1.6972,state,0.176407,0.161930,-0.158277,-0.207120
1.6991,state,0.171695,0.146244,0.019141,-0.183041
1.7056,desired,0.157773,0.157773,-0.111111,-0.111111
1.7060,state,0.194749,0.176854,-0.054594,-0.342647
1.7151,state,0.192472,0.165817,0.031653,-0.000891
1.7251,state,0.182293,0.166008,-0.003649,0.010185
1.7351,state,0.176407,0.161930,-0.158277,-0.207120
1.7357,desired,0.154440,0.154440,-0.111111,-0.111111
1.7452,state,0.171695,0.146244,0.019141,-0.183041
1.7550,state,0.194749,0.176854,-0.054594,-0.342647
1.7652,state,0.192472,0.165817,0.031653,-0.000891
1.7658,desired,0.151106,0.151106,-0.111111,-0.111111
1.7750,state,0.182293,0.166008,-0.003649,0.010185
1.7852,state,0.176407,0.161930,-0.158277,-0.207120
1.7951,state,0.171695,0.146244,0.019141,-0.183041
1.7960,desired,0.147773,0.147773,-0.111111,-0.111111
1.7973,state,0.162693,0.146163,-0.060834,0.009862
1.8051,state,0.192472,0.165817,0.031653,-0.000891
1.8151,state,0.182293,0.166008,-0.003649,0.010185
1.8256,desired,0.144440,0.144440,-0.111111,-0.111111
1.8260,state,0.176407,0.161930,-0.158277,-0.207120
1.8352,state,0.171695,0.146244,0.019141,-0.183041
1.8450,state,0.162693,0.146163,-0.060834,0.009862
1.8556,desired,0.141106,0.141106,-0.111111,-0.111111
1.8559,state,0.192472,0.165817,0.031653,-0.000891
1.8652,state,0.182293,0.166008,-0.003649,0.010185
1.8750,state,0.176407,0.161930,-0.158277,-0.207120
1.8856,desired,0.137773,0.137773,-0.111111,-0.111111
1.8859,state,0.171695,0.146244,0.019141,-0.183041
1.8950,state,0.162693,0.146163,-0.060834,0.009862
1.8966,state,0.160423,0.146399,0.025177,0.009672
1.8977,state,0.150247,0.128096,-0.010142,-0.301092
1.9056,desired,0.135550,0.135550,-0.111111,-0.111111
1.9060,state,0.176407,0.161930,-0.158277,-0.207120
1.9150,state,0.171695,0.146244,0.019141,-0.183041
1.9252,state,0.162693,0.146163,-0.060834,0.009862
1.9354,desired,0.132220,0.132220,-0.111111,-0.111111
1.9357,state,0.160423,0.146399,0.025177,0.009672
1.9450,state,0.150247,0.128096,-0.010142,-0.301092
1.9556,desired,0.129995,0.129995,-0.111111,-0.111111
1.9559,state,0.176407,0.161930,-0.158277,-0.207120
1.9651,state,0.171695,0.146244,0.019141,-0.183041
1.9751,state,0.162693,0.146163,-0.060834,0.009862
1.9856,desired,0.126662,0.126662,-0.111111,-0.111111
1.9860,state,0.160423,0.146399,0.025177,0.009672
1.9952,state,0.150247,0.128096,-0.010142,-0.301092
1.9980,state,0.143816,0.123754,-0.186162,0.008563
1.9990,state,0.138589,0.124016,0.010651,0.009202
2.0051,state,0.162693,0.146163,-0.060834,0.009862
2.0151,state,0.160423,0.146399,0.025177,0.009672
2.0159,desired,0.123329,0.123329,-0.111111,-0.111111
2.0251,state,0.150247,0.128096,-0.010142,-0.301092
2.0351,state,0.143816,0.123754,-0.186162,0.008563
2.0451,state,0.138589,0.124016,0.010651,0.009202
2.0459,desired,0.119996,0.119996,-0.111111,-0.111111
2.0550,state,0.162693,0.146163,-0.060834,0.009862
2.0652,state,0.160423,0.146399,0.025177,0.009672
2.0754,desired,0.116664,0.116664,-0.111111,-0.111111
2.0757,state,0.150247,0.128096,-0.010142,-0.301092
2.0851,state,0.143816,0.123754,-0.186162,0.008563
2.0951,state,0.138589,0.124016,0.010651,0.009202
2.0966,state,0.129546,0.112450,-0.067720,-0.330428
2.1050,state,0.160423,0.146399,0.025177,0.009672
2.1057,desired,0.113331,0.113331,-0.111111,-0.111111
2.1151,state,0.150247,0.128096,-0.010142,-0.301092
2.1252,state,0.143816,0.123754,-0.186162,0.008563
2.1258,desired,0.111106,0.111106,-0.111111,-0.111111
2.1351,state,0.138589,0.124016,0.010651,0.009202
2.1451,state,0.129546,0.112450,-0.067720,-0.330428
2.1551,state,0.160423,0.146399,0.025177,0.009672
2.1558,desired,0.107773,0.107773,-0.111111,-0.111111
2.1651,state,0.150247,0.128096,-0.010142,-0.301092
2.1750,state,0.143816,0.123754,-0.186162,0.008563
2.1856,desired,0.104440,0.104440,-0.111111,-0.111111
2.1860,state,0.138589,0.124016,0.010651,0.009202
2.1952,state,0.129546,0.112450,-0.067720,-0.330428
2.1966,state,0.127272,0.102212,0.018408,-0.001569
2.1973,state,0.116095,0.102484,-0.021153,0.008851
2.2050,state,0.143816,0.123754,-0.186162,0.008563
2.2151,state,0.138589,0.124016,0.010651,0.009202
2.2158,desired,0.101107,0.101107,-0.111111,-0.111111
2.2250,state,0.129546,0.112450,-0.067720,-0.330428
2.2351,state,0.127272,0.102212,0.018408,-0.001569
2.2456,desired,0.097773,0.097773,-0.111111,-0.111111
2.2459,state,0.116095,0.102484,-0.021153,0.008851
2.2550,state,0.143816,0.123754,-0.186162,0.008563
2.2651,state,0.138589,0.124016,0.010651,0.009202
2.2754,desired,0.094442,0.094442,-0.111111,-0.111111
2.2756,state,0.129546,0.112450,-0.067720,-0.330428
2.2852,state,0.127272,0.102212,0.018408,-0.001569
2.2958,desired,0.092218,0.092218,-0.111111,-0.111111
2.2964,state,0.116095,0.102484,-0.021153,0.008851
2.2973,state,0.109566,0.097193,-0.193494,-0.273905
2.2992,state,0.104332,0.079306,0.003620,-0.198505
2.3051,state,0.129546,0.112450,-0.067720,-0.330428
2.3150,state,0.127272,0.102212,0.018408,-0.001569
2.3252,state,0.116095,0.102484,-0.021153,0.008851
2.3260,desired,0.088884,0.088884,-0.111111,-0.111111
2.3352,state,0.109566,0.097193,-0.193494,-0.273905
2.3450,state,0.104332,0.079306,0.003620,-0.198505
2.3551,state,0.129546,0.112450,-0.067720,-0.330428
2.3559,desired,0.085551,0.085551,-0.111111,-0.111111
2.3650,state,0.127272,0.102212,0.018408,-0.001569
2.3750,state,0.116095,0.102484,-0.021153,0.008851
2.3850,state,0.109566,0.097193,-0.193494,-0.273905
2.3857,desired,0.082220,0.082220,-0.111111,-0.111111
2.3951,state,0.104332,0.079306,0.003620,-0.198505
2.3976,state,0.095290,0.079269,-0.074710,0.008335
2.4050,state,0.127272,0.102212,0.018408,-0.001569
2.4151,state,0.116095,0.102484,-0.021153,0.008851
2.4160,desired,0.078883,0.078883,-0.111111,-0.111111
2.4251,state,0.109566,0.097193,-0.193494,-0.273905
2.4351,state,0.104332,0.079306,0.003620,-0.198505
2.4456,desired,0.075556,0.075556,-0.111111,-0.111111
2.4459,state,0.095290,0.079269,-0.074710,0.008335
2.4550,state,0.127272,0.102212,0.018408,-0.001569
2.4651,state,0.116095,0.102484,-0.021153,0.008851
2.4657,desired,0.073331,0.073331,-0.111111,-0.111111
2.4750,state,0.109566,0.097193,-0.193494,-0.273905
2.4852,state,0.104332,0.079306,0.003620,-0.198505
2.4860,desired,0.071107,0.071107,-0.111111,-0.111111
2.4952,state,0.095290,0.079269,-0.074710,0.008335
2.4971,state,0.093017,0.079579,0.011397,0.008108
2.4988,state,0.083841,0.063095,-0.019683,-0.275596
2.5051,state,0.109566,0.097193,-0.193494,-0.273905
2.5154,desired,0.067776,0.067776,-0.111111,-0.111111
2.5157,state,0.104332,0.079306,0.003620,-0.198505
2.5251,state,0.095290,0.079269,-0.074710,0.008335
2.5350,state,0.093017,0.079579,0.011397,0.008108
2.5454,desired,0.064442,0.064442,-0.111111,-0.111111
2.5456,state,0.083841,0.063095,-0.019683,-0.275596
2.5551,state,0.109566,0.097193,-0.193494,-0.273905
2.5650,state,0.104332,0.079306,0.003620,-0.198505
2.5754,desired,0.061109,0.061109,-0.111111,-0.111111
2.5756,state,0.095290,0.079269,-0.074710,0.008335
2.5850,state,0.093017,0.079579,0.011397,0.008108
2.5957,desired,0.058884,0.058884,-0.111111,-0.111111
2.5960,state,0.083841,0.063095,-0.019683,-0.275596
2.5971,state,0.077507,0.059357,-0.199396,0.007338
2.5977,state,0.072288,0.059701,-0.002897,0.007860
2.6050,state,0.095290,0.079269,-0.074710,0.008335
2.6150,state,0.093017,0.079579,0.011397,0.008108
2.6251,state,0.083841,0.063095,-0.019683,-0.275596
2.6260,desired,0.055551,0.055551,-0.111111,-0.111111
2.6351,state,0.077507,0.059357,-0.199396,0.007338
2.6450,state,0.072288,0.059701,-0.002897,0.007860
2.6554,desired,0.052220,0.052220,-0.111111,-0.111111
2.6556,state,0.095290,0.079269,-0.074710,0.008335
2.6650,state,0.093017,0.079579,0.011397,0.008108
2.6750,state,0.083841,0.063095,-0.019683,-0.275596
2.6854,desired,0.048887,0.048887,-0.111111,-0.111111
2.6857,state,0.077507,0.059357,-0.199396,0.007338
2.6951,state,0.072288,0.059701,-0.002897,0.007860
2.6965,state,0.063247,0.047279,-0.081284,-0.353329
2.7053,desired,0.046664,0.046664,-0.111111,-0.111111
2.7055,state,0.093017,0.079579,0.011397,0.008108
2.7150,state,0.083841,0.063095,-0.019683,-0.275596
2.7250,state,0.077507,0.059357,-0.199396,0.007338
2.7351,state,0.072288,0.059701,-0.002897,0.007860
2.7360,desired,0.043330,0.043330,-0.111111,-0.111111
2.7450,state,0.063247,0.047279,-0.081284,-0.353329
2.7550,state,0.093017,0.079579,0.011397,0.008108
2.7656,desired,0.039999,0.039999,-0.111111,-0.111111
2.7659,state,0.083841,0.063095,-0.019683,-0.275596
2.7750,state,0.077507,0.059357,-0.199396,0.007338
2.7850,state,0.072288,0.059701,-0.002897,0.007860
2.7950,state,0.063247,0.047279,-0.081284,-0.353329
2.7960,desired,0.036665,0.036665,-0.111111,-0.111111
2.7967,state,0.060974,0.036973,0.004818,-0.003095
2.7969,state,0.050797,0.037327,-0.030514,0.007475
2.8050,state,0.077507,0.059357,-0.199396,0.007338
2.8150,state,0.072288,0.059701,-0.002897,0.007860
2.8250,state,0.063247,0.047279,-0.081284,-0.353329
2.8254,desired,0.033332,0.033332,-0.111111,-0.111111
2.8350,state,0.060974,0.036973,0.004818,-0.003095
2.8450,state,0.050797,0.037327,-0.030514,0.007475
2.8553,desired,0.029997,0.029997,-0.111111,-0.111111
2.8555,state,0.077507,0.059357,-0.199396,0.007338
2.8650,state,0.072288,0.059701,-0.002897,0.007860
2.8750,state,0.063247,0.047279,-0.081284,-0.353329
2.8865,state,0.060974,0.036973,0.004818,-0.003095
2.8870,desired,0.026664,0.026664,-0.111111,-0.111111
2.8950,state,0.050797,0.037327,-0.030514,0.007475
2.8965,state,0.043822,0.031946,-0.227855,-0.283877
2.8979,state,0.038082,0.014334,-0.011709,-0.188402
2.9050,state,0.063247,0.047279,-0.081284,-0.353329
2.9155,desired,0.023332,0.023332,-0.111111,-0.111111
2.9158,state,0.060974,0.036973,0.004818,-0.003095
2.9250,state,0.050797,0.037327,-0.030514,0.007475
2.9353,desired,0.021109,0.021109,-0.111111,-0.111111
2.9355,state,0.043822,0.031946,-0.227855,-0.283877
2.9450,state,0.038082,0.014334,-0.011709,-0.188402
2.9550,state,0.063247,0.047279,-0.081284,-0.353329
2.9653,desired,0.017776,0.017776,-0.111111,-0.111111
2.9655,state,0.060974,0.036973,0.004818,-0.003095
2.9750,state,0.050797,0.037327,-0.030514,0.007475
2.9854,desired,0.015552,0.015552,-0.111111,-0.111111
2.9856,state,0.043822,0.031946,-0.227855,-0.283877
2.9950,state,0.038082,0.014334,-0.011709,-0.188402
2.9971,state,0.028997,0.014395,-0.088495,0.007028
3.0050,state,0.060974,0.036973,0.004818,-0.003095
3.0153,desired,0.012221,0.012221,-0.111111,-0.111111
3.0155,state,0.050797,0.037327,-0.030514,0.007475
3.0250,state,0.043822,0.031946,-0.227855,-0.283877
3.0350,state,0.038082,0.014334,-0.011709,-0.188402
3.0453,desired,0.008888,0.008888,-0.111111,-0.111111
3.0455,state,0.028997,0.014395,-0.088495,0.007028
3.0550,state,0.060974,0.036973,0.004818,-0.003095
3.0650,state,0.050797,0.037327,-0.030514,0.007475
3.0655,desired,0.006664,0.006664,-0.111111,-0.111111
3.0750,state,0.043822,0.031946,-0.227855,-0.283877
3.0850,state,0.038082,0.014334,-0.011709,-0.188402
3.0954,desired,0.003331,0.003331,-0.111111,-0.111111
3.0957,state,0.028997,0.014395,-0.088495,0.007028
3.0966,state,0.026720,0.014788,-0.002244,0.006761
3.0974,state,0.017542,-0.002137,-0.033324,-0.278127
3.1051,state,0.043822,0.031946,-0.227855,-0.283877
3.1150,state,0.038082,0.014334,-0.011709,-0.188402
3.1252,state,0.028997,0.014395,-0.088495,0.007028
3.1260,desired,-0.000004,-0.000004,-0.111111,-0.111111
3.1351,state,0.026720,0.014788,-0.002244,0.006761
3.1452,state,0.017542,-0.002137,-0.033324,-0.278127
3.1554,desired,-0.003335,-0.003335,-0.111111,-0.111111
3.1556,state,0.043822,0.031946,-0.227855,-0.283877
3.1652,state,0.038082,0.014334,-0.011709,-0.188402
3.1750,state,0.028997,0.014395,-0.088495,0.007028
3.1850,state,0.026720,0.014788,-0.002244,0.006761
3.1856,desired,-0.006669,-0.006669,-0.111111,-0.111111
3.1952,state,0.017542,-0.002137,-0.033324,-0.278127
3.1971,state,0.011208,-0.005611,-0.213035,0.006001
3.1986,state,0.005989,-0.005184,-0.016540,0.006492
3.2050,state,0.028997,0.014395,-0.088495,0.007028
3.2151,state,0.026720,0.014788,-0.002244,0.006761
3.2159,desired,-0.010004,-0.010004,-0.111111,-0.111111
3.2250,state,0.017542,-0.002137,-0.033324,-0.278127
3.2351,state,0.011208,-0.005611,-0.213035,0.006001
3.2454,desired,-0.013335,-0.013335,-0.111111,-0.111111
3.2456,state,0.005989,-0.005184,-0.016540,0.006492
3.2550,state,0.028997,0.014395,-0.088495,0.007028
3.2656,desired,-0.015560,-0.015560,-0.111111,-0.111111
3.2660,state,0.026720,0.014788,-0.002244,0.006761
3.2750,state,0.017542,-0.002137,-0.033324,-0.278127
3.2851,state,0.011208,-0.005611,-0.213035,0.006001
3.2951,state,0.005989,-0.005184,-0.016540,0.006492
3.2960,desired,-0.018893,-0.018893,-0.111111,-0.111111
3.2973,state,-0.003051,-0.017939,-0.094926,-0.363005
3.3051,state,0.026720,0.014788,-0.002244,0.006761
3.3150,state,0.017542,-0.002137,-0.033324,-0.278127
3.3256,desired,-0.022226,-0.022226,-0.111111,-0.111111
3.3259,state,0.011208,-0.005611,-0.213035,0.006001
3.3351,state,0.005989,-0.005184,-0.016540,0.006492
3.3451,state,-0.003051,-0.017939,-0.094926,-0.363005
3.3460,desired,-0.024449,-0.024449,-0.111111,-0.111111
3.3550,state,0.026720,0.014788,-0.002244,0.006761
3.3652,state,0.017542,-0.002137,-0.033324,-0.278127
3.3751,state,0.011208,-0.005611,-0.213035,0.006001
3.3759,desired,-0.027782,-0.027782,-0.111111,-0.111111
3.3850,state,0.005989,-0.005184,-0.016540,0.006492
3.3951,state,-0.003051,-0.017939,-0.094926,-0.363005
3.3980,state,-0.005324,-0.027900,-0.008830,-0.004151
3.3983,state,-0.015501,-0.027462,-0.044165,0.006136
3.4051,state,0.011208,-0.005611,-0.213035,0.006001
3.4061,desired,-0.031113,-0.031113,-0.111111,-0.111111
3.4151,state,0.005989,-0.005184,-0.016540,0.006492
3.4251,state,-0.003051,-0.017939,-0.094926,-0.363005
3.4358,desired,-0.034446,-0.034446,-0.111111,-0.111111
3.4361,state,-0.005324,-0.027900,-0.008830,-0.004151
3.4451,state,-0.015501,-0.027462,-0.044165,0.006136
3.4551,state,0.011208,-0.005611,-0.213035,0.006001
3.4661,desired,-0.037782,-0.037782,-0.111111,-0.111111
3.4666,state,0.005989,-0.005184,-0.016540,0.006492
3.4752,state,-0.003051,-0.017939,-0.094926,-0.363005
3.4851,state,-0.005324,-0.027900,-0.008830,-0.004151
3.4961,desired,-0.041116,-0.041116,-0.111111,-0.111111
3.4966,state,-0.015501,-0.027462,-0.044165,0.006136
3.4981,state,-0.022476,-0.033055,-0.241538,-0.300119
3.4996,state,-0.028218,-0.050549,-0.025366,-0.178077
3.5050,state,-0.003051,-0.017939,-0.094926,-0.363005
3.5150,state,-0.005324,-0.027900,-0.008830,-0.004151
3.5250,state,-0.015501,-0.027462,-0.044165,0.006136
3.5256,desired,-0.044446,-0.044446,-0.111111,-0.111111
3.5351,state,-0.022476,-0.033055,-0.241538,-0.300119
3.5450,state,-0.028218,-0.050549,-0.025366,-0.178077
3.5550,state,-0.003051,-0.017939,-0.094926,-0.363005
3.5556,desired,-0.047779,-0.047779,-0.111111,-0.111111
3.5651,state,-0.005324,-0.027900,-0.008830,-0.004151
3.5750,state,-0.015501,-0.027462,-0.044165,0.006136
3.5856,desired,-0.051115,-0.051115,-0.111111,-0.111111
3.5859,state,-0.022476,-0.033055,-0.241538,-0.300119
3.5951,state,-0.028218,-0.050549,-0.025366,-0.178077
3.5972,state,-0.037301,-0.050393,-0.102128,0.005703
3.6051,state,-0.005324,-0.027900,-0.008830,-0.004151
3.6154,desired,-0.054446,-0.054446,-0.111111,-0.111111
3.6156,state,-0.015501,-0.027462,-0.044165,0.006136
3.6251,state,-0.022476,-0.033055,-0.241538,-0.300119
3.6357,desired,-0.056671,-0.056671,-0.111111,-0.111111
3.6360,state,-0.028218,-0.050549,-0.025366,-0.178077
3.6451,state,-0.037301,-0.050393,-0.102128,0.005703
3.6550,state,-0.005324,-0.027900,-0.008830,-0.004151
3.6656,desired,-0.060004,-0.060004,-0.111111,-0.111111
3.6659,state,-0.015501,-0.027462,-0.044165,0.006136
3.6750,state,-0.022476,-0.033055,-0.241538,-0.300119
3.6850,state,-0.028218,-0.050549,-0.025366,-0.178077
3.6956,desired,-0.063338,-0.063338,-0.111111,-0.111111
3.6959,state,-0.037301,-0.050393,-0.102128,0.005703
3.6971,state,-0.039577,-0.049917,-0.015897,0.005416
3.6982,state,-0.049756,-0.068435,-0.051227,-0.292555
3.7051,state,-0.022476,-0.033055,-0.241538,-0.300119
3.7151,state,-0.028218,-0.050549,-0.025366,-0.178077
3.7254,desired,-0.066668,-0.066668,-0.111111,-0.111111
3.7256,state,-0.037301,-0.050393,-0.102128,0.005703
3.7350,state,-0.039577,-0.049917,-0.015897,0.005416
3.7451,state,-0.049756,-0.068435,-0.051227,-0.292555
3.7550,state,-0.022476,-0.033055,-0.241538,-0.300119
3.7556,desired,-0.070002,-0.070002,-0.111111,-0.111111
3.7651,state,-0.028218,-0.050549,-0.025366,-0.178077
3.7750,state,-0.037301,-0.050393,-0.102128,0.005703
3.7857,desired,-0.073338,-0.073338,-0.111111,-0.111111
3.7860,state,-0.039577,-0.049917,-0.015897,0.005416
3.7951,state,-0.049756,-0.068435,-0.051227,-0.292555
3.7971,state,-0.056187,-0.071735,-0.227197,0.004591
3.7986,state,-0.061412,-0.071226,-0.030441,0.005095
3.8050,state,-0.037301,-0.050393,-0.102128,0.005703
3.8151,state,-0.039577,-0.049917,-0.015897,0.005416
3.8159,desired,-0.076671,-0.076671,-0.111111,-0.111111
3.8250,state,-0.049756,-0.068435,-0.051227,-0.292555
3.8352,state,-0.056187,-0.071735,-0.227197,0.004591
3.8458,desired,-0.080002,-0.080002,-0.111111,-0.111111
3.8461,state,-0.061412,-0.071226,-0.030441,0.005095
3.8551,state,-0.037301,-0.050393,-0.102128,0.005703
3.8661,desired,-0.082226,-0.082226,-0.111111,-0.111111
3.8666,state,-0.039577,-0.049917,-0.015897,0.005416
3.8751,state,-0.049756,-0.068435,-0.051227,-0.292555
3.8850,state,-0.056187,-0.071735,-0.227197,0.004591
3.8950,state,-0.061412,-0.071226,-0.030441,0.005095
3.8959,desired,-0.085557,-0.085557,-0.111111,-0.111111
3.8968,state,-0.069592,-0.083198,-0.099346,-0.346157
3.9050,state,-0.039577,-0.049917,-0.015897,0.005416
3.9150,state,-0.049756,-0.068435,-0.051227,-0.292555
3.9256,desired,-0.088890,-0.088890,-0.111111,-0.111111
3.9260,state,-0.056187,-0.071735,-0.227197,0.004591
3.9352,state,-0.061412,-0.071226,-0.030441,0.005095
3.9451,state,-0.069592,-0.083198,-0.099346,-0.346157
3.9459,desired,-0.091116,-0.091116,-0.111111,-0.111111
3.9550,state,-0.039577,-0.049917,-0.015897,0.005416
3.9650,state,-0.049756,-0.068435,-0.051227,-0.292555
3.9750,state,-0.056187,-0.071735,-0.227197,0.004591
3.9755,desired,-0.094446,-0.094446,-0.111111,-0.111111
3.9850,state,-0.061412,-0.071226,-0.030441,0.005095
3.9950,state,-0.069592,-0.083198,-0.099346,-0.346157
3.9956,desired,-0.096669,-0.096669,-0.111111,-0.111111
3.9964,state,-0.071642,-0.092114,-0.021719,-0.004442
3.9966,state,-0.081803,-0.091594,-0.057753,0.004786
4.0050,state,-0.056187,-0.071735,-0.227197,0.004591
4.0149,state,-0.061412,-0.071226,-0.030441,0.005095
4.0253,desired,-0.100000,-0.100000,-0.111111,-0.111111
4.0255,state,-0.069592,-0.083198,-0.099346,-0.346157
4.0350,state,-0.071642,-0.092114,-0.021719,-0.004442
4.0450,state,-0.081803,-0.091594,-0.057753,0.004786
4.0556,desired,-0.103335,-0.103335,-0.111111,-0.111111
4.0558,state,-0.056187,-0.071735,-0.227197,0.004591
4.0650,state,-0.061412,-0.071226,-0.030441,0.005095
4.0753,desired,-0.105559,-0.105559,-0.111111,-0.111111
4.0755,state,-0.069592,-0.083198,-0.099346,-0.346157
4.0850,state,-0.071642,-0.092114,-0.021719,-0.004442
4.0955,desired,-0.107782,-0.107782,-0.111111,-0.111111
4.0957,state,-0.081803,-0.091594,-0.057753,0.004786
4.0966,state,-0.088232,-0.097157,-0.233780,-0.304043
4.0968,state,-0.093457,-0.113879,-0.037022,-0.158475
4.1050,state,-0.069592,-0.083198,-0.099346,-0.346157
4.1150,state,-0.071642,-0.092114,-0.021719,-0.004442
4.1254,desired,-0.111112,-0.111112,-0.111111,-0.111111
4.1256,state,-0.081803,-0.091594,-0.057753,0.004786
4.1350,state,-0.088232,-0.097157,-0.233780,-0.304043
4.1450,state,-0.093457,-0.113879,-0.037022,-0.158475
4.1550,state,-0.069592,-0.083198,-0.099346,-0.346157
4.1556,desired,-0.114446,-0.114446,-0.111111,-0.111111
4.1650,state,-0.071642,-0.092114,-0.021719,-0.004442
4.1750,state,-0.081803,-0.091594,-0.057753,0.004786
4.1856,desired,-0.117782,-0.117782,-0.111111,-0.111111
4.1859,state,-0.088232,-0.097157,-0.233780,-0.304043
4.1952,state,-0.093457,-0.113879,-0.037022,-0.158475
4.1978,state,-0.103359,-0.113614,-0.124838,0.004381
4.2051,state,-0.071642,-0.092114,-0.021719,-0.004442
4.2152,desired,-0.121112,-0.121112,-0.111111,-0.111111
4.2154,state,-0.081803,-0.091594,-0.057753,0.004786
4.2250,state,-0.088232,-0.097157,-0.233780,-0.304043
4.2354,desired,-0.123335,-0.123335,-0.111111,-0.111111
4.2356,state,-0.093457,-0.113879,-0.037022,-0.158475
4.2450,state,-0.103359,-0.113614,-0.124838,0.004381
4.2550,state,-0.071642,-0.092114,-0.021719,-0.004442
4.2654,desired,-0.126669,-0.126669,-0.111111,-0.111111
4.2656,state,-0.081803,-0.091594,-0.057753,0.004786
4.2751,state,-0.088232,-0.097157,-0.233780,-0.304043
4.2856,desired,-0.128894,-0.128894,-0.111111,-0.111111
4.2859,state,-0.093457,-0.113879,-0.037022,-0.158475
4.2952,state,-0.103359,-0.113614,-0.124838,0.004381
4.2972,state,-0.105856,-0.113059,-0.030261,0.004097
4.2976,state,-0.116054,-0.133427,-0.064906,-0.307894
4.3051,state,-0.088232,-0.097157,-0.233780,-0.304043
4.3154,desired,-0.132224,-0.132224,-0.111111,-0.111111
4.3156,state,-0.093457,-0.113879,-0.037022,-0.158475
4.3250,state,-0.103359,-0.113614,-0.124838,0.004381
4.3350,state,-0.105856,-0.113059,-0.030261,0.004097
4.3450,state,-0.116054,-0.133427,-0.064906,-0.307894
4.3456,desired,-0.135558,-0.135558,-0.111111,-0.111111
4.3551,state,-0.088232,-0.097157,-0.233780,-0.304043
4.3650,state,-0.093457,-0.113879,-0.037022,-0.158475
4.3756,desired,-0.138893,-0.138893,-0.111111,-0.111111
4.3759,state,-0.103359,-0.113614,-0.124838,0.004381
4.3850,state,-0.105856,-0.113059,-0.030261,0.004097
4.3952,state,-0.116054,-0.133427,-0.064906,-0.307894
4.3972,state,-0.122488,-0.136497,-0.240865,0.003205
4.3985,state,-0.127715,-0.135908,-0.044043,0.003739
4.4054,desired,-0.142224,-0.142224,-0.111111,-0.111111
4.4056,state,-0.103359,-0.113614,-0.124838,0.004381
4.4150,state,-0.105856,-0.113059,-0.030261,0.004097
4.4250,state,-0.116054,-0.133427,-0.064906,-0.307894
4.4350,state,-0.122488,-0.136497,-0.240865,0.003205
4.4355,desired,-0.145558,-0.145558,-0.111111,-0.111111
4.4450,state,-0.127715,-0.135908,-0.044043,0.003739
4.4551,state,-0.103359,-0.113614,-0.124838,0.004381
4.4657,desired,-0.148895,-0.148895,-0.111111,-0.111111
4.4660,state,-0.105856,-0.113059,-0.030261,0.004097
4.4750,state,-0.116054,-0.133427,-0.064906,-0.307894
4.4851,state,-0.122488,-0.136497,-0.240865,0.003205
4.4955,desired,-0.152225,-0.152225,-0.111111,-0.111111
4.4957,state,-0.127715,-0.135908,-0.044043,0.003739
4.4973,state,-0.136754,-0.148997,-0.122373,-0.372973
4.5050,state,-0.105856,-0.113059,-0.030261,0.004097
4.5150,state,-0.116054,-0.133427,-0.064906,-0.307894
4.5251,state,-0.122488,-0.136497,-0.240865,0.003205
4.5257,desired,-0.155560,-0.155560,-0.111111,-0.111111
4.5351,state,-0.127715,-0.135908,-0.044043,0.003739
4.5450,state,-0.136754,-0.148997,-0.122373,-0.372973
4.5557,desired,-0.158893,-0.158893,-0.111111,-0.111111
4.5560,state,-0.105856,-0.113059,-0.030261,0.004097
4.5650,state,-0.116054,-0.133427,-0.064906,-0.307894
4.5751,state,-0.122488,-0.136497,-0.240865,0.003205
4.5855,desired,-0.162224,-0.162224,-0.111111,-0.111111
4.5857,state,-0.127715,-0.135908,-0.044043,0.003739
4.5952,state,-0.136754,-0.148997,-0.122373,-0.372973
4.5972,state,-0.139027,-0.157645,-0.036281,-0.005369
4.5975,state,-0.148206,-0.157045,-0.067365,0.003392
4.6050,state,-0.122488,-0.136497,-0.240865,0.003205
4.6150,state,-0.127715,-0.135908,-0.044043,0.003739
4.6156,desired,-0.165558,-0.165558,-0.111111,-0.111111
4.6251,state,-0.136754,-0.148997,-0.122373,-0.372973
4.6351,state,-0.139027,-0.157645,-0.036281,-0.005369
4.6456,desired,-0.168893,-0.168893,-0.111111,-0.111111
4.6460,state,-0.148206,-0.157045,-0.067365,0.003392
4.6550,state,-0.122488,-0.136497,-0.240865,0.003205
4.6651,state,-0.127715,-0.135908,-0.044043,0.003739
4.6751,state,-0.136754,-0.148997,-0.122373,-0.372973
4.6758,desired,-0.172224,-0.172224,-0.111111,-0.111111
4.6851,state,-0.139027,-0.157645,-0.036281,-0.005369
4.6957,desired,-0.174449,-0.174449,-0.111111,-0.111111
4.6960,state,-0.148206,-0.157045,-0.067365,0.003392
4.6978,state,-0.154541,-0.162289,-0.247111,-0.293328
4.6992,state,-0.159762,-0.177565,-0.050554,-0.126908
4.7051,state,-0.136754,-0.148997,-0.122373,-0.372973
4.7150,state,-0.139027,-0.157645,-0.036281,-0.005369
4.7250,state,-0.148206,-0.157045,-0.067365,0.003392
4.7256,desired,-0.177780,-0.177780,-0.111111,-0.111111
4.7352,state,-0.154541,-0.162289,-0.247111,-0.293328
4.7450,state,-0.159762,-0.177565,-0.050554,-0.126908
4.7551,state,-0.136754,-0.148997,-0.122373,-0.372973
4.7559,desired,-0.181116,-0.181116,-0.111111,-0.111111
4.7651,state,-0.139027,-0.157645,-0.036281,-0.005369
4.7750,state,-0.148206,-0.157045,-0.067365,0.003392
4.7851,state,-0.154541,-0.162289,-0.247111,-0.293328
4.7857,desired,-0.184447,-0.184447,-0.111111,-0.111111
4.7952,state,-0.159762,-0.177565,-0.050554,-0.126908
4.7973,state,-0.169664,-0.177174,-0.138383,0.002978
4.8051,state,-0.139027,-0.157645,-0.036281,-0.005369
4.8060,desired,-0.186672,-0.186672,-0.111111,-0.111111
4.8150,state,-0.148206,-0.157045,-0.067365,0.003392
4.8251,state,-0.154541,-0.162289,-0.247111,-0.293328
4.8351,state,-0.159762,-0.177565,-0.050554,-0.126908
4.8357,desired,-0.190002,-0.190002,-0.111111,-0.111111
4.8451,state,-0.169664,-0.177174,-0.138383,0.002978
4.8550,state,-0.139027,-0.157645,-0.036281,-0.005369
4.8651,state,-0.148206,-0.157045,-0.067365,0.003392
4.8657,desired,-0.193335,-0.193335,-0.111111,-0.111111
4.8751,state,-0.154541,-0.162289,-0.247111,-0.293328
4.8851,state,-0.159762,-0.177565,-0.050554,-0.126908
4.8952,state,-0.169664,-0.177174,-0.138383,0.002978
4.8960,desired,-0.196671,-0.196671,-0.111111,-0.111111
4.8971,state,-0.172161,-0.176544,-0.043788,0.002726
4.8987,state,-0.182355,-0.197634,-0.078395,-0.308518
4.9050,state,-0.154541,-0.162289,-0.247111,-0.293328
4.9150,state,-0.159762,-0.177565,-0.050554,-0.126908
4.9256,desired,-0.200004,-0.200004,-0.111111,-0.111111
4.9259,state,-0.169664,-0.177174,-0.138383,0.002978
4.9350,state,-0.172161,-0.176544,-0.043788,0.002726
4.9456,desired,-0.202227,-0.202227,-0.111111,-0.111111
4.9459,state,-0.182355,-0.197634,-0.078395,-0.308518
4.9550,state,-0.154541,-0.162289,-0.247111,-0.293328
4.9652,state,-0.159762,-0.177565,-0.050554,-0.126908
4.9754,desired,-0.205558,-0.205558,-0.111111,-0.111111
4.9757,state,-0.169664,-0.177174,-0.138383,0.002978
4.9852,state,-0.172161,-0.176544,-0.043788,0.002726
4.9957,desired,-0.207783,-0.207783,-0.111111,-0.111111
4.9960,state,-0.182355,-0.197634,-0.078395,-0.308518
4.9967,state,-0.188788,-0.200174,-0.254357,0.001800
4.9988,state,-0.194015,-0.199512,-0.057525,0.002334
5.0051,state,-0.169664,-0.177174,-0.138383,0.002978
5.0149,state,-0.172161,-0.176544,-0.043788,0.002726
5.0254,desired,-0.211113,-0.211113,-0.111111,-0.111111
5.0256,state,-0.182355,-0.197634,-0.078395,-0.308518
5.0350,state,-0.188788,-0.200174,-0.254357,0.001800
5.0450,state,-0.194015,-0.199512,-0.057525,0.002334
5.0553,desired,-0.214445,-0.214445,-0.111111,-0.111111
5.0555,state,-0.169664,-0.177174,-0.138383,0.002978
5.0650,state,-0.172161,-0.176544,-0.043788,0.002726
5.0750,state,-0.182355,-0.197634,-0.078395,-0.308518
5.0854,desired,-0.217780,-0.217780,-0.111111,-0.111111
5.0856,state,-0.188788,-0.200174,-0.254357,0.001800
5.0952,state,-0.194015,-0.199512,-0.057525,0.002334
5.0972,state,-0.203059,-0.212962,-0.135887,-0.384512
5.1050,state,-0.172161,-0.176544,-0.043788,0.002726
5.1154,desired,-0.221113,-0.221113,-0.111111,-0.111111
5.1156,state,-0.182355,-0.197634,-0.078395,-0.308518
5.1252,state,-0.188788,-0.200174,-0.254357,0.001800
5.1351,state,-0.194015,-0.199512,-0.057525,0.002334
5.1456,desired,-0.224449,-0.224449,-0.111111,-0.111111
5.1460,state,-0.203059,-0.212962,-0.135887,-0.384512
5.1550,state,-0.172161,-0.176544,-0.043788,0.002726
5.1651,state,-0.182355,-0.197634,-0.078395,-0.308518
5.1751,state,-0.188788,-0.200174,-0.254357,0.001800
5.1757,desired,-0.227780,-0.227780,-0.111111,-0.111111
5.1852,state,-0.194015,-0.199512,-0.057525,0.002334
5.1957,desired,-0.230005,-0.230005,-0.111111,-0.111111
5.1960,state,-0.203059,-0.212962,-0.135887,-0.384512
5.1966,state,-0.205333,-0.220799,-0.049741,-0.005518
5.1973,state,-0.214509,-0.220130,-0.080791,0.001921
5.2051,state,-0.188788,-0.200174,-0.254357,0.001800
5.2150,state,-0.194015,-0.199512,-0.057525,0.002334
5.2250,state,-0.203059,-0.212962,-0.135887,-0.384512
5.2256,desired,-0.233335,-0.233335,-0.111111,-0.111111
5.2351,state,-0.205333,-0.220799,-0.049741,-0.005518
5.2450,state,-0.214509,-0.220130,-0.080791,0.001921
5.2550,state,-0.188788,-0.200174,-0.254357,0.001800
5.2555,desired,-0.236669,-0.236669,-0.111111,-0.111111
5.2652,state,-0.194015,-0.199512,-0.057525,0.002334
5.2750,state,-0.203059,-0.212962,-0.135887,-0.384512
5.2854,desired,-0.240002,-0.240002,-0.111111,-0.111111
5.2857,state,-0.205333,-0.220799,-0.049741,-0.005518
5.2952,state,-0.214509,-0.220130,-0.080791,0.001921
5.2975,state,-0.220844,-0.225511,-0.260517,-0.305282
5.2993,state,-0.226064,-0.240240,-0.063960,-0.094895
5.3061,desired,-0.242227,-0.242227,-0.111111,-0.111111
5.3065,state,-0.203059,-0.212962,-0.135887,-0.384512
5.3150,state,-0.205333,-0.220799,-0.049741,-0.005518
5.3251,state,-0.214509,-0.220130,-0.080791,0.001921
5.3358,desired,-0.245557,-0.245557,-0.111111,-0.111111
5.3363,state,-0.220844,-0.225511,-0.260517,-0.305282
5.3452,state,-0.226064,-0.240240,-0.063960,-0.094895
5.3551,state,-0.203059,-0.212962,-0.135887,-0.384512
5.3654,desired,-0.248891,-0.248891,-0.111111,-0.111111
5.3656,state,-0.205333,-0.220799,-0.049741,-0.005518
5.3752,state,-0.214509,-0.220130,-0.080791,0.001921
5.3851,state,-0.220844,-0.225511,-0.260517,-0.305282
5.3956,desired,-0.252227,-0.252227,-0.111111,-0.111111
5.3959,state,-0.226064,-0.240240,-0.063960,-0.094895
5.3972,state,-0.235105,-0.239734,-0.142316,0.001454
5.4051,state,-0.205333,-0.220799,-0.049741,-0.005518
5.4151,state,-0.214509,-0.220130,-0.080791,0.001921
5.4254,desired,-0.255558,-0.255558,-0.111111,-0.111111
5.4256,state,-0.220844,-0.225511,-0.260517,-0.305282
5.4351,state,-0.226064,-0.240240,-0.063960,-0.094895
5.4456,desired,-0.257782,-0.257782,-0.111111,-0.111111
5.4459,state,-0.235105,-0.239734,-0.142316,0.001454
5.4550,state,-0.205333,-0.220799,-0.049741,-0.005518
5.4652,state,-0.214509,-0.220130,-0.080791,0.001921
5.4754,desired,-0.261113,-0.261113,-0.111111,-0.111111
5.4756,state,-0.220844,-0.225511,-0.260517,-0.305282
5.4851,state,-0.226064,-0.240240,-0.063960,-0.094895
5.4956,desired,-0.263338,-0.263338,-0.111111,-0.111111
5.4960,state,-0.235105,-0.239734,-0.142316,0.001454
5.4972,state,-0.237379,-0.239039,-0.056181,0.001289
5.4982,state,-0.248556,-0.260328,-0.095707,-0.303897
5.5051,state,-0.220844,-0.225511,-0.260517,-0.305282
5.5150,state,-0.226064,-0.240240,-0.063960,-0.094895
5.5256,desired,-0.266671,-0.266671,-0.111111,-0.111111
5.5259,state,-0.235105,-0.239734,-0.142316,0.001454
5.5350,state,-0.237379,-0.239039,-0.056181,0.001289
5.5451,state,-0.248556,-0.260328,-0.095707,-0.303897
5.5556,desired,-0.270005,-0.270005,-0.111111,-0.111111
5.5560,state,-0.220844,-0.225511,-0.260517,-0.305282
5.5650,state,-0.226064,-0.240240,-0.063960,-0.094895
5.5750,state,-0.235105,-0.239734,-0.142316,0.001454
5.5850,state,-0.237379,-0.239039,-0.056181,0.001289
5.5855,desired,-0.273335,-0.273335,-0.111111,-0.111111
5.5950,state,-0.248556,-0.260328,-0.095707,-0.303897
5.5962,state,-0.255087,-0.262061,-0.268083,0.000403
5.5977,state,-0.260325,-0.261335,-0.070870,0.000919
5.6056,desired,-0.275560,-0.275560,-0.111111,-0.111111
5.6059,state,-0.235105,-0.239734,-0.142316,0.001454
5.6151,state,-0.237379,-0.239039,-0.056181,0.001289
5.6250,state,-0.248556,-0.260328,-0.095707,-0.303897
5.6354,desired,-0.278892,-0.278892,-0.111111,-0.111111
5.6357,state,-0.255087,-0.262061,-0.268083,0.000403
5.6451,state,-0.260325,-0.261335,-0.070870,0.000919
5.6550,state,-0.235105,-0.239734,-0.142316,0.001454
5.6656,desired,-0.282227,-0.282227,-0.111111,-0.111111
5.6659,state,-0.237379,-0.239039,-0.056181,0.001289
5.6750,state,-0.248556,-0.260328,-0.095707,-0.303897
5.6850,state,-0.255087,-0.262061,-0.268083,0.000403
5.6957,desired,-0.285561,-0.285561,-0.111111,-0.111111
5.6960,state,-0.260325,-0.261335,-0.070870,0.000919
5.6973,state,-0.269365,-0.275150,-0.149142,-0.398173
5.7050,state,-0.237379,-0.239039,-0.056181,0.001289
5.7152,state,-0.248556,-0.260328,-0.095707,-0.303897
5.7257,desired,-0.288893,-0.288893,-0.111111,-0.111111
5.7260,state,-0.255087,-0.262061,-0.268083,0.000403
5.7352,state,-0.260325,-0.261335,-0.070870,0.000919
5.7451,state,-0.269365,-0.275150,-0.149142,-0.398173
5.7557,desired,-0.292227,-0.292227,-0.111111,-0.111111
5.7560,state,-0.237379,-0.239039,-0.056181,0.001289
5.7652,state,-0.248556,-0.260328,-0.095707,-0.303897
5.7752,state,-0.255087,-0.262061,-0.268083,0.000403
5.7854,desired,-0.295558,-0.295558,-0.111111,-0.111111
5.7857,state,-0.260325,-0.261335,-0.070870,0.000919
5.7952,state,-0.269365,-0.275150,-0.149142,-0.398173
5.7971,state,-0.271639,-0.282222,-0.063013,-0.005449
5.7974,state,-0.281816,-0.281483,-0.098286,0.000582
5.8056,desired,-0.297782,-0.297782,-0.111111,-0.111111
5.8059,state,-0.255087,-0.262061,-0.268083,0.000403
5.8150,state,-0.260325,-0.261335,-0.070870,0.000919
5.8256,desired,-0.300004,-0.300004,-0.111111,-0.111111
5.8259,state,-0.269365,-0.275150,-0.149142,-0.398173
5.8351,state,-0.271639,-0.282222,-0.063013,-0.005449
5.8450,state,-0.281816,-0.281483,-0.098286,0.000582
5.8556,desired,-0.303338,-0.303338,-0.111111,-0.111111
5.8559,state,-0.255087,-0.262061,-0.268083,0.000403
5.8650,state,-0.260325,-0.261335,-0.070870,0.000919
5.8750,state,-0.269365,-0.275150,-0.149142,-0.398173
5.8856,desired,-0.306671,-0.306671,-0.111111,-0.111111
5.8860,state,-0.271639,-0.282222,-0.063013,-0.005449
5.8952,state,-0.281816,-0.281483,-0.098286,0.000582
5.8980,state,-0.287706,-0.286933,-0.253017,-0.313752
5.8990,state,-0.292422,-0.301323,-0.075455,-0.077263
5.9050,state,-0.269365,-0.275150,-0.149142,-0.398173
5.9154,desired,-0.310002,-0.310002,-0.111111,-0.111111
5.9156,state,-0.271639,-0.282222,-0.063013,-0.005449
5.9251,state,-0.281816,-0.281483,-0.098286,0.000582
5.9350,state,-0.287706,-0.286933,-0.253017,-0.313752
5.9454,desired,-0.313335,-0.313335,-0.111111,-0.111111
5.9457,state,-0.292422,-0.301323,-0.075455,-0.077263
5.9550,state,-0.269365,-0.275150,-0.149142,-0.398173
5.9656,desired,-0.315560,-0.315560,-0.111111,-0.111111
5.9660,state,-0.271639,-0.282222,-0.063013,-0.005449
5.9750,state,-0.281816,-0.281483,-0.098286,0.000582
5.9850,state,-0.287706,-0.286933,-0.253017,-0.313752
5.9956,desired,-0.318894,-0.318894,-0.111111,-0.111111
5.9959,state,-0.292422,-0.301323,-0.075455,-0.077263
5.9972,state,-0.301420,-0.300712,-0.155345,0.000286
6.0051,state,-0.271639,-0.282222,-0.063013,-0.005449
6.0150,state,-0.281816,-0.281483,-0.098286,0.000582
6.0256,desired,-0.322227,-0.322227,-0.111111,-0.111111
6.0259,state,-0.287706,-0.286933,-0.253017,-0.313752
6.0350,state,-0.292422,-0.301323,-0.075455,-0.077263
6.0450,state,-0.301420,-0.300712,-0.155345,0.000286
6.0556,desired,-0.325560,-0.325560,-0.111111,-0.111111
6.0559,state,-0.271639,-0.282222,-0.063013,-0.005449
6.0651,state,-0.281816,-0.281483,-0.098286,0.000582
6.0751,state,-0.287706,-0.286933,-0.253017,-0.313752
6.0854,desired,-0.328891,-0.328891,-0.111111,-0.111111
6.0856,state,-0.292422,-0.301323,-0.075455,-0.077263
6.0951,state,-0.301420,-0.300712,-0.155345,0.000286
6.0967,state,-0.303691,-0.299933,-0.069333,0.000248
6.0982,state,-0.314868,-0.321281,-0.108841,-0.303776
6.1056,desired,-0.331116,-0.331116,-0.111111,-0.111111
6.1059,state,-0.287706,-0.286933,-0.253017,-0.313752
6.1150,state,-0.292422,-0.301323,-0.075455,-0.077263
6.1252,state,-0.301420,-0.300712,-0.155345,0.000286
6.1354,desired,-0.334447,-0.334447,-0.111111,-0.111111
6.1356,state,-0.303691,-0.299933,-0.069333,0.000248
6.1451,state,-0.314868,-0.321281,-0.108841,-0.303776
6.1550,state,-0.287706,-0.286933,-0.253017,-0.313752
6.1656,desired,-0.337782,-0.337782,-0.111111,-0.111111
6.1659,state,-0.292422,-0.301323,-0.075455,-0.077263
6.1750,state,-0.301420,-0.300712,-0.155345,0.000286
6.1850,state,-0.303691,-0.299933,-0.069333,0.000248
6.1956,desired,-0.341116,-0.341116,-0.111111,-0.111111
6.1959,state,-0.314868,-0.321281,-0.108841,-0.303776
6.1971,state,-0.321398,-0.322800,-0.281141,-0.000555
6.1986,state,-0.326636,-0.321978,-0.083947,0.000110
6.2050,state,-0.301420,-0.300712,-0.155345,0.000286
6.2151,state,-0.303691,-0.299933,-0.069333,0.000248
6.2254,desired,-0.344447,-0.344447,-0.111111,-0.111111
6.2256,state,-0.314868,-0.321281,-0.108841,-0.303776
6.2352,state,-0.321398,-0.322800,-0.281141,-0.000555
6.2450,state,-0.326636,-0.321978,-0.083947,0.000110
6.2556,desired,-0.347782,-0.347782,-0.111111,-0.111111
6.2560,state,-0.301420,-0.300712,-0.155345,0.000286
6.2650,state,-0.303691,-0.299933,-0.069333,0.000248
6.2751,state,-0.314868,-0.321281,-0.108841,-0.303776
6.2854,desired,-0.351113,-0.351113,-0.111111,-0.111111
6.2857,state,-0.321398,-0.322800,-0.281141,-0.000555
6.2951,state,-0.326636,-0.321978,-0.083947,0.000110
6.2976,state,-0.335679,-0.335802,-0.162226,-0.401256
6.3056,desired,-0.353338,-0.353338,-0.111111,-0.111111
6.3060,state,-0.303691,-0.299933,-0.069333,0.000248
6.3150,state,-0.314868,-0.321281,-0.108841,-0.303776
6.3251,state,-0.321398,-0.322800,-0.281141,-0.000555
6.3354,desired,-0.356669,-0.356669,-0.111111,-0.111111
6.3356,state,-0.326636,-0.321978,-0.083947,0.000110
6.3451,state,-0.335679,-0.335802,-0.162226,-0.401256
6.3550,state,-0.303691,-0.299933,-0.069333,0.000248
6.3656,desired,-0.360004,-0.360004,-0.111111,-0.111111
6.3660,state,-0.314868,-0.321281,-0.108841,-0.303776
6.3750,state,-0.321398,-0.322800,-0.281141,-0.000555
6.3850,state,-0.326636,-0.321978,-0.083947,0.000110
6.3956,desired,-0.363338,-0.363338,-0.111111,-0.111111
6.3960,state,-0.335679,-0.335802,-0.162226,-0.401256
6.3974,state,-0.337954,-0.342787,-0.076048,-0.006378
6.3976,state,-0.348133,-0.341938,-0.111296,0.000027
6.4051,state,-0.321398,-0.322800,-0.281141,-0.000555
6.4151,state,-0.326636,-0.321978,-0.083947,0.000110
6.4256,desired,-0.366671,-0.366671,-0.111111,-0.111111
6.4259,state,-0.335679,-0.335802,-0.162226,-0.401256
6.4350,state,-0.337954,-0.342787,-0.076048,-0.006378
6.4451,state,-0.348133,-0.341938,-0.111296,0.000027
6.4554,desired,-0.370002,-0.370002,-0.111111,-0.111111
6.4557,state,-0.321398,-0.322800,-0.281141,-0.000555
6.4651,state,-0.326636,-0.321978,-0.083947,0.000110
6.4750,state,-0.335679,-0.335802,-0.162226,-0.401256
6.4854,desired,-0.373335,-0.373335,-0.111111,-0.111111
6.4857,state,-0.337954,-0.342787,-0.076048,-0.006378
6.4952,state,-0.348133,-0.341938,-0.111296,0.000027
6.4972,state,-0.354566,-0.347766,-0.287266,-0.339352
6.4992,state,-0.359796,-0.362921,-0.090357,-0.086651
6.5056,desired,-0.375560,-0.375560,-0.111111,-0.111111
6.5059,state,-0.335679,-0.335802,-0.162226,-0.401256
6.5150,state,-0.337954,-0.342787,-0.076048,-0.006378
6.5250,state,-0.348133,-0.341938,-0.111296,0.000027
6.5356,desired,-0.378894,-0.378894,-0.111111,-0.111111
6.5359,state,-0.354566,-0.347766,-0.287266,-0.339352
6.5451,state,-0.359796,-0.362921,-0.090357,-0.086651
6.5552,state,-0.335679,-0.335802,-0.162226,-0.401256
6.5654,desired,-0.382225,-0.382225,-0.111111,-0.111111
6.5656,state,-0.337954,-0.342787,-0.076048,-0.006378
6.5751,state,-0.348133,-0.341938,-0.111296,0.000027
6.5850,state,-0.354566,-0.347766,-0.287266,-0.339352
6.5957,desired,-0.385560,-0.385560,-0.111111,-0.111111
6.5960,state,-0.359796,-0.362921,-0.090357,-0.086651
6.5973,state,-0.368839,-0.362208,-0.168647,-0.000057
6.6050,state,-0.337954,-0.342787,-0.076048,-0.006378
6.6151,state,-0.348133,-0.341938,-0.111296,0.000027
6.6254,desired,-0.388891,-0.388891,-0.111111,-0.111111
6.6256,state,-0.354566,-0.347766,-0.287266,-0.339352
6.6351,state,-0.359796,-0.362921,-0.090357,-0.086651
6.6450,state,-0.368839,-0.362208,-0.168647,-0.000057
6.6550,state,-0.337954,-0.342787,-0.076048,-0.006378
6.6556,desired,-0.392224,-0.392224,-0.111111,-0.111111
6.6651,state,-0.348133,-0.341938,-0.111296,0.000027
6.6750,state,-0.354566,-0.347766,-0.287266,-0.339352
6.6855,desired,-0.395558,-0.395558,-0.111111,-0.111111
6.6857,state,-0.359796,-0.362921,-0.090357,-0.086651
6.6952,state,-0.368839,-0.362208,-0.168647,-0.000057
6.6973,state,-0.371114,-0.361297,-0.082457,0.000001
6.6988,state,-0.381294,-0.381179,-0.117687,-0.288642
6.7054,desired,-0.397780,-0.397780,-0.111111,-0.111111
6.7057,state,-0.354566,-0.347766,-0.287266,-0.339352
6.7151,state,-0.359796,-0.362921,-0.090357,-0.086651
6.7250,state,-0.368839,-0.362208,-0.168647,-0.000057
6.7357,desired,-0.401116,-0.401116,-0.111111,-0.111111
6.7360,state,-0.371114,-0.361297,-0.082457,0.000001
6.7450,state,-0.381294,-0.381179,-0.117687,-0.288642
6.7551,state,-0.354566,-0.347766,-0.287266,-0.339352
6.7652,state,-0.359796,-0.362921,-0.090357,-0.086651
6.7660,desired,-0.404449,-0.404449,-0.111111,-0.111111
6.7751,state,-0.368839,-0.362208,-0.168647,-0.000057
6.7851,state,-0.371114,-0.361297,-0.082457,0.000001
6.7962,desired,-0.407782,-0.407782,-0.111111,-0.111111
6.7967,state,-0.381294,-0.381179,-0.117687,-0.288642
6.7973,state,-0.387727,-0.382278,-0.293652,-0.000654
6.7988,state,-0.392958,-0.381321,-0.096716,-0.000001
6.8052,state,-0.368839,-0.362208,-0.168647,-0.000057
6.8150,state,-0.371114,-0.361297,-0.082457,0.000001
6.8251,state,-0.381294,-0.381179,-0.117687,-0.288642
6.8256,desired,-0.411113,-0.411113,-0.111111,-0.111111
6.8352,state,-0.387727,-0.382278,-0.293652,-0.000654
6.8452,state,-0.392958,-0.381321,-0.096716,-0.000001
6.8458,desired,-0.413338,-0.413338,-0.111111,-0.111111
6.8551,state,-0.368839,-0.362208,-0.168647,-0.000057
6.8652,state,-0.371114,-0.361297,-0.082457,0.000001
6.8752,state,-0.381294,-0.381179,-0.117687,-0.288642
6.8758,desired,-0.416671,-0.416671,-0.111111,-0.111111
6.8851,state,-0.387727,-0.382278,-0.293652,-0.000654
6.8952,state,-0.392958,-0.381321,-0.096716,-0.000001
6.8960,desired,-0.418896,-0.418896,-0.111111,-0.111111
6.8980,state,-0.402001,-0.395260,-0.174990,-0.407283
6.9050,state,-0.371114,-0.361297,-0.082457,0.000001
6.9151,state,-0.381294,-0.381179,-0.117687,-0.288642
6.9251,state,-0.387727,-0.382278,-0.293652,-0.000654
6.9256,desired,-0.422224,-0.422224,-0.111111,-0.111111
6.9352,state,-0.392958,-0.381321,-0.096716,-0.000001
6.9451,state,-0.402001,-0.395260,-0.174990,-0.407283
6.9551,state,-0.371114,-0.361297,-0.082457,0.000001
6.9555,desired,-0.425558,-0.425558,-0.111111,-0.111111
6.9651,state,-0.381294,-0.381179,-0.117687,-0.288642
6.9751,state,-0.387727,-0.382278,-0.293652,-0.000654
6.9850,state,-0.392958,-0.381321,-0.096716,-0.000001
6.9854,desired,-0.428891,-0.428891,-0.111111,-0.111111
6.9952,state,-0.402001,-0.395260,-0.174990,-0.407283
6.9972,state,-0.404277,-0.402235,-0.088783,-0.006706
6.9975,state,-0.414457,-0.401249,-0.123993,-0.000038
7.0051,state,-0.387727,-0.382278,-0.293652,-0.000654
7.0060,desired,-0.431116,-0.431116,-0.111111,-0.111111
7.0150,state,-0.392958,-0.381321,-0.096716,-0.000001
7.0251,state,-0.402001,-0.395260,-0.174990,-0.407283
7.0350,state,-0.404277,-0.402235,-0.088783,-0.006706
7.0355,desired,-0.434446,-0.434446,-0.111111,-0.111111
7.0450,state,-0.414457,-0.401249,-0.123993,-0.000038
7.0550,state,-0.387727,-0.382278,-0.293652,-0.000654
7.0653,desired,-0.437779,-0.437779,-0.111111,-0.111111
7.0655,state,-0.392958,-0.381321,-0.096716,-0.000001
7.0750,state,-0.402001,-0.395260,-0.174990,-0.407283
7.0850,state,-0.404277,-0.402235,-0.088783,-0.006706
7.0955,desired,-0.441116,-0.441116,-0.111111,-0.111111
7.0957,state,-0.414457,-0.401249,-0.123993,-0.000038
7.0967,state,-0.420891,-0.406922,-0.299944,-0.338554
7.0977,state,-0.426121,-0.421910,-0.102990,-0.086473
7.1050,state,-0.402001,-0.395260,-0.174990,-0.407283
7.1151,state,-0.404277,-0.402235,-0.088783,-0.006706
7.1252,state,-0.414457,-0.401249,-0.123993,-0.000038
7.1259,desired,-0.444449,-0.444449,-0.111111,-0.111111
7.1352,state,-0.420891,-0.406922,-0.299944,-0.338554
7.1451,state,-0.426121,-0.421910,-0.102990,-0.086473
7.1555,desired,-0.447780,-0.447780,-0.111111,-0.111111
7.1557,state,-0.402001,-0.395260,-0.174990,-0.407283
7.1651,state,-0.404277,-0.402235,-0.088783,-0.006706
7.1751,state,-0.414457,-0.401249,-0.123993,-0.000038
7.1851,state,-0.420891,-0.406922,-0.299944,-0.338554
7.1856,desired,-0.451113,-0.451113,-0.111111,-0.111111
7.1952,state,-0.426121,-0.421910,-0.102990,-0.086473
7.1973,state,-0.435164,-0.421063,-0.181242,-0.000207
7.2051,state,-0.404277,-0.402235,-0.088783,-0.006706
7.2060,desired,-0.453338,-0.453338,-0.111111,-0.111111
7.2151,state,-0.414457,-0.401249,-0.123993,-0.000038
7.2251,state,-0.420891,-0.406922,-0.299944,-0.338554
7.2351,state,-0.426121,-0.421910,-0.102990,-0.086473
7.2357,desired,-0.456669,-0.456669,-0.111111,-0.111111
7.2451,state,-0.435164,-0.421063,-0.181242,-0.000207
7.2551,state,-0.404277,-0.402235,-0.088783,-0.006706
7.2651,state,-0.414457,-0.401249,-0.123993,-0.000038
7.2656,desired,-0.460002,-0.460002,-0.111111,-0.111111
7.2751,state,-0.420891,-0.406922,-0.299944,-0.338554
7.2851,state,-0.426121,-0.421910,-0.102990,-0.086473
7.2951,state,-0.435164,-0.421063,-0.181242,-0.000207
7.2957,desired,-0.463337,-0.463337,-0.111111,-0.111111
7.2969,state,-0.437441,-0.420026,-0.095023,-0.000237
7.2990,state,-0.447623,-0.439787,-0.130213,-0.289176
7.3052,state,-0.420891,-0.406922,-0.299944,-0.338554
7.3152,state,-0.426121,-0.421910,-0.102990,-0.086473
7.3251,state,-0.435164,-0.421063,-0.181242,-0.000207
7.3256,desired,-0.466669,-0.466669,-0.111111,-0.111111
7.3352,state,-0.437441,-0.420026,-0.095023,-0.000237
7.3450,state,-0.447623,-0.439787,-0.130213,-0.289176
7.3552,state,-0.420891,-0.406922,-0.299944,-0.338554
7.3559,desired,-0.470004,-0.470004,-0.111111,-0.111111
7.3651,state,-0.426121,-0.421910,-0.102990,-0.086473
7.3752,state,-0.435164,-0.421063,-0.181242,-0.000207
7.3851,state,-0.437441,-0.420026,-0.095023,-0.000237
7.3855,desired,-0.473335,-0.473335,-0.111111,-0.111111
7.3952,state,-0.447623,-0.439787,-0.130213,-0.289176
7.3981,state,-0.454056,-0.440781,-0.306152,-0.001037
7.3992,state,-0.459288,-0.439718,-0.109169,-0.000580
7.4056,desired,-0.475560,-0.475560,-0.111111,-0.111111
7.4059,state,-0.435164,-0.421063,-0.181242,-0.000207
7.4151,state,-0.437441,-0.420026,-0.095023,-0.000237
7.4250,state,-0.447623,-0.439787,-0.130213,-0.289176
7.4351,state,-0.454056,-0.440781,-0.306152,-0.001037
7.4359,desired,-0.478894,-0.478894,-0.111111,-0.111111
7.4451,state,-0.459288,-0.439718,-0.109169,-0.000580
7.4551,state,-0.435164,-0.421063,-0.181242,-0.000207
7.4652,state,-0.437441,-0.420026,-0.095023,-0.000237
7.4658,desired,-0.482227,-0.482227,-0.111111,-0.111111
7.4751,state,-0.447623,-0.439787,-0.130213,-0.289176
7.4850,state,-0.454056,-0.440781,-0.306152,-0.001037
7.4957,desired,-0.485563,-0.485563,-0.111111,-0.111111
7.4960,state,-0.459288,-0.439718,-0.109169,-0.000580
7.4973,state,-0.468332,-0.453516,-0.187414,-0.407117
7.5051,state,-0.437441,-0.420026,-0.095023,-0.000237
7.5150,state,-0.447623,-0.439787,-0.130213,-0.289176
7.5251,state,-0.454056,-0.440781,-0.306152,-0.001037
7.5259,desired,-0.488894,-0.488894,-0.111111,-0.111111
7.5351,state,-0.459288,-0.439718,-0.109169,-0.000580
7.5450,state,-0.468332,-0.453516,-0.187414,-0.407117
7.5556,desired,-0.492227,-0.492227,-0.111111,-0.111111
7.5559,state,-0.437441,-0.420026,-0.095023,-0.000237
7.5650,state,-0.447623,-0.439787,-0.130213,-0.289176
7.5751,state,-0.454056,-0.440781,-0.306152,-0.001037
7.5850,state,-0.459288,-0.439718,-0.109169,-0.000580
7.5857,desired,-0.495558,-0.495558,-0.111111,-0.111111
7.5952,state,-0.468332,-0.453516,-0.187414,-0.407117
7.5971,state,-0.470609,-0.460414,-0.101164,-0.007327
7.5974,state,-0.480791,-0.459355,-0.136333,-0.001162
7.6050,state,-0.454056,-0.440781,-0.306152,-0.001037
7.6156,desired,-0.498894,-0.498894,-0.111111,-0.111111
7.6159,state,-0.459288,-0.439718,-0.109169,-0.000580
7.6250,state,-0.468332,-0.453516,-0.187414,-0.407117
7.6351,state,-0.470609,-0.460414,-0.101164,-0.007327
7.6450,state,-0.480791,-0.459355,-0.136333,-0.001162
7.6455,desired,-0.502224,-0.502224,-0.111111,-0.111111
7.6550,state,-0.454056,-0.440781,-0.306152,-0.001037
7.6651,state,-0.459288,-0.439718,-0.109169,-0.000580
7.6750,state,-0.468332,-0.453516,-0.187414,-0.407117
7.6755,desired,-0.505558,-0.505558,-0.111111,-0.111111
7.6851,state,-0.470609,-0.460414,-0.101164,-0.007327
7.6952,state,-0.480791,-0.459355,-0.136333,-0.001162
7.6960,desired,-0.507782,-0.507782,-0.111111,-0.111111
7.6973,state,-0.487225,-0.464774,-0.312266,-0.329778
7.6993,state,-0.492457,-0.479775,-0.115250,-0.094423
7.7050,state,-0.468332,-0.453516,-0.187414,-0.407117
7.7151,state,-0.470609,-0.460414,-0.101164,-0.007327
7.7251,state,-0.480791,-0.459355,-0.136333,-0.001162
7.7259,desired,-0.511115,-0.511115,-0.111111,-0.111111
7.7352,state,-0.487225,-0.464774,-0.312266,-0.329778
7.7450,state,-0.492457,-0.479775,-0.115250,-0.094423
7.7551,state,-0.468332,-0.453516,-0.187414,-0.407117
7.7559,desired,-0.514449,-0.514449,-0.111111,-0.111111
7.7651,state,-0.470609,-0.460414,-0.101164,-0.007327
7.7751,state,-0.480791,-0.459355,-0.136333,-0.001162
7.7850,state,-0.487225,-0.464774,-0.312266,-0.329778
7.7855,desired,-0.517780,-0.517780,-0.111111,-0.111111
7.7953,state,-0.492457,-0.479775,-0.115250,-0.094423
7.7972,state,-0.501502,-0.478906,-0.193476,-0.002074
7.8056,desired,-0.520005,-0.520005,-0.111111,-0.111111
7.8059,state,-0.470609,-0.460414,-0.101164,-0.007327
7.8150,state,-0.480791,-0.459355,-0.136333,-0.001162
7.8251,state,-0.487225,-0.464774,-0.312266,-0.329778
7.8354,desired,-0.523336,-0.523336,-0.111111,-0.111111
7.8357,state,-0.492457,-0.479775,-0.115250,-0.094423
7.8451,state,-0.501502,-0.478906,-0.193476,-0.002074
7.8550,state,-0.470609,-0.460414,-0.101164,-0.007327
7.8657,desired,-0.526671,-0.526671,-0.111111,-0.111111
7.8660,state,-0.480791,-0.459355,-0.136333,-0.001162
7.8750,state,-0.487225,-0.464774,-0.312266,-0.329778
7.8851,state,-0.492457,-0.479775,-0.115250,-0.094423
7.8958,desired,-0.530007,-0.530007,-0.111111,-0.111111
7.8962,state,-0.501502,-0.478906,-0.193476,-0.002074
7.8973,state,-0.503779,-0.477867,-0.107211,-0.002466
7.8983,state,-0.512964,-0.495841,-0.138140,-0.283965
7.9050,state,-0.487225,-0.464774,-0.312266,-0.329778
7.9150,state,-0.492457,-0.479775,-0.115250,-0.094423
7.9255,desired,-0.533335,-0.533335,-0.111111,-0.111111
7.9258,state,-0.501502,-0.478906,-0.193476,-0.002074
7.9350,state,-0.503779,-0.477867,-0.107211,-0.002466
7.9456,desired,-0.535558,-0.535558,-0.111111,-0.111111
7.9458,state,-0.512964,-0.495841,-0.138140,-0.283965
7.9551,state,-0.487225,-0.464774,-0.312266,-0.329778
7.9658,desired,-0.537782,-0.537782,-0.111111,-0.111111
7.9661,state,-0.492457,-0.479775,-0.115250,-0.094423
7.9751,state,-0.501502,-0.478906,-0.193476,-0.002074
7.9851,state,-0.503779,-0.477867,-0.107211,-0.002466
7.9957,desired,-0.541115,-0.541115,-0.111111,-0.111111
7.9961,state,-0.512964,-0.495841,-0.138140,-0.283965
7.9976,state,-0.519846,-0.497133,-0.339086,-0.003774
7.9994,state,-0.525586,-0.496129,-0.122943,-0.003732
8.0051,state,-0.501502,-0.478906,-0.193476,-0.002074
8.0150,state,-0.503779,-0.477867,-0.107211,-0.002466
8.0256,desired,-0.544449,-0.544449,-0.111111,-0.111111
8.0259,state,-0.512964,-0.495841,-0.138140,-0.283965
8.0350,state,-0.519846,-0.497133,-0.339086,-0.003774
8.0450,state,-0.525586,-0.496129,-0.122943,-0.003732
8.0554,desired,-0.547780,-0.547780,-0.111111,-0.111111
8.0556,state,-0.501502,-0.478906,-0.193476,-0.002074
8.0650,state,-0.503779,-0.477867,-0.107211,-0.002466
8.0756,desired,-0.550004,-0.550004,-0.111111,-0.111111
8.0759,state,-0.512964,-0.495841,-0.138140,-0.283965
8.0850,state,-0.519846,-0.497133,-0.339086,-0.003774
8.0957,desired,-0.552228,-0.552228,-0.111111,-0.111111
8.0960,state,-0.525586,-0.496129,-0.122943,-0.003732
8.0974,state,-0.534671,-0.509394,-0.199557,-0.410422
8.1050,state,-0.503779,-0.477867,-0.107211,-0.002466
8.1152,state,-0.512964,-0.495841,-0.138140,-0.283965
8.1254,desired,-0.555557,-0.555557,-0.111111,-0.111111
8.1256,state,-0.519846,-0.497133,-0.339086,-0.003774
8.1351,state,-0.525586,-0.496129,-0.122943,-0.003732
8.1456,desired,-0.557782,-0.557782,-0.111111,-0.111111
8.1459,state,-0.534671,-0.509394,-0.199557,-0.410422
8.1551,state,-0.503779,-0.477867,-0.107211,-0.002466
8.1657,desired,-0.560005,-0.560005,-0.111111,-0.111111
8.1660,state,-0.512964,-0.495841,-0.138140,-0.283965
8.1751,state,-0.519846,-0.497133,-0.339086,-0.003774
8.1850,state,-0.525586,-0.496129,-0.122943,-0.003732
8.1958,desired,-0.563336,-0.563336,-0.111111,-0.111111
8.1962,state,-0.534671,-0.509394,-0.199557,-0.410422
8.2051,state,-0.503779,-0.477867,-0.107211,-0.002466
8.2072,state,-0.536953,-0.518389,-0.113146,-0.014541
8.2075,state,-0.547135,-0.517457,-0.148258,-0.005302
8.2156,desired,-0.565560,-0.565560,-0.111111,-0.111111
8.2159,state,-0.525586,-0.496129,-0.122943,-0.003732
8.2251,state,-0.534671,-0.509394,-0.199557,-0.410422
8.2356,desired,-0.567783,-0.567783,-0.111111,-0.111111
8.2359,state,-0.503779,-0.477867,-0.107211,-0.002466
8.2450,state,-0.536953,-0.518389,-0.113146,-0.014541
8.2551,state,-0.547135,-0.517457,-0.148258,-0.005302
8.2654,desired,-0.571113,-0.571113,-0.111111,-0.111111
8.2656,state,-0.525586,-0.496129,-0.122943,-0.003732
8.2751,state,-0.534671,-0.509394,-0.199557,-0.410422
8.2850,state,-0.503779,-0.477867,-0.107211,-0.002466
8.2956,desired,-0.574450,-0.574450,-0.111111,-0.111111
8.2960,state,-0.536953,-0.518389,-0.113146,-0.014541
8.3051,state,-0.547135,-0.517457,-0.148258,-0.005302
8.3072,state,-0.554115,-0.522035,-0.345507,-0.284375
8.3093,state,-0.559864,-0.538884,-0.129029,-0.181339
8.3151,state,-0.503779,-0.477867,-0.107211,-0.002466
8.3254,desired,-0.577780,-0.577780,-0.111111,-0.111111
8.3256,state,-0.536953,-0.518389,-0.113146,-0.014541
8.3350,state,-0.547135,-0.517457,-0.148258,-0.005302
8.3450,state,-0.554115,-0.522035,-0.345507,-0.284375
8.3554,desired,-0.581113,-0.581113,-0.111111,-0.111111
8.3557,state,-0.559864,-0.538884,-0.129029,-0.181339
8.3651,state,-0.503779,-0.477867,-0.107211,-0.002466
8.3750,state,-0.536953,-0.518389,-0.113146,-0.014541
8.3854,desired,-0.584449,-0.584449,-0.111111,-0.111111
8.3857,state,-0.547135,-0.517457,-0.148258,-0.005302
8.3951,state,-0.554115,-0.522035,-0.345507,-0.284375
8.4056,desired,-0.586671,-0.586671,-0.111111,-0.111111
8.4059,state,-0.559864,-0.538884,-0.129029,-0.181339
8.4078,state,-0.568091,-0.538331,-0.196159,-0.007190
8.4151,state,-0.536953,-0.518389,-0.113146,-0.014541
8.4251,state,-0.547135,-0.517457,-0.148258,-0.005302
8.4356,desired,-0.590005,-0.590005,-0.111111,-0.111111
8.4359,state,-0.554115,-0.522035,-0.345507,-0.284375
8.4450,state,-0.559864,-0.538884,-0.129029,-0.181339
8.4551,state,-0.568091,-0.538331,-0.196159,-0.007190
8.4654,desired,-0.593336,-0.593336,-0.111111,-0.111111
8.4657,state,-0.536953,-0.518389,-0.113146,-0.014541
8.4751,state,-0.547135,-0.517457,-0.148258,-0.005302
8.4850,state,-0.554115,-0.522035,-0.345507,-0.284375
8.4956,desired,-0.596671,-0.596671,-0.111111,-0.111111
8.4959,state,-0.559864,-0.538884,-0.129029,-0.181339
8.5051,state,-0.568091,-0.538331,-0.196159,-0.007190
8.5071,state,-0.570149,-0.537490,-0.118204,-0.007882
8.5086,state,-0.580316,-0.553661,-0.153995,-0.298509
8.5151,state,-0.554115,-0.522035,-0.345507,-0.284375
8.5254,desired,-0.600004,-0.600004,-0.111111,-0.111111
8.5256,state,-0.559864,-0.538884,-0.129029,-0.181339
8.5350,state,-0.568091,-0.538331,-0.196159,-0.007190
8.5456,desired,-0.602230,-0.602230,-0.111111,-0.111111
8.5459,state,-0.570149,-0.537490,-0.118204,-0.007882
8.5550,state,-0.580316,-0.553661,-0.153995,-0.298509
8.5651,state,-0.554115,-0.522035,-0.345507,-0.284375
8.5754,desired,-0.605558,-0.605558,-0.111111,-0.111111
8.5756,state,-0.559864,-0.538884,-0.129029,-0.181339
8.5850,state,-0.568091,-0.538331,-0.196159,-0.007190
8.5962,desired,-0.607782,-0.607782,-0.111111,-0.111111
8.5967,state,-0.570149,-0.537490,-0.118204,-0.007882
8.6050,state,-0.580316,-0.553661,-0.153995,-0.298509
8.6061,state,-0.587295,-0.556822,-0.351281,-0.009833
8.6076,state,-0.593045,-0.556060,-0.134771,-0.009779
8.6151,state,-0.568091,-0.538331,-0.196159,-0.007190
8.6254,desired,-0.611113,-0.611113,-0.111111,-0.111111
8.6256,state,-0.570149,-0.537490,-0.118204,-0.007882
8.6352,state,-0.580316,-0.553661,-0.153995,-0.298509
8.6450,state,-0.587295,-0.556822,-0.351281,-0.009833
8.6556,desired,-0.614449,-0.614449,-0.111111,-0.111111
8.6559,state,-0.593045,-0.556060,-0.134771,-0.009779
8.6650,state,-0.568091,-0.538331,-0.196159,-0.007190
8.6750,state,-0.570149,-0.537490,-0.118204,-0.007882
8.6850,state,-0.580316,-0.553661,-0.153995,-0.298509
8.6857,desired,-0.617780,-0.617780,-0.111111,-0.111111
8.6950,state,-0.587295,-0.556822,-0.351281,-0.009833
8.7056,desired,-0.620005,-0.620005,-0.111111,-0.111111
8.7059,state,-0.593045,-0.556060,-0.134771,-0.009779
8.7072,state,-0.602134,-0.567544,-0.211332,-0.369856
8.7150,state,-0.570149,-0.537490,-0.118204,-0.007882
8.7251,state,-0.580316,-0.553661,-0.153995,-0.298509
8.7354,desired,-0.623335,-0.623335,-0.111111,-0.111111
8.7357,state,-0.587295,-0.556822,-0.351281,-0.009833
8.7451,state,-0.593045,-0.556060,-0.134771,-0.009779
8.7550,state,-0.602134,-0.567544,-0.211332,-0.369856
8.7650,state,-0.570149,-0.537490,-0.118204,-0.007882
8.7655,desired,-0.626671,-0.626671,-0.111111,-0.111111
8.7750,state,-0.580316,-0.553661,-0.153995,-0.298509
8.7850,state,-0.587295,-0.556822,-0.351281,-0.009833
8.7952,state,-0.593045,-0.556060,-0.134771,-0.009779
8.7965,desired,-0.630005,-0.630005,-0.111111,-0.111111
8.8050,state,-0.602134,-0.567544,-0.211332,-0.369856
8.8067,state,-0.604417,-0.578197,-0.124856,-0.023483
8.8070,state,-0.613600,-0.577578,-0.155681,-0.012408
8.8151,state,-0.587295,-0.556822,-0.351281,-0.009833
8.8256,desired,-0.633338,-0.633338,-0.111111,-0.111111
8.8259,state,-0.593045,-0.556060,-0.134771,-0.009779
8.8350,state,-0.602134,-0.567544,-0.211332,-0.369856
8.8451,state,-0.604417,-0.578197,-0.124856,-0.023483
8.8554,desired,-0.636669,-0.636669,-0.111111,-0.111111
8.8556,state,-0.613600,-0.577578,-0.155681,-0.012408
8.8651,state,-0.587295,-0.556822,-0.351281,-0.009833
8.8750,state,-0.593045,-0.556060,-0.134771,-0.009779
8.8851,state,-0.602134,-0.567544,-0.211332,-0.369856
8.8857,desired,-0.640002,-0.640002,-0.111111,-0.111111
8.8952,state,-0.604417,-0.578197,-0.124856,-0.023483
8.9051,state,-0.613600,-0.577578,-0.155681,-0.012408
8.9065,state,-0.619938,-0.580814,-0.335254,-0.207461
8.9080,state,-0.625166,-0.596060,-0.138418,-0.213476
8.9156,desired,-0.643338,-0.643338,-0.111111,-0.111111
8.9159,state,-0.602134,-0.567544,-0.211332,-0.369856
8.9250,state,-0.604417,-0.578197,-0.124856,-0.023483
8.9352,state,-0.613600,-0.577578,-0.155681,-0.012408
8.9450,state,-0.619938,-0.580814,-0.335254,-0.207461
8.9455,desired,-0.646669,-0.646669,-0.111111,-0.111111
8.9550,state,-0.625166,-0.596060,-0.138418,-0.213476
8.9657,desired,-0.648896,-0.648896,-0.111111,-0.111111
8.9660,state,-0.602134,-0.567544,-0.211332,-0.369856
8.9750,state,-0.604417,-0.578197,-0.124856,-0.023483
8.9850,state,-0.613600,-0.577578,-0.155681,-0.012408
8.9958,desired,-0.652224,-0.652224,-0.111111,-0.111111
8.9963,state,-0.619938,-0.580814,-0.335254,-0.207461
9.0052,state,-0.625166,-0.596060,-0.138418,-0.213476
9.0086,state,-0.634211,-0.595871,-0.216590,-0.014874
9.0150,state,-0.604417,-0.578197,-0.124856,-0.023483
9.0251,state,-0.613600,-0.577578,-0.155681,-0.012408
9.0258,desired,-0.655560,-0.655560,-0.111111,-0.111111
9.0352,state,-0.619938,-0.580814,-0.335254,-0.207461
9.0451,state,-0.625166,-0.596060,-0.138418,-0.213476
9.0550,state,-0.634211,-0.595871,-0.216590,-0.014874
9.0555,desired,-0.658890,-0.658890,-0.111111,-0.111111
9.0651,state,-0.604417,-0.578197,-0.124856,-0.023483
9.0755,desired,-0.661115,-0.661115,-0.111111,-0.111111
9.0757,state,-0.613600,-0.577578,-0.155681,-0.012408
9.0850,state,-0.619938,-0.580814,-0.335254,-0.207461
9.0950,state,-0.625166,-0.596060,-0.138418,-0.213476
9.1053,desired,-0.664445,-0.664445,-0.111111,-0.111111
9.1055,state,-0.634211,-0.595871,-0.216590,-0.014874
9.1062,state,-0.636492,-0.595383,-0.130220,-0.015485
9.1070,state,-0.646677,-0.611691,-0.165258,-0.323069
9.1150,state,-0.619938,-0.580814,-0.335254,-0.207461
9.1250,state,-0.625166,-0.596060,-0.138418,-0.213476
9.1353,desired,-0.667779,-0.667779,-0.111111,-0.111111
9.1355,state,-0.634211,-0.595871,-0.216590,-0.014874
9.1454,state,-0.636492,-0.595383,-0.130220,-0.015485
9.1552,state,-0.646677,-0.611691,-0.165258,-0.323069
9.1557,desired,-0.670009,-0.670009,-0.111111,-0.111111
9.1651,state,-0.619938,-0.580814,-0.335254,-0.207461
9.1750,state,-0.625166,-0.596060,-0.138418,-0.213476
9.1854,desired,-0.673335,-0.673335,-0.111111,-0.111111
9.1856,state,-0.634211,-0.595871,-0.216590,-0.014874
9.1950,state,-0.636492,-0.595383,-0.130220,-0.015485
9.2050,state,-0.646677,-0.611691,-0.165258,-0.323069
9.2062,state,-0.653112,-0.617012,-0.341087,-0.019696
9.2071,state,-0.658349,-0.616622,-0.143930,-0.017657
9.2157,desired,-0.676668,-0.676668,-0.111111,-0.111111
9.2159,state,-0.634211,-0.595871,-0.216590,-0.014874
9.2251,state,-0.636492,-0.595383,-0.130220,-0.015485
9.2351,state,-0.646677,-0.611691,-0.165258,-0.323069
9.2360,desired,-0.678893,-0.678893,-0.111111,-0.111111
9.2454,state,-0.653112,-0.617012,-0.341087,-0.019696
9.2550,state,-0.658349,-0.616622,-0.143930,-0.017657
9.2658,desired,-0.682224,-0.682224,-0.111111,-0.111111
9.2660,state,-0.634211,-0.595871,-0.216590,-0.014874
9.2751,state,-0.636492,-0.595383,-0.130220,-0.015485
9.2850,state,-0.646677,-0.611691,-0.165258,-0.323069
9.2951,state,-0.653112,-0.617012,-0.341087,-0.019696
9.2959,desired,-0.685560,-0.685560,-0.111111,-0.111111
9.3052,state,-0.658349,-0.616622,-0.143930,-0.017657
9.3068,state,-0.668259,-0.626673,-0.231514,-0.331755
9.3151,state,-0.636492,-0.595383,-0.130220,-0.015485
9.3251,state,-0.646677,-0.611691,-0.165258,-0.323069
9.3262,desired,-0.688890,-0.688890,-0.111111,-0.111111
9.3351,state,-0.653112,-0.617012,-0.341087,-0.019696
9.3459,desired,-0.691113,-0.691113,-0.111111,-0.111111
9.3462,state,-0.658349,-0.616622,-0.143930,-0.017657
9.3551,state,-0.668259,-0.626673,-0.231514,-0.331755
9.3658,desired,-0.693337,-0.693337,-0.111111,-0.111111
9.3662,state,-0.636492,-0.595383,-0.130220,-0.015485
9.3751,state,-0.646677,-0.611691,-0.165258,-0.323069
9.3851,state,-0.653112,-0.617012,-0.341087,-0.019696
9.3959,desired,-0.696667,-0.696667,-0.111111,-0.111111
9.3962,state,-0.658349,-0.616622,-0.143930,-0.017657
9.4051,state,-0.668259,-0.626673,-0.231514,-0.331755
9.4068,state,-0.670765,-0.639230,-0.136596,-0.106043
9.4070,state,-0.680971,-0.640047,-0.170906,-0.019655
9.4150,state,-0.653112,-0.617012,-0.341087,-0.019696
9.4155,desired,-0.698894,-0.698894,-0.111111,-0.111111
9.4250,state,-0.658349,-0.616622,-0.143930,-0.017657
9.4351,state,-0.668259,-0.626673,-0.231514,-0.331755
9.4450,state,-0.670765,-0.639230,-0.136596,-0.106043
9.4455,desired,-0.702223,-0.702223,-0.111111,-0.111111
9.4550,state,-0.680971,-0.640047,-0.170906,-0.019655
9.4650,state,-0.653112,-0.617012,-0.341087,-0.019696
9.4753,desired,-0.705557,-0.705557,-0.111111,-0.111111
9.4755,state,-0.658349,-0.616622,-0.143930,-0.017657
9.4850,state,-0.668259,-0.626673,-0.231514,-0.331755
9.4951,state,-0.670765,-0.639230,-0.136596,-0.106043
9.5051,state,-0.680971,-0.640047,-0.170906,-0.019655
9.5059,desired,-0.708891,-0.708891,-0.111111,-0.111111
9.5073,state,-0.687407,-0.642921,-0.346607,-0.180669
9.5083,state,-0.692644,-0.657793,-0.149449,-0.234233
9.5150,state,-0.668259,-0.626673,-0.231514,-0.331755
9.5250,state,-0.670765,-0.639230,-0.136596,-0.106043
9.5351,state,-0.680971,-0.640047,-0.170906,-0.019655
9.5359,desired,-0.712223,-0.712223,-0.111111,-0.111111
9.5450,state,-0.687407,-0.642921,-0.346607,-0.180669
9.5550,state,-0.692644,-0.657793,-0.149449,-0.234233
9.5650,state,-0.668259,-0.626673,-0.231514,-0.331755
9.5656,desired,-0.715555,-0.715555,-0.111111,-0.111111
9.5751,state,-0.670765,-0.639230,-0.136596,-0.106043
9.5850,state,-0.680971,-0.640047,-0.170906,-0.019655
9.5856,desired,-0.717778,-0.717778,-0.111111,-0.111111
9.5951,state,-0.687407,-0.642921,-0.346607,-0.180669
9.6050,state,-0.692644,-0.657793,-0.149449,-0.234233
9.6055,desired,-0.720001,-0.720001,-0.111111,-0.111111
9.6068,state,-0.700831,-0.659438,-0.218123,-0.022032
9.6151,state,-0.670765,-0.639230,-0.136596,-0.106043
9.6250,state,-0.680971,-0.640047,-0.170906,-0.019655
9.6351,state,-0.687407,-0.642921,-0.346607,-0.180669
9.6358,desired,-0.723334,-0.723334,-0.111111,-0.111111
9.6452,state,-0.692644,-0.657793,-0.149449,-0.234233
9.6557,desired,-0.725567,-0.725567,-0.111111,-0.111111
9.6560,state,-0.700831,-0.659438,-0.218123,-0.022032
9.6653,state,-0.670765,-0.639230,-0.136596,-0.106043
9.6751,state,-0.680971,-0.640047,-0.170906,-0.019655
9.6851,state,-0.687407,-0.642921,-0.346607,-0.180669
9.6857,desired,-0.728892,-0.728892,-0.111111,-0.111111
9.6953,state,-0.692644,-0.657793,-0.149449,-0.234233
9.7051,state,-0.700831,-0.659438,-0.218123,-0.022032
9.7062,state,-0.702889,-0.659238,-0.140186,-0.022098
9.7074,state,-0.713056,-0.672811,-0.175850,-0.293603
9.7155,desired,-0.732223,-0.732223,-0.111111,-0.111111
9.7157,state,-0.687407,-0.642921,-0.346607,-0.180669
9.7250,state,-0.692644,-0.657793,-0.149449,-0.234233
9.7351,state,-0.700831,-0.659438,-0.218123,-0.022032
9.7456,desired,-0.735560,-0.735560,-0.111111,-0.111111
9.7459,state,-0.702889,-0.659238,-0.140186,-0.022098
9.7550,state,-0.713056,-0.672811,-0.175850,-0.293603
9.7651,state,-0.687407,-0.642921,-0.346607,-0.180669
9.7750,state,-0.692644,-0.657793,-0.149449,-0.234233
9.7756,desired,-0.738890,-0.738890,-0.111111,-0.111111
9.7850,state,-0.700831,-0.659438,-0.218123,-0.022032
9.7956,desired,-0.741115,-0.741115,-0.111111,-0.111111
9.7960,state,-0.702889,-0.659238,-0.140186,-0.022098
9.8050,state,-0.713056,-0.672811,-0.175850,-0.293603
9.8061,state,-0.719493,-0.681905,-0.351782,-0.155602
9.8073,state,-0.724733,-0.684338,-0.154488,-0.023913
9.8152,state,-0.700831,-0.659438,-0.218123,-0.022032
9.8254,desired,-0.744445,-0.744445,-0.111111,-0.111111
9.8257,state,-0.702889,-0.659238,-0.140186,-0.022098
9.8352,state,-0.713056,-0.672811,-0.175850,-0.293603
9.8450,state,-0.719493,-0.681905,-0.351782,-0.155602
9.8554,desired,-0.747779,-0.747779,-0.111111,-0.111111
9.8557,state,-0.724733,-0.684338,-0.154488,-0.023913
9.8651,state,-0.700831,-0.659438,-0.218123,-0.022032
9.8750,state,-0.702889,-0.659238,-0.140186,-0.022098
9.8852,state,-0.713056,-0.672811,-0.175850,-0.293603
9.8860,desired,-0.751115,-0.751115,-0.111111,-0.111111
9.8950,state,-0.719493,-0.681905,-0.351782,-0.155602
9.9050,state,-0.724733,-0.684338,-0.154488,-0.023913
9.9065,state,-0.733780,-0.686401,-0.232541,-0.105719
9.9154,desired,-0.754445,-0.754445,-0.111111,-0.111111
9.9157,state,-0.702889,-0.659238,-0.140186,-0.022098
9.9250,state,-0.713056,-0.672811,-0.175850,-0.293603
9.9350,state,-0.719493,-0.681905,-0.351782,-0.155602
9.9454,desired,-0.757779,-0.757779,-0.111111,-0.111111
9.9457,state,-0.724733,-0.684338,-0.154488,-0.023913
9.9550,state,-0.733780,-0.686401,-0.232541,-0.105719
9.9650,state,-0.702889,-0.659238,-0.140186,-0.022098
9.9750,state,-0.713056,-0.672811,-0.175850,-0.293603
9.9756,desired,-0.761112,-0.761112,-0.111111,-0.111111
9.9850,state,-0.719493,-0.681905,-0.351782,-0.155602
9.9950,state,-0.724733,-0.684338,-0.154488,-0.023913
10.0050,state,-0.733780,-0.686401,-0.232541,-0.105719
10.0057,desired,-0.764446,-0.764446,-0.111111,-0.111111
10.0066,state,-0.736062,-0.696807,-0.146099,-0.190603
10.0072,state,-0.747250,-0.710647,-0.185245,-0.217113
10.0150,state,-0.719493,-0.681905,-0.351782,-0.155602
10.0250,state,-0.724733,-0.684338,-0.154488,-0.023913
10.0354,desired,-0.767779,-0.767779,-0.111111,-0.111111
10.0357,state,-0.733780,-0.686401,-0.232541,-0.105719
10.0450,state,-0.736062,-0.696807,-0.146099,-0.190603
10.0550,state,-0.747250,-0.710647,-0.185245,-0.217113
10.0650,state,-0.719493,-0.681905,-0.351782,-0.155602
10.0657,desired,-0.771112,-0.771112,-0.111111,-0.111111
10.0750,state,-0.724733,-0.684338,-0.154488,-0.023913
10.0850,state,-0.733780,-0.686401,-0.232541,-0.105719
10.0857,desired,-0.773335,-0.773335,-0.111111,-0.111111
10.0950,state,-0.736062,-0.696807,-0.146099,-0.190603
10.1050,state,-0.747250,-0.710647,-0.185245,-0.217113
10.1066,state,-0.753785,-0.711564,-0.357323,-0.025110
10.1081,state,-0.759033,-0.711456,-0.159729,-0.025169
10.1150,state,-0.733780,-0.686401,-0.232541,-0.105719
10.1157,desired,-0.776667,-0.776667,-0.111111,-0.111111
10.1250,state,-0.736062,-0.696807,-0.146099,-0.190603
10.1351,state,-0.747250,-0.710647,-0.185245,-0.217113
10.1357,desired,-0.778891,-0.778891,-0.111111,-0.111111
10.1450,state,-0.753785,-0.711564,-0.357323,-0.025110
10.1550,state,-0.759033,-0.711456,-0.159729,-0.025169
10.1655,desired,-0.782226,-0.782226,-0.111111,-0.111111
10.1658,state,-0.733780,-0.686401,-0.232541,-0.105719
10.1751,state,-0.736062,-0.696807,-0.146099,-0.190603
10.1850,state,-0.747250,-0.710647,-0.185245,-0.217113
10.1952,desired,-0.785555,-0.785555,-0.111111,-0.111111
10.1954,state,-0.753785,-0.711564,-0.357323,-0.025110
10.2050,state,-0.759033,-0.711456,-0.159729,-0.025169
10.2066,state,-0.767222,-0.720232,-0.228322,-0.298730
10.2150,state,-0.736062,-0.696807,-0.146099,-0.190603
10.2250,state,-0.747250,-0.710647,-0.185245,-0.217113
10.2255,desired,-0.788890,-0.788890,-0.111111,-0.111111
10.2350,state,-0.753785,-0.711564,-0.357323,-0.025110
10.2450,state,-0.759033,-0.711456,-0.159729,-0.025169
10.2550,state,-0.767222,-0.720232,-0.228322,-0.298730
10.2556,desired,-0.792223,-0.792223,-0.111111,-0.111111
10.2650,state,-0.736062,-0.696807,-0.146099,-0.190603
10.2750,state,-0.747250,-0.710647,-0.185245,-0.217113
10.2854,desired,-0.795556,-0.795556,-0.111111,-0.111111
10.2857,state,-0.753785,-0.711564,-0.357323,-0.025110
10.2950,state,-0.759033,-0.711456,-0.159729,-0.025169
10.3050,state,-0.767222,-0.720232,-0.228322,-0.298730
10.3057,desired,-0.797779,-0.797779,-0.111111,-0.111111
10.3062,state,-0.769281,-0.733368,-0.150334,-0.154806
10.3076,state,-0.779451,-0.739301,-0.185931,-0.031996
10.3150,state,-0.753785,-0.711564,-0.357323,-0.025110
10.3250,state,-0.759033,-0.711456,-0.159729,-0.025169
10.3350,state,-0.767222,-0.720232,-0.228322,-0.298730
10.3356,desired,-0.801112,-0.801112,-0.111111,-0.111111
10.3450,state,-0.769281,-0.733368,-0.150334,-0.154806
10.3550,state,-0.779451,-0.739301,-0.185931,-0.031996
10.3654,desired,-0.804446,-0.804446,-0.111111,-0.111111
10.3656,state,-0.753785,-0.711564,-0.357323,-0.025110
10.3750,state,-0.759033,-0.711456,-0.159729,-0.025169
10.3850,state,-0.767222,-0.720232,-0.228322,-0.298730
10.3950,state,-0.769281,-0.733368,-0.150334,-0.154806
10.3956,desired,-0.807781,-0.807781,-0.111111,-0.111111
10.4051,state,-0.779451,-0.739301,-0.185931,-0.031996
10.4065,state,-0.786432,-0.739334,-0.383124,-0.031481
10.4081,state,-0.792189,-0.739748,-0.166357,-0.035100
10.4150,state,-0.767222,-0.720232,-0.228322,-0.298730
10.4251,state,-0.769281,-0.733368,-0.150334,-0.154806
10.4256,desired,-0.811113,-0.811113,-0.111111,-0.111111
10.4350,state,-0.779451,-0.739301,-0.185931,-0.031996
10.4456,desired,-0.813340,-0.813340,-0.111111,-0.111111
10.4458,state,-0.786432,-0.739334,-0.383124,-0.031481
10.4551,state,-0.792189,-0.739748,-0.166357,-0.035100
10.4651,state,-0.767222,-0.720232,-0.228322,-0.298730
10.4755,desired,-0.816669,-0.816669,-0.111111,-0.111111
10.4757,state,-0.769281,-0.733368,-0.150334,-0.154806
10.4850,state,-0.779451,-0.739301,-0.185931,-0.031996
10.4950,state,-0.786432,-0.739334,-0.383124,-0.031481
10.5057,desired,-0.820005,-0.820005,-0.111111,-0.111111
10.5060,state,-0.792189,-0.739748,-0.166357,-0.035100
10.5082,state,-0.801283,-0.750999,-0.242783,-0.361783
10.5150,state,-0.769281,-0.733368,-0.150334,-0.154806
10.5251,state,-0.779451,-0.739301,-0.185931,-0.031996
10.5350,state,-0.786432,-0.739334,-0.383124,-0.031481
10.5357,desired,-0.823335,-0.823335,-0.111111,-0.111111
10.5451,state,-0.792189,-0.739748,-0.166357,-0.035100
10.5550,state,-0.801283,-0.750999,-0.242783,-0.361783
10.5650,state,-0.769281,-0.733368,-0.150334,-0.154806
10.5657,desired,-0.826669,-0.826669,-0.111111,-0.111111
10.5750,state,-0.779451,-0.739301,-0.185931,-0.031996
10.5851,state,-0.786432,-0.739334,-0.383124,-0.031481
10.5857,desired,-0.828893,-0.828893,-0.111111,-0.111111
10.5951,state,-0.792189,-0.739748,-0.166357,-0.035100
10.6051,state,-0.801283,-0.750999,-0.242783,-0.361783
10.6063,state,-0.803571,-0.767270,-0.156116,-0.200754
10.6066,state,-0.812760,-0.772667,-0.186761,-0.031938
10.6150,state,-0.786432,-0.739334,-0.383124,-0.031481
10.6155,desired,-0.832223,-0.832223,-0.111111,-0.111111
10.6250,state,-0.792189,-0.739748,-0.166357,-0.035100
10.6350,state,-0.801283,-0.750999,-0.242783,-0.361783
10.6450,state,-0.803571,-0.767270,-0.156116,-0.200754
10.6455,desired,-0.835556,-0.835556,-0.111111,-0.111111
10.6550,state,-0.812760,-0.772667,-0.186761,-0.031938
10.6650,state,-0.786432,-0.739334,-0.383124,-0.031481
10.6753,desired,-0.838892,-0.838892,-0.111111,-0.111111
10.6755,state,-0.792189,-0.739748,-0.166357,-0.035100
10.6850,state,-0.801283,-0.750999,-0.242783,-0.361783
10.6950,state,-0.803571,-0.767270,-0.156116,-0.200754
10.7055,desired,-0.842224,-0.842224,-0.111111,-0.111111
10.7057,state,-0.812760,-0.772667,-0.186761,-0.031938
10.7071,state,-0.819102,-0.772637,-0.366261,-0.028121
10.7084,state,-0.824338,-0.772604,-0.169153,-0.028183
10.7150,state,-0.801283,-0.750999,-0.242783,-0.361783
10.7250,state,-0.803571,-0.767270,-0.156116,-0.200754
10.7350,state,-0.812760,-0.772667,-0.186761,-0.031938
10.7356,desired,-0.845556,-0.845556,-0.111111,-0.111111
10.7451,state,-0.819102,-0.772637,-0.366261,-0.028121
10.7550,state,-0.824338,-0.772604,-0.169153,-0.028183
10.7650,state,-0.801283,-0.750999,-0.242783,-0.361783
10.7657,desired,-0.848891,-0.848891,-0.111111,-0.111111
10.7750,state,-0.803571,-0.767270,-0.156116,-0.200754
10.7850,state,-0.812760,-0.772667,-0.186761,-0.031938
10.7955,desired,-0.852224,-0.852224,-0.111111,-0.111111
10.7957,state,-0.819102,-0.772637,-0.366261,-0.028121
10.8051,state,-0.824338,-0.772604,-0.169153,-0.028183
10.8062,state,-0.833386,-0.783112,-0.247147,-0.348145
10.8150,state,-0.803571,-0.767270,-0.156116,-0.200754
10.8254,desired,-0.855557,-0.855557,-0.111111,-0.111111
10.8256,state,-0.812760,-0.772667,-0.186761,-0.031938
10.8350,state,-0.819102,-0.772637,-0.366261,-0.028121
10.8450,state,-0.824338,-0.772604,-0.169153,-0.028183
10.8554,desired,-0.858890,-0.858890,-0.111111,-0.111111
10.8556,state,-0.833386,-0.783112,-0.247147,-0.348145
10.8650,state,-0.803571,-0.767270,-0.156116,-0.200754
10.8753,desired,-0.861113,-0.861113,-0.111111,-0.111111
10.8755,state,-0.812760,-0.772667,-0.186761,-0.031938
10.8851,state,-0.819102,-0.772637,-0.366261,-0.028121
10.8950,state,-0.824338,-0.772604,-0.169153,-0.028183
10.9050,state,-0.833386,-0.783112,-0.247147,-0.348145
10.9057,desired,-0.864446,-0.864446,-0.111111,-0.111111
10.9063,state,-0.835670,-0.798969,-0.160614,-0.199654
10.9073,state,-0.846862,-0.807020,-0.199646,-0.067293
10.9150,state,-0.819102,-0.772637,-0.366261,-0.028121
10.9250,state,-0.824338,-0.772604,-0.169153,-0.028183
10.9350,state,-0.833386,-0.783112,-0.247147,-0.348145
10.9355,desired,-0.867780,-0.867780,-0.111111,-0.111111
10.9450,state,-0.835670,-0.798969,-0.160614,-0.199654
10.9549,state,-0.846862,-0.807020,-0.199646,-0.067293
10.9654,desired,-0.871113,-0.871113,-0.111111,-0.111111
10.9656,state,-0.819102,-0.772637,-0.366261,-0.028121
10.9750,state,-0.824338,-0.772604,-0.169153,-0.028183
10.9850,state,-0.833386,-0.783112,-0.247147,-0.348145
10.9954,desired,-0.874446,-0.874446,-0.111111,-0.111111
10.9957,state,-0.835670,-0.798969,-0.160614,-0.199654
11.0051,state,-0.846862,-0.807020,-0.199646,-0.067293
11.0070,state,-0.853399,-0.807054,-0.371643,-0.029342
11.0083,state,-0.858651,-0.807034,-0.173926,-0.029376
11.0150,state,-0.833386,-0.783112,-0.247147,-0.348145
11.0250,state,-0.835670,-0.798969,-0.160614,-0.199654
11.0255,desired,-0.877779,-0.877779,-0.111111,-0.111111
11.0350,state,-0.846862,-0.807020,-0.199646,-0.067293
11.0450,state,-0.853399,-0.807054,-0.371643,-0.029342
11.0554,desired,-0.881113,-0.881113,-0.111111,-0.111111
11.0557,state,-0.858651,-0.807034,-0.173926,-0.029376
11.0650,state,-0.833386,-0.783112,-0.247147,-0.348145
11.0757,desired,-0.883338,-0.883338,-0.111111,-0.111111
11.0760,state,-0.835670,-0.798969,-0.160614,-0.199654
11.0850,state,-0.846862,-0.807020,-0.199646,-0.067293
11.0950,state,-0.853399,-0.807054,-0.371643,-0.029342
11.1050,state,-0.858651,-0.807034,-0.173926,-0.029376
11.1056,desired,-0.886668,-0.886668,-0.111111,-0.111111
11.1067,state,-0.867703,-0.817093,-0.251871,-0.336272
11.1150,state,-0.835670,-0.798969,-0.160614,-0.199654
11.1250,state,-0.846862,-0.807020,-0.199646,-0.067293
11.1349,state,-0.853399,-0.807054,-0.371643,-0.029342
11.1354,desired,-0.890001,-0.890001,-0.111111,-0.111111
11.1450,state,-0.858651,-0.807034,-0.173926,-0.029376
11.1549,state,-0.867703,-0.817093,-0.251871,-0.336272
11.1654,desired,-0.893335,-0.893335,-0.111111,-0.111111
11.1656,state,-0.835670,-0.798969,-0.160614,-0.199654
11.1750,state,-0.846862,-0.807020,-0.199646,-0.067293
11.1850,state,-0.853399,-0.807054,-0.371643,-0.029342
11.1954,desired,-0.896668,-0.896668,-0.111111,-0.111111
11.1956,state,-0.858651,-0.807034,-0.173926,-0.029376
11.2050,state,-0.867703,-0.817093,-0.251871,-0.336272
11.2066,state,-0.869989,-0.832526,-0.165276,-0.198291
11.2072,state,-0.879181,-0.838282,-0.195862,-0.033985
11.2150,state,-0.853399,-0.807054,-0.371643,-0.029342
11.2250,state,-0.858651,-0.807034,-0.173926,-0.029376
11.2255,desired,-0.900001,-0.900001,-0.111111,-0.111111
11.2351,state,-0.867703,-0.817093,-0.251871,-0.336272
11.2450,state,-0.869989,-0.832526,-0.165276,-0.198291
11.2550,state,-0.879181,-0.838282,-0.195862,-0.033985
11.2559,desired,-0.903334,-0.903334,-0.111111,-0.111111
11.2652,state,-0.853399,-0.807054,-0.371643,-0.029342
11.2750,state,-0.858651,-0.807034,-0.173926,-0.029376
11.2850,state,-0.867703,-0.817093,-0.251871,-0.336272
11.2857,desired,-0.906668,-0.906668,-0.111111,-0.111111
11.2950,state,-0.869989,-0.832526,-0.165276,-0.198291
11.3056,desired,-0.908893,-0.908893,-0.111111,-0.111111
11.3061,state,-0.879181,-0.838282,-0.195862,-0.033985
11.3072,state,-0.885522,-0.838231,-0.375289,-0.029648
11.3080,state,-0.890759,-0.838179,-0.178121,-0.029749
11.3150,state,-0.867703,-0.817093,-0.251871,-0.336272
11.3250,state,-0.869989,-0.832526,-0.165276,-0.198291
11.3350,state,-0.879181,-0.838282,-0.195862,-0.033985
11.3356,desired,-0.912223,-0.912223,-0.111111,-0.111111
11.3451,state,-0.885522,-0.838231,-0.375289,-0.029648
11.3550,state,-0.890759,-0.838179,-0.178121,-0.029749
11.3652,state,-0.867703,-0.817093,-0.251871,-0.336272
11.3658,desired,-0.915564,-0.915564,-0.111111,-0.111111
11.3752,state,-0.869989,-0.832526,-0.165276,-0.198291
11.3850,state,-0.879181,-0.838282,-0.195862,-0.033985
11.3950,state,-0.885522,-0.838231,-0.375289,-0.029648
11.3956,desired,-0.918890,-0.918890,-0.111111,-0.111111
11.4050,state,-0.890759,-0.838179,-0.178121,-0.029749
11.4066,state,-0.899811,-0.848560,-0.256089,-0.346925
11.4154,desired,-0.921113,-0.921113,-0.111111,-0.111111
11.4157,state,-0.869989,-0.832526,-0.165276,-0.198291
11.4250,state,-0.879181,-0.838282,-0.195862,-0.033985
11.4350,state,-0.885522,-0.838231,-0.375289,-0.029648
11.4450,state,-0.890759,-0.838179,-0.178121,-0.029749
11.4456,desired,-0.924445,-0.924445,-0.111111,-0.111111
11.4550,state,-0.899811,-0.848560,-0.256089,-0.346925
11.4650,state,-0.869989,-0.832526,-0.165276,-0.198291
11.4754,desired,-0.927779,-0.927779,-0.111111,-0.111111
11.4756,state,-0.879181,-0.838282,-0.195862,-0.033985
11.4850,state,-0.885522,-0.838231,-0.375289,-0.029648
11.4950,state,-0.890759,-0.838179,-0.178121,-0.029749
11.5056,desired,-0.931115,-0.931115,-0.111111,-0.111111
11.5059,state,-0.899811,-0.848560,-0.256089,-0.346925
11.5073,state,-0.902098,-0.864547,-0.169461,-0.206972
11.5076,state,-0.913291,-0.872930,-0.208401,-0.078195
11.5150,state,-0.885522,-0.838231,-0.375289,-0.029648
11.5250,state,-0.890759,-0.838179,-0.178121,-0.029749
11.5354,desired,-0.934445,-0.934445,-0.111111,-0.111111
11.5356,state,-0.899811,-0.848560,-0.256089,-0.346925
11.5450,state,-0.902098,-0.864547,-0.169461,-0.206972
11.5554,desired,-0.936668,-0.936668,-0.111111,-0.111111
11.5556,state,-0.913291,-0.872930,-0.208401,-0.078195
11.5651,state,-0.885522,-0.838231,-0.375289,-0.029648
11.5754,desired,-0.938891,-0.938891,-0.111111,-0.111111
11.5756,state,-0.890759,-0.838179,-0.178121,-0.029749
11.5850,state,-0.899811,-0.848560,-0.256089,-0.346925
11.5950,state,-0.902098,-0.864547,-0.169461,-0.206972
11.6050,state,-0.913291,-0.872930,-0.208401,-0.078195
11.6055,desired,-0.942223,-0.942223,-0.111111,-0.111111
11.6064,state,-0.919830,-0.872957,-0.380377,-0.030860
11.6076,state,-0.925085,-0.872920,-0.182541,-0.030926
11.6150,state,-0.899811,-0.848560,-0.256089,-0.346925
11.6250,state,-0.902098,-0.864547,-0.169461,-0.206972
11.6350,state,-0.913291,-0.872930,-0.208401,-0.078195
11.6356,desired,-0.945558,-0.945558,-0.111111,-0.111111
11.6450,state,-0.919830,-0.872957,-0.380377,-0.030860
11.6550,state,-0.925085,-0.872920,-0.182541,-0.030926
11.6654,desired,-0.948890,-0.948890,-0.111111,-0.111111
11.6656,state,-0.899811,-0.848560,-0.256089,-0.346925
11.6750,state,-0.902098,-0.864547,-0.169461,-0.206972
11.6850,state,-0.913291,-0.872930,-0.208401,-0.078195
11.6954,desired,-0.952223,-0.952223,-0.111111,-0.111111
11.6956,state,-0.919830,-0.872957,-0.380377,-0.030860
11.7051,state,-0.925085,-0.872920,-0.182541,-0.030926
11.7081,state,-0.934138,-0.882726,-0.260430,-0.331312
11.7150,state,-0.902098,-0.864547,-0.169461,-0.206972
11.7157,desired,-0.954446,-0.954446,-0.111111,-0.111111
11.7249,state,-0.913291,-0.872930,-0.208401,-0.078195
11.7350,state,-0.919830,-0.872957,-0.380377,-0.030860
11.7355,desired,-0.956669,-0.956669,-0.111111,-0.111111
11.7450,state,-0.925085,-0.872920,-0.182541,-0.030926
11.7550,state,-0.934138,-0.882726,-0.260430,-0.331312
11.7654,desired,-0.960001,-0.960001,-0.111111,-0.111111
11.7657,state,-0.902098,-0.864547,-0.169461,-0.206972
11.7750,state,-0.913291,-0.872930,-0.208401,-0.078195
11.7850,state,-0.919830,-0.872957,-0.380377,-0.030860
11.7951,state,-0.925085,-0.872920,-0.182541,-0.030926
11.7956,desired,-0.963334,-0.963334,-0.111111,-0.111111
11.8050,state,-0.934138,-0.882726,-0.260430,-0.331312
11.8063,state,-0.936427,-0.898087,-0.173756,-0.202762
11.8069,state,-0.946621,-0.904981,-0.208464,-0.037927
11.8155,desired,-0.965558,-0.965558,-0.111111,-0.111111
11.8157,state,-0.919830,-0.872957,-0.380377,-0.030860
11.8250,state,-0.925085,-0.872920,-0.182541,-0.030926
11.8350,state,-0.934138,-0.882726,-0.260430,-0.331312
11.8457,desired,-0.968893,-0.968893,-0.111111,-0.111111
11.8460,state,-0.936427,-0.898087,-0.173756,-0.202762
11.8550,state,-0.946621,-0.904981,-0.208464,-0.037927
11.8650,state,-0.919830,-0.872957,-0.380377,-0.030860
11.8757,desired,-0.972226,-0.972226,-0.111111,-0.111111
11.8760,state,-0.925085,-0.872920,-0.182541,-0.030926
11.8850,state,-0.934138,-0.882726,-0.260430,-0.331312
11.8950,state,-0.936427,-0.898087,-0.173756,-0.202762
11.9051,state,-0.946621,-0.904981,-0.208464,-0.037927
11.9056,desired,-0.975556,-0.975556,-0.111111,-0.111111
11.9070,state,-0.952517,-0.904985,-0.362778,-0.032216
11.9078,state,-0.957248,-0.904979,-0.184652,-0.032227
11.9150,state,-0.934138,-0.882726,-0.260430,-0.331312
11.9254,desired,-0.977780,-0.977780,-0.111111,-0.111111
11.9257,state,-0.936427,-0.898087,-0.173756,-0.202762
11.9350,state,-0.946621,-0.904981,-0.208464,-0.037927
11.9450,state,-0.952517,-0.904985,-0.362778,-0.032216
11.9551,state,-0.957248,-0.904979,-0.184652,-0.032227
11.9556,desired,-0.981113,-0.981113,-0.111111,-0.111111
11.9650,state,-0.934138,-0.882726,-0.260430,-0.331312
11.9750,state,-0.936427,-0.898087,-0.173756,-0.202762
11.9851,state,-0.946621,-0.904981,-0.208464,-0.037927
11.9856,desired,-0.984447,-0.984447,-0.111111,-0.111111
11.9950,state,-0.952517,-0.904985,-0.362778,-0.032216
12.0053,desired,-0.986670,-0.986670,-0.111111,-0.111111
12.0055,state,-0.957248,-0.904979,-0.184652,-0.032227
12.0065,state,-0.966260,-0.914406,-0.264162,-0.321279
12.0151,state,-0.936427,-0.898087,-0.173756,-0.202762
12.0250,state,-0.946621,-0.904981,-0.208464,-0.037927
12.0350,state,-0.952517,-0.904985,-0.362778,-0.032216
12.0357,desired,-0.990001,-0.990001,-0.111111,-0.111111
12.0450,state,-0.957248,-0.904979,-0.184652,-0.032227
12.0550,state,-0.966260,-0.914406,-0.264162,-0.321279
12.0650,state,-0.936427,-0.898087,-0.173756,-0.202762
12.0656,desired,-0.993335,-0.993335,-0.111111,-0.111111
12.0750,state,-0.946621,-0.904981,-0.208464,-0.037927
12.0850,state,-0.952517,-0.904985,-0.362778,-0.032216
12.0950,state,-0.957248,-0.904979,-0.184652,-0.032227
12.0956,desired,-0.996668,-0.996668,-0.111111,-0.111111
12.1050,state,-0.966260,-0.914406,-0.264162,-0.321279
12.1069,state,-0.968545,-0.929436,-0.177589,-0.202250
12.1100,state,-0.979742,-0.938538,-0.216453,-0.110812
12.1150,state,-0.952517,-0.904985,-0.362778,-0.032216
12.1254,desired,-1.000000,-1.000000,0.000000,0.000000
12.1256,state,-0.957248,-0.904979,-0.184652,-0.032227
12.1350,state,-0.966260,-0.914406,-0.264162,-0.321279
12.1455,desired,-1.000000,-1.000000,0.000000,0.000000
12.1457,state,-0.968545,-0.929436,-0.177589,-0.202250
12.1550,state,-0.979742,-0.938538,-0.216453,-0.110812
12.1650,state,-0.952517,-0.904985,-0.362778,-0.032216
12.1754,desired,-1.000000,-1.000000,0.000000,0.000000
12.1757,state,-0.957248,-0.904979,-0.184652,-0.032227
12.1850,state,-0.966260,-0.914406,-0.264162,-0.321279
12.1950,state,-0.968545,-0.929436,-0.177589,-0.202250
12.2053,desired,-1.000000,-1.000000,0.000000,0.000000
12.2055,state,-0.979742,-0.938538,-0.216453,-0.110812
12.2064,state,-0.986282,-0.938603,-0.388362,-0.032483
12.2070,state,-0.991539,-0.938564,-0.190434,-0.032553
12.2150,state,-0.966260,-0.914406,-0.264162,-0.321279
12.2250,state,-0.968545,-0.929436,-0.177589,-0.202250
12.2350,state,-0.979742,-0.938538,-0.216453,-0.110812
12.2358,desired,-1.000000,-1.000000,0.000000,0.000000
12.2450,state,-0.986282,-0.938603,-0.388362,-0.032483
12.2554,desired,-1.000000,-1.000000,0.000000,0.000000
12.2557,state,-0.991539,-0.938564,-0.190434,-0.032553
12.2650,state,-0.966260,-0.914406,-0.264162,-0.321279
12.2750,state,-0.968545,-0.929436,-0.177589,-0.202250
12.2851,state,-0.979742,-0.938538,-0.216453,-0.110812
12.2856,desired,-1.000000,-1.000000,0.000000,0.000000
12.2950,state,-0.986282,-0.938603,-0.388362,-0.032483
12.3050,state,-0.991539,-0.938564,-0.190434,-0.032553
12.3070,state,-0.994559,-0.939215,-0.202220,-0.059634
12.3154,desired,-1.000000,-1.000000,0.000000,0.000000
12.3156,state,-0.968545,-0.929436,-0.177589,-0.202250
12.3250,state,-0.979742,-0.938538,-0.216453,-0.110812
12.3350,state,-0.986282,-0.938603,-0.388362,-0.032483
12.3450,state,-0.991539,-0.938564,-0.190434,-0.032553
12.3456,desired,-1.000000,-1.000000,0.000000,0.000000
12.3550,state,-0.994559,-0.939215,-0.202220,-0.059634
12.3651,state,-0.968545,-0.929436,-0.177589,-0.202250
12.3657,desired,-1.000000,-1.000000,0.000000,0.000000
12.3750,state,-0.979742,-0.938538,-0.216453,-0.110812
12.3850,state,-0.986282,-0.938603,-0.388362,-0.032483
12.3951,state,-0.991539,-0.938564,-0.190434,-0.032553
12.3955,desired,-1.000000,-1.000000,0.000000,0.000000
12.4050,state,-0.994559,-0.939215,-0.202220,-0.059634
12.4062,state,-0.995271,-0.945265,-0.175250,-0.182543
12.4064,state,-0.995330,-0.951113,-0.173013,-0.037621
12.4150,state,-0.986282,-0.938603,-0.388362,-0.032483
12.4253,desired,-1.000000,-1.000000,0.000000,0.000000
12.4255,state,-0.991539,-0.938564,-0.190434,-0.032553
12.4350,state,-0.994559,-0.939215,-0.202220,-0.059634
12.4450,state,-0.995271,-0.945265,-0.175250,-0.182543
12.4550,state,-0.995330,-0.951113,-0.173013,-0.037621
12.4555,desired,-1.000000,-1.000000,0.000000,0.000000
12.4650,state,-0.986282,-0.938603,-0.388362,-0.032483
12.4750,state,-0.991539,-0.938564,-0.190434,-0.032553
12.4850,state,-0.994559,-0.939215,-0.202220,-0.059634
12.4857,desired,-1.000000,-1.000000,0.000000,0.000000
12.4950,state,-0.995271,-0.945265,-0.175250,-0.182543
12.5050,state,-0.995330,-0.951113,-0.173013,-0.037621
12.5067,state,-0.995335,-0.951091,-0.172828,-0.032993
12.5076,state,-0.995335,-0.951065,-0.172819,-0.033047
12.5154,desired,-1.000000,-1.000000,0.000000,0.000000
12.5156,state,-0.994559,-0.939215,-0.202220,-0.059634
12.5251,state,-0.995271,-0.945265,-0.175250,-0.182543
12.5350,state,-0.995330,-0.951113,-0.173013,-0.037621
12.5450,state,-0.995335,-0.951091,-0.172828,-0.032993
12.5457,desired,-1.000000,-1.000000,0.000000,0.000000
12.5550,state,-0.995335,-0.951065,-0.172819,-0.033047
12.5650,state,-0.994559,-0.939215,-0.202220,-0.059634
12.5750,state,-0.995271,-0.945265,-0.175250,-0.182543
12.5757,desired,-1.000000,-1.000000,0.000000,0.000000
12.5850,state,-0.995330,-0.951113,-0.173013,-0.037621
12.5950,state,-0.995335,-0.951091,-0.172828,-0.032993
12.6050,state,-0.995335,-0.951065,-0.172819,-0.033047
12.6056,desired,-1.000000,-1.000000,0.000000,0.000000
12.6067,state,-0.995335,-0.951041,-0.172819,-0.033095
12.6150,state,-0.995271,-0.945265,-0.175250,-0.182543
12.6250,state,-0.995330,-0.951113,-0.173013,-0.037621
12.6350,state,-0.995335,-0.951091,-0.172828,-0.032993
12.6356,desired,-1.000000,-1.000000,0.000000,0.000000
12.6450,state,-0.995335,-0.951065,-0.172819,-0.033047
12.6554,desired,-1.000000,-1.000000,0.000000,0.000000
12.6557,state,-0.995335,-0.951041,-0.172819,-0.033095
12.6650,state,-0.995271,-0.945265,-0.175250,-0.182543
12.6750,state,-0.995330,-0.951113,-0.173013,-0.037621
12.6854,desired,-1.000000,-1.000000,0.000000,0.000000
12.6857,state,-0.995335,-0.951091,-0.172828,-0.032993
12.6950,state,-0.995335,-0.951065,-0.172819,-0.033047
12.7051,state,-0.995335,-0.951041,-0.172819,-0.033095
12.7057,desired,-1.000000,-1.000000,0.000000,0.000000
12.7064,state,-0.995335,-0.951020,-0.172819,-0.033138
12.7087,state,-0.995335,-0.951002,-0.172819,-0.033175
12.7150,state,-0.995335,-0.951091,-0.172828,-0.032993
12.7250,state,-0.995335,-0.951065,-0.172819,-0.033047
12.7354,desired,-1.000000,-1.000000,0.000000,0.000000
12.7356,state,-0.995335,-0.951041,-0.172819,-0.033095
12.7450,state,-0.995335,-0.951020,-0.172819,-0.033138
12.7550,state,-0.995335,-0.951002,-0.172819,-0.033175
12.7656,desired,-1.000000,-1.000000,0.000000,0.000000
12.7659,state,-0.995335,-0.951091,-0.172828,-0.032993
12.7750,state,-0.995335,-0.951065,-0.172819,-0.033047
12.7850,state,-0.995335,-0.951041,-0.172819,-0.033095
12.7954,desired,-1.000000,-1.000000,0.000000,0.000000
12.7957,state,-0.995335,-0.951020,-0.172819,-0.033138
12.8050,state,-0.995335,-0.951002,-0.172819,-0.033175
12.8064,state,-0.995335,-0.950986,-0.172819,-0.033208
12.8075,state,-0.995335,-0.950972,-0.172819,-0.033237
12.8150,state,-0.995335,-0.951041,-0.172819,-0.033095
12.8254,desired,-1.000000,-1.000000,0.000000,0.000000
12.8257,state,-0.995335,-0.951020,-0.172819,-0.033138
12.8350,state,-0.995335,-0.951002,-0.172819,-0.033175
12.8450,state,-0.995335,-0.950986,-0.172819,-0.033208
12.8556,desired,-1.000000,-1.000000,0.000000,0.000000
12.8558,state,-0.995335,-0.950972,-0.172819,-0.033237
12.8651,state,-0.995335,-0.951041,-0.172819,-0.033095
12.8750,state,-0.995335,-0.951020,-0.172819,-0.033138
12.8851,state,-0.995335,-0.951002,-0.172819,-0.033175
12.8856,desired,-1.000000,-1.000000,0.000000,0.000000
12.8951,state,-0.995335,-0.950986,-0.172819,-0.033208
12.9050,state,-0.995335,-0.950972,-0.172819,-0.033237
12.9067,state,-0.995335,-0.950959,-0.172819,-0.033263
12.9154,desired,-1.000000,-1.000000,0.000000,0.000000
12.9157,state,-0.995335,-0.951020,-0.172819,-0.033138
12.9250,state,-0.995335,-0.951002,-0.172819,-0.033175
12.9350,state,-0.995335,-0.950986,-0.172819,-0.033208
12.9450,state,-0.995335,-0.950972,-0.172819,-0.033237
12.9454,desired,-1.000000,-1.000000,0.000000,0.000000
12.9550,state,-0.995335,-0.950959,-0.172819,-0.033263
12.9654,desired,-1.000000,-1.000000,0.000000,0.000000
12.9657,state,-0.995335,-0.951020,-0.172819,-0.033138
12.9751,state,-0.995335,-0.951002,-0.172819,-0.033175
12.9850,state,-0.995335,-0.950986,-0.172819,-0.033208
12.9957,desired,-1.000000,-1.000000,0.000000,0.000000
12.9960,state,-0.995335,-0.950972,-0.172819,-0.033237
13.0052,state,-0.995335,-0.950959,-0.172819,-0.033263
13.0081,state,-0.995335,-0.950948,-0.172819,-0.033285
13.0084,state,-0.995335,-0.950939,-0.172819,-0.033306
13.0151,state,-0.995335,-0.950986,-0.172819,-0.033208
13.0250,state,-0.995335,-0.950972,-0.172819,-0.033237
13.0257,desired,-1.000000,-1.000000,0.000000,0.000000
13.0350,state,-0.995335,-0.950959,-0.172819,-0.033263
13.0454,desired,-1.000000,-1.000000,0.000000,0.000000
13.0457,state,-0.995335,-0.950948,-0.172819,-0.033285
13.0550,state,-0.995335,-0.950939,-0.172819,-0.033306
13.0650,state,-0.995335,-0.950986,-0.172819,-0.033208
13.0755,desired,-1.000000,-1.000000,0.000000,0.000000
13.0757,state,-0.995335,-0.950972,-0.172819,-0.033237
13.0850,state,-0.995335,-0.950959,-0.172819,-0.033263
13.0950,state,-0.995335,-0.950948,-0.172819,-0.033285
13.1051,state,-0.995335,-0.950939,-0.172819,-0.033306
13.1057,desired,-1.000000,-1.000000,0.000000,0.000000
13.1066,state,-0.995335,-0.950930,-0.172819,-0.033323
13.1078,state,-0.995335,-0.950923,-0.172819,-0.033338
13.1150,state,-0.995335,-0.950959,-0.172819,-0.033263
13.1255,desired,-1.000000,-1.000000,4.000000,4.000000
13.1257,state,-0.995335,-0.950948,-0.172819,-0.033285
13.1350,state,-0.995335,-0.950939,-0.172819,-0.033306
13.1450,state,-0.995335,-0.950930,-0.172819,-0.033323
13.1553,desired,-0.880048,-0.880048,4.000000,4.000000
13.1555,state,-0.995335,-0.950923,-0.172819,-0.033338
13.1650,state,-0.995335,-0.950959,-0.172819,-0.033263
13.1750,state,-0.995335,-0.950948,-0.172819,-0.033285
13.1853,desired,-0.760011,-0.760011,4.000000,4.000000
13.1855,state,-0.995335,-0.950939,-0.172819,-0.033306
13.1950,state,-0.995335,-0.950930,-0.172819,-0.033323
13.2050,state,-0.995335,-0.950923,-0.172819,-0.033338
13.2064,state,-0.995335,-0.950916,-0.172819,-0.033352
13.2154,desired,-0.640037,-0.640037,4.000000,4.000000
13.2157,state,-0.995335,-0.950948,-0.172819,-0.033285
13.2250,state,-0.995335,-0.950939,-0.172819,-0.033306
13.2351,state,-0.995335,-0.950930,-0.172819,-0.033323
13.2454,desired,-0.520050,-0.520050,4.000000,4.000000
13.2457,state,-0.995335,-0.950923,-0.172819,-0.033338
13.2550,state,-0.995335,-0.950916,-0.172819,-0.033352
13.2650,state,-0.995335,-0.950948,-0.172819,-0.033285
13.2754,desired,-0.400055,-0.400055,4.000000,4.000000
13.2757,state,-0.995335,-0.950939,-0.172819,-0.033306
13.2850,state,-0.995335,-0.950930,-0.172819,-0.033323
13.2950,state,-0.995335,-0.950923,-0.172819,-0.033338
13.3050,state,-0.995335,-0.950916,-0.172819,-0.033352
13.3054,desired,-0.280076,-0.280076,4.000000,4.000000
13.3062,state,-0.995335,-0.950910,-0.172819,-0.033364
13.3073,state,-0.743292,-0.893371,0.883455,1.280811
13.3150,state,-0.995335,-0.950930,-0.172819,-0.033323
13.3250,state,-0.995335,-0.950923,-0.172819,-0.033338
13.3255,desired,-0.200055,-0.200055,4.000000,4.000000
13.3350,state,-0.995335,-0.950916,-0.172819,-0.033352
13.3457,desired,-0.119928,-0.119928,4.000000,4.000000
13.3460,state,-0.995335,-0.950910,-0.172819,-0.033364
13.3550,state,-0.743292,-0.893371,0.883455,1.280811
13.3650,state,-0.995335,-0.950930,-0.172819,-0.033323
13.3751,state,-0.995335,-0.950923,-0.172819,-0.033338
13.3756,desired,-0.000057,-0.000057,4.000000,4.000000
13.3850,state,-0.995335,-0.950916,-0.172819,-0.033352
13.3950,state,-0.995335,-0.950910,-0.172819,-0.033364
13.4051,state,-0.743292,-0.893371,0.883455,1.280811
13.4057,desired,0.000000,0.000000,0.000000,0.000000
13.4069,state,-0.542234,-0.784622,6.864043,1.965239
13.4074,state,-0.373244,-0.645140,0.501364,2.402210
13.4151,state,-0.995335,-0.950916,-0.172819,-0.033352
13.4250,state,-0.995335,-0.950910,-0.172819,-0.033364
13.4357,desired,0.000000,0.000000,0.000000,0.000000
13.4361,state,-0.743292,-0.893371,0.883455,1.280811
13.4450,state,-0.542234,-0.784622,6.864043,1.965239
13.4557,desired,0.000000,0.000000,0.000000,0.000000
13.4560,state,-0.373244,-0.645140,0.501364,2.402210
13.4650,state,-0.995335,-0.950916,-0.172819,-0.033352
13.4750,state,-0.995335,-0.950910,-0.172819,-0.033364
13.4850,state,-0.743292,-0.893371,0.883455,1.280811
13.4857,desired,0.000000,0.000000,0.000000,0.000000
13.4950,state,-0.542234,-0.784622,6.864043,1.965239
13.5057,desired,0.000000,0.000000,0.000000,0.000000
13.5061,state,-0.373244,-0.645140,0.501364,2.402210
13.5071,state,-0.080261,-0.485175,3.040123,2.702170
13.5150,state,-0.995335,-0.950910,-0.172819,-0.033364
13.5251,state,-0.743292,-0.893371,0.883455,1.280811
13.5350,state,-0.542234,-0.784622,6.864043,1.965239
13.5357,desired,0.000000,0.000000,0.000000,0.000000
13.5450,state,-0.373244,-0.645140,0.501364,2.402210
13.5550,state,-0.080261,-0.485175,3.040123,2.702170
13.5651,state,-0.995335,-0.950910,-0.172819,-0.033364
13.5656,desired,0.000000,0.000000,0.000000,0.000000
13.5751,state,-0.743292,-0.893371,0.883455,1.280811
13.5850,state,-0.542234,-0.784622,6.864043,1.965239
13.5952,state,-0.373244,-0.645140,0.501364,2.402210
13.5958,desired,0.000000,0.000000,0.000000,0.000000
13.6052,state,-0.080261,-0.485175,3.040123,2.702170
13.6071,state,-0.006582,-0.311116,0.249339,2.911730
13.6074,state,-0.000540,-0.127493,0.020449,3.055101
13.6151,state,-0.542234,-0.784622,6.864043,1.965239
13.6250,state,-0.373244,-0.645140,0.501364,2.402210
13.6256,desired,0.000000,0.000000,0.000000,0.000000
13.6350,state,-0.080261,-0.485175,3.040123,2.702170
13.6451,state,-0.006582,-0.311116,0.249339,2.911730
13.6457,desired,0.000000,0.000000,0.000000,0.000000
13.6550,state,-0.000540,-0.127493,0.020449,3.055101
13.6650,state,-0.542234,-0.784622,6.864043,1.965239
13.6750,state,-0.373244,-0.645140,0.501364,2.402210
13.6755,desired,0.000000,0.000000,0.000000,0.000000
13.6850,state,-0.080261,-0.485175,3.040123,2.702170
13.6950,state,-0.006582,-0.311116,0.249339,2.911730
13.7054,desired,0.000000,0.000000,0.000000,0.000000
13.7056,state,-0.000540,-0.127493,0.020449,3.055101
13.7063,state,-0.000044,0.058009,0.001677,2.931821
13.7074,state,-0.000004,0.170390,0.000138,1.305731
13.7150,state,-0.080261,-0.485175,3.040123,2.702170
13.7250,state,-0.006582,-0.311116,0.249339,2.911730
13.7350,state,-0.000540,-0.127493,0.020449,3.055101
13.7356,desired,0.000000,0.000000,0.000000,0.000000
13.7452,state,-0.000044,0.058009,0.001677,2.931821
13.7550,state,-0.000004,0.170390,0.000138,1.305731
13.7651,state,-0.080261,-0.485175,3.040123,2.702170
13.7659,desired,0.000000,0.000000,0.000000,0.000000
13.7750,state,-0.006582,-0.311116,0.249339,2.911730
13.7850,state,-0.000540,-0.127493,0.020449,3.055101
13.7950,state,-0.000044,0.058009,0.001677,2.931821
13.7956,desired,0.000000,0.000000,0.000000,0.000000
13.8052,state,-0.000004,0.170390,0.000138,1.305731
13.8065,state,-0.000000,0.193173,0.000011,-0.089573
13.8150,state,-0.006582,-0.311116,0.249339,2.911730
13.8250,state,-0.000540,-0.127493,0.020449,3.055101
13.8255,desired,0.000000,0.000000,0.000000,0.000000
13.8351,state,-0.000044,0.058009,0.001677,2.931821
13.8450,state,-0.000004,0.170390,0.000138,1.305731
13.8555,desired,0.000000,0.000000,0.000000,0.000000
13.8558,state,-0.000000,0.193173,0.000011,-0.089573
13.8650,state,-0.006582,-0.311116,0.249339,2.911730
13.8750,state,-0.000540,-0.127493,0.020449,3.055101
13.8851,state,-0.000044,0.058009,0.001677,2.931821
13.8856,desired,0.000000,0.000000,0.000000,0.000000
13.8950,state,-0.000004,0.170390,0.000138,1.305731
13.9051,state,-0.000000,0.193173,0.000011,-0.089573
13.9060,desired,0.000000,0.000000,0.000000,0.000000
13.9071,state,-0.000000,0.151483,0.000001,-0.955603
13.9080,state,-0.000000,0.070188,0.000000,-1.388998
13.9150,state,-0.000044,0.058009,0.001677,2.931821
13.9250,state,-0.000004,0.170390,0.000138,1.305731
13.9350,state,-0.000000,0.193173,0.000011,-0.089573
13.9355,desired,0.000000,0.000000,0.000000,0.000000
13.9450,state,-0.000000,0.151483,0.000001,-0.955603
13.9554,desired,0.000000,0.000000,0.000000,0.000000
13.9557,state,-0.000000,0.070188,0.000000,-1.388998
13.9650,state,-0.000044,0.058009,0.001677,2.931821
13.9750,state,-0.000004,0.170390,0.000138,1.305731
13.9855,desired,0.000000,0.000000,0.000000,0.000000
13.9858,state,-0.000000,0.193173,0.000011,-0.089573
13.9951,state,-0.000000,0.151483,0.000001,-0.955603
14.0051,state,-0.000000,0.070188,0.000000,-1.388998
14.0058,desired,0.000000,0.000000,0.000000,0.000000
14.0072,state,-0.000000,0.025814,0.000000,-0.308284
14.0087,state,-0.000000,0.031070,0.000000,0.223502
14.0151,state,-0.000000,0.193173,0.000011,-0.089573
14.0250,state,-0.000000,0.151483,0.000001,-0.955603
14.0350,state,-0.000000,0.070188,0.000000,-1.388998
14.0357,desired,0.000000,0.000000,0.000000,0.000000
14.0450,state,-0.000000,0.025814,0.000000,-0.308284
14.0554,desired,0.000000,0.000000,0.000000,0.000000
14.0557,state,-0.000000,0.031070,0.000000,0.223502
14.0650,state,-0.000000,0.193173,0.000011,-0.089573
14.0755,desired,0.000000,0.000000,0.000000,0.000000
14.0758,state,-0.000000,0.151483,0.000001,-0.955603
14.0851,state,-0.000000,0.070188,0.000000,-1.388998
14.0950,state,-0.000000,0.025814,0.000000,-0.308284
14.1051,state,-0.000000,0.031070,0.000000,0.223502
14.1056,desired,0.000000,0.000000,0.000000,0.000000
14.1070,state,-0.000000,0.043878,0.000000,0.155377
14.1150,state,-0.000000,0.151483,0.000001,-0.955603
14.1250,state,-0.000000,0.070188,0.000000,-1.388998
14.1357,desired,0.000000,0.000000,0.000000,0.000000
14.1361,state,-0.000000,0.025814,0.000000,-0.308284
14.1450,state,-0.000000,0.031070,0.000000,0.223502
14.1551,state,-0.000000,0.043878,0.000000,0.155377
14.1650,state,-0.000000,0.151483,0.000001,-0.955603
14.1656,desired,0.000000,0.000000,0.000000,0.000000
14.1750,state,-0.000000,0.070188,0.000000,-1.388998
14.1850,state,-0.000000,0.025814,0.000000,-0.308284
14.1954,desired,0.000000,0.000000,0.000000,0.000000
14.1957,state,-0.000000,0.031070,0.000000,0.223502
14.2051,state,-0.000000,0.043878,0.000000,0.155377
14.2066,state,-0.000000,0.042008,0.000000,-0.030625
14.2069,state,-0.000000,0.040134,0.000000,-0.027061
14.2154,desired,0.000000,0.000000,0.000000,0.000000
14.2156,state,-0.000000,0.025814,0.000000,-0.308284
14.2250,state,-0.000000,0.031070,0.000000,0.223502
14.2350,state,-0.000000,0.043878,0.000000,0.155377
14.2455,desired,0.000000,0.000000,0.000000,0.000000
14.2458,state,-0.000000,0.042008,0.000000,-0.030625
14.2550,state,-0.000000,0.040134,0.000000,-0.027061
14.2650,state,-0.000000,0.025814,0.000000,-0.308284
14.2755,desired,0.000000,0.000000,0.000000,0.000000
14.2757,state,-0.000000,0.031070,0.000000,0.223502
14.2850,state,-0.000000,0.043878,0.000000,0.155377
14.2950,state,-0.000000,0.042008,0.000000,-0.030625
14.3050,state,-0.000000,0.040134,0.000000,-0.027061
14.3056,desired,0.000000,0.000000,0.000000,0.000000
14.3063,state,-0.000000,0.038464,0.000000,-0.024055
14.3073,state,-0.000000,0.036967,0.000000,-0.021516
14.3150,state,-0.000000,0.043878,0.000000,0.155377
14.3250,state,-0.000000,0.042008,0.000000,-0.030625
14.3350,state,-0.000000,0.040134,0.000000,-0.027061
14.3356,desired,0.000000,0.000000,0.000000,0.000000
14.3450,state,-0.000000,0.038464,0.000000,-0.024055
14.3549,state,-0.000000,0.036967,0.000000,-0.021516
14.3655,desired,0.000000,0.000000,0.000000,0.000000
14.3657,state,-0.000000,0.043878,0.000000,0.155377
14.3751,state,-0.000000,0.042008,0.000000,-0.030625
14.3854,desired,0.000000,0.000000,0.000000,0.000000
14.3857,state,-0.000000,0.040134,0.000000,-0.027061
14.3950,state,-0.000000,0.038464,0.000000,-0.024055
14.4050,state,-0.000000,0.036967,0.000000,-0.021516
14.4065,state,-0.000000,0.035617,0.000000,-0.019354
14.4154,desired,0.000000,0.000000,0.000000,0.000000
14.4156,state,-0.000000,0.042008,0.000000,-0.030625
14.4250,state,-0.000000,0.040134,0.000000,-0.027061
14.4350,state,-0.000000,0.038464,0.000000,-0.024055
14.4450,state,-0.000000,0.036967,0.000000,-0.021516
14.4456,desired,0.000000,0.000000,0.000000,0.000000
14.4550,state,-0.000000,0.035617,0.000000,-0.019354
14.4654,desired,0.000000,0.000000,0.000000,0.000000
14.4657,state,-0.000000,0.042008,0.000000,-0.030625
14.4751,state,-0.000000,0.040134,0.000000,-0.027061
14.4850,state,-0.000000,0.038464,0.000000,-0.024055
14.4950,state,-0.000000,0.036967,0.000000,-0.021516
14.4955,desired,0.000000,0.000000,0.000000,0.000000
14.5050,state,-0.000000,0.035617,0.000000,-0.019354
14.5063,state,-0.000000,0.034393,0.000000,-0.017500
14.5072,state,-0.000000,0.033277,0.000000,-0.015899
14.5150,state,-0.000000,0.038464,0.000000,-0.024055
14.5155,desired,0.000000,0.000000,0.000000,0.000000
14.5250,state,-0.000000,0.036967,0.000000,-0.021516
14.5350,state,-0.000000,0.035617,0.000000,-0.019354
14.5455,desired,0.000000,0.000000,0.000000,0.000000
14.5457,state,-0.000000,0.034393,0.000000,-0.017500
14.5550,state,-0.000000,0.033277,0.000000,-0.015899
14.5654,desired,0.000000,0.000000,0.000000,0.000000
14.5657,state,-0.000000,0.038464,0.000000,-0.024055
14.5750,state,-0.000000,0.036967,0.000000,-0.021516
14.5850,state,-0.000000,0.035617,0.000000,-0.019354
14.5954,desired,0.000000,0.000000,0.000000,0.000000
14.5956,state,-0.000000,0.034393,0.000000,-0.017500
14.6050,state,-0.000000,0.033277,0.000000,-0.015899
14.6061,state,-0.000000,0.032255,0.000000,-0.014507
14.6067,state,-0.000000,0.031315,0.000000,-0.013290
14.6150,state,-0.000000,0.035617,0.000000,-0.019354
14.6254,desired,0.000000,0.000000,0.000000,0.000000
14.6256,state,-0.000000,0.034393,0.000000,-0.017500
14.6350,state,-0.000000,0.033277,0.000000,-0.015899
14.6450,state,-0.000000,0.032255,0.000000,-0.014507
14.6551,state,-0.000000,0.031315,0.000000,-0.013290
14.6557,desired,0.000000,0.000000,0.000000,0.000000
14.6650,state,-0.000000,0.035617,0.000000,-0.019354
14.6750,state,-0.000000,0.034393,0.000000,-0.017500
14.6854,desired,0.000000,0.000000,0.000000,0.000000
14.6857,state,-0.000000,0.033277,0.000000,-0.015899
14.6950,state,-0.000000,0.032255,0.000000,-0.014507
14.7050,state,-0.000000,0.031315,0.000000,-0.013290
14.7070,state,-0.000000,0.030448,0.000000,-0.012221
14.7150,state,-0.000000,0.034393,0.000000,-0.017500
14.7156,desired,0.000000,0.000000,0.000000,0.000000
14.7250,state,-0.000000,0.033277,0.000000,-0.015899
14.7350,state,-0.000000,0.032255,0.000000,-0.014507
14.7456,desired,0.000000,0.000000,0.000000,0.000000
14.7460,state,-0.000000,0.031315,0.000000,-0.013290
14.7550,state,-0.000000,0.030448,0.000000,-0.012221
14.7650,state,-0.000000,0.034393,0.000000,-0.017500
14.7754,desired,0.000000,0.000000,0.000000,0.000000
14.7756,state,-0.000000,0.033277,0.000000,-0.015899
14.7850,state,-0.000000,0.032255,0.000000,-0.014507
14.7950,state,-0.000000,0.031315,0.000000,-0.013290
14.8050,state,-0.000000,0.030448,0.000000,-0.012221
14.8055,desired,0.000000,0.000000,0.000000,0.000000
14.8061,state,-0.000000,0.029645,0.000000,-0.011276
14.8062,state,-0.000000,0.028899,0.000000,-0.010437
14.8150,state,-0.000000,0.032255,0.000000,-0.014507
14.8250,state,-0.000000,0.031315,0.000000,-0.013290
14.8254,desired,0.000000,0.000000,0.000000,0.000000
14.8350,state,-0.000000,0.030448,0.000000,-0.012221
14.8454,desired,0.000000,0.000000,0.000000,0.000000
14.8456,state,-0.000000,0.029645,0.000000,-0.011276
14.8550,state,-0.000000,0.028899,0.000000,-0.010437
14.8650,state,-0.000000,0.032255,0.000000,-0.014507
14.8756,desired,0.000000,0.000000,0.000000,0.000000
14.8759,state,-0.000000,0.031315,0.000000,-0.013290
14.8850,state,-0.000000,0.030448,0.000000,-0.012221
14.8950,state,-0.000000,0.029645,0.000000,-0.011276
14.9056,desired,0.000000,0.000000,0.000000,0.000000
14.9059,state,-0.000000,0.028899,0.000000,-0.010437
14.9072,state,-0.000000,0.028203,0.000000,-0.009688
14.9093,state,-0.000000,0.027552,0.000000,-0.009018
14.9149,state,-0.000000,0.030448,0.000000,-0.012221
14.9251,state,-0.000000,0.029645,0.000000,-0.011276
14.9350,state,-0.000000,0.028899,0.000000,-0.010437
14.9356,desired,0.000000,0.000000,0.000000,0.000000
14.9450,state,-0.000000,0.028203,0.000000,-0.009688
14.9550,state,-0.000000,0.027552,0.000000,-0.009018
14.9656,desired,0.000000,0.000000,0.000000,0.000000
14.9659,state,-0.000000,0.030448,0.000000,-0.012221
14.9750,state,-0.000000,0.029645,0.000000,-0.011276
14.9849,state,-0.000000,0.028899,0.000000,-0.010437
14.9954,desired,0.000000,0.000000,0.000000,0.000000
14.9956,state,-0.000000,0.028203,0.000000,-0.009688
15.0052,state,-0.000000,0.027552,0.000000,-0.009018
15.0064,state,-0.000000,0.026942,0.000000,-0.008415
15.0150,state,-0.000000,0.029645,0.000000,-0.011276
15.0250,state,-0.000000,0.028899,0.000000,-0.010437
15.0256,desired,0.000000,0.000000,0.000000,0.000000
15.0350,state,-0.000000,0.028203,0.000000,-0.009688
15.0451,state,-0.000000,0.027552,0.000000,-0.009018
15.0554,desired,0.000000,0.000000,0.000000,0.000000
15.0556,state,-0.000000,0.026942,0.000000,-0.008415
15.0650,state,-0.000000,0.029645,0.000000,-0.011276
15.0756,desired,0.000000,0.000000,0.000000,0.000000
15.0759,state,-0.000000,0.028899,0.000000,-0.010437
15.0850,state,-0.000000,0.028203,0.000000,-0.009688
15.0950,state,-0.000000,0.027552,0.000000,-0.009018
15.1050,state,-0.000000,0.026942,0.000000,-0.008415
15.1056,desired,0.000000,0.000000,0.000000,0.000000
15.1062,state,-0.000000,0.026369,0.000000,-0.007872
15.1068,state,-0.000000,0.025830,0.000000,-0.007379
15.1150,state,-0.000000,0.028203,0.000000,-0.009688
15.1250,state,-0.000000,0.027552,0.000000,-0.009018
15.1349,state,-0.000000,0.026942,0.000000,-0.008415
15.1354,desired,0.000000,0.000000,0.000000,0.000000
15.1451,state,-0.000000,0.026369,0.000000,-0.007872
15.1550,state,-0.000000,0.025830,0.000000,-0.007379
15.1556,desired,0.000000,0.000000,0.000000,0.000000
15.1650,state,-0.000000,0.028203,0.000000,-0.009688
15.1750,state,-0.000000,0.027552,0.000000,-0.009018
15.1853,desired,0.000000,0.000000,0.000000,0.000000
15.1855,state,-0.000000,0.026942,0.000000,-0.008415
15.1950,state,-0.000000,0.026369,0.000000,-0.007872
15.2050,state,-0.000000,0.025830,0.000000,-0.007379
15.2061,state,-0.000000,0.025320,0.000000,-0.006932
15.2070,state,-0.000000,0.024839,0.000000,-0.006524
15.2154,desired,0.000000,0.000000,0.000000,0.000000
15.2158,state,-0.000000,0.026942,0.000000,-0.008415
15.2250,state,-0.000000,0.026369,0.000000,-0.007872
15.2354,desired,0.000000,0.000000,0.000000,0.000000
15.2357,state,-0.000000,0.025830,0.000000,-0.007379
15.2450,state,-0.000000,0.025320,0.000000,-0.006932
15.2550,state,-0.000000,0.024839,0.000000,-0.006524
15.2654,desired,0.000000,0.000000,0.000000,0.000000
15.2657,state,-0.000000,0.026942,0.000000,-0.008415
15.2750,state,-0.000000,0.026369,0.000000,-0.007872
15.2850,state,-0.000000,0.025830,0.000000,-0.007379
15.2954,desired,0.000000,0.000000,0.000000,0.000000
15.2957,state,-0.000000,0.025320,0.000000,-0.006932
15.3051,state,-0.000000,0.024839,0.000000,-0.006524
15.3066,state,-0.000000,0.024382,0.000000,-0.006151
15.3150,state,-0.000000,0.026369,0.000000,-0.007872
15.3250,state,-0.000000,0.025830,0.000000,-0.007379
15.3256,desired,0.000000,0.000000,0.000000,0.000000
15.3350,state,-0.000000,0.025320,0.000000,-0.006932
15.3451,state,-0.000000,0.024839,0.000000,-0.006524
15.3554,desired,0.000000,0.000000,0.000000,0.000000
15.3557,state,-0.000000,0.024382,0.000000,-0.006151
15.3650,state,-0.000000,0.026369,0.000000,-0.007872
15.3750,state,-0.000000,0.025830,0.000000,-0.007379
15.3854,desired,0.000000,0.000000,4.000000,4.000000
15.3856,state,-0.000000,0.025320,0.000000,-0.006932
15.3950,state,-0.000000,0.024839,0.000000,-0.006524
15.4050,state,-0.000000,0.024382,0.000000,-0.006151
15.4065,state,-0.000000,0.023949,0.000000,-0.005810
15.4068,state,-0.000000,0.023537,0.000000,-0.005496
15.4151,state,-0.000000,0.025320,0.000000,-0.006932
15.4156,desired,0.120001,0.120001,4.000000,4.000000
15.4250,state,-0.000000,0.024839,0.000000,-0.006524
15.4351,state,-0.000000,0.024382,0.000000,-0.006151
15.4357,desired,0.200034,0.200034,4.000000,4.000000
15.4451,state,-0.000000,0.023949,0.000000,-0.005810
15.4550,state,-0.000000,0.023537,0.000000,-0.005496
15.4654,desired,0.320022,0.320022,4.000000,4.000000
15.4657,state,-0.000000,0.025320,0.000000,-0.006932
15.4750,state,-0.000000,0.024839,0.000000,-0.006524
15.4856,desired,0.400125,0.400125,4.000000,4.000000
15.4859,state,-0.000000,0.024382,0.000000,-0.006151
15.4950,state,-0.000000,0.023949,0.000000,-0.005810
15.5050,state,-0.000000,0.023537,0.000000,-0.005496
15.5066,state,0.019616,0.034662,0.769099,0.578823
15.5076,state,0.038158,0.064388,0.071011,0.292553
15.5151,state,-0.000000,0.024382,0.000000,-0.006151
15.5156,desired,0.520007,0.520007,4.000000,4.000000
15.5251,state,-0.000000,0.023949,0.000000,-0.005810
15.5350,state,-0.000000,0.023537,0.000000,-0.005496
15.5450,state,0.019616,0.034662,0.769099,0.578823
15.5457,desired,0.639999,0.639999,4.000000,4.000000
15.5551,state,0.038158,0.064388,0.071011,0.292553
15.5650,state,-0.000000,0.024382,0.000000,-0.006151
15.5751,state,-0.000000,0.023949,0.000000,-0.005810
15.5757,desired,0.760038,0.760038,4.000000,4.000000
15.5851,state,-0.000000,0.023537,0.000000,-0.005496
15.5950,state,0.019616,0.034662,0.769099,0.578823
15.6057,desired,0.880133,0.880133,4.000000,4.000000
15.6060,state,0.038158,0.064388,0.071011,0.292553
15.6077,state,0.349687,0.109272,3.418972,1.349644
15.6150,state,-0.000000,0.023949,0.000000,-0.005810
15.6250,state,-0.000000,0.023537,0.000000,-0.005496
15.6350,state,0.019616,0.034662,0.769099,0.578823
15.6356,desired,0.999984,0.999984,4.000000,4.000000
15.6450,state,0.038158,0.064388,0.071011,0.292553
15.6550,state,0.349687,0.109272,3.418972,1.349644
15.6654,desired,1.000000,1.000000,0.000000,0.000000
15.6655,state,-0.000000,0.023949,0.000000,-0.005810
15.6750,state,-0.000000,0.023537,0.000000,-0.005496
15.6850,state,0.019616,0.034662,0.769099,0.578823
15.6953,desired,1.000000,1.000000,0.000000,0.000000
15.6955,state,0.038158,0.064388,0.071011,0.292553
15.7050,state,0.349687,0.109272,3.418972,1.349644
15.7060,state,0.430419,0.220427,0.361046,2.018529
15.7071,state,0.796873,0.356597,1.628384,2.349615
15.7150,state,0.019616,0.034662,0.769099,0.578823
15.7250,state,0.038158,0.064388,0.071011,0.292553
15.7255,desired,1.000000,1.000000,0.000000,0.000000
15.7350,state,0.349687,0.109272,3.418972,1.349644
15.7450,state,0.430419,0.220427,0.361046,2.018529
15.7554,desired,1.000000,1.000000,0.000000,0.000000
15.7556,state,0.796873,0.356597,1.628384,2.349615
15.7650,state,0.019616,0.034662,0.769099,0.578823
15.7753,desired,1.000000,1.000000,0.000000,0.000000
15.7755,state,0.038158,0.064388,0.071011,0.292553
15.7851,state,0.349687,0.109272,3.418972,1.349644
15.7953,desired,1.000000,1.000000,0.000000,0.000000
15.7955,state,0.430419,0.220427,0.361046,2.018529
15.8050,state,0.796873,0.356597,1.628384,2.349615
15.8063,state,0.911027,0.507186,3.349028,2.557072
15.8074,state,0.988349,0.667217,0.437413,2.697962
15.8150,state,0.349687,0.109272,3.418972,1.349644
15.8250,state,0.430419,0.220427,0.361046,2.018529
15.8254,desired,1.000000,1.000000,0.000000,0.000000
15.8350,state,0.796873,0.356597,1.628384,2.349615
15.8450,state,0.911027,0.507186,3.349028,2.557072
15.8554,desired,1.000000,1.000000,0.000000,0.000000
15.8557,state,0.988349,0.667217,0.437413,2.697962
15.8650,state,0.349687,0.109272,3.418972,1.349644
15.8756,desired,1.000000,1.000000,0.000000,0.000000
15.8759,state,0.430419,0.220427,0.361046,2.018529
15.8850,state,0.796873,0.356597,1.628384,2.349615
15.8956,desired,1.000000,1.000000,0.000000,0.000000
15.8959,state,0.911027,0.507186,3.349028,2.557072
15.9051,state,0.988349,0.667217,0.437413,2.697962
15.9063,state,0.994757,0.833635,0.194728,2.794886
15.9150,state,0.430419,0.220427,0.361046,2.018529
15.9253,desired,1.000000,1.000000,0.000000,0.000000
15.9255,state,0.796873,0.356597,1.628384,2.349615
15.9350,state,0.911027,0.507186,3.349028,2.557072
15.9450,state,0.988349,0.667217,0.437413,2.697962
15.9554,desired,1.000000,1.000000,0.000000,0.000000
15.9556,state,0.994757,0.833635,0.194728,2.794886
15.9650,state,0.430419,0.220427,0.361046,2.018529
15.9750,state,0.796873,0.356597,1.628384,2.349615
15.9854,desired,1.000000,1.000000,0.000000,0.000000
15.9856,state,0.911027,0.507186,3.349028,2.557072
15.9951,state,0.988349,0.667217,0.437413,2.697962
16.0057,desired,1.000000,1.000000,0.000000,0.000000
16.0061,state,0.994757,0.833635,0.194728,2.794886
16.0072,state,0.995288,1.004327,0.174627,2.860269
16.0075,state,0.995331,1.120835,0.172968,1.338306
16.0150,state,0.911027,0.507186,3.349028,2.557072
16.0250,state,0.988349,0.667217,0.437413,2.697962
16.0350,state,0.994757,0.833635,0.194728,2.794886
16.0357,desired,1.000000,1.000000,0.000000,0.000000
16.0450,state,0.995288,1.004327,0.174627,2.860269
16.0550,state,0.995331,1.120835,0.172968,1.338306
16.0655,desired,1.000000,1.000000,0.000000,0.000000
16.0658,state,0.911027,0.507186,3.349028,2.557072
16.0751,state,0.988349,0.667217,0.437413,2.697962
16.0850,state,0.994757,0.833635,0.194728,2.794886
16.0957,desired,1.000000,1.000000,0.000000,0.000000
16.0960,state,0.995288,1.004327,0.174627,2.860269
16.1052,state,0.995331,1.120835,0.172968,1.338306
16.1072,state,0.995335,1.139817,0.172828,-0.048337
16.1086,state,0.995335,1.091458,0.172819,-1.089688
16.1150,state,0.994757,0.833635,0.194728,2.794886
16.1250,state,0.995288,1.004327,0.174627,2.860269
16.1256,desired,1.000000,1.000000,0.000000,0.000000
16.1350,state,0.995331,1.120835,0.172968,1.338306
16.1450,state,0.995335,1.139817,0.172828,-0.048337
16.1551,state,0.995335,1.091458,0.172819,-1.089688
16.1556,desired,1.000000,1.000000,0.000000,0.000000
16.1650,state,0.994757,0.833635,0.194728,2.794886
16.1757,desired,1.000000,1.000000,0.000000,0.000000
16.1760,state,0.995288,1.004327,0.174627,2.860269
16.1850,state,0.995331,1.120835,0.172968,1.338306
16.1951,state,0.995335,1.139817,0.172828,-0.048337
16.1958,desired,1.000000,1.000000,0.000000,0.000000
16.2052,state,0.995335,1.091458,0.172819,-1.089688
16.2072,state,0.995335,1.030693,0.172819,-0.668342
16.2151,state,0.995288,1.004327,0.174627,2.860269
16.2250,state,0.995331,1.120835,0.172968,1.338306
16.2257,desired,1.000000,1.000000,0.000000,0.000000
16.2352,state,0.995335,1.139817,0.172828,-0.048337
16.2450,state,0.995335,1.091458,0.172819,-1.089688
16.2554,desired,1.000000,1.000000,0.000000,0.000000
16.2557,state,0.995335,1.030693,0.172819,-0.668342
16.2650,state,0.995288,1.004327,0.174627,2.860269
16.2750,state,0.995331,1.120835,0.172968,1.338306
16.2854,desired,1.000000,1.000000,0.000000,0.000000
16.2857,state,0.995335,1.139817,0.172828,-0.048337
16.2950,state,0.995335,1.091458,0.172819,-1.089688
16.3051,state,0.995335,1.030693,0.172819,-0.668342
16.3073,state,0.995335,1.020799,0.172819,-0.025416
16.3094,state,0.995335,1.017309,0.172819,-0.018850
16.3157,desired,1.000000,1.000000,0.000000,0.000000
16.3160,state,0.995335,1.139817,0.172828,-0.048337
16.3250,state,0.995335,1.091458,0.172819,-1.089688
16.3351,state,0.995335,1.030693,0.172819,-0.668342
16.3454,desired,1.000000,1.000000,0.000000,0.000000
16.3457,state,0.995335,1.020799,0.172819,-0.025416
16.3550,state,0.995335,1.017309,0.172819,-0.018850
16.3650,state,0.995335,1.139817,0.172828,-0.048337
16.3755,desired,1.000000,1.000000,0.000000,0.000000
16.3757,state,0.995335,1.091458,0.172819,-1.089688
16.3850,state,0.995335,1.030693,0.172819,-0.668342
16.3950,state,0.995335,1.020799,0.172819,-0.025416
16.4058,desired,1.000000,1.000000,0.000000,0.000000
16.4061,state,0.995335,1.017309,0.172819,-0.018850
16.4072,state,0.995335,1.014133,0.172819,-0.014326
16.4090,state,0.995335,1.011204,0.172819,-0.010763
16.4150,state,0.995335,1.030693,0.172819,-0.668342
16.4250,state,0.995335,1.020799,0.172819,-0.025416
16.4355,desired,1.000000,1.000000,0.000000,0.000000
16.4357,state,0.995335,1.017309,0.172819,-0.018850
16.4450,state,0.995335,1.014133,0.172819,-0.014326
16.4551,state,0.995335,1.011204,0.172819,-0.010763
16.4651,state,0.995335,1.030693,0.172819,-0.668342
16.4656,desired,1.000000,1.000000,0.000000,0.000000
16.4750,state,0.995335,1.020799,0.172819,-0.025416
16.4856,desired,1.000000,1.000000,0.000000,0.000000
16.4860,state,0.995335,1.017309,0.172819,-0.018850
16.4950,state,0.995335,1.014133,0.172819,-0.014326
16.5052,state,0.995335,1.011204,0.172819,-0.010763
16.5077,state,0.995335,1.008470,0.172819,-0.007958
16.5151,state,0.995335,1.020799,0.172819,-0.025416
16.5157,desired,1.000000,1.000000,0.000000,0.000000
16.5251,state,0.995335,1.017309,0.172819,-0.018850
16.5351,state,0.995335,1.014133,0.172819,-0.014326
16.5454,desired,1.000000,1.000000,0.000000,0.000000
16.5456,state,0.995335,1.011204,0.172819,-0.010763
16.5551,state,0.995335,1.008470,0.172819,-0.007958
16.5650,state,0.995335,1.020799,0.172819,-0.025416
16.5751,state,0.995335,1.017309,0.172819,-0.018850
16.5759,desired,1.000000,1.000000,0.000000,0.000000
16.5850,state,0.995335,1.014133,0.172819,-0.014326
16.5951,state,0.995335,1.011204,0.172819,-0.010763
16.6052,state,0.995335,1.008470,0.172819,-0.007958
16.6061,desired,1.000000,1.000000,0.000000,0.000000
16.6066,state,0.995335,1.005889,0.172819,-0.005760
16.6073,state,0.995335,1.003428,0.172819,-0.004053
16.6151,state,0.995335,1.014133,0.172819,-0.014326
16.6250,state,0.995335,1.011204,0.172819,-0.010763
16.6350,state,0.995335,1.008470,0.172819,-0.007958
16.6355,desired,1.000000,1.000000,0.000000,0.000000
16.6450,state,0.995335,1.005889,0.172819,-0.005760
16.6550,state,0.995335,1.003428,0.172819,-0.004053
16.6651,state,0.995335,1.014133,0.172819,-0.014326
16.6656,desired,1.000000,1.000000,0.000000,0.000000
16.6751,state,0.995335,1.011204,0.172819,-0.010763
16.6851,state,0.995335,1.008470,0.172819,-0.007958
16.6950,state,0.995335,1.005889,0.172819,-0.005760
16.6956,desired,1.000000,1.000000,0.000000,0.000000
16.7050,state,0.995335,1.003428,0.172819,-0.004053
16.7064,state,0.995335,1.001085,0.172819,-0.002063
16.7071,state,0.995335,0.998803,0.172819,-0.001738
16.7154,desired,1.000000,1.000000,0.000000,0.000000
16.7156,state,0.995335,1.008470,0.172819,-0.007958
16.7251,state,0.995335,1.005889,0.172819,-0.005760
16.7351,state,0.995335,1.003428,0.172819,-0.004053
16.7451,state,0.995335,1.001085,0.172819,-0.002063
16.7457,desired,1.000000,1.000000,0.000000,0.000000
16.7551,state,0.995335,0.998803,0.172819,-0.001738
16.7656,desired,1.000000,1.000000,0.000000,0.000000
16.7659,state,0.995335,1.008470,0.172819,-0.007958
16.7750,state,0.995335,1.005889,0.172819,-0.005760
16.7850,state,0.995335,1.003428,0.172819,-0.004053
16.7954,desired,1.000000,1.000000,0.000000,0.000000
16.7957,state,0.995335,1.001085,0.172819,-0.002063
16.8050,state,0.995335,0.998803,0.172819,-0.001738
16.8081,state,0.995335,0.996560,0.172819,-0.001065
16.8156,desired,1.000000,1.000000,0.000000,0.000000
16.8158,state,0.995335,1.005889,0.172819,-0.005760
16.8250,state,0.995335,1.003428,0.172819,-0.004053
16.8350,state,0.995335,1.001085,0.172819,-0.002063
16.8451,state,0.995335,0.998803,0.172819,-0.001738
16.8457,desired,1.000000,1.000000,0.000000,0.000000
16.8550,state,0.995335,0.996560,0.172819,-0.001065
16.8650,state,0.995335,1.005889,0.172819,-0.005760
16.8754,desired,1.000000,1.000000,0.000000,0.000000
16.8756,state,0.995335,1.003428,0.172819,-0.004053
16.8850,state,0.995335,1.001085,0.172819,-0.002063
16.8951,state,0.995335,0.998803,0.172819,-0.001738
16.9056,desired,1.000000,1.000000,0.000000,0.000000
16.9060,state,0.995335,0.996560,0.172819,-0.001065
16.9076,state,0.995335,0.994355,0.172819,-0.000581
16.9087,state,0.995335,0.992176,0.172819,-0.000273
16.9150,state,0.995335,1.001085,0.172819,-0.002063
16.9250,state,0.995335,0.998803,0.172819,-0.001738
16.9357,desired,1.000000,1.000000,0.000000,0.000000
16.9360,state,0.995335,0.996560,0.172819,-0.001065
16.9450,state,0.995335,0.994355,0.172819,-0.000581
16.9550,state,0.995335,0.992176,0.172819,-0.000273
16.9656,desired,1.000000,1.000000,0.000000,0.000000
16.9659,state,0.995335,1.001085,0.172819,-0.002063
16.9750,state,0.995335,0.998803,0.172819,-0.001738
16.9851,state,0.995335,0.996560,0.172819,-0.001065
16.9954,desired,1.000000,1.000000,0.000000,0.000000
16.9957,state,0.995335,0.994355,0.172819,-0.000581
17.0050,state,0.995335,0.992176,0.172819,-0.000273
17.0061,state,0.995335,0.990013,0.172819,-0.000100
17.0072,state,0.995335,0.987861,0.172819,-0.000023
17.0150,state,0.995335,0.996560,0.172819,-0.001065
17.0254,desired,1.000000,1.000000,0.000000,0.000000
17.0256,state,0.995335,0.994355,0.172819,-0.000581
17.0351,state,0.995335,0.992176,0.172819,-0.000273
17.0450,state,0.995335,0.990013,0.172819,-0.000100
17.0556,desired,1.000000,1.000000,0.000000,0.000000
17.0559,state,0.995335,0.987861,0.172819,-0.000023
17.0651,state,0.995335,0.996560,0.172819,-0.001065
17.0752,state,0.995335,0.994355,0.172819,-0.000581
17.0856,desired,1.000000,1.000000,0.000000,0.000000
17.0858,state,0.995335,0.992176,0.172819,-0.000273
17.0950,state,0.995335,0.990013,0.172819,-0.000100
17.1057,desired,1.000000,1.000000,0.000000,0.000000
17.1061,state,0.995335,0.987861,0.172819,-0.000023
17.1073,state,0.995335,0.985713,0.172819,-0.000001
17.1151,state,0.995335,0.994355,0.172819,-0.000581
17.1252,state,0.995335,0.992176,0.172819,-0.000273
17.1357,desired,1.000000,1.000000,0.000000,0.000000
17.1360,state,0.995335,0.990013,0.172819,-0.000100
17.1452,state,0.995335,0.987861,0.172819,-0.000023
17.1555,desired,1.000000,1.000000,0.000000,0.000000
17.1558,state,0.995335,0.985713,0.172819,-0.000001
17.1650,state,0.995335,0.994355,0.172819,-0.000581
17.1751,state,0.995335,0.992176,0.172819,-0.000273
17.1851,state,0.995335,0.990013,0.172819,-0.000100
17.1857,desired,1.000000,1.000000,0.000000,0.000000
17.1950,state,0.995335,0.987861,0.172819,-0.000023
17.2050,state,0.995335,0.985713,0.172819,-0.000001
17.2061,state,0.995335,0.983569,0.172819,-0.000000
17.2065,state,0.995335,0.981429,0.172819,0.000022
17.2150,state,0.995335,0.990013,0.172819,-0.000100
17.2157,desired,1.000000,1.000000,0.000000,0.000000
17.2250,state,0.995335,0.987861,0.172819,-0.000023
17.2350,state,0.995335,0.985713,0.172819,-0.000001
17.2454,desired,1.000000,1.000000,0.000000,0.000000
17.2458,state,0.995335,0.983569,0.172819,-0.000000
17.2551,state,0.995335,0.981429,0.172819,0.000022
17.2650,state,0.995335,0.990013,0.172819,-0.000100
17.2755,desired,1.000000,1.000000,0.000000,0.000000
17.2758,state,0.995335,0.987861,0.172819,-0.000023
17.2850,state,0.995335,0.985713,0.172819,-0.000001
17.2951,state,0.995335,0.983569,0.172819,-0.000000
17.3058,desired,1.000000,1.000000,0.000000,0.000000
17.3061,state,0.995335,0.981429,0.172819,0.000022
17.3072,state,0.995335,0.979295,0.172819,0.000102
17.3087,state,0.995335,0.977173,0.172819,0.000276
17.3151,state,0.995335,0.985713,0.172819,-0.000001
17.3251,state,0.995335,0.983569,0.172819,-0.000000
17.3355,desired,1.000000,1.000000,0.000000,0.000000
17.3358,state,0.995335,0.981429,0.172819,0.000022
17.3451,state,0.995335,0.979295,0.172819,0.000102
17.3551,state,0.995335,0.977173,0.172819,0.000276
17.3658,desired,1.000000,1.000000,0.000000,0.000000
17.3661,state,0.995335,0.985713,0.172819,-0.000001
17.3750,state,0.995335,0.983569,0.172819,-0.000000
17.3856,desired,1.000000,1.000000,0.000000,0.000000
17.3861,state,0.995335,0.981429,0.172819,0.000022
17.3950,state,0.995335,0.979295,0.172819,0.000102
17.4050,state,0.995335,0.977173,0.172819,0.000276
17.4067,state,0.995335,0.975070,0.172819,0.000576
17.4155,desired,1.000000,1.000000,0.000000,0.000000
17.4157,state,0.995335,0.983569,0.172819,-0.000000
17.4250,state,0.995335,0.981429,0.172819,0.000022
17.4350,state,0.995335,0.979295,0.172819,0.000102
17.4450,state,0.995335,0.977173,0.172819,0.000276
17.4458,desired,1.000000,1.000000,0.000000,0.000000
17.4551,state,0.995335,0.975070,0.172819,0.000576
17.4650,state,0.995335,0.983569,0.172819,-0.000000
17.4757,desired,1.000000,1.000000,0.000000,0.000000
17.4761,state,0.995335,0.981429,0.172819,0.000022
17.4850,state,0.995335,0.979295,0.172819,0.000102
17.4950,state,0.995335,0.977173,0.172819,0.000276
17.5057,desired,1.000000,1.000000,0.000000,0.000000
17.5061,state,0.995335,0.975070,0.172819,0.000576
17.5076,state,0.995335,0.972995,0.172819,0.001024
17.5089,state,0.995335,0.970958,0.172819,0.001643
17.5150,state,0.995335,0.979295,0.172819,0.000102
17.5250,state,0.995335,0.977173,0.172819,0.000276
17.5355,desired,1.000000,1.000000,0.000000,0.000000
17.5358,state,0.995335,0.975070,0.172819,0.000576
17.5451,state,0.995335,0.972995,0.172819,0.001024
17.5554,desired,1.000000,1.000000,0.000000,0.000000
17.5556,state,0.995335,0.970958,0.172819,0.001643
17.5650,state,0.995335,0.979295,0.172819,0.000102
17.5750,state,0.995335,0.977173,0.172819,0.000276
17.5856,desired,1.000000,1.000000,0.000000,0.000000
17.5859,state,0.995335,0.975070,0.172819,0.000576
17.5950,state,0.995335,0.972995,0.172819,0.001024
17.6056,desired,1.000000,1.000000,0.000000,0.000000
17.6057,state,0.995335,0.970958,0.172819,0.001643
17.6065,state,0.995335,0.968970,0.172819,0.002437
17.6076,state,0.995335,0.967042,0.172819,0.003406
17.6151,state,0.995335,0.975070,0.172819,0.000576
17.6250,state,0.995335,0.972995,0.172819,0.001024
17.6356,desired,1.000000,1.000000,0.000000,0.000000
17.6359,state,0.995335,0.970958,0.172819,0.001643
17.6450,state,0.995335,0.968970,0.172819,0.002437
17.6551,state,0.995335,0.967042,0.172819,0.003406
17.6650,state,0.995335,0.975070,0.172819,0.000576
17.6657,desired,1.000000,1.000000,0.000000,0.000000
17.6751,state,0.995335,0.972995,0.172819,0.001024
17.6850,state,0.995335,0.970958,0.172819,0.001643
17.6856,desired,1.000000,1.000000,0.000000,0.000000
17.6950,state,0.995335,0.968970,0.172819,0.002437
17.7050,state,0.995335,0.967042,0.172819,0.003406
17.7069,state,0.995335,0.965184,0.172819,0.004541
17.7154,desired,1.000000,1.000000,0.000000,0.000000
17.7156,state,0.995335,0.972995,0.172819,0.001024
17.7251,state,0.995335,0.970958,0.172819,0.001643
17.7350,state,0.995335,0.968970,0.172819,0.002437
17.7456,desired,1.000000,1.000000,0.000000,0.000000
17.7459,state,0.995335,0.967042,0.172819,0.003406
17.7550,state,0.995335,0.965184,0.172819,0.004541
17.7651,state,0.995335,0.972995,0.172819,0.001024
17.7750,state,0.995335,0.970958,0.172819,0.001643
17.7756,desired,1.000000,1.000000,0.000000,0.000000
17.7850,state,0.995335,0.968970,0.172819,0.002437
17.7950,state,0.995335,0.967042,0.172819,0.003406
17.8050,state,0.995335,0.965184,0.172819,0.004541
17.8056,desired,1.000000,1.000000,0.000000,0.000000
17.8062,state,0.995335,0.963406,0.172819,0.005822
17.8063,state,0.995335,0.961716,0.172819,0.007226
17.8150,state,0.995335,0.968970,0.172819,0.002437
17.8250,state,0.995335,0.967042,0.172819,0.003406
17.8257,desired,1.000000,1.000000,0.000000,0.000000
17.8351,state,0.995335,0.965184,0.172819,0.004541
17.8457,desired,1.000000,1.000000,0.000000,0.000000
17.8460,state,0.995335,0.963406,0.172819,0.005822
17.8550,state,0.995335,0.961716,0.172819,0.007226
17.8651,state,0.995335,0.968970,0.172819,0.002437
17.8756,desired,1.000000,1.000000,0.000000,0.000000
17.8759,state,0.995335,0.967042,0.172819,0.003406
17.8852,state,0.995335,0.965184,0.172819,0.004541
17.8951,state,0.995335,0.963406,0.172819,0.005822
17.9056,desired,1.000000,1.000000,0.000000,0.000000
17.9059,state,0.995335,0.961716,0.172819,0.007226
17.9071,state,0.995335,0.960120,0.172819,0.008720
17.9080,state,0.995335,0.958623,0.172819,0.010278
17.9151,state,0.995335,0.965184,0.172819,0.004541
17.9250,state,0.995335,0.963406,0.172819,0.005822
17.9357,desired,1.000000,1.000000,0.000000,0.000000
17.9360,state,0.995335,0.961716,0.172819,0.007226
17.9450,state,0.995335,0.960120,0.172819,0.008720
17.9550,state,0.995335,0.958623,0.172819,0.010278
17.9654,desired,1.000000,1.000000,0.000000,0.000000
17.9657,state,0.995335,0.965184,0.172819,0.004541
17.9751,state,0.995335,0.963406,0.172819,0.005822
17.9850,state,0.995335,0.961716,0.172819,0.007226
17.9951,state,0.995335,0.960120,0.172819,0.008720
17.9956,desired,1.000000,1.000000,0.000000,0.000000
18.0051,state,0.995335,0.958623,0.172819,0.010278
18.0080,state,0.995335,0.957227,0.172819,0.011866
18.0150,state,0.995335,0.963406,0.172819,0.005822
18.0250,state,0.995335,0.961716,0.172819,0.007226
18.0256,desired,1.000000,1.000000,0.000000,0.000000
18.0351,state,0.995335,0.960120,0.172819,0.008720
18.0456,desired,1.000000,1.000000,0.000000,0.000000
18.0459,state,0.995335,0.958623,0.172819,0.010278
18.0550,state,0.995335,0.957227,0.172819,0.011866
18.0650,state,0.995335,0.963406,0.172819,0.005822
18.0755,desired,1.000000,1.000000,0.000000,0.000000
18.0757,state,0.995335,0.961716,0.172819,0.007226
18.0850,state,0.995335,0.960120,0.172819,0.008720
18.0950,state,0.995335,0.958623,0.172819,0.010278
18.1056,desired,1.000000,1.000000,0.000000,0.000000
18.1060,state,0.995335,0.957227,0.172819,0.011866
18.1067,state,0.995335,0.955932,0.172819,0.013457
18.1077,state,0.995335,0.954738,0.172819,0.015026
18.1151,state,0.995335,0.960120,0.172819,0.008720
18.1251,state,0.995335,0.958623,0.172819,0.010278
18.1259,desired,1.000000,1.000000,0.000000,0.000000
18.1351,state,0.995335,0.957227,0.172819,0.011866
18.1450,state,0.995335,0.955932,0.172819,0.013457
18.1554,desired,0.840007,0.840007,-8.000000,-8.000000
18.1556,state,0.995335,0.954738,0.172819,0.015026
18.1650,state,0.995335,0.960120,0.172819,0.008720
18.1754,desired,0.679841,0.679841,-8.000000,-8.000000
18.1756,state,0.995335,0.958623,0.172819,0.010278
18.1850,state,0.995335,0.957227,0.172819,0.011866
18.1951,state,0.995335,0.955932,0.172819,0.013457
18.2057,desired,0.439835,0.439835,-8.000000,-8.000000
18.2060,state,0.995335,0.954738,0.172819,0.015026
18.2071,state,0.995335,0.953642,0.172819,0.016551
18.2086,state,0.995335,0.952641,0.172819,0.018016
18.2150,state,0.995335,0.957227,0.172819,0.011866
18.2251,state,0.995335,0.955932,0.172819,0.013457
18.2355,desired,0.200007,0.200007,-8.000000,-8.000000
18.2358,state,0.995335,0.954738,0.172819,0.015026
18.2451,state,0.995335,0.953642,0.172819,0.016551
18.2551,state,0.995335,0.952641,0.172819,0.018016
18.2651,state,0.995335,0.957227,0.172819,0.011866
18.2659,desired,-0.039994,-0.039994,-8.000000,-8.000000
18.2751,state,0.995335,0.955932,0.172819,0.013457
18.2851,state,0.995335,0.954738,0.172819,0.015026
18.2952,state,0.995335,0.953642,0.172819,0.016551
18.2958,desired,-0.279987,-0.279987,-8.000000,-8.000000
18.3050,state,0.995335,0.952641,0.172819,0.018016
18.3063,state,0.623048,0.915469,-3.904934,-1.108937
18.3151,state,0.995335,0.955932,0.172819,0.013457
18.3251,state,0.995335,0.954738,0.172819,0.015026
18.3256,desired,-0.519999,-0.519999,-8.000000,-8.000000
18.3352,state,0.995335,0.953642,0.172819,0.016551
18.3451,state,0.995335,0.952641,0.172819,0.018016
18.3551,state,0.623048,0.915469,-3.904934,-1.108937
18.3560,desired,-0.760002,-0.760002,-8.000000,-8.000000
18.3651,state,0.995335,0.955932,0.172819,0.013457
18.3757,desired,-0.920157,-0.920157,-8.000000,-8.000000
18.3761,state,0.995335,0.954738,0.172819,0.015026
18.3851,state,0.995335,0.953642,0.172819,0.016551
18.3952,state,0.995335,0.952641,0.172819,0.018016
18.4051,state,0.623048,0.915469,-3.904934,-1.108937
18.4059,desired,-1.000000,-1.000000,0.000000,0.000000
18.4069,state,0.525964,0.812034,-0.227802,-1.900952
18.4072,state,-0.176739,0.675279,-3.909676,-2.362220
18.4150,state,0.995335,0.953642,0.172819,0.016551
18.4250,state,0.995335,0.952641,0.172819,0.018016
18.4355,desired,-1.000000,-1.000000,0.000000,0.000000
18.4357,state,0.623048,0.915469,-3.904934,-1.108937
18.4451,state,0.525964,0.812034,-0.227802,-1.900952
18.4551,state,-0.176739,0.675279,-3.909676,-2.362220
18.4651,state,0.995335,0.953642,0.172819,0.016551
18.4660,desired,-1.000000,-1.000000,0.000000,0.000000
18.4751,state,0.995335,0.952641,0.172819,0.018016
18.4856,desired,-1.000000,-1.000000,0.000000,0.000000
18.4860,state,0.623048,0.915469,-3.904934,-1.108937
18.4951,state,0.525964,0.812034,-0.227802,-1.900952
18.5050,state,-0.176739,0.675279,-3.909676,-2.362220
18.5069,state,-0.531491,0.517242,-14.065687,-2.671932
18.5080,state,-0.955652,0.344629,-1.675843,-2.888774
18.5156,desired,-1.000000,-1.000000,0.000000,0.000000
18.5159,state,0.623048,0.915469,-3.904934,-1.108937
18.5250,state,0.525964,0.812034,-0.227802,-1.900952
18.5350,state,-0.176739,0.675279,-3.909676,-2.362220
18.5454,desired,-1.000000,-1.000000,0.000000,0.000000
18.5456,state,-0.531491,0.517242,-14.065687,-2.671932
18.5551,state,-0.955652,0.344629,-1.675843,-2.888774
18.5651,state,0.623048,0.915469,-3.904934,-1.108937
18.5751,state,0.525964,0.812034,-0.227802,-1.900952
18.5758,desired,-1.000000,-1.000000,0.000000,0.000000
18.5851,state,-0.176739,0.675279,-3.909676,-2.362220
18.5951,state,-0.531491,0.517242,-14.065687,-2.671932
18.6056,desired,-1.000000,-1.000000,0.000000,0.000000
18.6060,state,-0.955652,0.344629,-1.675843,-2.888774
18.6072,state,-0.992049,0.162027,-0.297278,-3.038901
18.6150,state,0.525964,0.812034,-0.227802,-1.900952
18.6250,state,-0.176739,0.675279,-3.909676,-2.362220
18.6356,desired,-1.000000,-1.000000,0.000000,0.000000
18.6359,state,-0.531491,0.517242,-14.065687,-2.671932
18.6451,state,-0.955652,0.344629,-1.675843,-2.888774
18.6551,state,-0.992049,0.162027,-0.297278,-3.038901
18.6655,desired,-1.000000,-1.000000,0.000000,0.000000
18.6658,state,0.525964,0.812034,-0.227802,-1.900952
18.6750,state,-0.176739,0.675279,-3.909676,-2.362220
18.6850,state,-0.531491,0.517242,-14.065687,-2.671932
18.6954,desired,-1.000000,-1.000000,0.000000,0.000000
18.6957,state,-0.955652,0.344629,-1.675843,-2.888774
18.7052,state,-0.992049,0.162027,-0.297278,-3.038901
18.7072,state,-0.995063,-0.027103,-0.183122,-3.137536
18.7083,state,-0.995313,-0.220058,-0.173670,-3.195629
18.7150,state,-0.531491,0.517242,-14.065687,-2.671932
18.7251,state,-0.955652,0.344629,-1.675843,-2.888774
18.7259,desired,-1.000000,-1.000000,0.000000,0.000000
18.7350,state,-0.992049,0.162027,-0.297278,-3.038901
18.7452,state,-0.995063,-0.027103,-0.183122,-3.137536
18.7460,desired,-1.000000,-1.000000,0.000000,0.000000
18.7550,state,-0.995313,-0.220058,-0.173670,-3.195629
18.7651,state,-0.531491,0.517242,-14.065687,-2.671932
18.7753,desired,-1.000000,-1.000000,0.000000,0.000000
18.7756,state,-0.955652,0.344629,-1.675843,-2.888774
18.7851,state,-0.992049,0.162027,-0.297278,-3.038901
18.7950,state,-0.995063,-0.027103,-0.183122,-3.137536
18.8051,state,-0.995313,-0.220058,-0.173670,-3.195629
18.8056,desired,-1.000000,-1.000000,0.000000,0.000000
18.8064,state,-0.995334,-0.414745,-0.172884,-3.222164
18.8080,state,-0.995335,-0.609590,-0.172819,-3.224964
18.8151,state,-0.992049,0.162027,-0.297278,-3.038901
18.8250,state,-0.995063,-0.027103,-0.183122,-3.137536
18.8351,state,-0.995313,-0.220058,-0.173670,-3.195629
18.8360,desired,-1.000000,-1.000000,0.000000,0.000000
18.8450,state,-0.995334,-0.414745,-0.172884,-3.222164
18.8551,state,-0.995335,-0.609590,-0.172819,-3.224964
18.8653,desired,-1.000000,-1.000000,0.000000,0.000000
18.8656,state,-0.992049,0.162027,-0.297278,-3.038901
18.8751,state,-0.995063,-0.027103,-0.183122,-3.137536
18.8853,desired,-1.000000,-1.000000,0.000000,0.000000
18.8856,state,-0.995313,-0.220058,-0.173670,-3.195629
18.8951,state,-0.995334,-0.414745,-0.172884,-3.222164
18.9051,state,-0.995335,-0.609590,-0.172819,-3.224964
18.9073,state,-0.995335,-0.803478,-0.172819,-3.210939
18.9153,desired,-1.000000,-1.000000,0.000000,0.000000
18.9156,state,-0.995063,-0.027103,-0.183122,-3.137536
18.9251,state,-0.995313,-0.220058,-0.173670,-3.195629
18.9350,state,-0.995334,-0.414745,-0.172884,-3.222164
18.9451,state,-0.995335,-0.609590,-0.172819,-3.224964
18.9458,desired,-1.000000,-1.000000,0.000000,0.000000
18.9550,state,-0.995335,-0.803478,-0.172819,-3.210939
18.9650,state,-0.995063,-0.027103,-0.183122,-3.137536
18.9756,desired,-1.000000,-1.000000,0.000000,0.000000
18.9759,state,-0.995313,-0.220058,-0.173670,-3.195629
18.9850,state,-0.995334,-0.414745,-0.172884,-3.222164
18.9952,state,-0.995335,-0.609590,-0.172819,-3.224964
19.0052,desired,-1.000000,-1.000000,0.000000,0.000000
19.0054,state,-0.995335,-0.803478,-0.172819,-3.210939
19.0073,state,-0.995335,-0.995700,-0.172819,-3.186179
19.0076,state,-0.995335,-1.143374,-0.172819,-1.880746
19.0151,state,-0.995334,-0.414745,-0.172884,-3.222164
19.0250,state,-0.995335,-0.609590,-0.172819,-3.224964
19.0350,state,-0.995335,-0.803478,-0.172819,-3.210939
19.0360,desired,-1.000000,-1.000000,0.000000,0.000000
19.0450,state,-0.995335,-0.995700,-0.172819,-3.186179
19.0550,state,-0.995335,-1.143374,-0.172819,-1.880746
19.0651,state,-0.995334,-0.414745,-0.172884,-3.222164
19.0659,desired,-1.000000,-1.000000,0.000000,0.000000
19.0750,state,-0.995335,-0.609590,-0.172819,-3.224964
19.0851,state,-0.995335,-0.803478,-0.172819,-3.210939
19.0953,desired,-1.000000,-1.000000,0.000000,0.000000
19.0955,state,-0.995335,-0.995700,-0.172819,-3.186179
19.1051,state,-0.995335,-1.143374,-0.172819,-1.880746
19.1081,state,-0.995335,-1.192832,-0.172819,-0.361743
19.1092,state,-0.995335,-1.165312,-0.172819,0.740859
19.1150,state,-0.995335,-0.803478,-0.172819,-3.210939
19.1251,state,-0.995335,-0.995700,-0.172819,-3.186179
19.1258,desired,-1.000000,-1.000000,0.000000,0.000000
19.1350,state,-0.995335,-1.143374,-0.172819,-1.880746
19.1451,state,-0.995335,-1.192832,-0.172819,-0.361743
19.1553,desired,-1.000000,-1.000000,0.000000,0.000000
19.1556,state,-0.995335,-1.165312,-0.172819,0.740859
19.1651,state,-0.995335,-0.803478,-0.172819,-3.210939
19.1754,desired,-1.000000,-1.000000,0.000000,0.000000
19.1758,state,-0.995335,-0.995700,-0.172819,-3.186179
19.1850,state,-0.995335,-1.143374,-0.172819,-1.880746
19.1950,state,-0.995335,-1.192832,-0.172819,-0.361743
19.2050,state,-0.995335,-1.165312,-0.172819,0.740859
19.2055,desired,-1.000000,-1.000000,0.000000,0.000000
19.2065,state,-0.995335,-1.086544,-0.172819,1.468685
19.2150,state,-0.995335,-0.995700,-0.172819,-3.186179
19.2250,state,-0.995335,-1.143374,-0.172819,-1.880746
19.2350,state,-0.995335,-1.192832,-0.172819,-0.361743
19.2355,desired,-1.000000,-1.000000,0.000000,0.000000
19.2450,state,-0.995335,-1.165312,-0.172819,0.740859
19.2552,desired,-1.000000,-1.000000,0.000000,0.000000
19.2554,state,-0.995335,-1.086544,-0.172819,1.468685
19.2650,state,-0.995335,-0.995700,-0.172819,-3.186179
19.2750,state,-0.995335,-1.143374,-0.172819,-1.880746
19.2853,desired,-1.000000,-1.000000,0.000000,0.000000
19.2855,state,-0.995335,-1.192832,-0.172819,-0.361743
19.2951,state,-0.995335,-1.165312,-0.172819,0.740859
19.3051,state,-0.995335,-1.086544,-0.172819,1.468685
19.3064,state,-0.995335,-1.024601,-0.172819,0.555775
19.3068,state,-0.995335,-1.023075,-0.172819,-0.158239
19.3153,desired,-1.000000,-1.000000,0.000000,0.000000
19.3155,state,-0.995335,-1.192832,-0.172819,-0.361743
19.3250,state,-0.995335,-1.165312,-0.172819,0.740859
19.3350,state,-0.995335,-1.086544,-0.172819,1.468685
19.3450,state,-0.995335,-1.024601,-0.172819,0.555775
19.3455,desired,-1.000000,-1.000000,0.000000,0.000000
19.3550,state,-0.995335,-1.023075,-0.172819,-0.158239
19.3650,state,-0.995335,-1.192832,-0.172819,-0.361743
19.3753,desired,-1.000000,-1.000000,0.000000,0.000000
19.3755,state,-0.995335,-1.165312,-0.172819,0.740859
19.3850,state,-0.995335,-1.086544,-0.172819,1.468685
19.3950,state,-0.995335,-1.024601,-0.172819,0.555775
19.4053,desired,-1.000000,-1.000000,0.000000,0.000000
19.4055,state,-0.995335,-1.023075,-0.172819,-0.158239
19.4070,state,-0.995335,-1.034563,-0.172819,-0.194490
19.4077,state,-0.995335,-1.033513,-0.172819,0.021003
19.4151,state,-0.995335,-1.086544,-0.172819,1.468685
19.4250,state,-0.995335,-1.024601,-0.172819,0.555775
19.4355,desired,-1.000000,-1.000000,0.000000,0.000000
19.4357,state,-0.995335,-1.023075,-0.172819,-0.158239
19.4450,state,-0.995335,-1.034563,-0.172819,-0.194490
19.4550,state,-0.995335,-1.033513,-0.172819,0.021003
19.4656,desired,-1.000000,-1.000000,0.000000,0.000000
19.4660,state,-0.995335,-1.086544,-0.172819,1.468685
19.4750,state,-0.995335,-1.024601,-0.172819,0.555775
19.4851,state,-0.995335,-1.023075,-0.172819,-0.158239
19.4953,desired,-1.000000,-1.000000,0.000000,0.000000
19.4957,state,-0.995335,-1.034563,-0.172819,-0.194490
19.5051,state,-0.995335,-1.033513,-0.172819,0.021003
19.5087,state,-0.995335,-1.030183,-0.172819,0.016281
19.5150,state,-0.995335,-1.024601,-0.172819,0.555775
19.5251,state,-0.995335,-1.023075,-0.172819,-0.158239
19.5259,desired,-1.000000,-1.000000,0.000000,0.000000
19.5350,state,-0.995335,-1.034563,-0.172819,-0.194490
19.5451,state,-0.995335,-1.033513,-0.172819,0.021003
19.5557,desired,-1.000000,-1.000000,0.000000,0.000000
19.5561,state,-0.995335,-1.030183,-0.172819,0.016281
19.5650,state,-0.995335,-1.024601,-0.172819,0.555775
19.5751,state,-0.995335,-1.023075,-0.172819,-0.158239
19.5850,state,-0.995335,-1.034563,-0.172819,-0.194490
19.5857,desired,-1.000000,-1.000000,0.000000,0.000000
19.5951,state,-0.995335,-1.033513,-0.172819,0.021003
19.6050,state,-0.995335,-1.030183,-0.172819,0.016281
19.6066,state,-0.995335,-1.027128,-0.172819,0.012281
19.6069,state,-0.995335,-1.024292,-0.172819,0.009134
19.6156,desired,-1.000000,-1.000000,0.000000,0.000000
19.6159,state,-0.995335,-1.034563,-0.172819,-0.194490
19.6250,state,-0.995335,-1.033513,-0.172819,0.021003
19.6351,state,-0.995335,-1.030183,-0.172819,0.016281
19.6453,desired,-1.000000,-1.000000,0.000000,0.000000
19.6456,state,-0.995335,-1.027128,-0.172819,0.012281
19.6550,state,-0.995335,-1.024292,-0.172819,0.009134
19.6650,state,-0.995335,-1.034563,-0.172819,-0.194490
19.6753,desired,-1.000000,-1.000000,0.000000,0.000000
19.6756,state,-0.995335,-1.033513,-0.172819,0.021003
19.6850,state,-0.995335,-1.030183,-0.172819,0.016281
19.6950,state,-0.995335,-1.027128,-0.172819,0.012281
19.7053,desired,-1.000000,-1.000000,0.000000,0.000000
19.7056,state,-0.995335,-1.024292,-0.172819,0.009134
19.7064,state,-0.995335,-1.021628,-0.172819,0.006663
19.7075,state,-0.995335,-1.019099,-0.172819,0.004740
19.7151,state,-0.995335,-1.030183,-0.172819,0.016281
19.7250,state,-0.995335,-1.027128,-0.172819,0.012281
19.7358,desired,-1.000000,-1.000000,0.000000,0.000000
19.7363,state,-0.995335,-1.024292,-0.172819,0.009134
19.7450,state,-0.995335,-1.021628,-0.172819,0.006663
19.7550,state,-0.995335,-1.019099,-0.172819,0.004740
19.7653,desired,-1.000000,-1.000000,0.000000,0.000000
19.7655,state,-0.995335,-1.030183,-0.172819,0.016281
19.7750,state,-0.995335,-1.027128,-0.172819,0.012281
19.7850,state,-0.995335,-1.024292,-0.172819,0.009134
19.7950,state,-0.995335,-1.021628,-0.172819,0.006663
19.7955,desired,-1.000000,-1.000000,0.000000,0.000000
19.8050,state,-0.995335,-1.019099,-0.172819,0.004740
19.8076,state,-0.995335,-1.016675,-0.172819,0.003258
19.8150,state,-0.995335,-1.027128,-0.172819,0.012281
19.8250,state,-0.995335,-1.024292,-0.172819,0.009134
19.8255,desired,-1.000000,-1.000000,0.000000,0.000000
19.8350,state,-0.995335,-1.021628,-0.172819,0.006663
19.8453,desired,-1.000000,-1.000000,0.000000,0.000000
19.8455,state,-0.995335,-1.019099,-0.172819,0.004740
19.8550,state,-0.995335,-1.016675,-0.172819,0.003258
19.8651,state,-0.995335,-1.027128,-0.172819,0.012281
19.8750,state,-0.995335,-1.024292,-0.172819,0.009134
19.8755,desired,-1.000000,-1.000000,0.000000,0.000000
19.8850,state,-0.995335,-1.021628,-0.172819,0.006663
19.8954,desired,-1.000000,-1.000000,0.000000,0.000000
19.8956,state,-0.995335,-1.019099,-0.172819,0.004740
19.9050,state,-0.995335,-1.016675,-0.172819,0.003258
19.9063,state,-0.995335,-1.014332,-0.172819,0.002142
19.9077,state,-0.995335,-1.012050,-0.172819,0.001326
19.9151,state,-0.995335,-1.021628,-0.172819,0.006663
19.9250,state,-0.995335,-1.019099,-0.172819,0.004740
19.9257,desired,-1.000000,-1.000000,0.000000,0.000000
19.9359,state,-0.995335,-1.016675,-0.172819,0.003258
19.9450,state,-0.995335,-1.014332,-0.172819,0.002142
19.9550,state,-0.995335,-1.012050,-0.172819,0.001326
19.9555,desired,-1.000000,-1.000000,0.000000,0.000000
19.9650,state,-0.995335,-1.021628,-0.172819,0.006663
19.9750,state,-0.995335,-1.019099,-0.172819,0.004740
19.9854,desired,-1.000000,-1.000000,0.000000,0.000000
19.9857,state,-0.995335,-1.016675,-0.172819,0.003258
19.9950,state,-0.995335,-1.014332,-0.172819,0.002142
20.0050,state,-0.995335,-1.012050,-0.172819,0.001326
20.0074,state,-0.995335,-1.009811,-0.172819,0.000753
20.0089,state,-0.995335,-1.007603,-0.172819,0.000375
20.0154,desired,-1.000000,-1.000000,0.000000,0.000000
20.0156,state,-0.995335,-1.016675,-0.172819,0.003258
20.0250,state,-0.995335,-1.014332,-0.172819,0.002142
20.0350,state,-0.995335,-1.012050,-0.172819,0.001326
20.0450,state,-0.995335,-1.009811,-0.172819,0.000753
20.0457,desired,-1.000000,-1.000000,0.000000,0.000000
20.0550,state,-0.995335,-1.007603,-0.172819,0.000375
20.0656,desired,-1.000000,-1.000000,0.000000,0.000000
20.0659,state,-0.995335,-1.016675,-0.172819,0.003258
20.0751,state,-0.995335,-1.014332,-0.172819,0.002142
20.0851,state,-0.995335,-1.012050,-0.172819,0.001326
20.0951,state,-0.995335,-1.009811,-0.172819,0.000753
20.0959,desired,-1.000000,-1.000000,0.000000,0.000000
20.1052,state,-0.995335,-1.007603,-0.172819,0.000375
20.1072,state,-0.995335,-1.005415,-0.172819,0.000150
20.1151,state,-0.995335,-1.014332,-0.172819,0.002142
20.1250,state,-0.995335,-1.012050,-0.172819,0.001326
20.1259,desired,-1.000000,-1.000000,0.000000,0.000000
20.1350,state,-0.995335,-1.009811,-0.172819,0.000753
20.1450,state,-0.995335,-1.007603,-0.172819,0.000375
20.1551,state,-0.995335,-1.005415,-0.172819,0.000150
20.1559,desired,-1.000000,-1.000000,0.000000,0.000000
20.1650,state,-0.995335,-1.014332,-0.172819,0.002142
20.1751,state,-0.995335,-1.012050,-0.172819,0.001326
20.1759,desired,-1.000000,-1.000000,0.000000,0.000000
20.1850,state,-0.995335,-1.009811,-0.172819,0.000753
20.1951,state,-0.995335,-1.007603,-0.172819,0.000375
20.2056,desired,-1.000000,-1.000000,0.000000,0.000000
20.2059,state,-0.995335,-1.005415,-0.172819,0.000150
20.2070,state,-0.995335,-1.003239,-0.172819,0.000045
20.2072,state,-0.995335,-1.001070,-0.172819,0.000005
20.2151,state,-0.995335,-1.009811,-0.172819,0.000753
20.2251,state,-0.995335,-1.007603,-0.172819,0.000375
20.2351,state,-0.995335,-1.005415,-0.172819,0.000150
20.2358,desired,-1.000000,-1.000000,0.000000,0.000000
20.2450,state,-0.995335,-1.003239,-0.172819,0.000045
20.2554,desired,-1.000000,-1.000000,0.000000,0.000000
20.2556,state,-0.995335,-1.001070,-0.172819,0.000005
20.2651,state,-0.995335,-1.009811,-0.172819,0.000753
20.2750,state,-0.995335,-1.007603,-0.172819,0.000375
20.2854,desired,-1.000000,-1.000000,0.000000,0.000000
20.2856,state,-0.995335,-1.005415,-0.172819,0.000150
20.2950,state,-0.995335,-1.003239,-0.172819,0.000045
20.3050,state,-0.995335,-1.001070,-0.172819,0.000005
20.3068,state,-0.995335,-0.998904,-0.172819,0.000001
20.3079,state,-0.995335,-0.996741,-0.172819,-0.000010
20.3156,desired,-1.000000,-1.000000,0.000000,0.000000
20.3159,state,-0.995335,-1.005415,-0.172819,0.000150
20.3250,state,-0.995335,-1.003239,-0.172819,0.000045
20.3351,state,-0.995335,-1.001070,-0.172819,0.000005
20.3451,state,-0.995335,-0.998904,-0.172819,0.000001
20.3457,desired,-1.000000,-1.000000,0.000000,0.000000
20.3550,state,-0.995335,-0.996741,-0.172819,-0.000010
20.3650,state,-0.995335,-1.005415,-0.172819,0.000150
20.3754,desired,-1.000000,-1.000000,0.000000,0.000000
20.3757,state,-0.995335,-1.003239,-0.172819,0.000045
20.3850,state,-0.995335,-1.001070,-0.172819,0.000005
20.3950,state,-0.995335,-0.998904,-0.172819,0.000001
20.4053,desired,-1.000000,-1.000000,0.000000,0.000000
20.4055,state,-0.995335,-0.996741,-0.172819,-0.000010
20.4081,state,-0.995335,-0.994584,-0.172819,-0.000067
20.4150,state,-0.995335,-1.003239,-0.172819,0.000045
20.4254,desired,-1.000000,-1.000000,0.000000,0.000000
20.4256,state,-0.995335,-1.001070,-0.172819,0.000005
20.4350,state,-0.995335,-0.998904,-0.172819,0.000001
20.4450,state,-0.995335,-0.996741,-0.172819,-0.000010
20.4554,desired,-1.000000,-1.000000,0.000000,0.000000
20.4556,state,-0.995335,-0.994584,-0.172819,-0.000067
20.4651,state,-0.995335,-1.003239,-0.172819,0.000045
20.4750,state,-0.995335,-1.001070,-0.172819,0.000005
20.4755,desired,-1.000000,-1.000000,0.000000,0.000000
20.4850,state,-0.995335,-0.998904,-0.172819,0.000001
20.4950,state,-0.995335,-0.996741,-0.172819,-0.000010
20.5053,desired,-1.000000,-1.000000,0.000000,0.000000
20.5055,state,-0.995335,-0.994584,-0.172819,-0.000067
20.5066,state,-0.995335,-0.992437,-0.172819,-0.000208
20.5081,state,-0.995335,-0.990307,-0.172819,-0.000465
20.5151,state,-0.995335,-0.998904,-0.172819,0.000001
20.5250,state,-0.995335,-0.996741,-0.172819,-0.000010
20.5350,state,-0.995335,-0.994584,-0.172819,-0.000067
20.5356,desired,-1.000000,-1.000000,0.000000,0.000000
20.5451,state,-0.995335,-0.992437,-0.172819,-0.000208
20.5550,state,-0.995335,-0.990307,-0.172819,-0.000465
20.5654,desired,-1.000000,-1.000000,0.000000,0.000000
20.5657,state,-0.995335,-0.998904,-0.172819,0.000001
20.5751,state,-0.995335,-0.996741,-0.172819,-0.000010
20.5850,state,-0.995335,-0.994584,-0.172819,-0.000067
20.5954,desired,-1.000000,-1.000000,0.000000,0.000000
20.5956,state,-0.995335,-0.992437,-0.172819,-0.000208
20.6051,state,-0.995335,-0.990307,-0.172819,-0.000465
20.6071,state,-0.995335,-0.988201,-0.172819,-0.000869
20.6087,state,-0.995335,-0.986130,-0.172819,-0.001440
20.6154,desired,-1.000000,-1.000000,0.000000,0.000000
20.6156,state,-0.995335,-0.994584,-0.172819,-0.000067
20.6250,state,-0.995335,-0.992437,-0.172819,-0.000208
20.6350,state,-0.995335,-0.990307,-0.172819,-0.000465
20.6454,desired,-1.000000,-1.000000,0.000000,0.000000
20.6456,state,-0.995335,-0.988201,-0.172819,-0.000869
20.6551,state,-0.995335,-0.986130,-0.172819,-0.001440
20.6650,state,-0.995335,-0.994584,-0.172819,-0.000067
20.6754,desired,-1.000000,-1.000000,0.000000,0.000000
20.6756,state,-0.995335,-0.992437,-0.172819,-0.000208
20.6850,state,-0.995335,-0.990307,-0.172819,-0.000465
20.6950,state,-0.995335,-0.988201,-0.172819,-0.000869
20.7053,desired,-1.000000,-1.000000,0.000000,0.000000
20.7056,state,-0.995335,-0.986130,-0.172819,-0.001440
20.7071,state,-0.995335,-0.984106,-0.172819,-0.002192
20.7151,state,-0.995335,-0.992437,-0.172819,-0.000208
20.7250,state,-0.995335,-0.990307,-0.172819,-0.000465
20.7355,desired,-1.000000,-1.000000,0.000000,0.000000
20.7357,state,-0.995335,-0.988201,-0.172819,-0.000869
20.7451,state,-0.995335,-0.986130,-0.172819,-0.001440
20.7551,state,-0.995335,-0.984106,-0.172819,-0.002192
20.7557,desired,-1.000000,-1.000000,0.000000,0.000000
20.7651,state,-0.995335,-0.992437,-0.172819,-0.000208
20.7751,state,-0.995335,-0.990307,-0.172819,-0.000465
20.7854,desired,-1.000000,-1.000000,0.000000,0.000000
20.7857,state,-0.995335,-0.988201,-0.172819,-0.000869
20.7950,state,-0.995335,-0.986130,-0.172819,-0.001440
20.8053,desired,-1.000000,-1.000000,0.000000,0.000000
20.8056,state,-0.995335,-0.984106,-0.172819,-0.002192
20.8075,state,-0.995335,-0.982139,-0.172819,-0.003122
20.8079,state,-0.995335,-0.980241,-0.172819,-0.004226
20.8151,state,-0.995335,-0.988201,-0.172819,-0.000869
20.8251,state,-0.995335,-0.986130,-0.172819,-0.001440
20.8350,state,-0.995335,-0.984106,-0.172819,-0.002192
20.8356,desired,-1.000000,-1.000000,0.000000,0.000000
20.8451,state,-0.995335,-0.982139,-0.172819,-0.003122
20.8551,state,-0.995335,-0.980241,-0.172819,-0.004226
20.8557,desired,-1.000000,-1.000000,0.000000,0.000000
20.8650,state,-0.995335,-0.988201,-0.172819,-0.000869
20.8756,desired,-1.000000,-1.000000,0.000000,0.000000
20.8760,state,-0.995335,-0.986130,-0.172819,-0.001440
20.8851,state,-0.995335,-0.984106,-0.172819,-0.002192
20.8951,state,-0.995335,-0.982139,-0.172819,-0.003122
20.9051,state,-0.995335,-0.980241,-0.172819,-0.004226
20.9058,desired,-0.997778,-0.997778,0.111111,0.111111
20.9063,state,-0.995335,-0.978420,-0.172819,-0.005486
20.9073,state,-0.995335,-0.976687,-0.172819,-0.006879
20.9150,state,-0.995335,-0.984106,-0.172819,-0.002192
20.9250,state,-0.995335,-0.982139,-0.172819,-0.003122
20.9255,desired,-0.995555,-0.995555,0.111111,0.111111
20.9351,state,-0.995335,-0.980241,-0.172819,-0.004226
20.9450,state,-0.995335,-0.978420,-0.172819,-0.005486
20.9550,state,-0.995335,-0.976687,-0.172819,-0.006879
20.9555,desired,-0.992222,-0.992222,0.111111,0.111111
20.9650,state,-0.995335,-0.984106,-0.172819,-0.002192
20.9751,state,-0.995335,-0.982139,-0.172819,-0.003122
20.9854,desired,-0.988887,-0.988887,0.111111,0.111111
20.9856,state,-0.995335,-0.980241,-0.172819,-0.004226
20.9950,state,-0.995335,-0.978420,-0.172819,-0.005486
21.0051,state,-0.995335,-0.976687,-0.172819,-0.006879
21.0072,state,-0.994474,-0.975047,-0.163390,-0.008374
21.0150,state,-0.995335,-0.982139,-0.172819,-0.003122
21.0155,desired,-0.985556,-0.985556,0.111111,0.111111
21.0250,state,-0.995335,-0.980241,-0.172819,-0.004226
21.0350,state,-0.995335,-0.978420,-0.172819,-0.005486
21.0454,desired,-0.982221,-0.982221,0.111111,0.111111
21.0456,state,-0.995335,-0.976687,-0.172819,-0.006879
21.0551,state,-0.994474,-0.975047,-0.163390,-0.008374
21.0650,state,-0.995335,-0.982139,-0.172819,-0.003122
21.0754,desired,-0.978887,-0.978887,0.111111,0.111111
21.0755,state,-0.995335,-0.980241,-0.172819,-0.004226
21.0851,state,-0.995335,-0.978420,-0.172819,-0.005486
21.0950,state,-0.995335,-0.976687,-0.172819,-0.006879
21.1051,state,-0.994474,-0.975047,-0.163390,-0.008374
21.1058,desired,-0.975556,-0.975556,0.111111,0.111111
21.1063,state,-0.994249,-0.973507,-0.171921,-0.009942
21.1074,state,-0.984224,-0.972069,-0.130799,-0.011549
21.1150,state,-0.995335,-0.978420,-0.172819,-0.005486
21.1250,state,-0.995335,-0.976687,-0.172819,-0.006879
21.1350,state,-0.994474,-0.975047,-0.163390,-0.008374
21.1355,desired,-0.972223,-0.972223,0.111111,0.111111
21.1450,state,-0.994249,-0.973507,-0.171921,-0.009942
21.1550,state,-0.984224,-0.972069,-0.130799,-0.011549
21.1653,desired,-0.968888,-0.968888,0.111111,0.111111
21.1655,state,-0.995335,-0.978420,-0.172819,-0.005486
21.1750,state,-0.995335,-0.976687,-0.172819,-0.006879
21.1850,state,-0.994474,-0.975047,-0.163390,-0.008374
21.1953,desired,-0.965556,-0.965556,0.111111,0.111111
21.1955,state,-0.994249,-0.973507,-0.171921,-0.009942
21.2050,state,-0.984224,-0.972069,-0.130799,-0.011549
21.2074,state,-0.977796,-0.965282,0.045346,0.263224
21.2089,state,-0.972549,-0.944398,-0.152204,0.236963
21.2150,state,-0.994474,-0.975047,-0.163390,-0.008374
21.2254,desired,-0.962223,-0.962223,0.111111,0.111111
21.2255,state,-0.994249,-0.973507,-0.171921,-0.009942
21.2350,state,-0.984224,-0.972069,-0.130799,-0.011549
21.2450,state,-0.977796,-0.965282,0.045346,0.263224
21.2550,state,-0.972549,-0.944398,-0.152204,0.236963
21.2555,desired,-0.958890,-0.958890,0.111111,0.111111
21.2650,state,-0.994474,-0.975047,-0.163390,-0.008374
21.2750,state,-0.994249,-0.973507,-0.171921,-0.009942
21.2850,state,-0.984224,-0.972069,-0.130799,-0.011549
21.2855,desired,-0.955556,-0.955556,0.111111,0.111111
21.2950,state,-0.977796,-0.965282,0.045346,0.263224
21.3050,state,-0.972549,-0.944398,-0.152204,0.236963
21.3066,state,-0.963494,-0.939768,-0.074317,-0.013808
21.3150,state,-0.994249,-0.973507,-0.171921,-0.009942
21.3155,desired,-0.952222,-0.952222,0.111111,0.111111
21.3250,state,-0.984224,-0.972069,-0.130799,-0.011549
21.3350,state,-0.977796,-0.965282,0.045346,0.263224
21.3454,desired,-0.948885,-0.948885,0.111111,0.111111
21.3455,state,-0.972549,-0.944398,-0.152204,0.236963
21.3550,state,-0.963494,-0.939768,-0.074317,-0.013808
21.3650,state,-0.994249,-0.973507,-0.171921,-0.009942
21.3753,desired,-0.945556,-0.945556,0.111111,0.111111
21.3755,state,-0.984224,-0.972069,-0.130799,-0.011549
21.3850,state,-0.977796,-0.965282,0.045346,0.263224
21.3953,desired,-0.943334,-0.943334,0.111111,0.111111
21.3955,state,-0.972549,-0.944398,-0.152204,0.236963
21.4050,state,-0.963494,-0.939768,-0.074317,-0.013808
21.4078,state,-0.961205,-0.938793,-0.161037,-0.018185
21.4081,state,-0.951010,-0.925030,-0.126352,0.238591
21.4151,state,-0.977796,-0.965282,0.045346,0.263224
21.4159,desired,-0.941109,-0.941109,0.111111,0.111111
21.4250,state,-0.972549,-0.944398,-0.152204,0.236963
21.4351,state,-0.963494,-0.939768,-0.074317,-0.013808
21.4451,state,-0.961205,-0.938793,-0.161037,-0.018185
21.4459,desired,-0.937779,-0.937779,0.111111,0.111111
21.4551,state,-0.951010,-0.925030,-0.126352,0.238591
21.4654,desired,-0.935556,-0.935556,0.111111,0.111111
21.4657,state,-0.977796,-0.965282,0.045346,0.263224
21.4751,state,-0.972549,-0.944398,-0.152204,0.236963
21.4854,desired,-0.933331,-0.933331,0.111111,0.111111
21.4856,state,-0.963494,-0.939768,-0.074317,-0.013808
21.4950,state,-0.961205,-0.938793,-0.161037,-0.018185
21.5051,state,-0.951010,-0.925030,-0.126352,0.238591
21.5069,state,-0.944569,-0.914645,0.049300,0.127117
21.5075,state,-0.939321,-0.910330,-0.148265,-0.020274
21.5154,desired,-0.930000,-0.930000,0.111111,0.111111
21.5156,state,-0.963494,-0.939768,-0.074317,-0.013808
21.5250,state,-0.961205,-0.938793,-0.161037,-0.018185
21.5350,state,-0.951010,-0.925030,-0.126352,0.238591
21.5450,state,-0.944569,-0.914645,0.049300,0.127117
21.5456,desired,-0.926666,-0.926666,0.111111,0.111111
21.5551,state,-0.939321,-0.910330,-0.148265,-0.020274
21.5650,state,-0.963494,-0.939768,-0.074317,-0.013808
21.5751,state,-0.961205,-0.938793,-0.161037,-0.018185
21.5760,desired,-0.923334,-0.923334,0.111111,0.111111
21.5851,state,-0.951010,-0.925030,-0.126352,0.238591
21.5951,state,-0.944569,-0.914645,0.049300,0.127117
21.5959,desired,-0.921109,-0.921109,0.111111,0.111111
21.6051,state,-0.939321,-0.910330,-0.148265,-0.020274
21.6077,state,-0.930268,-0.909463,-0.070359,-0.010751
21.6151,state,-0.961205,-0.938793,-0.161037,-0.018185
21.6157,desired,-0.918886,-0.918886,0.111111,0.111111
21.6250,state,-0.951010,-0.925030,-0.126352,0.238591
21.6350,state,-0.944569,-0.914645,0.049300,0.127117
21.6452,state,-0.939321,-0.910330,-0.148265,-0.020274
21.6458,desired,-0.915555,-0.915555,0.111111,0.111111
21.6550,state,-0.930268,-0.909463,-0.070359,-0.010751
21.6651,state,-0.961205,-0.938793,-0.161037,-0.018185
21.6750,state,-0.951010,-0.925030,-0.126352,0.238591
21.6756,desired,-0.912223,-0.912223,0.111111,0.111111
21.6851,state,-0.944569,-0.914645,0.049300,0.127117
21.6953,desired,-0.910001,-0.910001,0.111111,0.111111
21.6956,state,-0.939321,-0.910330,-0.148265,-0.020274
21.7050,state,-0.930268,-0.909463,-0.070359,-0.010751
21.7062,state,-0.927980,-0.908457,-0.157036,-0.018710
21.7067,state,-0.917784,-0.888744,-0.122300,0.326905
21.7151,state,-0.944569,-0.914645,0.049300,0.127117
21.7159,desired,-0.907778,-0.907778,0.111111,0.111111
21.7250,state,-0.939321,-0.910330,-0.148265,-0.020274
21.7351,state,-0.930268,-0.909463,-0.070359,-0.010751
21.7453,desired,-0.904445,-0.904445,0.111111,0.111111
21.7455,state,-0.927980,-0.908457,-0.157036,-0.018710
21.7550,state,-0.917784,-0.888744,-0.122300,0.326905
21.7650,state,-0.944569,-0.914645,0.049300,0.127117
21.7751,state,-0.939321,-0.910330,-0.148265,-0.020274
21.7759,desired,-0.901110,-0.901110,0.111111,0.111111
21.7850,state,-0.930268,-0.909463,-0.070359,-0.010751
21.7950,state,-0.927980,-0.908457,-0.157036,-0.018710
21.8057,desired,-0.897776,-0.897776,0.111111,0.111111
21.8060,state,-0.917784,-0.888744,-0.122300,0.326905
21.8072,state,-0.911344,-0.875578,0.053325,0.145576
21.8082,state,-0.906099,-0.872768,-0.144153,-0.026001
21.8150,state,-0.930268,-0.909463,-0.070359,-0.010751
21.8251,state,-0.927980,-0.908457,-0.157036,-0.018710
21.8350,state,-0.917784,-0.888744,-0.122300,0.326905
21.8356,desired,-0.894446,-0.894446,0.111111,0.111111
21.8451,state,-0.911344,-0.875578,0.053325,0.145576
21.8553,desired,-0.892223,-0.892223,0.111111,0.111111
21.8555,state,-0.906099,-0.872768,-0.144153,-0.026001
21.8650,state,-0.930268,-0.909463,-0.070359,-0.010751
21.8750,state,-0.927980,-0.908457,-0.157036,-0.018710
21.8850,state,-0.917784,-0.888744,-0.122300,0.326905
21.8855,desired,-0.888886,-0.888886,0.111111,0.111111
21.8950,state,-0.911344,-0.875578,0.053325,0.145576
21.9052,state,-0.906099,-0.872768,-0.144153,-0.026001
21.9075,state,-0.897047,-0.872467,-0.066215,-0.026863
21.9151,state,-0.927980,-0.908457,-0.157036,-0.018710
21.9158,desired,-0.885553,-0.885553,0.111111,0.111111
21.9251,state,-0.917784,-0.888744,-0.122300,0.326905
21.9351,state,-0.911344,-0.875578,0.053325,0.145576
21.9453,desired,-0.882223,-0.882223,0.111111,0.111111
21.9455,state,-0.906099,-0.872768,-0.144153,-0.026001
21.9551,state,-0.897047,-0.872467,-0.066215,-0.026863
21.9650,state,-0.927980,-0.908457,-0.157036,-0.018710
21.9751,state,-0.917784,-0.888744,-0.122300,0.326905
21.9757,desired,-0.878889,-0.878889,0.111111,0.111111
21.9850,state,-0.911344,-0.875578,0.053325,0.145576
21.9950,state,-0.906099,-0.872768,-0.144153,-0.026001
22.0056,desired,-0.875553,-0.875553,0.111111,0.111111
22.0059,state,-0.897047,-0.872467,-0.066215,-0.026863
22.0150,state,-0.927980,-0.908457,-0.157036,-0.018710
22.0168,state,-0.894759,-0.872198,-0.152847,-0.027360
22.0173,state,-0.884567,-0.853804,-0.118086,0.312556
22.0251,state,-0.906099,-0.872768,-0.144153,-0.026001
22.0350,state,-0.897047,-0.872467,-0.066215,-0.026863
22.0357,desired,-0.872223,-0.872223,0.111111,0.111111
22.0451,state,-0.927980,-0.908457,-0.157036,-0.018710
22.0550,state,-0.894759,-0.872198,-0.152847,-0.027360
22.0656,desired,-0.868889,-0.868889,0.111111,0.111111
22.0659,state,-0.884567,-0.853804,-0.118086,0.312556
22.0751,state,-0.906099,-0.872768,-0.144153,-0.026001
22.0850,state,-0.897047,-0.872467,-0.066215,-0.026863
22.0953,desired,-0.865557,-0.865557,0.111111,0.111111
22.0957,state,-0.927980,-0.908457,-0.157036,-0.018710
22.1052,state,-0.894759,-0.872198,-0.152847,-0.027360
22.1150,state,-0.884567,-0.853804,-0.118086,0.312556
22.1166,state,-0.878127,-0.840540,0.057625,0.153304
22.1181,state,-0.872882,-0.837546,-0.139849,-0.028374
22.1250,state,-0.927980,-0.908457,-0.157036,-0.018710
22.1256,desired,-0.862225,-0.862225,0.111111,0.111111
22.1350,state,-0.894759,-0.872198,-0.152847,-0.027360
22.1453,desired,-0.860001,-0.860001,0.111111,0.111111
22.1456,state,-0.884567,-0.853804,-0.118086,0.312556
22.1550,state,-0.878127,-0.840540,0.057625,0.153304
22.1650,state,-0.872882,-0.837546,-0.139849,-0.028374
22.1750,state,-0.927980,-0.908457,-0.157036,-0.018710
22.1754,desired,-0.856668,-0.856668,0.111111,0.111111
22.1851,state,-0.894759,-0.872198,-0.152847,-0.027360
22.1950,state,-0.884567,-0.853804,-0.118086,0.312556
22.2050,state,-0.878127,-0.840540,0.057625,0.153304
22.2057,desired,-0.853335,-0.853335,0.111111,0.111111
22.2151,state,-0.872882,-0.837546,-0.139849,-0.028374
22.2172,state,-0.863831,-0.837440,-0.061898,-0.028912
22.2250,state,-0.894759,-0.872198,-0.152847,-0.027360
22.2357,desired,-0.849999,-0.849999,0.111111,0.111111
22.2362,state,-0.884567,-0.853804,-0.118086,0.312556
22.2450,state,-0.878127,-0.840540,0.057625,0.153304
22.2551,state,-0.872882,-0.837546,-0.139849,-0.028374
22.2654,desired,-0.846668,-0.846668,0.111111,0.111111
22.2657,state,-0.863831,-0.837440,-0.061898,-0.028912
22.2751,state,-0.894759,-0.872198,-0.152847,-0.027360
22.2851,state,-0.884567,-0.853804,-0.118086,0.312556
22.2956,desired,-0.843334,-0.843334,0.111111,0.111111
22.2957,state,-0.878127,-0.840540,0.057625,0.153304
22.3051,state,-0.872882,-0.837546,-0.139849,-0.028374
22.3150,state,-0.863831,-0.837440,-0.061898,-0.028912
22.3169,state,-0.861545,-0.837346,-0.148488,-0.029093
22.3179,state,-0.851353,-0.819784,-0.113685,0.301220
22.3257,desired,-0.839999,-0.839999,0.111111,0.111111
22.3260,state,-0.878127,-0.840540,0.057625,0.153304
22.3350,state,-0.872882,-0.837546,-0.139849,-0.028374
22.3451,state,-0.863831,-0.837440,-0.061898,-0.028912
22.3556,desired,-0.836665,-0.836665,0.111111,0.111111
22.3559,state,-0.861545,-0.837346,-0.148488,-0.029093
22.3650,state,-0.851353,-0.819784,-0.113685,0.301220
22.3752,state,-0.878127,-0.840540,0.057625,0.153304
22.3853,desired,-0.833335,-0.833335,0.111111,0.111111
22.3855,state,-0.872882,-0.837546,-0.139849,-0.028374
22.3951,state,-0.863831,-0.837440,-0.061898,-0.028912
22.4054,desired,-0.831109,-0.831109,0.111111,0.111111
22.4057,state,-0.861545,-0.837346,-0.148488,-0.029093
22.4151,state,-0.851353,-0.819784,-0.113685,0.301220
22.4171,state,-0.844368,-0.806532,0.083446,0.165655
22.4186,state,-0.838607,-0.802379,-0.133458,-0.027663
22.4251,state,-0.863831,-0.837440,-0.061898,-0.028912
22.4357,desired,-0.827776,-0.827776,0.111111,0.111111
22.4360,state,-0.861545,-0.837346,-0.148488,-0.029093
22.4450,state,-0.851353,-0.819784,-0.113685,0.301220
22.4550,state,-0.844368,-0.806532,0.083446,0.165655
22.4654,desired,-0.824443,-0.824443,0.111111,0.111111
22.4657,state,-0.838607,-0.802379,-0.133458,-0.027663
22.4750,state,-0.863831,-0.837440,-0.061898,-0.028912
22.4851,state,-0.861545,-0.837346,-0.148488,-0.029093
22.4954,desired,-0.821113,-0.821113,0.111111,0.111111
22.4957,state,-0.851353,-0.819784,-0.113685,0.301220
22.5052,state,-0.844368,-0.806532,0.083446,0.165655
22.5151,state,-0.838607,-0.802379,-0.133458,-0.027663
22.5170,state,-0.830377,-0.802356,-0.066556,-0.029244
22.5256,desired,-0.817776,-0.817776,0.111111,0.111111
22.5259,state,-0.861545,-0.837346,-0.148488,-0.029093
22.5350,state,-0.851353,-0.819784,-0.113685,0.301220
22.5452,state,-0.844368,-0.806532,0.083446,0.165655
22.5553,desired,-0.814446,-0.814446,0.111111,0.111111
22.5556,state,-0.838607,-0.802379,-0.133458,-0.027663
22.5650,state,-0.830377,-0.802356,-0.066556,-0.029244
22.5756,desired,-0.812221,-0.812221,0.111111,0.111111
22.5760,state,-0.861545,-0.837346,-0.148488,-0.029093
22.5851,state,-0.851353,-0.819784,-0.113685,0.301220
22.5950,state,-0.844368,-0.806532,0.083446,0.165655
22.6056,desired,-0.808887,-0.808887,0.111111,0.111111
22.6059,state,-0.838607,-0.802379,-0.133458,-0.027663
22.6150,state,-0.830377,-0.802356,-0.066556,-0.029244
22.6169,state,-0.828314,-0.802339,-0.144709,-0.029278
22.6172,state,-0.818142,-0.786296,-0.109173,0.277069
22.6251,state,-0.844368,-0.806532,0.083446,0.165655
22.6353,desired,-0.805557,-0.805557,0.111111,0.111111
22.6358,state,-0.838607,-0.802379,-0.133458,-0.027663
22.6451,state,-0.830377,-0.802356,-0.066556,-0.029244
22.6550,state,-0.828314,-0.802339,-0.144709,-0.029278
22.6656,desired,-0.802221,-0.802221,0.111111,0.111111
22.6659,state,-0.818142,-0.786296,-0.109173,0.277069
22.6751,state,-0.844368,-0.806532,0.083446,0.165655
22.6856,desired,-0.799997,-0.799997,0.111111,0.111111
22.6859,state,-0.838607,-0.802379,-0.133458,-0.027663
22.6950,state,-0.830377,-0.802356,-0.066556,-0.029244
22.7050,state,-0.828314,-0.802339,-0.144709,-0.029278
22.7157,desired,-0.796664,-0.796664,0.111111,0.111111
22.7160,state,-0.818142,-0.786296,-0.109173,0.277069
22.7173,state,-0.811704,-0.774109,0.066632,0.148060
22.7193,state,-0.806462,-0.771106,-0.130738,-0.028685
22.7250,state,-0.830377,-0.802356,-0.066556,-0.029244
22.7351,state,-0.828314,-0.802339,-0.144709,-0.029278
22.7454,desired,-0.793335,-0.793335,0.111111,0.111111
22.7456,state,-0.818142,-0.786296,-0.109173,0.277069
22.7550,state,-0.811704,-0.774109,0.066632,0.148060
22.7650,state,-0.806462,-0.771106,-0.130738,-0.028685
22.7756,desired,-0.789998,-0.789998,0.111111,0.111111
22.7760,state,-0.830377,-0.802356,-0.066556,-0.029244
22.7851,state,-0.828314,-0.802339,-0.144709,-0.029278
22.7951,state,-0.818142,-0.786296,-0.109173,0.277069
22.8054,desired,-0.786665,-0.786665,0.111111,0.111111
22.8057,state,-0.811704,-0.774109,0.066632,0.148060
22.8152,state,-0.806462,-0.771106,-0.130738,-0.028685
22.8164,state,-0.797412,-0.771129,-0.052725,-0.028993
22.8251,state,-0.828314,-0.802339,-0.144709,-0.029278
22.8355,desired,-0.783335,-0.783335,0.111111,0.111111
22.8357,state,-0.818142,-0.786296,-0.109173,0.277069
22.8451,state,-0.811704,-0.774109,0.066632,0.148060
22.8550,state,-0.806462,-0.771106,-0.130738,-0.028685
22.8654,desired,-0.780001,-0.780001,0.111111,0.111111
22.8656,state,-0.797412,-0.771129,-0.052725,-0.028993
22.8751,state,-0.828314,-0.802339,-0.144709,-0.029278
22.8850,state,-0.818142,-0.786296,-0.109173,0.277069
22.8954,desired,-0.776668,-0.776668,0.111111,0.111111
22.8956,state,-0.811704,-0.774109,0.066632,0.148060
22.9051,state,-0.806462,-0.771106,-0.130738,-0.028685
22.9156,desired,-0.774443,-0.774443,0.111111,0.111111
22.9159,state,-0.797412,-0.771129,-0.052725,-0.028993
22.9173,state,-0.795127,-0.771149,-0.139251,-0.028954
22.9183,state,-0.784935,-0.753438,-0.104360,0.305507
22.9250,state,-0.811704,-0.774109,0.066632,0.148060
22.9350,state,-0.806462,-0.771106,-0.130738,-0.028685
22.9454,desired,-0.771112,-0.771112,0.111111,0.111111
22.9456,state,-0.797412,-0.771129,-0.052725,-0.028993
22.9550,state,-0.795127,-0.771149,-0.139251,-0.028954
22.9655,desired,-0.768888,-0.768888,0.111111,0.111111
22.9657,state,-0.784935,-0.753438,-0.104360,0.305507
22.9751,state,-0.811704,-0.774109,0.066632,0.148060
22.9851,state,-0.806462,-0.771106,-0.130738,-0.028685
22.9954,desired,-0.765557,-0.765557,0.111111,0.111111
22.9956,state,-0.797412,-0.771129,-0.052725,-0.028993
23.0052,state,-0.795127,-0.771149,-0.139251,-0.028954
23.0156,desired,-0.763332,-0.763332,0.111111,0.111111
23.0159,state,-0.784935,-0.753438,-0.104360,0.305507
23.0163,state,-0.777952,-0.740215,0.092746,0.165940
23.0169,state,-0.772195,-0.736329,-0.124015,-0.027126
23.0250,state,-0.797412,-0.771129,-0.052725,-0.028993
23.0351,state,-0.795127,-0.771149,-0.139251,-0.028954
23.0454,desired,-0.760002,-0.760002,0.111111,0.111111
23.0456,state,-0.784935,-0.753438,-0.104360,0.305507
23.0551,state,-0.777952,-0.740215,0.092746,0.165940
23.0651,state,-0.772195,-0.736329,-0.124015,-0.027126
23.0756,desired,-0.756666,-0.756666,0.111111,0.111111
23.0759,state,-0.797412,-0.771129,-0.052725,-0.028993
23.0850,state,-0.795127,-0.771149,-0.139251,-0.028954
23.0954,desired,-0.754443,-0.754443,0.111111,0.111111
23.0957,state,-0.784935,-0.753438,-0.104360,0.305507
23.1051,state,-0.777952,-0.740215,0.092746,0.165940
23.1151,state,-0.772195,-0.736329,-0.124015,-0.027126
23.1169,state,-0.763967,-0.736373,-0.057053,-0.028315
23.1256,desired,-0.751110,-0.751110,0.111111,0.111111
23.1259,state,-0.795127,-0.771149,-0.139251,-0.028954
23.1350,state,-0.784935,-0.753438,-0.104360,0.305507
23.1454,desired,-0.748887,-0.748887,0.111111,0.111111
23.1457,state,-0.777952,-0.740215,0.092746,0.165940
23.1550,state,-0.772195,-0.736329,-0.124015,-0.027126
23.1651,state,-0.763967,-0.736373,-0.057053,-0.028315
23.1754,desired,-0.745557,-0.745557,0.111111,0.111111
23.1756,state,-0.795127,-0.771149,-0.139251,-0.028954
23.1851,state,-0.784935,-0.753438,-0.104360,0.305507
23.1951,state,-0.777952,-0.740215,0.092746,0.165940
23.2056,desired,-0.742220,-0.742220,0.111111,0.111111
23.2059,state,-0.772195,-0.736329,-0.124015,-0.027126
23.2151,state,-0.763967,-0.736373,-0.057053,-0.028315
23.2166,state,-0.761905,-0.736414,-0.135145,-0.028238
23.2169,state,-0.751732,-0.720296,-0.099532,0.279258
23.2250,state,-0.777952,-0.740215,0.092746,0.165940
23.2357,desired,-0.738888,-0.738888,0.111111,0.111111
23.2360,state,-0.772195,-0.736329,-0.124015,-0.027126
23.2450,state,-0.763967,-0.736373,-0.057053,-0.028315
23.2550,state,-0.761905,-0.736414,-0.135145,-0.028238
23.2653,desired,-0.735558,-0.735558,0.111111,0.111111
23.2655,state,-0.751732,-0.720296,-0.099532,0.279258
23.2750,state,-0.777952,-0.740215,0.092746,0.165940
23.2850,state,-0.772195,-0.736329,-0.124015,-0.027126
23.2953,desired,-0.732224,-0.732224,0.111111,0.111111
23.2955,state,-0.763967,-0.736373,-0.057053,-0.028315
23.3050,state,-0.761905,-0.736414,-0.135145,-0.028238
23.3150,state,-0.751732,-0.720296,-0.099532,0.279258
23.3166,state,-0.745297,-0.708308,0.076252,0.146074
23.3181,state,-0.740059,-0.705443,-0.120981,-0.027520
23.3254,desired,-0.728890,-0.728890,0.111111,0.111111
23.3256,state,-0.763967,-0.736373,-0.057053,-0.028315
23.3350,state,-0.761905,-0.736414,-0.135145,-0.028238
23.3454,desired,-0.726667,-0.726667,0.111111,0.111111
23.3456,state,-0.751732,-0.720296,-0.099532,0.279258
23.3550,state,-0.745297,-0.708308,0.076252,0.146074
23.3650,state,-0.740059,-0.705443,-0.120981,-0.027520
23.3756,desired,-0.723332,-0.723332,0.111111,0.111111
23.3761,state,-0.763967,-0.736373,-0.057053,-0.028315
23.3850,state,-0.761905,-0.736414,-0.135145,-0.028238
23.3951,state,-0.751732,-0.720296,-0.099532,0.279258
23.4056,desired,-0.719998,-0.719998,0.111111,0.111111
23.4060,state,-0.745297,-0.708308,0.076252,0.146074
23.4151,state,-0.740059,-0.705443,-0.120981,-0.027520
23.4173,state,-0.731010,-0.705513,-0.042908,-0.027738
23.4251,state,-0.761905,-0.736414,-0.135145,-0.028238
23.4355,desired,-0.716668,-0.716668,0.111111,0.111111
23.4358,state,-0.751732,-0.720296,-0.099532,0.279258
23.4451,state,-0.745297,-0.708308,0.076252,0.146074
23.4556,desired,-0.714442,-0.714442,0.111111,0.111111
23.4558,state,-0.740059,-0.705443,-0.120981,-0.027520
23.4651,state,-0.731010,-0.705513,-0.042908,-0.027738
23.4750,state,-0.761905,-0.736414,-0.135145,-0.028238
23.4856,desired,-0.711110,-0.711110,0.111111,0.111111
23.4859,state,-0.751732,-0.720296,-0.099532,0.279258
23.4950,state,-0.745297,-0.708308,0.076252,0.146074
23.5051,state,-0.740059,-0.705443,-0.120981,-0.027520
23.5154,desired,-0.707780,-0.707780,0.111111,0.111111
23.5156,state,-0.731010,-0.705513,-0.042908,-0.027738
23.5170,state,-0.728727,-0.705577,-0.129370,-0.027619
23.5187,state,-0.718540,-0.687589,-0.094423,0.310705
23.5251,state,-0.745297,-0.708308,0.076252,0.146074
23.5350,state,-0.740059,-0.705443,-0.120981,-0.027520
23.5456,desired,-0.704443,-0.704443,0.111111,0.111111
23.5459,state,-0.731010,-0.705513,-0.042908,-0.027738
23.5550,state,-0.728727,-0.705577,-0.129370,-0.027619
23.5651,state,-0.718540,-0.687589,-0.094423,0.310705
23.5751,state,-0.745297,-0.708308,0.076252,0.146074
23.5758,desired,-0.701110,-0.701110,0.111111,0.111111
23.5851,state,-0.740059,-0.705443,-0.120981,-0.027520
23.5951,state,-0.731010,-0.705513,-0.042908,-0.027738
23.6057,desired,-0.697776,-0.697776,0.111111,0.111111
23.6060,state,-0.728727,-0.705577,-0.129370,-0.027619
23.6150,state,-0.718540,-0.687589,-0.094423,0.310705
23.6166,state,-0.711557,-0.674504,0.102782,0.164406
23.6173,state,-0.705801,-0.671195,-0.113927,-0.025930
23.6251,state,-0.731010,-0.705513,-0.042908,-0.027738
23.6354,desired,-0.694446,-0.694446,0.111111,0.111111
23.6357,state,-0.728727,-0.705577,-0.129370,-0.027619
23.6451,state,-0.718540,-0.687589,-0.094423,0.310705
23.6550,state,-0.711557,-0.674504,0.102782,0.164406
23.6656,desired,-0.691110,-0.691110,0.111111,0.111111
23.6659,state,-0.705801,-0.671195,-0.113927,-0.025930
23.6751,state,-0.731010,-0.705513,-0.042908,-0.027738
23.6851,state,-0.728727,-0.705577,-0.129370,-0.027619
23.6956,desired,-0.687778,-0.687778,0.111111,0.111111
23.6959,state,-0.718540,-0.687589,-0.094423,0.310705
23.7051,state,-0.711557,-0.674504,0.102782,0.164406
23.7151,state,-0.705801,-0.671195,-0.113927,-0.025930
23.7166,state,-0.697574,-0.671240,-0.046917,-0.026262
23.7209,state,-0.695514,-0.671281,-0.124956,-0.026188
23.7255,desired,-0.684445,-0.684445,0.111111,0.111111
23.7257,state,-0.718540,-0.687589,-0.094423,0.310705
23.7350,state,-0.711557,-0.674504,0.102782,0.164406
23.7450,state,-0.705801,-0.671195,-0.113927,-0.025930
23.7556,desired,-0.681113,-0.681113,0.111111,0.111111
23.7558,state,-0.697574,-0.671240,-0.046917,-0.026262
23.7650,state,-0.695514,-0.671281,-0.124956,-0.026188
23.7750,state,-0.718540,-0.687589,-0.094423,0.310705
23.7855,desired,-0.677780,-0.677780,0.111111,0.111111
23.7858,state,-0.711557,-0.674504,0.102782,0.164406
23.7950,state,-0.705801,-0.671195,-0.113927,-0.025930
23.8056,desired,-0.675554,-0.675554,0.111111,0.111111
23.8059,state,-0.697574,-0.671240,-0.046917,-0.026262
23.8151,state,-0.695514,-0.671281,-0.124956,-0.026188
23.8172,state,-0.686727,-0.661077,-0.036904,0.280202
23.8251,state,-0.711557,-0.674504,0.102782,0.164406
23.8356,desired,-0.672224,-0.672224,0.111111,0.111111
23.8360,state,-0.705801,-0.671195,-0.113927,-0.025930
23.8451,state,-0.697574,-0.671240,-0.046917,-0.026262
23.8550,state,-0.695514,-0.671281,-0.124956,-0.026188
23.8655,desired,-0.668892,-0.668892,0.111111,0.111111
23.8657,state,-0.686727,-0.661077,-0.036904,0.280202
23.8750,state,-0.711557,-0.674504,0.102782,0.164406
23.8854,desired,-0.666668,-0.666668,0.111111,0.111111
23.8857,state,-0.705801,-0.671195,-0.113927,-0.025930
23.8951,state,-0.697574,-0.671240,-0.046917,-0.026262
23.9050,state,-0.695514,-0.671281,-0.124956,-0.026188
23.9156,desired,-0.663332,-0.663332,0.111111,0.111111
23.9159,state,-0.686727,-0.661077,-0.036904,0.280202
23.9171,state,-0.684467,-0.646385,-0.122514,0.130955
23.9174,state,-0.674283,-0.640300,-0.087463,-0.021059
23.9250,state,-0.697574,-0.671240,-0.046917,-0.026262
23.9350,state,-0.695514,-0.671281,-0.124956,-0.026188
23.9456,desired,-0.659998,-0.659998,0.111111,0.111111
23.9459,state,-0.686727,-0.661077,-0.036904,0.280202
23.9550,state,-0.684467,-0.646385,-0.122514,0.130955
23.9651,state,-0.674283,-0.640300,-0.087463,-0.021059
23.9755,desired,-0.656668,-0.656668,0.111111,0.111111
23.9758,state,-0.697574,-0.671240,-0.046917,-0.026262
23.9851,state,-0.695514,-0.671281,-0.124956,-0.026188
23.9950,state,-0.686727,-0.661077,-0.036904,0.280202
24.0056,desired,-0.653330,-0.653330,0.111111,0.111111
24.0058,state,-0.684467,-0.646385,-0.122514,0.130955
24.0151,state,-0.674283,-0.640300,-0.087463,-0.021059
24.0172,state,-0.667847,-0.640381,0.088381,-0.025964
24.0188,state,-0.662610,-0.640463,-0.108813,-0.025817
24.0250,state,-0.686727,-0.661077,-0.036904,0.280202
24.0356,desired,-0.649998,-0.649998,0.111111,0.111111
24.0359,state,-0.684467,-0.646385,-0.122514,0.130955
24.0450,state,-0.674283,-0.640300,-0.087463,-0.021059
24.0550,state,-0.667847,-0.640381,0.088381,-0.025964
24.0656,desired,-0.646665,-0.646665,0.111111,0.111111
24.0659,state,-0.662610,-0.640463,-0.108813,-0.025817
24.0751,state,-0.686727,-0.661077,-0.036904,0.280202
24.0850,state,-0.684467,-0.646385,-0.122514,0.130955
24.0954,desired,-0.643334,-0.643334,0.111111,0.111111
24.0956,state,-0.674283,-0.640300,-0.087463,-0.021059
24.1051,state,-0.667847,-0.640381,0.088381,-0.025964
24.1150,state,-0.662610,-0.640463,-0.108813,-0.025817
24.1162,state,-0.652696,-0.628328,-0.021195,0.334739
24.1256,desired,-0.639998,-0.639998,0.111111,0.111111
24.1259,state,-0.684467,-0.646385,-0.122514,0.130955
24.1350,state,-0.674283,-0.640300,-0.087463,-0.021059
24.1452,state,-0.667847,-0.640381,0.088381,-0.025964
24.1556,desired,-0.636668,-0.636668,0.111111,0.111111
24.1559,state,-0.662610,-0.640463,-0.108813,-0.025817
24.1651,state,-0.652696,-0.628328,-0.021195,0.334739
24.1756,desired,-0.634443,-0.634443,0.111111,0.111111
24.1759,state,-0.684467,-0.646385,-0.122514,0.130955
24.1851,state,-0.674283,-0.640300,-0.087463,-0.021059
24.1950,state,-0.667847,-0.640381,0.088381,-0.025964
24.2056,desired,-0.631109,-0.631109,0.111111,0.111111
24.2058,state,-0.662610,-0.640463,-0.108813,-0.025817
24.2152,state,-0.652696,-0.628328,-0.021195,0.334739
24.2172,state,-0.650190,-0.611391,-0.116132,0.157082
24.2184,state,-0.639988,-0.605341,-0.081822,-0.021063
24.2250,state,-0.667847,-0.640381,0.088381,-0.025964
24.2356,desired,-0.627780,-0.627780,0.111111,0.111111
24.2359,state,-0.662610,-0.640463,-0.108813,-0.025817
24.2450,state,-0.652696,-0.628328,-0.021195,0.334739
24.2554,desired,-0.625554,-0.625554,0.111111,0.111111
24.2556,state,-0.650190,-0.611391,-0.116132,0.157082
24.2650,state,-0.639988,-0.605341,-0.081822,-0.021063
24.2751,state,-0.667847,-0.640381,0.088381,-0.025964
24.2856,desired,-0.622221,-0.622221,0.111111,0.111111
24.2859,state,-0.662610,-0.640463,-0.108813,-0.025817
24.2951,state,-0.652696,-0.628328,-0.021195,0.334739
24.3051,state,-0.650190,-0.611391,-0.116132,0.157082
24.3156,desired,-0.618886,-0.618886,0.111111,0.111111
24.3159,state,-0.639988,-0.605341,-0.081822,-0.021063
24.3174,state,-0.634096,-0.605473,0.072570,-0.025563
24.3189,state,-0.629377,-0.605599,-0.105123,-0.025336
24.3251,state,-0.652696,-0.628328,-0.021195,0.334739
24.3350,state,-0.650190,-0.611391,-0.116132,0.157082
24.3450,state,-0.639988,-0.605341,-0.081822,-0.021063
24.3456,desired,-0.615557,-0.615557,0.111111,0.111111
24.3550,state,-0.634096,-0.605473,0.072570,-0.025563
24.3650,state,-0.629377,-0.605599,-0.105123,-0.025336
24.3753,desired,-0.612224,-0.612224,0.111111,0.111111
24.3756,state,-0.652696,-0.628328,-0.021195,0.334739
24.3851,state,-0.650190,-0.611391,-0.116132,0.157082
24.3953,desired,-0.610001,-0.610001,0.111111,0.111111
24.3955,state,-0.639988,-0.605341,-0.081822,-0.021063
24.4050,state,-0.634096,-0.605473,0.072570,-0.025563
24.4150,state,-0.629377,-0.605599,-0.105123,-0.025336
24.4166,state,-0.620373,-0.595178,-0.025361,0.288842
24.4250,state,-0.650190,-0.611391,-0.116132,0.157082
24.4257,desired,-0.606667,-0.606667,0.111111,0.111111
24.4350,state,-0.639988,-0.605341,-0.081822,-0.021063
24.4450,state,-0.634096,-0.605473,0.072570,-0.025563
24.4554,desired,-0.603335,-0.603335,0.111111,0.111111
24.4556,state,-0.629377,-0.605599,-0.105123,-0.025336
24.4650,state,-0.620373,-0.595178,-0.025361,0.288842
24.4754,desired,-0.601109,-0.601109,0.111111,0.111111
24.4757,state,-0.650190,-0.611391,-0.116132,0.157082
24.4851,state,-0.639988,-0.605341,-0.081822,-0.021063
24.4950,state,-0.634096,-0.605473,0.072570,-0.025563
24.5056,desired,-0.597776,-0.597776,0.111111,0.111111
24.5059,state,-0.629377,-0.605599,-0.105123,-0.025336
24.5151,state,-0.620373,-0.595178,-0.025361,0.288842
24.5165,state,-0.618096,-0.580424,-0.111596,0.130684
24.5168,state,-0.607912,-0.574586,-0.076527,-0.020105
24.5250,state,-0.634096,-0.605473,0.072570,-0.025563
24.5356,desired,-0.594445,-0.594445,0.111111,0.111111
24.5359,state,-0.629377,-0.605599,-0.105123,-0.025336
24.5450,state,-0.620373,-0.595178,-0.025361,0.288842
24.5551,state,-0.618096,-0.580424,-0.111596,0.130684
24.5656,desired,-0.591109,-0.591109,0.111111,0.111111
24.5659,state,-0.607912,-0.574586,-0.076527,-0.020105
24.5752,state,-0.634096,-0.605473,0.072570,-0.025563
24.5850,state,-0.629377,-0.605599,-0.105123,-0.025336
24.5955,desired,-0.587776,-0.587776,0.111111,0.111111
24.5959,state,-0.620373,-0.595178,-0.025361,0.288842
24.6051,state,-0.618096,-0.580424,-0.111596,0.130684
24.6156,desired,-0.585553,-0.585553,0.111111,0.111111
24.6158,state,-0.607912,-0.574586,-0.076527,-0.020105
24.6164,state,-0.601476,-0.574729,0.099340,-0.024538
24.6179,state,-0.596240,-0.574852,-0.097786,-0.024272
24.6252,state,-0.620373,-0.595178,-0.025361,0.288842
24.6350,state,-0.618096,-0.580424,-0.111596,0.130684
24.6455,desired,-0.582218,-0.582218,0.111111,0.111111
24.6457,state,-0.607912,-0.574586,-0.076527,-0.020105
24.6550,state,-0.601476,-0.574729,0.099340,-0.024538
24.6651,state,-0.596240,-0.574852,-0.097786,-0.024272
24.6751,state,-0.620373,-0.595178,-0.025361,0.288842
24.6757,desired,-0.578891,-0.578891,0.111111,0.111111
24.6851,state,-0.618096,-0.580424,-0.111596,0.130684
24.6950,state,-0.607912,-0.574586,-0.076527,-0.020105
24.7054,desired,-0.575558,-0.575558,0.111111,0.111111
24.7056,state,-0.601476,-0.574729,0.099340,-0.024538
24.7151,state,-0.596240,-0.574852,-0.097786,-0.024272
24.7171,state,-0.586330,-0.562542,-0.010134,0.341743
24.7254,desired,-0.573335,-0.573335,0.111111,0.111111
24.7256,state,-0.618096,-0.580424,-0.111596,0.130684
24.7351,state,-0.607912,-0.574586,-0.076527,-0.020105
24.7450,state,-0.601476,-0.574729,0.099340,-0.024538
24.7556,desired,-0.569997,-0.569997,0.111111,0.111111
24.7559,state,-0.596240,-0.574852,-0.097786,-0.024272
24.7651,state,-0.586330,-0.562542,-0.010134,0.341743
24.7751,state,-0.618096,-0.580424,-0.111596,0.130684
24.7854,desired,-0.566668,-0.566668,0.111111,0.111111
24.7856,state,-0.607912,-0.574586,-0.076527,-0.020105
24.7950,state,-0.601476,-0.574729,0.099340,-0.024538
24.8056,desired,-0.564443,-0.564443,0.111111,0.111111
24.8060,state,-0.596240,-0.574852,-0.097786,-0.024272
24.8150,state,-0.586330,-0.562542,-0.010134,0.341743
24.8171,state,-0.583826,-0.545707,-0.104999,0.153957
24.8178,state,-0.573628,-0.539997,-0.070634,-0.019795
24.8250,state,-0.601476,-0.574729,0.099340,-0.024538
24.8355,desired,-0.561112,-0.561112,0.111111,0.111111
24.8359,state,-0.596240,-0.574852,-0.097786,-0.024272
24.8452,state,-0.586330,-0.562542,-0.010134,0.341743
24.8550,state,-0.583826,-0.545707,-0.104999,0.153957
24.8656,desired,-0.557776,-0.557776,0.111111,0.111111
24.8659,state,-0.573628,-0.539997,-0.070634,-0.019795
24.8751,state,-0.601476,-0.574729,0.099340,-0.024538
24.8850,state,-0.596240,-0.574852,-0.097786,-0.024272
24.8950,state,-0.586330,-0.562542,-0.010134,0.341743
24.8955,desired,-0.554446,-0.554446,0.111111,0.111111
24.9052,state,-0.583826,-0.545707,-0.104999,0.153957
24.9154,desired,-0.552222,-0.552222,0.111111,0.111111
24.9157,state,-0.573628,-0.539997,-0.070634,-0.019795
24.9163,state,-0.567189,-0.540173,0.105286,-0.023986
24.9174,state,-0.561953,-0.540339,-0.091873,-0.023698
24.9250,state,-0.586330,-0.562542,-0.010134,0.341743
24.9350,state,-0.583826,-0.545707,-0.104999,0.153957
24.9456,desired,-0.548889,-0.548889,0.111111,0.111111
24.9459,state,-0.573628,-0.539997,-0.070634,-0.019795
24.9551,state,-0.567189,-0.540173,0.105286,-0.023986
24.9657,desired,-0.546663,-0.546663,0.111111,0.111111
24.9660,state,-0.561953,-0.540339,-0.091873,-0.023698
24.9750,state,-0.586330,-0.562542,-0.010134,0.341743
24.9851,state,-0.583826,-0.545707,-0.104999,0.153957
24.9954,desired,-0.543335,-0.543335,0.111111,0.111111
24.9956,state,-0.573628,-0.539997,-0.070634,-0.019795
25.0052,state,-0.567189,-0.540173,0.105286,-0.023986
25.0156,desired,-0.541109,-0.541109,0.111111,0.111111
25.0159,state,-0.561953,-0.540339,-0.091873,-0.023698
25.0172,state,-0.553771,-0.529624,-0.023170,0.298878
25.0250,state,-0.583826,-0.545707,-0.104999,0.153957
25.0351,state,-0.573628,-0.539997,-0.070634,-0.019795
25.0454,desired,-0.537780,-0.537780,0.111111,0.111111
25.0456,state,-0.567189,-0.540173,0.105286,-0.023986
25.0550,state,-0.561953,-0.540339,-0.091873,-0.023698
25.0654,desired,-0.535554,-0.535554,0.111111,0.111111
25.0657,state,-0.553771,-0.529624,-0.023170,0.298878
25.0751,state,-0.583826,-0.545707,-0.104999,0.153957
25.0850,state,-0.573628,-0.539997,-0.070634,-0.019795
25.0954,desired,-0.532221,-0.532221,0.111111,0.111111
25.0956,state,-0.567189,-0.540173,0.105286,-0.023986
25.1051,state,-0.561953,-0.540339,-0.091873,-0.023698
25.1156,desired,-0.529998,-0.529998,0.111111,0.111111
25.1158,state,-0.553771,-0.529624,-0.023170,0.298878
25.1163,state,-0.551717,-0.514891,-0.100963,0.127462
25.1166,state,-0.541552,-0.509427,-0.065153,-0.018701
25.1250,state,-0.567189,-0.540173,0.105286,-0.023986
25.1350,state,-0.561953,-0.540339,-0.091873,-0.023698
25.1451,state,-0.553771,-0.529624,-0.023170,0.298878
25.1456,desired,-0.526662,-0.526662,0.111111,0.111111
25.1550,state,-0.551717,-0.514891,-0.100963,0.127462
25.1651,state,-0.541552,-0.509427,-0.065153,-0.018701
25.1754,desired,-0.523335,-0.523335,0.111111,0.111111
25.1756,state,-0.567189,-0.540173,0.105286,-0.023986
25.1851,state,-0.561953,-0.540339,-0.091873,-0.023698
25.1950,state,-0.553771,-0.529624,-0.023170,0.298878
25.2054,desired,-0.519997,-0.519997,0.111111,0.111111
25.2057,state,-0.551717,-0.514891,-0.100963,0.127462
25.2151,state,-0.541552,-0.509427,-0.065153,-0.018701
25.2166,state,-0.535117,-0.509593,0.110868,-0.022090
25.2176,state,-0.529883,-0.509683,-0.086237,-0.021321
25.2251,state,-0.553771,-0.529624,-0.023170,0.298878
25.2351,state,-0.551717,-0.514891,-0.100963,0.127462
25.2357,desired,-0.516668,-0.516668,0.111111,0.111111
25.2450,state,-0.541552,-0.509427,-0.065153,-0.018701
25.2551,state,-0.535117,-0.509593,0.110868,-0.022090
25.2557,desired,-0.514444,-0.514444,0.111111,0.111111
25.2650,state,-0.529883,-0.509683,-0.086237,-0.021321
25.2753,desired,-0.512221,-0.512221,0.111111,0.111111
25.2755,state,-0.553771,-0.529624,-0.023170,0.298878
25.2850,state,-0.551717,-0.514891,-0.100963,0.127462
25.2950,state,-0.541552,-0.509427,-0.065153,-0.018701
25.3053,desired,-0.508890,-0.508890,0.111111,0.111111
25.3055,state,-0.535117,-0.509593,0.110868,-0.022090
25.3150,state,-0.529883,-0.509683,-0.086237,-0.021321
25.3167,state,-0.519975,-0.497048,0.001430,0.351244
25.3250,state,-0.551717,-0.514891,-0.100963,0.127462
25.3353,desired,-0.505556,-0.505556,0.111111,0.111111
25.3356,state,-0.541552,-0.509427,-0.065153,-0.018701
25.3450,state,-0.535117,-0.509593,0.110868,-0.022090
25.3550,state,-0.529883,-0.509683,-0.086237,-0.021321
25.3653,desired,-0.502223,-0.502223,0.111111,0.111111
25.3656,state,-0.519975,-0.497048,0.001430,0.351244
25.3750,state,-0.551717,-0.514891,-0.100963,0.127462
25.3856,desired,-0.499999,-0.499999,0.111111,0.111111
25.3859,state,-0.541552,-0.509427,-0.065153,-0.018701
25.3951,state,-0.535117,-0.509593,0.110868,-0.022090
25.4051,state,-0.529883,-0.509683,-0.086237,-0.021321
25.4156,desired,-0.496664,-0.496664,0.111111,0.111111
25.4159,state,-0.519975,-0.497048,0.001430,0.351244
25.4180,state,-0.517472,-0.480395,-0.093364,0.147601
25.4190,state,-0.507275,-0.475231,-0.058944,-0.018225
25.4251,state,-0.535117,-0.509593,0.110868,-0.022090
25.4350,state,-0.529883,-0.509683,-0.086237,-0.021321
25.4454,desired,-0.493334,-0.493334,0.111111,0.111111
25.4456,state,-0.519975,-0.497048,0.001430,0.351244
25.4550,state,-0.517472,-0.480395,-0.093364,0.147601
25.4650,state,-0.507275,-0.475231,-0.058944,-0.018225
25.4750,state,-0.535117,-0.509593,0.110868,-0.022090
25.4757,desired,-0.490001,-0.490001,0.111111,0.111111
25.4851,state,-0.529883,-0.509683,-0.086237,-0.021321
25.4951,state,-0.519975,-0.497048,0.001430,0.351244
25.5055,desired,-0.486665,-0.486665,0.111111,0.111111
25.5058,state,-0.517472,-0.480395,-0.093364,0.147601
25.5151,state,-0.507275,-0.475231,-0.058944,-0.018225
25.5169,state,-0.501383,-0.475422,0.095600,-0.021882
25.5179,state,-0.496665,-0.475602,-0.082049,-0.021585
25.5251,state,-0.519975,-0.497048,0.001430,0.351244
25.5350,state,-0.517472,-0.480395,-0.093364,0.147601
25.5355,desired,-0.483334,-0.483334,0.111111,0.111111
25.5451,state,-0.507275,-0.475231,-0.058944,-0.018225
25.5550,state,-0.501383,-0.475422,0.095600,-0.021882
25.5655,desired,-0.480001,-0.480001,0.111111,0.111111
25.5657,state,-0.496665,-0.475602,-0.082049,-0.021585
25.5751,state,-0.519975,-0.497048,0.001430,0.351244
25.5850,state,-0.517472,-0.480395,-0.093364,0.147601
25.5955,desired,-0.476667,-0.476667,0.111111,0.111111
25.5958,state,-0.507275,-0.475231,-0.058944,-0.018225
25.6051,state,-0.501383,-0.475422,0.095600,-0.021882
25.6156,desired,-0.474442,-0.474442,0.111111,0.111111
25.6159,state,-0.496665,-0.475602,-0.082049,-0.021585
25.6172,state,-0.487663,-0.464394,-0.002219,0.313816
25.6250,state,-0.517472,-0.480395,-0.093364,0.147601
25.6351,state,-0.507275,-0.475231,-0.058944,-0.018225
25.6454,desired,-0.471112,-0.471112,0.111111,0.111111
25.6456,state,-0.501383,-0.475422,0.095600,-0.021882
25.6551,state,-0.496665,-0.475602,-0.082049,-0.021585
25.6656,desired,-0.468887,-0.468887,0.111111,0.111111
25.6659,state,-0.487663,-0.464394,-0.002219,0.313816
25.6750,state,-0.517472,-0.480395,-0.093364,0.147601
25.6850,state,-0.507275,-0.475231,-0.058944,-0.018225
25.6956,desired,-0.465556,-0.465556,0.111111,0.111111
25.6959,state,-0.501383,-0.475422,0.095600,-0.021882
25.7050,state,-0.496665,-0.475602,-0.082049,-0.021585
25.7156,desired,-0.463332,-0.463332,0.111111,0.111111
25.7159,state,-0.487663,-0.464394,-0.002219,0.313816
25.7171,state,-0.485389,-0.449615,-0.088351,0.123015
25.7174,state,-0.475208,-0.444735,-0.053182,-0.017184
25.7250,state,-0.501383,-0.475422,0.095600,-0.021882
25.7351,state,-0.496665,-0.475602,-0.082049,-0.021585
25.7450,state,-0.487663,-0.464394,-0.002219,0.313816
25.7455,desired,-0.460000,-0.460000,0.111111,0.111111
25.7550,state,-0.485389,-0.449615,-0.088351,0.123015
25.7656,desired,-0.457776,-0.457776,0.111111,0.111111
25.7659,state,-0.475208,-0.444735,-0.053182,-0.017184
25.7752,state,-0.501383,-0.475422,0.095600,-0.021882
25.7851,state,-0.496665,-0.475602,-0.082049,-0.021585
25.7950,state,-0.487663,-0.464394,-0.002219,0.313816
25.7955,desired,-0.454445,-0.454445,0.111111,0.111111
25.8052,state,-0.485389,-0.449615,-0.088351,0.123015
25.8155,desired,-0.452221,-0.452221,0.111111,0.111111
25.8157,state,-0.475208,-0.444735,-0.053182,-0.017184
25.8172,state,-0.468229,-0.444365,0.144097,0.007973
25.8182,state,-0.462482,-0.435653,-0.072295,0.173522
25.8251,state,-0.487663,-0.464394,-0.002219,0.313816
25.8350,state,-0.485389,-0.449615,-0.088351,0.123015
25.8450,state,-0.475208,-0.444735,-0.053182,-0.017184
25.8455,desired,-0.448889,-0.448889,0.111111,0.111111
25.8550,state,-0.468229,-0.444365,0.144097,0.007973
25.8658,desired,-0.446665,-0.446665,0.111111,0.111111
25.8662,state,-0.462482,-0.435653,-0.072295,0.173522
25.8751,state,-0.487663,-0.464394,-0.002219,0.313816
25.8851,state,-0.485389,-0.449615,-0.088351,0.123015
25.8951,state,-0.475208,-0.444735,-0.053182,-0.017184
25.8960,desired,-0.443332,-0.443332,0.111111,0.111111
25.9051,state,-0.468229,-0.444365,0.144097,0.007973
25.9151,state,-0.462482,-0.435653,-0.072295,0.173522
25.9167,state,-0.453394,-0.423000,0.004363,0.210432
25.9254,desired,-0.440001,-0.440001,0.111111,0.111111
25.9256,state,-0.485389,-0.449615,-0.088351,0.123015
25.9350,state,-0.475208,-0.444735,-0.053182,-0.017184
25.9454,desired,-0.437776,-0.437776,0.111111,0.111111
25.9456,state,-0.468229,-0.444365,0.144097,0.007973
25.9550,state,-0.462482,-0.435653,-0.072295,0.173522
25.9651,state,-0.453394,-0.423000,0.004363,0.210432
25.9754,desired,-0.434443,-0.434443,0.111111,0.111111
25.9757,state,-0.485389,-0.449615,-0.088351,0.123015
25.9851,state,-0.475208,-0.444735,-0.053182,-0.017184
25.9950,state,-0.468229,-0.444365,0.144097,0.007973
26.0050,state,-0.462482,-0.435653,-0.072295,0.173522
26.0054,desired,-0.431112,-0.431112,0.111111,0.111111
26.0151,state,-0.453394,-0.423000,0.004363,0.210432
26.0165,state,-0.451113,-0.419410,-0.082031,-0.018998
26.0173,state,-0.440932,-0.419575,-0.046858,-0.019294
26.0254,desired,-0.428887,-0.428887,0.111111,0.111111
26.0257,state,-0.468229,-0.444365,0.144097,0.007973
26.0350,state,-0.462482,-0.435653,-0.072295,0.173522
26.0451,state,-0.453394,-0.423000,0.004363,0.210432
26.0550,state,-0.451113,-0.419410,-0.082031,-0.018998
26.0555,desired,-0.425556,-0.425556,0.111111,0.111111
26.0651,state,-0.440932,-0.419575,-0.046858,-0.019294
26.0751,state,-0.468229,-0.444365,0.144097,0.007973
26.0854,desired,-0.422223,-0.422223,0.111111,0.111111
26.0857,state,-0.462482,-0.435653,-0.072295,0.173522
26.0951,state,-0.453394,-0.423000,0.004363,0.210432
26.1053,desired,-0.420000,-0.420000,0.111111,0.111111
26.1055,state,-0.451113,-0.419410,-0.082031,-0.018998
26.1151,state,-0.440932,-0.419575,-0.046858,-0.019294
26.1169,state,-0.435043,-0.415590,0.107694,0.190552
26.1176,state,-0.430328,-0.398767,-0.069847,0.213586
26.1250,state,-0.453394,-0.423000,0.004363,0.210432
26.1353,desired,-0.416667,-0.416667,0.111111,0.111111
26.1355,state,-0.451113,-0.419410,-0.082031,-0.018998
26.1451,state,-0.440932,-0.419575,-0.046858,-0.019294
26.1550,state,-0.435043,-0.415590,0.107694,0.190552
26.1653,desired,-0.413334,-0.413334,0.111111,0.111111
26.1655,state,-0.430328,-0.398767,-0.069847,0.213586
26.1750,state,-0.453394,-0.423000,0.004363,0.210432
26.1850,state,-0.451113,-0.419410,-0.082031,-0.018998
26.1953,desired,-0.410000,-0.410000,0.111111,0.111111
26.1955,state,-0.440932,-0.419575,-0.046858,-0.019294
26.2051,state,-0.435043,-0.415590,0.107694,0.190552
26.2154,desired,-0.407776,-0.407776,0.111111,0.111111
26.2155,state,-0.430328,-0.398767,-0.069847,0.213586
26.2172,state,-0.421329,-0.393150,0.009995,0.033186
26.2250,state,-0.451113,-0.419410,-0.082031,-0.018998
26.2350,state,-0.440932,-0.419575,-0.046858,-0.019294
26.2453,desired,-0.404445,-0.404445,0.111111,0.111111
26.2455,state,-0.435043,-0.415590,0.107694,0.190552
26.2550,state,-0.430328,-0.398767,-0.069847,0.213586
26.2650,state,-0.421329,-0.393150,0.009995,0.033186
26.2754,desired,-0.401113,-0.401113,0.111111,0.111111
26.2756,state,-0.451113,-0.419410,-0.082031,-0.018998
26.2850,state,-0.440932,-0.419575,-0.046858,-0.019294
26.2953,desired,-0.398888,-0.398888,0.111111,0.111111
26.2955,state,-0.435043,-0.415590,0.107694,0.190552
26.3050,state,-0.430328,-0.398767,-0.069847,0.213586
26.3151,state,-0.421329,-0.393150,0.009995,0.033186
26.3163,state,-0.419057,-0.393252,-0.076073,-0.018587
26.3165,state,-0.408874,-0.383910,-0.040843,0.208177
26.3253,desired,-0.395556,-0.395556,0.111111,0.111111
26.3255,state,-0.435043,-0.415590,0.107694,0.190552
26.3350,state,-0.430328,-0.398767,-0.069847,0.213586
26.3450,state,-0.421329,-0.393150,0.009995,0.033186
26.3550,state,-0.419057,-0.393252,-0.076073,-0.018587
26.3555,desired,-0.392224,-0.392224,0.111111,0.111111
26.3650,state,-0.408874,-0.383910,-0.040843,0.208177
26.3750,state,-0.435043,-0.415590,0.107694,0.190552
26.3854,desired,-0.388889,-0.388889,0.111111,0.111111
26.3856,state,-0.430328,-0.398767,-0.069847,0.213586
26.3950,state,-0.421329,-0.393150,0.009995,0.033186
26.4050,state,-0.419057,-0.393252,-0.076073,-0.018587
26.4156,desired,-0.385556,-0.385556,0.111111,0.111111
26.4159,state,-0.408874,-0.383910,-0.040843,0.208177
26.4166,state,-0.401896,-0.373476,0.156431,0.178308
26.4178,state,-0.396151,-0.366512,-0.059891,-0.011319
26.4251,state,-0.421329,-0.393150,0.009995,0.033186
26.4354,desired,-0.383333,-0.383333,0.111111,0.111111
26.4356,state,-0.419057,-0.393252,-0.076073,-0.018587
26.4450,state,-0.408874,-0.383910,-0.040843,0.208177
26.4550,state,-0.401896,-0.373476,0.156431,0.178308
26.4654,desired,-0.380001,-0.380001,0.111111,0.111111
26.4656,state,-0.396151,-0.366512,-0.059891,-0.011319
26.4750,state,-0.421329,-0.393150,0.009995,0.033186
26.4850,state,-0.419057,-0.393252,-0.076073,-0.018587
26.4954,desired,-0.376667,-0.376667,0.111111,0.111111
26.4956,state,-0.408874,-0.383910,-0.040843,0.208177
26.5050,state,-0.401896,-0.373476,0.156431,0.178308
26.5157,desired,-0.374442,-0.374442,0.111111,0.111111
26.5160,state,-0.396151,-0.366512,-0.059891,-0.011319
26.5173,state,-0.387065,-0.366685,0.016786,-0.017623
26.5251,state,-0.419057,-0.393252,-0.076073,-0.018587
26.5350,state,-0.408874,-0.383910,-0.040843,0.208177
26.5454,desired,-0.371111,-0.371111,0.111111,0.111111
26.5457,state,-0.401896,-0.373476,0.156431,0.178308
26.5550,state,-0.396151,-0.366512,-0.059891,-0.011319
26.5650,state,-0.387065,-0.366685,0.016786,-0.017623
26.5751,state,-0.419057,-0.393252,-0.076073,-0.018587
26.5757,desired,-0.367778,-0.367778,0.111111,0.111111
26.5850,state,-0.408874,-0.383910,-0.040843,0.208177
26.5951,state,-0.401896,-0.373476,0.156431,0.178308
26.6060,desired,-0.364445,-0.364445,0.111111,0.111111
26.6065,state,-0.396151,-0.366512,-0.059891,-0.011319
26.6150,state,-0.387065,-0.366685,0.016786,-0.017623
26.6162,state,-0.384786,-0.366855,-0.069553,-0.017374
26.6172,state,-0.374606,-0.348050,-0.034347,0.319961
26.6251,state,-0.401896,-0.373476,0.156431,0.178308
26.6355,desired,-0.361112,-0.361112,0.111111,0.111111
26.6357,state,-0.396151,-0.366512,-0.059891,-0.011319
26.6450,state,-0.387065,-0.366685,0.016786,-0.017623
26.6550,state,-0.384786,-0.366855,-0.069553,-0.017374
26.6655,desired,-0.357778,-0.357778,0.111111,0.111111
26.6657,state,-0.374606,-0.348050,-0.034347,0.319961
26.6751,state,-0.401896,-0.373476,0.156431,0.178308
26.6850,state,-0.396151,-0.366512,-0.059891,-0.011319
26.6950,state,-0.387065,-0.366685,0.016786,-0.017623
26.6957,desired,-0.354447,-0.354447,0.111111,0.111111
26.7050,state,-0.384786,-0.366855,-0.069553,-0.017374
26.7151,state,-0.374606,-0.348050,-0.034347,0.319961
26.7157,desired,-0.352221,-0.352221,0.111111,0.111111
26.7166,state,-0.368173,-0.338256,0.141653,0.097044
26.7186,state,-0.362942,-0.338252,-0.055296,-0.016329
26.7250,state,-0.387065,-0.366685,0.016786,-0.017623
26.7351,state,-0.384786,-0.366855,-0.069553,-0.017374
26.7454,desired,-0.348889,-0.348889,0.111111,0.111111
26.7456,state,-0.374606,-0.348050,-0.034347,0.319961
26.7551,state,-0.368173,-0.338256,0.141653,0.097044
26.7652,state,-0.362942,-0.338252,-0.055296,-0.016329
26.7660,desired,-0.346665,-0.346665,0.111111,0.111111
26.7751,state,-0.387065,-0.366685,0.016786,-0.017623
26.7855,desired,-0.344442,-0.344442,0.111111,0.111111
26.7858,state,-0.384786,-0.366855,-0.069553,-0.017374
26.7951,state,-0.374606,-0.348050,-0.034347,0.319961
26.8050,state,-0.368173,-0.338256,0.141653,0.097044
26.8154,desired,-0.341113,-0.341113,0.111111,0.111111
26.8157,state,-0.362942,-0.338252,-0.055296,-0.016329
26.8171,state,-0.354762,-0.336436,0.013521,0.056715
26.8250,state,-0.384786,-0.366855,-0.069553,-0.017374
26.8354,desired,-0.338889,-0.338889,0.111111,0.111111
26.8356,state,-0.374606,-0.348050,-0.034347,0.319961
26.8450,state,-0.368173,-0.338256,0.141653,0.097044
26.8551,state,-0.362942,-0.338252,-0.055296,-0.016329
26.8656,desired,-0.335554,-0.335554,0.111111,0.111111
26.8659,state,-0.354762,-0.336436,0.013521,0.056715
26.8750,state,-0.384786,-0.366855,-0.069553,-0.017374
26.8852,state,-0.374606,-0.348050,-0.034347,0.319961
26.8956,desired,-0.332223,-0.332223,0.111111,0.111111
26.8959,state,-0.368173,-0.338256,0.141653,0.097044
26.9050,state,-0.362942,-0.338252,-0.055296,-0.016329
26.9151,state,-0.354762,-0.336436,0.013521,0.056715
26.9162,state,-0.352710,-0.325954,-0.064171,0.151605
26.9165,state,-0.342548,-0.312960,-0.028224,0.153278
26.9254,desired,-0.328889,-0.328889,0.111111,0.111111
26.9256,state,-0.368173,-0.338256,0.141653,0.097044
26.9351,state,-0.362942,-0.338252,-0.055296,-0.016329
26.9450,state,-0.354762,-0.336436,0.013521,0.056715
26.9556,desired,-0.325554,-0.325554,0.111111,0.111111
26.9559,state,-0.352710,-0.325954,-0.064171,0.151605
26.9650,state,-0.342548,-0.312960,-0.028224,0.153278
26.9751,state,-0.368173,-0.338256,0.141653,0.097044
26.9856,desired,-0.322221,-0.322221,0.111111,0.111111
26.9859,state,-0.362942,-0.338252,-0.055296,-0.016329
26.9950,state,-0.354762,-0.336436,0.013521,0.056715
27.0051,state,-0.352710,-0.325954,-0.064171,0.151605
27.0154,desired,-0.318889,-0.318889,0.111111,0.111111
27.0156,state,-0.342548,-0.312960,-0.028224,0.153278
27.0179,state,-0.335572,-0.312869,0.169142,-0.015393
27.0191,state,-0.329828,-0.313034,-0.047134,-0.015209
27.0251,state,-0.354762,-0.336436,0.013521,0.056715
27.0351,state,-0.352710,-0.325954,-0.064171,0.151605
27.0456,desired,-0.315554,-0.315554,0.111111,0.111111
27.0459,state,-0.342548,-0.312960,-0.028224,0.153278
27.0550,state,-0.335572,-0.312869,0.169142,-0.015393
27.0650,state,-0.329828,-0.313034,-0.047134,-0.015209
27.0754,desired,-0.312223,-0.312223,0.111111,0.111111
27.0756,state,-0.354762,-0.336436,0.013521,0.056715
27.0851,state,-0.352710,-0.325954,-0.064171,0.151605
27.0956,desired,-0.310000,-0.310000,0.111111,0.111111
27.0959,state,-0.342548,-0.312960,-0.028224,0.153278
27.1050,state,-0.335572,-0.312869,0.169142,-0.015393
27.1156,desired,-0.307776,-0.307776,0.111111,0.111111
27.1159,state,-0.329828,-0.313034,-0.047134,-0.015209
27.1173,state,-0.320743,-0.300727,0.029567,0.345498
27.1250,state,-0.352710,-0.325954,-0.064171,0.151605
27.1351,state,-0.342548,-0.312960,-0.028224,0.153278
27.1454,desired,-0.304445,-0.304445,0.111111,0.111111
27.1457,state,-0.335572,-0.312869,0.169142,-0.015393
27.1551,state,-0.329828,-0.313034,-0.047134,-0.015209
27.1654,desired,-0.302220,-0.302220,0.111111,0.111111
27.1657,state,-0.320743,-0.300727,0.029567,0.345498
27.1752,state,-0.352710,-0.325954,-0.064171,0.151605
27.1851,state,-0.342548,-0.312960,-0.028224,0.153278
27.1955,desired,-0.298889,-0.298889,0.111111,0.111111
27.1958,state,-0.335572,-0.312869,0.169142,-0.015393
27.2051,state,-0.329828,-0.313034,-0.047134,-0.015209
27.2156,desired,-0.296665,-0.296665,0.111111,0.111111
27.2159,state,-0.320743,-0.300727,0.029567,0.345498
27.2171,state,-0.318464,-0.286979,-0.056737,0.080430
27.2181,state,-0.308285,-0.286504,-0.021489,-0.014448
27.2251,state,-0.335572,-0.312869,0.169142,-0.015393
27.2350,state,-0.329828,-0.313034,-0.047134,-0.015209
27.2454,desired,-0.293334,-0.293334,0.111111,0.111111
27.2456,state,-0.320743,-0.300727,0.029567,0.345498
27.2550,state,-0.318464,-0.286979,-0.056737,0.080430
27.2650,state,-0.308285,-0.286504,-0.021489,-0.014448
27.2753,desired,-0.290001,-0.290001,0.111111,0.111111
27.2755,state,-0.335572,-0.312869,0.169142,-0.015393
27.2851,state,-0.329828,-0.313034,-0.047134,-0.015209
27.2950,state,-0.320743,-0.300727,0.029567,0.345498
27.3054,desired,-0.286660,-0.286660,0.111111,0.111111
27.3055,state,-0.318464,-0.286979,-0.056737,0.080430
27.3150,state,-0.308285,-0.286504,-0.021489,-0.014448
27.3163,state,-0.302397,-0.284147,0.133152,0.114056
27.3171,state,-0.297683,-0.270409,-0.044350,0.182986
27.3250,state,-0.320743,-0.300727,0.029567,0.345498
27.3350,state,-0.318464,-0.286979,-0.056737,0.080430
27.3355,desired,-0.283335,-0.283335,0.111111,0.111111
27.3449,state,-0.308285,-0.286504,-0.021489,-0.014448
27.3550,state,-0.302397,-0.284147,0.133152,0.114056
27.3653,desired,-0.280002,-0.280002,0.111111,0.111111
27.3655,state,-0.297683,-0.270409,-0.044350,0.182986
27.3750,state,-0.320743,-0.300727,0.029567,0.345498
27.3850,state,-0.318464,-0.286979,-0.056737,0.080430
27.3953,desired,-0.276669,-0.276669,0.111111,0.111111
27.3955,state,-0.308285,-0.286504,-0.021489,-0.014448
27.4050,state,-0.302397,-0.284147,0.133152,0.114056
27.4150,state,-0.297683,-0.270409,-0.044350,0.182986
27.4165,state,-0.288683,-0.269365,0.035565,-0.013638
27.4252,state,-0.318464,-0.286979,-0.056737,0.080430
27.4257,desired,-0.273334,-0.273334,0.111111,0.111111
27.4350,state,-0.308285,-0.286504,-0.021489,-0.014448
27.4450,state,-0.302397,-0.284147,0.133152,0.114056
27.4553,desired,-0.270001,-0.270001,0.111111,0.111111
27.4556,state,-0.297683,-0.270409,-0.044350,0.182986
27.4650,state,-0.288683,-0.269365,0.035565,-0.013638
27.4750,state,-0.318464,-0.286979,-0.056737,0.080430
27.4855,desired,-0.266668,-0.266668,0.111111,0.111111
27.4858,state,-0.308285,-0.286504,-0.021489,-0.014448
27.4950,state,-0.302397,-0.284147,0.133152,0.114056
27.5055,desired,-0.264445,-0.264445,0.111111,0.111111
27.5057,state,-0.297683,-0.270409,-0.044350,0.182986
27.5150,state,-0.288683,-0.269365,0.035565,-0.013638
27.5160,state,-0.286412,-0.269537,-0.050462,-0.013628
27.5164,state,-0.275235,-0.250520,-0.010945,0.318292
27.5250,state,-0.302397,-0.284147,0.133152,0.114056
27.5354,desired,-0.261112,-0.261112,0.111111,0.111111
27.5356,state,-0.297683,-0.270409,-0.044350,0.182986
27.5450,state,-0.288683,-0.269365,0.035565,-0.013638
27.5550,state,-0.286412,-0.269537,-0.050462,-0.013628
27.5650,state,-0.275235,-0.250520,-0.010945,0.318292
27.5656,desired,-0.257778,-0.257778,0.111111,0.111111
27.5750,state,-0.302397,-0.284147,0.133152,0.114056
27.5856,desired,-0.255554,-0.255554,0.111111,0.111111
27.5859,state,-0.297683,-0.270409,-0.044350,0.182986
27.5950,state,-0.288683,-0.269365,0.035565,-0.013638
27.6051,state,-0.286412,-0.269537,-0.050462,-0.013628
27.6156,desired,-0.252221,-0.252221,0.111111,0.111111
27.6159,state,-0.275235,-0.250520,-0.010945,0.318292
27.6173,state,-0.268705,-0.244303,0.161388,-0.009838
27.6187,state,-0.263468,-0.244503,-0.035798,-0.013169
27.6250,state,-0.288683,-0.269365,0.035565,-0.013638
27.6351,state,-0.286412,-0.269537,-0.050462,-0.013628
27.6455,desired,-0.248890,-0.248890,0.111111,0.111111
27.6458,state,-0.275235,-0.250520,-0.010945,0.318292
27.6551,state,-0.268705,-0.244303,0.161388,-0.009838
27.6655,desired,-0.246667,-0.246667,0.111111,0.111111
27.6658,state,-0.263468,-0.244503,-0.035798,-0.013169
27.6751,state,-0.288683,-0.269365,0.035565,-0.013638
27.6850,state,-0.286412,-0.269537,-0.050462,-0.013628
27.6954,desired,-0.243334,-0.243334,0.111111,0.111111
27.6956,state,-0.275235,-0.250520,-0.010945,0.318292
27.7050,state,-0.268705,-0.244303,0.161388,-0.009838
27.7150,state,-0.263468,-0.244503,-0.035798,-0.013169
27.7169,state,-0.254424,-0.234519,0.042518,0.288716
27.7255,desired,-0.240001,-0.240001,0.111111,0.111111
27.7258,state,-0.286412,-0.269537,-0.050462,-0.013628
27.7350,state,-0.275235,-0.250520,-0.010945,0.318292
27.7450,state,-0.268705,-0.244303,0.161388,-0.009838
27.7550,state,-0.263468,-0.244503,-0.035798,-0.013169
27.7555,desired,-0.236667,-0.236667,0.111111,0.111111
27.7650,state,-0.254424,-0.234519,0.042518,0.288716
27.7750,state,-0.286412,-0.269537,-0.050462,-0.013628
27.7854,desired,-0.233334,-0.233334,0.111111,0.111111
27.7856,state,-0.275235,-0.250520,-0.010945,0.318292
27.7950,state,-0.268705,-0.244303,0.161388,-0.009838
27.8050,state,-0.263468,-0.244503,-0.035798,-0.013169
27.8156,desired,-0.229998,-0.229998,0.111111,0.111111
27.8160,state,-0.254424,-0.234519,0.042518,0.288716
27.8172,state,-0.252149,-0.224382,-0.043647,-0.002141
27.8182,state,-0.241974,-0.224556,-0.008372,-0.012224
27.8250,state,-0.268705,-0.244303,0.161388,-0.009838
27.8351,state,-0.263468,-0.244503,-0.035798,-0.013169
27.8450,state,-0.254424,-0.234519,0.042518,0.288716
27.8455,desired,-0.226667,-0.226667,0.111111,0.111111
27.8550,state,-0.252149,-0.224382,-0.043647,-0.002141
27.8650,state,-0.241974,-0.224556,-0.008372,-0.012224
27.8755,desired,-0.223335,-0.223335,0.111111,0.111111
27.8758,state,-0.268705,-0.244303,0.161388,-0.009838
27.8851,state,-0.263468,-0.244503,-0.035798,-0.013169
27.8950,state,-0.254424,-0.234519,0.042518,0.288716
27.9055,desired,-0.220001,-0.220001,0.111111,0.111111
27.9058,state,-0.252149,-0.224382,-0.043647,-0.002141
27.9151,state,-0.241974,-0.224556,-0.008372,-0.012224
27.9172,state,-0.235541,-0.219982,0.167648,0.229182
27.9181,state,-0.230313,-0.202880,-0.029209,0.202952
27.9256,desired,-0.217776,-0.217776,0.111111,0.111111
27.9259,state,-0.254424,-0.234519,0.042518,0.288716
27.9350,state,-0.252149,-0.224382,-0.043647,-0.002141
27.9451,state,-0.241974,-0.224556,-0.008372,-0.012224
27.9550,state,-0.235541,-0.219982,0.167648,0.229182
27.9555,desired,-0.214445,-0.214445,0.111111,0.111111
27.9650,state,-0.230313,-0.202880,-0.029209,0.202952
27.9750,state,-0.254424,-0.234519,0.042518,0.288716
27.9855,desired,-0.211112,-0.211112,0.111111,0.111111
27.9858,state,-0.252149,-0.224382,-0.043647,-0.002141
27.9951,state,-0.241974,-0.224556,-0.008372,-0.012224
28.0049,state,-0.235541,-0.219982,0.167648,0.229182
28.0152,desired,-0.207780,-0.207780,0.111111,0.111111
28.0154,state,-0.230313,-0.202880,-0.029209,0.202952
28.0162,state,-0.221272,-0.202719,0.049122,-0.011333
28.0250,state,-0.252149,-0.224382,-0.043647,-0.002141
28.0354,desired,-0.205556,-0.205556,0.111111,0.111111
28.0356,state,-0.241974,-0.224556,-0.008372,-0.012224
28.0450,state,-0.235541,-0.219982,0.167648,0.229182
28.0552,state,-0.230313,-0.202880,-0.029209,0.202952
28.0558,desired,-0.203332,-0.203332,0.111111,0.111111
28.0651,state,-0.221272,-0.202719,0.049122,-0.011333
28.0750,state,-0.252149,-0.224382,-0.043647,-0.002141
28.0854,desired,-0.200000,-0.200000,0.111111,0.111111
28.0856,state,-0.241974,-0.224556,-0.008372,-0.012224
28.0950,state,-0.235541,-0.219982,0.167648,0.229182
28.1056,desired,-0.197776,-0.197776,0.111111,0.111111
28.1059,state,-0.230313,-0.202880,-0.029209,0.202952
28.1151,state,-0.221272,-0.202719,0.049122,-0.011333
28.1179,state,-0.218998,-0.202905,-0.037012,-0.011181
28.1182,state,-0.209816,-0.186914,-0.005938,0.273248
28.1250,state,-0.235541,-0.219982,0.167648,0.229182
28.1356,desired,-0.194443,-0.194443,0.111111,0.111111
28.1359,state,-0.230313,-0.202880,-0.029209,0.202952
28.1450,state,-0.221272,-0.202719,0.049122,-0.011333
28.1555,desired,-0.192220,-0.192220,0.111111,0.111111
28.1558,state,-0.218998,-0.202905,-0.037012,-0.011181
28.1650,state,-0.209816,-0.186914,-0.005938,0.273248
28.1750,state,-0.235541,-0.219982,0.167648,0.229182
28.1854,desired,-0.188889,-0.188889,0.111111,0.111111
28.1856,state,-0.230313,-0.202880,-0.029209,0.202952
28.1950,state,-0.221272,-0.202719,0.049122,-0.011333
28.2056,desired,-0.186665,-0.186665,0.111111,0.111111
28.2059,state,-0.218998,-0.202905,-0.037012,-0.011181
28.2151,state,-0.209816,-0.186914,-0.005938,0.273248
28.2172,state,-0.202937,-0.182713,0.195089,-0.010133
28.2180,state,-0.197203,-0.182921,-0.020823,-0.010730
28.2251,state,-0.221272,-0.202719,0.049122,-0.011333
28.2350,state,-0.218998,-0.202905,-0.037012,-0.011181
28.2355,desired,-0.183334,-0.183334,0.111111,0.111111
28.2450,state,-0.209816,-0.186914,-0.005938,0.273248
28.2550,state,-0.202937,-0.182713,0.195089,-0.010133
28.2654,desired,-0.180000,-0.180000,0.111111,0.111111
28.2656,state,-0.197203,-0.182921,-0.020823,-0.010730
28.2750,state,-0.221272,-0.202719,0.049122,-0.011333
28.2850,state,-0.218998,-0.202905,-0.037012,-0.011181
28.2956,desired,-0.176666,-0.176666,0.111111,0.111111
28.2959,state,-0.209816,-0.186914,-0.005938,0.273248
28.3050,state,-0.202937,-0.182713,0.195089,-0.010133
28.3151,state,-0.197203,-0.182921,-0.020823,-0.010730
28.3172,state,-0.188119,-0.170421,0.055947,0.352186
28.3254,desired,-0.173334,-0.173334,0.111111,0.111111
28.3256,state,-0.218998,-0.202905,-0.037012,-0.011181
28.3351,state,-0.209816,-0.186914,-0.005938,0.273248
28.3450,state,-0.202937,-0.182713,0.195089,-0.010133
28.3553,desired,-0.170003,-0.170003,0.111111,0.111111
28.3555,state,-0.197203,-0.182921,-0.020823,-0.010730
28.3650,state,-0.188119,-0.170421,0.055947,0.352186
28.3755,desired,-0.167779,-0.167779,0.111111,0.111111
28.3758,state,-0.218998,-0.202905,-0.037012,-0.011181
28.3851,state,-0.209816,-0.186914,-0.005938,0.273248
28.3950,state,-0.202937,-0.182713,0.195089,-0.010133
28.4055,desired,-0.164445,-0.164445,0.111111,0.111111
28.4058,state,-0.197203,-0.182921,-0.020823,-0.010730
28.4150,state,-0.188119,-0.170421,0.055947,0.352186
28.4164,state,-0.185842,-0.159163,-0.030311,0.001291
28.4171,state,-0.175666,-0.159360,0.004980,-0.010012
28.4250,state,-0.202937,-0.182713,0.195089,-0.010133
28.4354,desired,-0.161111,-0.161111,0.111111,0.111111
28.4357,state,-0.197203,-0.182921,-0.020823,-0.010730
28.4450,state,-0.188119,-0.170421,0.055947,0.352186
28.4550,state,-0.185842,-0.159163,-0.030311,0.001291
28.4654,desired,-0.157778,-0.157778,0.111111,0.111111
28.4656,state,-0.175666,-0.159360,0.004980,-0.010012
28.4752,state,-0.202937,-0.182713,0.195089,-0.010133
28.4850,state,-0.197203,-0.182921,-0.020823,-0.010730
28.4956,desired,-0.154444,-0.154444,0.111111,0.111111
28.4959,state,-0.188119,-0.170421,0.055947,0.352186
28.5050,state,-0.185842,-0.159163,-0.030311,0.001291
28.5156,desired,-0.152221,-0.152221,0.111111,0.111111
28.5159,state,-0.175666,-0.159360,0.004980,-0.010012
28.5171,state,-0.169234,-0.154855,0.181000,0.229210
28.5180,state,-0.164007,-0.138393,-0.015824,0.189340
28.5250,state,-0.188119,-0.170421,0.055947,0.352186
28.5350,state,-0.185842,-0.159163,-0.030311,0.001291
28.5454,desired,-0.148890,-0.148890,0.111111,0.111111
28.5456,state,-0.175666,-0.159360,0.004980,-0.010012
28.5550,state,-0.169234,-0.154855,0.181000,0.229210
28.5654,desired,-0.146667,-0.146667,0.111111,0.111111
28.5656,state,-0.164007,-0.138393,-0.015824,0.189340
28.5750,state,-0.188119,-0.170421,0.055947,0.352186
28.5856,desired,-0.144443,-0.144443,0.111111,0.111111
28.5859,state,-0.185842,-0.159163,-0.030311,0.001291
28.5950,state,-0.175666,-0.159360,0.004980,-0.010012
28.6050,state,-0.169234,-0.154855,0.181000,0.229210
28.6154,desired,-0.141112,-0.141112,0.111111,0.111111
28.6157,state,-0.164007,-0.138393,-0.015824,0.189340
28.6167,state,-0.154966,-0.138306,0.062523,-0.009635
28.6250,state,-0.185842,-0.159163,-0.030311,0.001291
28.6350,state,-0.175666,-0.159360,0.004980,-0.010012
28.6454,desired,-0.137779,-0.137779,0.111111,0.111111
28.6456,state,-0.169234,-0.154855,0.181000,0.229210
28.6550,state,-0.164007,-0.138393,-0.015824,0.189340
28.6654,desired,-0.135556,-0.135556,0.111111,0.111111
28.6656,state,-0.154966,-0.138306,0.062523,-0.009635
28.6751,state,-0.185842,-0.159163,-0.030311,0.001291
28.6850,state,-0.175666,-0.159360,0.004980,-0.010012
28.6954,desired,-0.132223,-0.132223,0.111111,0.111111
28.6956,state,-0.169234,-0.154855,0.181000,0.229210
28.7050,state,-0.164007,-0.138393,-0.015824,0.189340
28.7156,desired,-0.129998,-0.129998,0.111111,0.111111
28.7159,state,-0.154966,-0.138306,0.062523,-0.009635
28.7174,state,-0.152692,-0.138548,-0.023594,-0.009446
28.7181,state,-0.143514,-0.121722,0.007484,0.281537
28.7251,state,-0.169234,-0.154855,0.181000,0.229210
28.7350,state,-0.164007,-0.138393,-0.015824,0.189340
28.7455,desired,-0.126668,-0.126668,0.111111,0.111111
28.7458,state,-0.154966,-0.138306,0.062523,-0.009635
28.7550,state,-0.152692,-0.138548,-0.023594,-0.009446
28.7656,desired,-0.124442,-0.124442,0.111111,0.111111
28.7659,state,-0.143514,-0.121722,0.007484,0.281537
28.7750,state,-0.169234,-0.154855,0.181000,0.229210
28.7850,state,-0.164007,-0.138393,-0.015824,0.189340
28.7956,desired,-0.121110,-0.121110,0.111111,0.111111
28.7959,state,-0.154966,-0.138306,0.062523,-0.009635
28.8050,state,-0.152692,-0.138548,-0.023594,-0.009446
28.8156,desired,-0.118887,-0.118887,0.111111,0.111111
28.8159,state,-0.143514,-0.121722,0.007484,0.281537
28.8181,state,-0.136635,-0.117669,0.208542,-0.008548
28.8204,state,-0.130901,-0.117942,-0.007355,-0.009126
28.8250,state,-0.154966,-0.138306,0.062523,-0.009635
28.8350,state,-0.152692,-0.138548,-0.023594,-0.009446
28.8455,desired,-0.115553,-0.115553,0.111111,0.111111
28.8458,state,-0.143514,-0.121722,0.007484,0.281537
28.8551,state,-0.136635,-0.117669,0.208542,-0.008548
28.8650,state,-0.130901,-0.117942,-0.007355,-0.009126
28.8755,desired,-0.112222,-0.112222,0.111111,0.111111
28.8757,state,-0.154966,-0.138306,0.062523,-0.009635
28.8851,state,-0.152692,-0.138548,-0.023594,-0.009446
28.8949,state,-0.143514,-0.121722,0.007484,0.281537
28.9056,desired,-0.108888,-0.108888,0.111111,0.111111
28.9059,state,-0.136635,-0.117669,0.208542,-0.008548
28.9150,state,-0.130901,-0.117942,-0.007355,-0.009126
28.9171,state,-0.121821,-0.105159,0.069392,0.360853
28.9249,state,-0.152692,-0.138548,-0.023594,-0.009446
28.9355,desired,-0.105557,-0.105557,0.111111,0.111111
28.9358,state,-0.143514,-0.121722,0.007484,0.281537
28.9450,state,-0.136635,-0.117669,0.208542,-0.008548
28.9550,state,-0.130901,-0.117942,-0.007355,-0.009126
28.9655,desired,-0.102223,-0.102223,0.111111,0.111111
28.9658,state,-0.121821,-0.105159,0.069392,0.360853
28.9751,state,-0.152692,-0.138548,-0.023594,-0.009446
28.9856,desired,-0.099998,-0.099998,0.111111,0.111111
28.9859,state,-0.143514,-0.121722,0.007484,0.281537
28.9951,state,-0.136635,-0.117669,0.208542,-0.008548
29.0050,state,-0.130901,-0.117942,-0.007355,-0.009126
29.0155,desired,-0.096664,-0.096664,0.111111,0.111111
29.0157,state,-0.121821,-0.105159,0.069392,0.360853
29.0165,state,-0.119545,-0.094190,-0.016821,0.002514
29.0181,state,-0.109364,-0.094466,0.018512,-0.008620
29.0250,state,-0.136635,-0.117669,0.208542,-0.008548
29.0350,state,-0.130901,-0.117942,-0.007355,-0.009126
29.0456,desired,-0.093332,-0.093332,0.111111,0.111111
29.0460,state,-0.121821,-0.105159,0.069392,0.360853
29.0550,state,-0.119545,-0.094190,-0.016821,0.002514
29.0650,state,-0.109364,-0.094466,0.018512,-0.008620
29.0756,desired,-0.089999,-0.089999,0.111111,0.111111
29.0759,state,-0.136635,-0.117669,0.208542,-0.008548
29.0850,state,-0.130901,-0.117942,-0.007355,-0.009126
29.0950,state,-0.121821,-0.105159,0.069392,0.360853
29.1054,desired,-0.086667,-0.086667,0.111111,0.111111
29.1057,state,-0.119545,-0.094190,-0.016821,0.002514
29.1151,state,-0.109364,-0.094466,0.018512,-0.008620
29.1172,state,-0.102933,-0.089771,0.194483,0.244179
29.1189,state,-0.097707,-0.073243,-0.002293,0.184163
29.1250,state,-0.121821,-0.105159,0.069392,0.360853
29.1356,desired,-0.083332,-0.083332,0.111111,0.111111
29.1359,state,-0.119545,-0.094190,-0.016821,0.002514
29.1451,state,-0.109364,-0.094466,0.018512,-0.008620
29.1550,state,-0.102933,-0.089771,0.194483,0.244179
29.1655,desired,-0.080000,-0.080000,0.111111,0.111111
29.1658,state,-0.097707,-0.073243,-0.002293,0.184163
29.1750,state,-0.121821,-0.105159,0.069392,0.360853
29.1850,state,-0.119545,-0.094190,-0.016821,0.002514
29.1958,desired,-0.076668,-0.076668,0.111111,0.111111
29.1961,state,-0.109364,-0.094466,0.018512,-0.008620
29.2051,state,-0.102933,-0.089771,0.194483,0.244179
29.2150,state,-0.097707,-0.073243,-0.002293,0.184163
29.2169,state,-0.088665,-0.073242,0.076073,-0.008267
29.2254,desired,-0.073334,-0.073334,0.111111,0.111111
29.2257,state,-0.119545,-0.094190,-0.016821,0.002514
29.2350,state,-0.109364,-0.094466,0.018512,-0.008620
29.2450,state,-0.102933,-0.089771,0.194483,0.244179
29.2555,desired,-0.070001,-0.070001,0.111111,0.111111
29.2558,state,-0.097707,-0.073243,-0.002293,0.184163
29.2650,state,-0.088665,-0.073242,0.076073,-0.008267
29.2750,state,-0.119545,-0.094190,-0.016821,0.002514
29.2854,desired,-0.066667,-0.066667,0.111111,0.111111
29.2856,state,-0.109364,-0.094466,0.018512,-0.008620
29.2950,state,-0.102933,-0.089771,0.194483,0.244179
29.3054,desired,-0.064445,-0.064445,0.111111,0.111111
29.3056,state,-0.097707,-0.073243,-0.002293,0.184163
29.3152,state,-0.088665,-0.073242,0.076073,-0.008267
29.3171,state,-0.086392,-0.073562,-0.010038,-0.008028
29.3174,state,-0.077214,-0.056454,0.021051,0.282823
29.3250,state,-0.102933,-0.089771,0.194483,0.244179
29.3356,desired,-0.061111,-0.061111,0.111111,0.111111
29.3358,state,-0.097707,-0.073243,-0.002293,0.184163
29.3450,state,-0.088665,-0.073242,0.076073,-0.008267
29.3550,state,-0.086392,-0.073562,-0.010038,-0.008028
29.3654,desired,-0.057779,-0.057779,0.111111,0.111111
29.3656,state,-0.077214,-0.056454,0.021051,0.282823
29.3750,state,-0.102933,-0.089771,0.194483,0.244179
29.3850,state,-0.097707,-0.073243,-0.002293,0.184163
29.3955,desired,-0.054446,-0.054446,0.111111,0.111111
29.3957,state,-0.088665,-0.073242,0.076073,-0.008267
29.4050,state,-0.086392,-0.073562,-0.010038,-0.008028
29.4151,state,-0.077214,-0.056454,0.021051,0.282823
29.4161,desired,-0.052220,-0.052220,0.111111,0.111111
29.4174,state,-0.070335,-0.052653,0.222113,-0.007206
29.4189,state,-0.064601,-0.053007,0.006231,-0.007740
29.4250,state,-0.088665,-0.073242,0.076073,-0.008267
29.4351,state,-0.086392,-0.073562,-0.010038,-0.008028
29.4455,desired,-0.048889,-0.048889,0.111111,0.111111
29.4458,state,-0.077214,-0.056454,0.021051,0.282823
29.4551,state,-0.070335,-0.052653,0.222113,-0.007206
29.4650,state,-0.064601,-0.053007,0.006231,-0.007740
29.4755,desired,-0.045557,-0.045557,0.111111,0.111111
29.4758,state,-0.088665,-0.073242,0.076073,-0.008267
29.4850,state,-0.086392,-0.073562,-0.010038,-0.008028
29.4950,state,-0.077214,-0.056454,0.021051,0.282823
29.5055,desired,-0.042222,-0.042222,0.111111,0.111111
29.5057,state,-0.070335,-0.052653,0.222113,-0.007206
29.5150,state,-0.064601,-0.053007,0.006231,-0.007740
29.5163,state,-0.055520,-0.039855,0.083005,0.371638
29.5250,state,-0.086392,-0.073562,-0.010038,-0.008028
29.5354,desired,-0.038890,-0.038890,0.111111,0.111111
29.5357,state,-0.077214,-0.056454,0.021051,0.282823
29.5450,state,-0.070335,-0.052653,0.222113,-0.007206
29.5550,state,-0.064601,-0.053007,0.006231,-0.007740
29.5654,desired,-0.035557,-0.035557,0.111111,0.111111
29.5656,state,-0.055520,-0.039855,0.083005,0.371638
29.5750,state,-0.086392,-0.073562,-0.010038,-0.008028
29.5854,desired,-0.033333,-0.033333,0.111111,0.111111
29.5857,state,-0.077214,-0.056454,0.021051,0.282823
29.5950,state,-0.070335,-0.052653,0.222113,-0.007206
29.6054,desired,-0.031110,-0.031110,0.111111,0.111111
29.6057,state,-0.064601,-0.053007,0.006231,-0.007740
29.6151,state,-0.055520,-0.039855,0.083005,0.371638
29.6175,state,-0.053243,-0.029145,-0.003217,0.003679
29.6183,state,-0.043065,-0.029507,0.032113,-0.007294
29.6250,state,-0.070335,-0.052653,0.222113,-0.007206
29.6356,desired,-0.027778,-0.027778,0.111111,0.111111
29.6359,state,-0.064601,-0.053007,0.006231,-0.007740
29.6450,state,-0.055520,-0.039855,0.083005,0.371638
29.6550,state,-0.053243,-0.029145,-0.003217,0.003679
29.6655,desired,-0.024445,-0.024445,0.111111,0.111111
29.6658,state,-0.043065,-0.029507,0.032113,-0.007294
29.6751,state,-0.070335,-0.052653,0.222113,-0.007206
29.6851,state,-0.064601,-0.053007,0.006231,-0.007740
29.6954,desired,-0.021111,-0.021111,0.111111,0.111111
29.6957,state,-0.055520,-0.039855,0.083005,0.371638
29.7051,state,-0.053243,-0.029145,-0.003217,0.003679
29.7150,state,-0.043065,-0.029507,0.032113,-0.007294
29.7168,state,-0.036633,-0.024656,0.208145,0.257624
29.7178,state,-0.031406,-0.008200,0.011335,0.176431
29.7257,desired,-0.017776,-0.017776,0.111111,0.111111
29.7260,state,-0.055520,-0.039855,0.083005,0.371638
29.7351,state,-0.053243,-0.029145,-0.003217,0.003679
29.7451,state,-0.043065,-0.029507,0.032113,-0.007294
29.7556,desired,-0.014444,-0.014444,0.111111,0.111111
29.7559,state,-0.036633,-0.024656,0.208145,0.257624
29.7652,state,-0.031406,-0.008200,0.011335,0.176431
29.7750,state,-0.055520,-0.039855,0.083005,0.371638
29.7854,desired,-0.011112,-0.011112,0.111111,0.111111
29.7856,state,-0.053243,-0.029145,-0.003217,0.003679
29.7950,state,-0.043065,-0.029507,0.032113,-0.007294
29.8050,state,-0.036633,-0.024656,0.208145,0.257624
29.8154,desired,-0.007778,-0.007778,0.111111,0.111111
29.8156,state,-0.031406,-0.008200,0.011335,0.176431
29.8166,state,-0.023227,-0.008292,0.080226,-0.006936
29.8250,state,-0.053243,-0.029145,-0.003217,0.003679
29.8350,state,-0.043065,-0.029507,0.032113,-0.007294
29.8456,desired,-0.004445,-0.004445,0.111111,0.111111
29.8460,state,-0.036633,-0.024656,0.208145,0.257624
29.8550,state,-0.031406,-0.008200,0.011335,0.176431
29.8656,desired,-0.002222,-0.002222,0.111111,0.111111
29.8660,state,-0.023227,-0.008292,0.080226,-0.006936
29.8750,state,-0.053243,-0.029145,-0.003217,0.003679
29.8857,desired,0.000002,0.000002,0.111111,0.111111
29.8861,state,-0.043065,-0.029507,0.032113,-0.007294
29.8950,state,-0.036633,-0.024656,0.208145,0.257624
29.9050,state,-0.031406,-0.008200,0.011335,0.176431
29.9154,desired,0.003331,0.003331,0.111111,0.111111
29.9157,state,-0.023227,-0.008292,0.080226,-0.006936
29.9177,state,-0.021178,-0.008694,0.002610,-0.006660
29.9180,state,-0.010021,0.009943,0.042878,0.298322
29.9250,state,-0.036633,-0.024656,0.208145,0.257624
29.9354,desired,0.005554,0.005554,0.111111,0.111111
29.9356,state,-0.031406,-0.008200,0.011335,0.176431
29.9450,state,-0.023227,-0.008292,0.080226,-0.006936
29.9555,desired,0.007777,0.007777,0.111111,0.111111
29.9558,state,-0.021178,-0.008694,0.002610,-0.006660
29.9650,state,-0.010021,0.009943,0.042878,0.298322
29.9750,state,-0.036633,-0.024656,0.208145,0.257624
29.9854,desired,0.011110,0.011110,0.111111,0.111111
29.9856,state,-0.031406,-0.008200,0.011335,0.176431
29.9950,state,-0.023227,-0.008292,0.080226,-0.006936
30.0056,desired,0.013335,0.013335,0.111111,0.111111
30.0059,state,-0.021178,-0.008694,0.002610,-0.006660
30.0150,state,-0.010021,0.009943,0.042878,0.298322
30.0163,state,-0.003494,0.013635,0.215271,-0.005770
30.0170,state,0.001740,0.013200,0.018186,-0.006313
30.0250,state,-0.023227,-0.008292,0.080226,-0.006936
30.0354,desired,0.016666,0.016666,0.111111,0.111111
30.0356,state,-0.021178,-0.008694,0.002610,-0.006660
30.0450,state,-0.010021,0.009943,0.042878,0.298322
30.0550,state,-0.003494,0.013635,0.215271,-0.005770
30.0656,desired,0.020002,0.020002,0.111111,0.111111
30.0659,state,0.001740,0.013200,0.018186,-0.006313
30.0750,state,-0.023227,-0.008292,0.080226,-0.006936
30.0851,state,-0.021178,-0.008694,0.002610,-0.006660
30.0954,desired,0.023333,0.023333,0.111111,0.111111
30.0957,state,-0.010021,0.009943,0.042878,0.298322
30.1050,state,-0.003494,0.013635,0.215271,-0.005770
30.1150,state,0.001740,0.013200,0.018186,-0.006313
30.1170,state,0.010785,0.025614,0.096555,0.355050
30.1254,desired,0.026665,0.026665,0.111111,0.111111
30.1256,state,-0.021178,-0.008694,0.002610,-0.006660
30.1351,state,-0.010021,0.009943,0.042878,0.298322
30.1450,state,-0.003494,0.013635,0.215271,-0.005770
30.1555,desired,0.030000,0.030000,0.111111,0.111111
30.1558,state,0.001740,0.013200,0.018186,-0.006313
30.1650,state,0.010785,0.025614,0.096555,0.355050
30.1756,desired,0.032224,0.032224,0.111111,0.111111
30.1759,state,-0.021178,-0.008694,0.002610,-0.006660
30.1850,state,-0.010021,0.009943,0.042878,0.298322
30.1950,state,-0.003494,0.013635,0.215271,-0.005770
30.2056,desired,0.035558,0.035558,0.111111,0.111111
30.2059,state,0.001740,0.013200,0.018186,-0.006313
30.2150,state,0.010785,0.025614,0.096555,0.355050
30.2163,state,0.013059,0.035315,0.010427,0.004057
30.2172,state,0.023232,0.034868,0.045746,-0.005979
30.2251,state,-0.003494,0.013635,0.215271,-0.005770
30.2354,desired,0.038889,0.038889,0.111111,0.111111
30.2357,state,0.001740,0.013200,0.018186,-0.006313
30.2450,state,0.010785,0.025614,0.096555,0.355050
30.2556,desired,0.041113,0.041113,0.111111,0.111111
30.2559,state,0.013059,0.035315,0.010427,0.004057
30.2650,state,0.023232,0.034868,0.045746,-0.005979
30.2751,state,-0.003494,0.013635,0.215271,-0.005770
30.2854,desired,0.044443,0.044443,0.111111,0.111111
30.2856,state,0.001740,0.013200,0.018186,-0.006313
30.2950,state,0.010785,0.025614,0.096555,0.355050
30.3050,state,0.013059,0.035315,0.010427,0.004057
30.3156,desired,0.047780,0.047780,0.111111,0.111111
30.3159,state,0.023232,0.034868,0.045746,-0.005979
30.3172,state,0.029665,0.040093,0.221854,0.282094
30.3179,state,0.034894,0.056771,0.024994,0.169202
30.3250,state,0.010785,0.025614,0.096555,0.355050
30.3350,state,0.013059,0.035315,0.010427,0.004057
30.3455,desired,0.051109,0.051109,0.111111,0.111111
30.3458,state,0.023232,0.034868,0.045746,-0.005979
30.3550,state,0.029665,0.040093,0.221854,0.282094
30.3656,desired,0.053336,0.053336,0.111111,0.111111
30.3659,state,0.034894,0.056771,0.024994,0.169202
30.3751,state,0.010785,0.025614,0.096555,0.355050
30.3851,state,0.013059,0.035315,0.010427,0.004057
30.3954,desired,0.056666,0.056666,0.111111,0.111111
30.3956,state,0.023232,0.034868,0.045746,-0.005979
30.4050,state,0.029665,0.040093,0.221854,0.282094
30.4156,desired,0.058892,0.058892,0.111111,0.111111
30.4159,state,0.034894,0.056771,0.024994,0.169202
30.4172,state,0.043932,0.056590,0.103321,-0.005588
30.4251,state,0.013059,0.035315,0.010427,0.004057
30.4350,state,0.023232,0.034868,0.045746,-0.005979
30.4455,desired,0.062221,0.062221,0.111111,0.111111
30.4459,state,0.029665,0.040093,0.221854,0.282094
30.4552,state,0.034894,0.056771,0.024994,0.169202
30.4654,desired,0.064444,0.064444,0.111111,0.111111
30.4657,state,0.043932,0.056590,0.103321,-0.005588
30.4752,state,0.013059,0.035315,0.010427,0.004057
30.4850,state,0.023232,0.034868,0.045746,-0.005979
30.4954,desired,0.067776,0.067776,0.111111,0.111111
30.4957,state,0.029665,0.040093,0.221854,0.282094
30.5050,state,0.034894,0.056771,0.024994,0.169202
30.5151,state,0.043932,0.056590,0.103321,-0.005588
30.5168,state,0.046204,0.056106,0.017246,-0.005296
30.5171,state,0.056382,0.074969,0.052583,0.296101
30.5254,desired,0.071110,0.071110,0.111111,0.111111
30.5256,state,0.029665,0.040093,0.221854,0.282094
30.5350,state,0.034894,0.056771,0.024994,0.169202
30.5456,desired,0.073335,0.073335,0.111111,0.111111
30.5459,state,0.043932,0.056590,0.103321,-0.005588
30.5550,state,0.046204,0.056106,0.017246,-0.005296
30.5651,state,0.056382,0.074969,0.052583,0.296101
30.5756,desired,0.076669,0.076669,0.111111,0.111111
30.5759,state,0.029665,0.040093,0.221854,0.282094
30.5850,state,0.034894,0.056771,0.024994,0.169202
30.5950,state,0.043932,0.056590,0.103321,-0.005588
30.6054,desired,0.079999,0.079999,0.111111,0.111111
30.6056,state,0.046204,0.056106,0.017246,-0.005296
30.6151,state,0.056382,0.074969,0.052583,0.296101
30.6174,state,0.062813,0.078276,0.228599,-0.004449
30.6188,state,0.068039,0.077758,0.031806,-0.004962
30.6250,state,0.043932,0.056590,0.103321,-0.005588
30.6354,desired,0.083332,0.083332,0.111111,0.111111
30.6356,state,0.046204,0.056106,0.017246,-0.005296
30.6450,state,0.056382,0.074969,0.052583,0.296101
30.6555,desired,0.085555,0.085555,0.111111,0.111111
30.6558,state,0.062813,0.078276,0.228599,-0.004449
30.6650,state,0.068039,0.077758,0.031806,-0.004962
30.6750,state,0.043932,0.056590,0.103321,-0.005588
30.6855,desired,0.088889,0.088889,0.111111,0.111111
30.6858,state,0.046204,0.056106,0.017246,-0.005296
30.6950,state,0.056382,0.074969,0.052583,0.296101
30.7050,state,0.062813,0.078276,0.228599,-0.004449
30.7154,desired,0.092221,0.092221,0.111111,0.111111
30.7156,state,0.068039,0.077758,0.031806,-0.004962
30.7165,state,0.077080,0.090641,0.110167,0.367391
30.7251,state,0.046204,0.056106,0.017246,-0.005296
30.7354,desired,0.094444,0.094444,0.111111,0.111111
30.7356,state,0.056382,0.074969,0.052583,0.296101
30.7452,state,0.062813,0.078276,0.228599,-0.004449
30.7550,state,0.068039,0.077758,0.031806,-0.004962
30.7654,desired,0.097776,0.097776,0.111111,0.111111
30.7656,state,0.077080,0.090641,0.110167,0.367391
30.7750,state,0.046204,0.056106,0.017246,-0.005296
30.7854,desired,0.100000,0.100000,0.111111,0.111111
30.7856,state,0.056382,0.074969,0.052583,0.296101
30.7950,state,0.062813,0.078276,0.228599,-0.004449
30.8050,state,0.068039,0.077758,0.031806,-0.004962
30.8152,state,0.077080,0.090641,0.110167,0.367391
30.8160,desired,0.103335,0.103335,0.111111,0.111111
30.8168,state,0.079354,0.099933,0.024064,0.004974
30.8180,state,0.089532,0.099405,0.059398,-0.004620
30.8251,state,0.062813,0.078276,0.228599,-0.004449
30.8350,state,0.068039,0.077758,0.031806,-0.004962
30.8456,desired,0.106669,0.106669,0.111111,0.111111
30.8459,state,0.077080,0.090641,0.110167,0.367391
30.8550,state,0.079354,0.099933,0.024064,0.004974
30.8651,state,0.089532,0.099405,0.059398,-0.004620
30.8754,desired,0.109999,0.109999,0.111111,0.111111
30.8756,state,0.062813,0.078276,0.228599,-0.004449
30.8852,state,0.068039,0.077758,0.031806,-0.004962
30.8950,state,0.077080,0.090641,0.110167,0.367391
30.9057,desired,0.113335,0.113335,0.111111,0.111111
30.9060,state,0.079354,0.099933,0.024064,0.004974
30.9150,state,0.089532,0.099405,0.059398,-0.004620
30.9168,state,0.095963,0.104865,0.235396,0.299503
30.9187,state,0.101189,0.121296,0.038610,0.153973
30.9251,state,0.077080,0.090641,0.110167,0.367391
30.9353,desired,0.116665,0.116665,0.111111,0.111111
30.9356,state,0.079354,0.099933,0.024064,0.004974
30.9450,state,0.089532,0.099405,0.059398,-0.004620
30.9557,desired,0.118891,0.118891,0.111111,0.111111
30.9561,state,0.095963,0.104865,0.235396,0.299503
30.9650,state,0.101189,0.121296,0.038610,0.153973
30.9751,state,0.077080,0.090641,0.110167,0.367391
30.9851,state,0.079354,0.099933,0.024064,0.004974
30.9858,desired,0.122221,0.122221,0.111111,0.111111
30.9952,state,0.089532,0.099405,0.059398,-0.004620
31.0051,state,0.095963,0.104865,0.235396,0.299503
31.0058,desired,0.124445,0.124445,0.111111,0.111111
31.0153,state,0.101189,0.121296,0.038610,0.153973
31.0178,state,0.110233,0.121015,0.117000,-0.004220
31.0250,state,0.079354,0.099933,0.024064,0.004974
31.0356,desired,0.127777,0.127777,0.111111,0.111111
31.0359,state,0.089532,0.099405,0.059398,-0.004620
31.0451,state,0.095963,0.104865,0.235396,0.299503
31.0550,state,0.101189,0.121296,0.038610,0.153973
31.0661,desired,0.131113,0.131113,0.111111,0.111111
31.0666,state,0.110233,0.121015,0.117000,-0.004220
31.0750,state,0.079354,0.099933,0.024064,0.004974
31.0852,state,0.089532,0.099405,0.059398,-0.004620
31.0956,desired,0.134443,0.134443,0.111111,0.111111
31.0959,state,0.095963,0.104865,0.235396,0.299503
31.1052,state,0.101189,0.121296,0.038610,0.153973
31.1150,state,0.110233,0.121015,0.117000,-0.004220
31.1165,state,0.112507,0.120451,0.030865,-0.003937
31.1167,state,0.122683,0.139758,0.066182,0.294373
31.1256,desired,0.137777,0.137777,0.111111,0.111111
31.1259,state,0.095963,0.104865,0.235396,0.299503
31.1350,state,0.101189,0.121296,0.038610,0.153973
31.1450,state,0.110233,0.121015,0.117000,-0.004220
31.1556,desired,0.141110,0.141110,0.111111,0.111111
31.1559,state,0.112507,0.120451,0.030865,-0.003937
31.1650,state,0.122683,0.139758,0.066182,0.294373
31.1761,desired,0.143336,0.143336,0.111111,0.111111
31.1764,state,0.095963,0.104865,0.235396,0.299503
31.1851,state,0.101189,0.121296,0.038610,0.153973
31.1950,state,0.110233,0.121015,0.117000,-0.004220
31.2056,desired,0.146665,0.146665,0.111111,0.111111
31.2059,state,0.112507,0.120451,0.030865,-0.003937
31.2150,state,0.122683,0.139758,0.066182,0.294373
31.2167,state,0.129115,0.142593,0.242236,-0.003105
31.2183,state,0.134343,0.141998,0.045398,-0.003594
31.2261,desired,0.148891,0.148891,0.111111,0.111111
31.2266,state,0.110233,0.121015,0.117000,-0.004220
31.2350,state,0.112507,0.120451,0.030865,-0.003937
31.2450,state,0.122683,0.139758,0.066182,0.294373
31.2556,desired,0.152221,0.152221,0.111111,0.111111
31.2559,state,0.129115,0.142593,0.242236,-0.003105
31.2650,state,0.134343,0.141998,0.045398,-0.003594
31.2756,desired,0.154447,0.154447,0.111111,0.111111
31.2760,state,0.110233,0.121015,0.117000,-0.004220
31.2850,state,0.112507,0.120451,0.030865,-0.003937
31.2950,state,0.122683,0.139758,0.066182,0.294373
31.3055,desired,0.157776,0.157776,0.111111,0.111111
31.3058,state,0.129115,0.142593,0.242236,-0.003105
31.3151,state,0.134343,0.141998,0.045398,-0.003594
31.3166,state,0.143381,0.155389,0.123717,0.379981
31.3250,state,0.112507,0.120451,0.030865,-0.003937
31.3353,desired,0.161110,0.161110,0.111111,0.111111
31.3355,state,0.122683,0.139758,0.066182,0.294373
31.3450,state,0.129115,0.142593,0.242236,-0.003105
31.3550,state,0.134343,0.141998,0.045398,-0.003594
31.3650,state,0.143381,0.155389,0.123717,0.379981
31.3655,desired,0.164444,0.164444,0.111111,0.111111
31.3750,state,0.112507,0.120451,0.030865,-0.003937
31.3850,state,0.122683,0.139758,0.066182,0.294373
31.3953,desired,0.167777,0.167777,0.111111,0.111111
31.3955,state,0.129115,0.142593,0.242236,-0.003105
31.4050,state,0.134343,0.141998,0.045398,-0.003594
31.4150,state,0.143381,0.155389,0.123717,0.379981
31.4165,state,0.145654,0.164082,0.037631,0.005536
31.4172,state,0.155832,0.163475,0.072953,-0.003239
31.4254,desired,0.171110,0.171110,0.111111,0.111111
31.4257,state,0.129115,0.142593,0.242236,-0.003105
31.4350,state,0.134343,0.141998,0.045398,-0.003594
31.4450,state,0.143381,0.155389,0.123717,0.379981
31.4454,desired,0.173333,0.173333,0.111111,0.111111
31.4550,state,0.145654,0.164082,0.037631,0.005536
31.4650,state,0.155832,0.163475,0.072953,-0.003239
31.4754,desired,0.176665,0.176665,0.111111,0.111111
31.4757,state,0.129115,0.142593,0.242236,-0.003105
31.4850,state,0.134343,0.141998,0.045398,-0.003594
31.4956,desired,0.178891,0.178891,0.111111,0.111111
31.4960,state,0.143381,0.155389,0.123717,0.379981
31.5051,state,0.145654,0.164082,0.037631,0.005536
31.5151,state,0.155832,0.163475,0.072953,-0.003239
31.5172,state,0.162263,0.169199,0.248970,0.318173
31.5181,state,0.167491,0.185230,0.052149,0.131527
31.5254,desired,0.182222,0.182222,0.111111,0.111111
31.5256,state,0.143381,0.155389,0.123717,0.379981
31.5350,state,0.145654,0.164082,0.037631,0.005536
31.5450,state,0.155832,0.163475,0.072953,-0.003239
31.5553,desired,0.185554,0.185554,0.111111,0.111111
31.5555,state,0.162263,0.169199,0.248970,0.318173
31.5650,state,0.167491,0.185230,0.052149,0.131527
31.5750,state,0.143381,0.155389,0.123717,0.379981
31.5853,desired,0.188887,0.188887,0.111111,0.111111
31.5856,state,0.145654,0.164082,0.037631,0.005536
31.5950,state,0.155832,0.163475,0.072953,-0.003239
31.6050,state,0.162263,0.169199,0.248970,0.318173
31.6155,desired,0.192222,0.192222,0.111111,0.111111
31.6157,state,0.167491,0.185230,0.052149,0.131527
31.6175,state,0.176533,0.184841,0.130505,-0.002804
31.6250,state,0.145654,0.164082,0.037631,0.005536
31.6350,state,0.155832,0.163475,0.072953,-0.003239
31.6454,desired,0.195554,0.195554,0.111111,0.111111
31.6457,state,0.162263,0.169199,0.248970,0.318173
31.6550,state,0.167491,0.185230,0.052149,0.131527
31.6650,state,0.176533,0.184841,0.130505,-0.002804
31.6750,state,0.145654,0.164082,0.037631,0.005536
31.6756,desired,0.198889,0.198889,0.111111,0.111111
31.6850,state,0.155832,0.163475,0.072953,-0.003239
31.6949,state,0.162263,0.169199,0.248970,0.318173
31.7054,desired,0.202222,0.202222,0.111111,0.111111
31.7056,state,0.167491,0.185230,0.052149,0.131527
31.7150,state,0.176533,0.184841,0.130505,-0.002804
31.7162,state,0.178807,0.184202,0.044376,-0.002562
31.7164,state,0.188983,0.203857,0.079680,0.290726
31.7250,state,0.162263,0.169199,0.248970,0.318173
31.7350,state,0.167491,0.185230,0.052149,0.131527
31.7357,desired,0.205555,0.205555,0.111111,0.111111
31.7450,state,0.176533,0.184841,0.130505,-0.002804
31.7551,state,0.178807,0.184202,0.044376,-0.002562
31.7650,state,0.188983,0.203857,0.079680,0.290726
31.7655,desired,0.208888,0.208888,0.111111,0.111111
31.7750,state,0.162263,0.169199,0.248970,0.318173
31.7850,state,0.167491,0.185230,0.052149,0.131527
31.7958,desired,0.212220,0.212220,0.111111,0.111111
31.7961,state,0.176533,0.184841,0.130505,-0.002804
31.8050,state,0.178807,0.184202,0.044376,-0.002562
31.8151,state,0.188983,0.203857,0.079680,0.290726
31.8157,desired,0.214444,0.214444,0.111111,0.111111
31.8166,state,0.195415,0.206053,0.255715,-0.001709
31.8177,state,0.200643,0.205387,0.058866,-0.002174
31.8250,state,0.176533,0.184841,0.130505,-0.002804
31.8350,state,0.178807,0.184202,0.044376,-0.002562
31.8356,desired,0.216666,0.216666,0.111111,0.111111
31.8450,state,0.188983,0.203857,0.079680,0.290726
31.8550,state,0.195415,0.206053,0.255715,-0.001709
31.8654,desired,0.219999,0.219999,0.111111,0.111111
31.8656,state,0.200643,0.205387,0.058866,-0.002174
31.8750,state,0.176533,0.184841,0.130505,-0.002804
31.8851,state,0.178807,0.184202,0.044376,-0.002562
31.8954,desired,0.223333,0.223333,0.111111,0.111111
31.8957,state,0.188983,0.203857,0.079680,0.290726
31.9050,state,0.195415,0.206053,0.255715,-0.001709
31.9150,state,0.200643,0.205387,0.058866,-0.002174
31.9166,state,0.209685,0.219169,0.137203,0.392996
31.9254,desired,0.226666,0.226666,0.111111,0.111111
31.9256,state,0.178807,0.184202,0.044376,-0.002562
31.9350,state,0.188983,0.203857,0.079680,0.290726
31.9450,state,0.195415,0.206053,0.255715,-0.001709
31.9554,desired,0.229999,0.229999,0.111111,0.111111
31.9557,state,0.200643,0.205387,0.058866,-0.002174
31.9651,state,0.209685,0.219169,0.137203,0.392996
31.9751,state,0.178807,0.184202,0.044376,-0.002562
31.9854,desired,0.233333,0.233333,0.111111,0.111111
31.9857,state,0.188983,0.203857,0.079680,0.290726
31.9951,state,0.195415,0.206053,0.255715,-0.001709
32.0051,state,0.200643,0.205387,0.058866,-0.002174
32.0152,state,0.209685,0.219169,0.137203,0.392996
32.0161,desired,0.236669,0.236669,0.111111,0.111111
32.0167,state,0.211959,0.227073,0.051076,0.005708
32.0183,state,0.222137,0.226398,0.086374,-0.001761
32.0250,state,0.195415,0.206053,0.255715,-0.001709
32.0350,state,0.200643,0.205387,0.058866,-0.002174
32.0451,state,0.209685,0.219169,0.137203,0.392996
32.0457,desired,0.239999,0.239999,0.111111,0.111111
32.0551,state,0.211959,0.227073,0.051076,0.005708
32.0652,state,0.222137,0.226398,0.086374,-0.001761
32.0660,desired,0.242224,0.242224,0.111111,0.111111
32.0750,state,0.195415,0.206053,0.255715,-0.001709
32.0852,state,0.200643,0.205387,0.058866,-0.002174
32.0951,state,0.209685,0.219169,0.137203,0.392996
32.0957,desired,0.245555,0.245555,0.111111,0.111111
32.1051,state,0.211959,0.227073,0.051076,0.005708
32.1154,desired,0.247778,0.247778,0.111111,0.111111
32.1156,state,0.222137,0.226398,0.086374,-0.001761
32.1165,state,0.228569,0.232229,0.262384,0.328564
32.1179,state,0.233797,0.247709,0.065536,0.099617
32.1251,state,0.209685,0.219169,0.137203,0.392996
32.1357,desired,0.250004,0.250004,0.111111,0.111111
32.1360,state,0.211959,0.227073,0.051076,0.005708
32.1450,state,0.222137,0.226398,0.086374,-0.001761
32.1551,state,0.228569,0.232229,0.262384,0.328564
32.1650,state,0.233797,0.247709,0.065536,0.099617
32.1658,desired,0.253333,0.253333,0.111111,0.111111
32.1751,state,0.209685,0.219169,0.137203,0.392996
32.1850,state,0.211959,0.227073,0.051076,0.005708
32.1952,state,0.222137,0.226398,0.086374,-0.001761
32.1961,desired,0.256669,0.256669,0.111111,0.111111
32.2050,state,0.228569,0.232229,0.262384,0.328564
32.2151,state,0.233797,0.247709,0.065536,0.099617
32.2171,state,0.242840,0.247205,0.143886,-0.001295
32.2251,state,0.211959,0.227073,0.051076,0.005708
32.2259,desired,0.260000,0.260000,0.111111,0.111111
32.2350,state,0.222137,0.226398,0.086374,-0.001761
32.2450,state,0.228569,0.232229,0.262384,0.328564
32.2550,state,0.233797,0.247709,0.065536,0.099617
32.2557,desired,0.263333,0.263333,0.111111,0.111111
32.2650,state,0.242840,0.247205,0.143886,-0.001295
32.2750,state,0.211959,0.227073,0.051076,0.005708
32.2850,state,0.222137,0.226398,0.086374,-0.001761
32.2856,desired,0.266666,0.266666,0.111111,0.111111
32.2950,state,0.228569,0.232229,0.262384,0.328564
32.3052,state,0.233797,0.247709,0.065536,0.099617
32.3060,desired,0.268891,0.268891,0.111111,0.111111
32.3150,state,0.242840,0.247205,0.143886,-0.001295
32.3251,state,0.211959,0.227073,0.051076,0.005708
32.3263,state,0.245115,0.246500,0.057730,-0.001146
32.3265,state,0.255291,0.266392,0.093010,0.287057
32.3351,state,0.233797,0.247709,0.065536,0.099617
32.3359,desired,0.272224,0.272224,0.111111,0.111111
32.3450,state,0.242840,0.247205,0.143886,-0.001295
32.3552,state,0.211959,0.227073,0.051076,0.005708
32.3654,desired,0.275555,0.275555,0.111111,0.111111
32.3656,state,0.245115,0.246500,0.057730,-0.001146
32.3751,state,0.255291,0.266392,0.093010,0.287057
32.3850,state,0.233797,0.247709,0.065536,0.099617
32.3956,desired,0.278891,0.278891,0.111111,0.111111
32.3959,state,0.242840,0.247205,0.143886,-0.001295
32.4050,state,0.211959,0.227073,0.051076,0.005708
32.4151,state,0.245115,0.246500,0.057730,-0.001146
32.4171,state,0.261724,0.267757,0.269060,-0.000344
32.4180,state,0.266953,0.267026,0.072162,-0.000780
32.4255,desired,0.282222,0.282222,0.111111,0.111111
32.4258,state,0.242840,0.247205,0.143886,-0.001295
32.4351,state,0.211959,0.227073,0.051076,0.005708
32.4450,state,0.245115,0.246500,0.057730,-0.001146
32.4550,state,0.261724,0.267757,0.269060,-0.000344
32.4556,desired,0.285555,0.285555,0.111111,0.111111
32.4651,state,0.266953,0.267026,0.072162,-0.000780
32.4750,state,0.242840,0.247205,0.143886,-0.001295
32.4756,desired,0.287779,0.287779,0.111111,0.111111
32.4851,state,0.211959,0.227073,0.051076,0.005708
32.4950,state,0.245115,0.246500,0.057730,-0.001146
32.5056,desired,0.291113,0.291113,0.111111,0.111111
32.5059,state,0.261724,0.267757,0.269060,-0.000344
32.5151,state,0.266953,0.267026,0.072162,-0.000780
32.5199,state,0.275994,0.281110,0.150461,0.404831
32.5251,state,0.211959,0.227073,0.051076,0.005708
32.5354,desired,0.294444,0.294444,0.111111,0.111111
32.5356,state,0.245115,0.246500,0.057730,-0.001146
32.5450,state,0.261724,0.267757,0.269060,-0.000344
32.5550,state,0.266953,0.267026,0.072162,-0.000780
32.5654,desired,0.297777,0.297777,0.111111,0.111111
32.5656,state,0.275994,0.281110,0.150461,0.404831
32.5751,state,0.211959,0.227073,0.051076,0.005708
32.5850,state,0.245115,0.246500,0.057730,-0.001146
32.5958,desired,0.301113,0.301113,0.111111,0.111111
32.5964,state,0.261724,0.267757,0.269060,-0.000344
32.6050,state,0.266953,0.267026,0.072162,-0.000780
32.6151,state,0.275994,0.281110,0.150461,0.404831
32.6167,state,0.278268,0.288319,0.064327,0.005809
32.6186,state,0.288449,0.287572,0.099610,-0.000478
32.6251,state,0.261724,0.267757,0.269060,-0.000344
32.6259,desired,0.304444,0.304444,0.111111,0.111111
32.6351,state,0.266953,0.267026,0.072162,-0.000780
32.6451,state,0.275994,0.281110,0.150461,0.404831
32.6551,state,0.278268,0.288319,0.064327,0.005809
32.6557,desired,0.307777,0.307777,0.111111,0.111111
32.6650,state,0.288449,0.287572,0.099610,-0.000478
32.6750,state,0.261724,0.267757,0.269060,-0.000344
32.6852,state,0.266953,0.267026,0.072162,-0.000780
32.6860,desired,0.311113,0.311113,0.111111,0.111111
32.6951,state,0.275994,0.281110,0.150461,0.404831
32.7051,state,0.278268,0.288319,0.064327,0.005809
32.7151,state,0.288449,0.287572,0.099610,-0.000478
32.7157,desired,0.314444,0.314444,0.111111,0.111111
32.7251,state,0.261724,0.267757,0.269060,-0.000344
32.7262,state,0.294880,0.293456,0.275542,0.336304
32.7269,state,0.300107,0.308660,0.078714,0.086300
32.7350,state,0.278268,0.288319,0.064327,0.005809
32.7451,state,0.288449,0.287572,0.099610,-0.000478
32.7457,desired,0.317777,0.317777,0.111111,0.111111
32.7550,state,0.261724,0.267757,0.269060,-0.000344
32.7651,state,0.294880,0.293456,0.275542,0.336304
32.7657,desired,0.320000,0.320000,0.111111,0.111111
32.7751,state,0.300107,0.308660,0.078714,0.086300
32.7851,state,0.278268,0.288319,0.064327,0.005809
32.7951,state,0.288449,0.287572,0.099610,-0.000478
32.7962,desired,0.323333,0.323333,0.111111,0.111111
32.8051,state,0.261724,0.267757,0.269060,-0.000344
32.8151,state,0.294880,0.293456,0.275542,0.336304
32.8251,state,0.300107,0.308660,0.078714,0.086300
32.8257,desired,0.326666,0.326666,0.111111,0.111111
32.8263,state,0.309150,0.308055,0.157033,-0.000207
32.8352,state,0.288449,0.287572,0.099610,-0.000478
32.8451,state,0.261724,0.267757,0.269060,-0.000344
32.8551,state,0.294880,0.293456,0.275542,0.336304
32.8558,desired,0.330002,0.330002,0.111111,0.111111
32.8651,state,0.300107,0.308660,0.078714,0.086300
32.8751,state,0.309150,0.308055,0.157033,-0.000207
32.8852,state,0.288449,0.287572,0.099610,-0.000478
32.8860,desired,0.333335,0.333335,0.111111,0.111111
32.8951,state,0.261724,0.267757,0.269060,-0.000344
32.9051,state,0.294880,0.293456,0.275542,0.336304
32.9151,state,0.300107,0.308660,0.078714,0.086300
32.9157,desired,0.336666,0.336666,0.111111,0.111111
32.9174,state,0.311425,0.307263,0.070866,-0.000188
32.9178,state,0.321604,0.327234,0.106127,0.288412
32.9251,state,0.261724,0.267757,0.269060,-0.000344
32.9354,desired,0.338889,0.338889,0.111111,0.111111
32.9357,state,0.294880,0.293456,0.275542,0.336304
32.9450,state,0.300107,0.308660,0.078714,0.086300
32.9550,state,0.311425,0.307263,0.070866,-0.000188
32.9650,state,0.321604,0.327234,0.106127,0.288412
32.9655,desired,0.342221,0.342221,0.111111,0.111111
32.9750,state,0.261724,0.267757,0.269060,-0.000344
32.9850,state,0.294880,0.293456,0.275542,0.336304
32.9953,desired,0.345553,0.345553,0.111111,0.111111
32.9955,state,0.300107,0.308660,0.078714,0.086300
33.0050,state,0.311425,0.307263,0.070866,-0.000188
33.0154,desired,0.347776,0.347776,0.111111,0.111111
33.0156,state,0.321604,0.327234,0.106127,0.288412
33.0250,state,0.261724,0.267757,0.269060,-0.000344
33.0265,state,0.328036,0.328460,0.282106,0.000521
33.0266,state,0.333266,0.327627,0.085214,-0.000072
33.0354,desired,0.349999,0.349999,0.111111,0.111111
33.0357,state,0.311425,0.307263,0.070866,-0.000188
33.0450,state,0.321604,0.327234,0.106127,0.288412
33.0550,state,0.261724,0.267757,0.269060,-0.000344
33.0654,desired,0.353332,0.353332,0.111111,0.111111
33.0656,state,0.328036,0.328460,0.282106,0.000521
33.0750,state,0.333266,0.327627,0.085214,-0.000072
33.0856,desired,0.355557,0.355557,0.111111,0.111111
33.0859,state,0.311425,0.307263,0.070866,-0.000188
33.0950,state,0.321604,0.327234,0.106127,0.288412
33.1050,state,0.261724,0.267757,0.269060,-0.000344
33.1154,desired,0.358888,0.358888,0.111111,0.111111
33.1156,state,0.328036,0.328460,0.282106,0.000521
33.1251,state,0.333266,0.327627,0.085214,-0.000072
33.1271,state,0.342307,0.341662,0.163500,0.406603
33.1356,desired,0.361113,0.361113,0.111111,0.111111
33.1360,state,0.321604,0.327234,0.106127,0.288412
33.1451,state,0.261724,0.267757,0.269060,-0.000344
33.1550,state,0.328036,0.328460,0.282106,0.000521
33.1654,desired,0.364444,0.364444,0.111111,0.111111
33.1657,state,0.333266,0.327627,0.085214,-0.000072
33.1750,state,0.342307,0.341662,0.163500,0.406603
33.1850,state,0.321604,0.327234,0.106127,0.288412
33.1954,desired,0.367777,0.367777,0.111111,0.111111
33.1957,state,0.261724,0.267757,0.269060,-0.000344
33.2050,state,0.328036,0.328460,0.282106,0.000521
33.2150,state,0.333266,0.327627,0.085214,-0.000072
33.2254,desired,0.371111,0.371111,0.111111,0.111111
33.2256,state,0.342307,0.341662,0.163500,0.406603
33.2262,state,0.344582,0.348755,0.077333,0.006603
33.2268,state,0.354762,0.347893,0.112580,-0.000011
33.2350,state,0.328036,0.328460,0.282106,0.000521
33.2456,desired,0.373334,0.373334,0.111111,0.111111
33.2459,state,0.333266,0.327627,0.085214,-0.000072
33.2550,state,0.342307,0.341662,0.163500,0.406603
33.2656,desired,0.375557,0.375557,0.111111,0.111111
33.2659,state,0.344582,0.348755,0.077333,0.006603
33.2750,state,0.354762,0.347893,0.112580,-0.000011
33.2850,state,0.328036,0.328460,0.282106,0.000521
33.2954,desired,0.378888,0.378888,0.111111,0.111111
33.2956,state,0.333266,0.327627,0.085214,-0.000072
33.3050,state,0.342307,0.341662,0.163500,0.406603
33.3150,state,0.344582,0.348755,0.077333,0.006603
33.3157,desired,0.381110,0.381110,0.111111,0.111111
33.3250,state,0.354762,0.347893,0.112580,-0.000011
33.3266,state,0.361195,0.353687,0.288564,0.338324
33.3280,state,0.366425,0.368784,0.091636,0.086109
33.3356,desired,0.383334,0.383334,0.111111,0.111111
33.3359,state,0.342307,0.341662,0.163500,0.406603
33.3450,state,0.344582,0.348755,0.077333,0.006603
33.3551,state,0.354762,0.347893,0.112580,-0.000011
33.3654,desired,0.386666,0.386666,0.111111,0.111111
33.3657,state,0.361195,0.353687,0.288564,0.338324
33.3750,state,0.366425,0.368784,0.091636,0.086109
33.3850,state,0.342307,0.341662,0.163500,0.406603
33.3954,desired,0.389998,0.389998,0.111111,0.111111
33.3957,state,0.344582,0.348755,0.077333,0.006603
33.4050,state,0.354762,0.347893,0.112580,-0.000011
33.4150,state,0.361195,0.353687,0.288564,0.338324
33.4253,desired,0.393332,0.393332,0.111111,0.111111
33.4255,state,0.366425,0.368784,0.091636,0.086109
33.4264,state,0.376329,0.368057,0.179381,0.000059
33.4350,state,0.344582,0.348755,0.077333,0.006603
33.4450,state,0.354762,0.347893,0.112580,-0.000011
33.4455,desired,0.395555,0.395555,0.111111,0.111111
33.4550,state,0.361195,0.353687,0.288564,0.338324
33.4650,state,0.366425,0.368784,0.091636,0.086109
33.4754,desired,0.398888,0.398888,0.111111,0.111111
33.4756,state,0.376329,0.368057,0.179381,0.000059
33.4850,state,0.344582,0.348755,0.077333,0.006603
33.4954,desired,0.401111,0.401111,0.111111,0.111111
33.4957,state,0.354762,0.347893,0.112580,-0.000011
33.5050,state,0.361195,0.353687,0.288564,0.338324
33.5150,state,0.366425,0.368784,0.091636,0.086109
33.5254,desired,0.404444,0.404444,0.111111,0.111111
33.5257,state,0.376329,0.368057,0.179381,0.000059
33.5265,state,0.378829,0.367132,0.084697,-0.000001
33.5268,state,0.388027,0.387013,0.114990,0.288785
33.5350,state,0.361195,0.353687,0.288564,0.338324
33.5450,state,0.366425,0.368784,0.091636,0.086109
33.5550,state,0.376329,0.368057,0.179381,0.000059
33.5557,desired,0.407777,0.407777,0.111111,0.111111
33.5650,state,0.378829,0.367132,0.084697,-0.000001
33.5751,state,0.388027,0.387013,0.114990,0.288785
33.5760,desired,0.410002,0.410002,0.111111,0.111111
33.5850,state,0.361195,0.353687,0.288564,0.338324
33.5950,state,0.366425,0.368784,0.091636,0.086109
33.6050,state,0.376329,0.368057,0.179381,0.000059
33.6057,desired,0.413333,0.413333,0.111111,0.111111
33.6150,state,0.378829,0.367132,0.084697,-0.000001
33.6250,state,0.388027,0.387013,0.114990,0.288785
33.6273,state,0.394364,0.388101,0.294591,0.000656
33.6283,state,0.399587,0.387130,0.097951,0.000007
33.6356,desired,0.416667,0.416667,0.111111,0.111111
33.6359,state,0.376329,0.368057,0.179381,0.000059
33.6450,state,0.378829,0.367132,0.084697,-0.000001
33.6551,state,0.388027,0.387013,0.114990,0.288785
33.6650,state,0.394364,0.388101,0.294591,0.000656
33.6655,desired,0.419998,0.419998,0.111111,0.111111
33.6750,state,0.399587,0.387130,0.097951,0.000007
33.6850,state,0.376329,0.368057,0.179381,0.000059
33.6858,desired,0.422221,0.422221,0.111111,0.111111
33.6950,state,0.378829,0.367132,0.084697,-0.000001
33.7051,state,0.388027,0.387013,0.114990,0.288785
33.7057,desired,0.424444,0.424444,0.111111,0.111111
33.7150,state,0.394364,0.388101,0.294591,0.000656
33.7252,state,0.399587,0.387130,0.097951,0.000007
33.7260,desired,0.426669,0.426669,0.111111,0.111111
33.7275,state,0.408631,0.401056,0.176267,0.407300
33.7350,state,0.378829,0.367132,0.084697,-0.000001
33.7451,state,0.388027,0.387013,0.114990,0.288785
33.7550,state,0.394364,0.388101,0.294591,0.000656
33.7558,desired,0.430000,0.430000,0.111111,0.111111
33.7651,state,0.399587,0.387130,0.097951,0.000007
33.7755,desired,0.432222,0.432222,0.111111,0.111111
33.7757,state,0.408631,0.401056,0.176267,0.407300
33.7857,state,0.378829,0.367132,0.084697,-0.000001
33.7950,state,0.388027,0.387013,0.114990,0.288785
33.8054,desired,0.435555,0.435555,0.111111,0.111111
33.8057,state,0.394364,0.388101,0.294591,0.000656
33.8150,state,0.399587,0.387130,0.097951,0.000007
33.8250,state,0.408631,0.401056,0.176267,0.407300
33.8264,state,0.410908,0.408020,0.090038,0.006716
33.8273,state,0.421088,0.407021,0.125241,0.000069
33.8354,desired,0.438889,0.438889,0.111111,0.111111
33.8357,state,0.394364,0.388101,0.294591,0.000656
33.8450,state,0.399587,0.387130,0.097951,0.000007
33.8549,state,0.408631,0.401056,0.176267,0.407300
33.8653,desired,0.442221,0.442221,0.111111,0.111111
33.8655,state,0.410908,0.408020,0.090038,0.006716
33.8750,state,0.421088,0.407021,0.125241,0.000069
33.8854,desired,0.444445,0.444445,0.111111,0.111111
33.8855,state,0.394364,0.388101,0.294591,0.000656
33.8950,state,0.399587,0.387130,0.097951,0.000007
33.9050,state,0.408631,0.401056,0.176267,0.407300
33.9150,state,0.410908,0.408020,0.090038,0.006716
33.9155,desired,0.447778,0.447778,0.111111,0.111111
33.9250,state,0.421088,0.407021,0.125241,0.000069
33.9267,state,0.427521,0.412681,0.301200,0.338480
33.9284,state,0.432753,0.427658,0.104234,0.086606
33.9351,state,0.408631,0.401056,0.176267,0.407300
33.9359,desired,0.450002,0.450002,0.111111,0.111111
33.9450,state,0.410908,0.408020,0.090038,0.006716
33.9551,state,0.421088,0.407021,0.125241,0.000069
33.9650,state,0.427521,0.412681,0.301200,0.338480
33.9654,desired,0.453333,0.453333,0.111111,0.111111
33.9752,state,0.432753,0.427658,0.104234,0.086606
33.9850,state,0.408631,0.401056,0.176267,0.407300
33.9954,desired,0.456666,0.456666,0.111111,0.111111
33.9957,state,0.410908,0.408020,0.090038,0.006716
34.0050,state,0.421088,0.407021,0.125241,0.000069
34.0150,state,0.427521,0.412681,0.301200,0.338480
34.0256,desired,0.460002,0.460002,0.111111,0.111111
34.0259,state,0.432753,0.427658,0.104234,0.086606
34.0282,state,0.441796,0.426802,0.182491,0.000284
34.0350,state,0.410908,0.408020,0.090038,0.006716
34.0450,state,0.421088,0.407021,0.125241,0.000069
34.0553,desired,0.463333,0.463333,0.111111,0.111111
34.0555,state,0.427521,0.412681,0.301200,0.338480
34.0651,state,0.432753,0.427658,0.104234,0.086606
34.0756,desired,0.465558,0.465558,0.111111,0.111111
34.0759,state,0.441796,0.426802,0.182491,0.000284
34.0851,state,0.410908,0.408020,0.090038,0.006716
34.0950,state,0.421088,0.407021,0.125241,0.000069
34.1050,state,0.427521,0.412681,0.301200,0.338480
34.1054,desired,0.468889,0.468889,0.111111,0.111111
34.1151,state,0.432753,0.427658,0.104234,0.086606
34.1250,state,0.441796,0.426802,0.182491,0.000284
34.1265,state,0.444073,0.425757,0.096258,0.000341
34.1267,state,0.454253,0.445504,0.131441,0.289273
34.1351,state,0.427521,0.412681,0.301200,0.338480
34.1358,desired,0.472224,0.472224,0.111111,0.111111
34.1450,state,0.432753,0.427658,0.104234,0.086606
34.1550,state,0.441796,0.426802,0.182491,0.000284
34.1656,desired,0.475558,0.475558,0.111111,0.111111
34.1659,state,0.444073,0.425757,0.096258,0.000341
34.1750,state,0.454253,0.445504,0.131441,0.289273
34.1851,state,0.427521,0.412681,0.301200,0.338480
34.1953,desired,0.478888,0.478888,0.111111,0.111111
34.1955,state,0.432753,0.427658,0.104234,0.086606
34.2050,state,0.441796,0.426802,0.182491,0.000284
34.2150,state,0.444073,0.425757,0.096258,0.000341
34.2251,state,0.454253,0.445504,0.131441,0.289273
34.2257,desired,0.482224,0.482224,0.111111,0.111111
34.2272,state,0.460687,0.446495,0.307389,0.001178
34.2284,state,0.465919,0.445429,0.110393,0.000765
34.2350,state,0.441796,0.426802,0.182491,0.000284
34.2452,state,0.444073,0.425757,0.096258,0.000341
34.2553,desired,0.485555,0.485555,0.111111,0.111111
34.2555,state,0.454253,0.445504,0.131441,0.289273
34.2650,state,0.460687,0.446495,0.307389,0.001178
34.2756,desired,0.487780,0.487780,0.111111,0.111111
34.2760,state,0.465919,0.445429,0.110393,0.000765
34.2851,state,0.441796,0.426802,0.182491,0.000284
34.2950,state,0.444073,0.425757,0.096258,0.000341
34.3050,state,0.454253,0.445504,0.131441,0.289273
34.3054,desired,0.491110,0.491110,0.111111,0.111111
34.3150,state,0.460687,0.446495,0.307389,0.001178
34.3250,state,0.465919,0.445429,0.110393,0.000765
34.3268,state,0.474963,0.459208,0.188636,0.407019
34.3351,state,0.444073,0.425757,0.096258,0.000341
34.3357,desired,0.494446,0.494446,0.111111,0.111111
34.3450,state,0.454253,0.445504,0.131441,0.289273
34.3551,state,0.460687,0.446495,0.307389,0.001178
34.3653,desired,0.497774,0.497774,0.111111,0.111111
34.3654,state,0.465919,0.445429,0.110393,0.000765
34.3750,state,0.474963,0.459208,0.188636,0.407019
34.3853,desired,0.500000,0.500000,0.111111,0.111111
34.3855,state,0.444073,0.425757,0.096258,0.000341
34.3951,state,0.454253,0.445504,0.131441,0.289273
34.4050,state,0.460687,0.446495,0.307389,0.001178
34.4154,desired,0.503333,0.503333,0.111111,0.111111
34.4156,state,0.465919,0.445429,0.110393,0.000765
34.4250,state,0.474963,0.459208,0.188636,0.407019
34.4267,state,0.477241,0.466112,0.102382,0.007531
34.4279,state,0.487422,0.465057,0.137542,0.001444
34.4356,desired,0.505558,0.505558,0.111111,0.111111
34.4359,state,0.460687,0.446495,0.307389,0.001178
34.4450,state,0.465919,0.445429,0.110393,0.000765
34.4552,state,0.474963,0.459208,0.188636,0.407019
34.4654,desired,0.508889,0.508889,0.111111,0.111111
34.4656,state,0.477241,0.466112,0.102382,0.007531
34.4751,state,0.487422,0.465057,0.137542,0.001444
34.4851,state,0.460687,0.446495,0.307389,0.001178
34.4954,desired,0.512225,0.512225,0.111111,0.111111
34.4956,state,0.465919,0.445429,0.110393,0.000765
34.5051,state,0.474963,0.459208,0.188636,0.407019
34.5150,state,0.477241,0.466112,0.102382,0.007531
34.5254,desired,0.515558,0.515558,0.111111,0.111111
34.5256,state,0.487422,0.465057,0.137542,0.001444
34.5267,state,0.494401,0.470741,0.334819,0.343172
34.5275,state,0.500149,0.486741,0.118403,0.110812
34.5351,state,0.474963,0.459208,0.188636,0.407019
34.5450,state,0.477241,0.466112,0.102382,0.007531
34.5553,desired,0.518887,0.518887,0.111111,0.111111
34.5555,state,0.487422,0.465057,0.137542,0.001444
34.5651,state,0.494401,0.470741,0.334819,0.343172
34.5750,state,0.500149,0.486741,0.118403,0.110812
34.5755,desired,0.521111,0.521111,0.111111,0.111111
34.5850,state,0.474963,0.459208,0.188636,0.407019
34.5950,state,0.477241,0.466112,0.102382,0.007531
34.6050,state,0.487422,0.465057,0.137542,0.001444
34.6055,desired,0.524444,0.524444,0.111111,0.111111
34.6150,state,0.494401,0.470741,0.334819,0.343172
34.6250,state,0.500149,0.486741,0.118403,0.110812
34.6264,state,0.509236,0.485912,0.195022,0.002474
34.6350,state,0.477241,0.466112,0.102382,0.007531
34.6355,desired,0.527778,0.527778,0.111111,0.111111
34.6450,state,0.487422,0.465057,0.137542,0.001444
34.6551,state,0.494401,0.470741,0.334819,0.343172
34.6559,desired,0.530002,0.530002,0.111111,0.111111
34.6650,state,0.500149,0.486741,0.118403,0.110812
34.6750,state,0.509236,0.485912,0.195022,0.002474
34.6850,state,0.477241,0.466112,0.102382,0.007531
34.6855,desired,0.533333,0.533333,0.111111,0.111111
34.6950,state,0.487422,0.465057,0.137542,0.001444
34.7050,state,0.494401,0.470741,0.334819,0.343172
34.7154,desired,0.536666,0.536666,0.111111,0.111111
34.7156,state,0.500149,0.486741,0.118403,0.110812
34.7251,state,0.509236,0.485912,0.195022,0.002474
34.7271,state,0.511517,0.484882,0.108609,0.002905
34.7273,state,0.520700,0.502469,0.139516,0.283289
34.7350,state,0.494401,0.470741,0.334819,0.343172
34.7451,state,0.500149,0.486741,0.118403,0.110812
34.7460,desired,0.540001,0.540001,0.111111,0.111111
34.7550,state,0.509236,0.485912,0.195022,0.002474
34.7650,state,0.511517,0.484882,0.108609,0.002905
34.7753,state,0.520700,0.502469,0.139516,0.283289
34.7761,desired,0.543337,0.543337,0.111111,0.111111
34.7850,state,0.494401,0.470741,0.334819,0.343172
34.7950,state,0.500149,0.486741,0.118403,0.110812
34.8053,desired,0.546665,0.546665,0.111111,0.111111
34.8054,state,0.509236,0.485912,0.195022,0.002474
34.8150,state,0.511517,0.484882,0.108609,0.002905
34.8253,desired,0.548888,0.548888,0.111111,0.111111
34.8255,state,0.520700,0.502469,0.139516,0.283289
34.8267,state,0.527037,0.503928,0.319107,0.004281
34.8282,state,0.532262,0.502941,0.122377,0.004250
34.8351,state,0.509236,0.485912,0.195022,0.002474
34.8450,state,0.511517,0.484882,0.108609,0.002905
34.8553,desired,0.552221,0.552221,0.111111,0.111111
34.8555,state,0.520700,0.502469,0.139516,0.283289
34.8650,state,0.527037,0.503928,0.319107,0.004281
34.8750,state,0.532262,0.502941,0.122377,0.004250
34.8856,desired,0.555557,0.555557,0.111111,0.111111
34.8859,state,0.509236,0.485912,0.195022,0.002474
34.8950,state,0.511517,0.484882,0.108609,0.002905
34.9056,desired,0.557780,0.557780,0.111111,0.111111
34.9059,state,0.520700,0.502469,0.139516,0.283289
34.9150,state,0.527037,0.503928,0.319107,0.004281
34.9251,state,0.532262,0.502941,0.122377,0.004250
34.9277,state,0.541306,0.515311,0.200610,0.387696
34.9356,desired,0.561113,0.561113,0.111111,0.111111
34.9359,state,0.511517,0.484882,0.108609,0.002905
34.9450,state,0.520700,0.502469,0.139516,0.283289
34.9550,state,0.527037,0.503928,0.319107,0.004281
34.9653,desired,0.564444,0.564444,0.111111,0.111111
34.9655,state,0.532262,0.502941,0.122377,0.004250
34.9750,state,0.541306,0.515311,0.200610,0.387696
34.9850,state,0.511517,0.484882,0.108609,0.002905
34.9956,desired,0.567779,0.567779,0.111111,0.111111
34.9959,state,0.520700,0.502469,0.139516,0.283289
35.0050,state,0.527037,0.503928,0.319107,0.004281
35.0151,state,0.532262,0.502941,0.122377,0.004250
35.0254,desired,0.571110,0.571110,0.111111,0.111111
35.0256,state,0.541306,0.515311,0.200610,0.387696
35.0265,state,0.543585,0.524088,0.114311,0.014939
35.0276,state,0.553770,0.523176,0.149440,0.005850
35.0350,state,0.527037,0.503928,0.319107,0.004281
35.0450,state,0.532262,0.502941,0.122377,0.004250
35.0553,desired,0.574444,0.574444,0.111111,0.111111
35.0555,state,0.541306,0.515311,0.200610,0.387696
35.0651,state,0.543585,0.524088,0.114311,0.014939
35.0750,state,0.553770,0.523176,0.149440,0.005850
35.0851,state,0.527037,0.503928,0.319107,0.004281
35.0857,desired,0.577777,0.577777,0.111111,0.111111
35.0950,state,0.532262,0.502941,0.122377,0.004250
35.1052,state,0.541306,0.515311,0.200610,0.387696
35.1060,desired,0.580003,0.580003,0.111111,0.111111
35.1150,state,0.543585,0.524088,0.114311,0.014939
35.1250,state,0.553770,0.523176,0.149440,0.005850
35.1267,state,0.560204,0.527404,0.325264,0.265993
35.1282,state,0.565437,0.543584,0.128238,0.180091
35.1356,desired,0.583335,0.583335,0.111111,0.111111
35.1359,state,0.541306,0.515311,0.200610,0.387696
35.1451,state,0.543585,0.524088,0.114311,0.014939
35.1550,state,0.553770,0.523176,0.149440,0.005850
35.1654,desired,0.586666,0.586666,0.111111,0.111111
35.1656,state,0.560204,0.527404,0.325264,0.265993
35.1750,state,0.565437,0.543584,0.128238,0.180091
35.1850,state,0.541306,0.515311,0.200610,0.387696
35.1957,desired,0.590001,0.590001,0.111111,0.111111
35.1960,state,0.543585,0.524088,0.114311,0.014939
35.2050,state,0.553770,0.523176,0.149440,0.005850
35.2156,desired,0.592224,0.592224,0.111111,0.111111
35.2159,state,0.560204,0.527404,0.325264,0.265993
35.2250,state,0.565437,0.543584,0.128238,0.180091
35.2267,state,0.575345,0.543047,0.215889,0.007726
35.2351,state,0.543585,0.524088,0.114311,0.014939
35.2454,desired,0.595554,0.595554,0.111111,0.111111
35.2456,state,0.553770,0.523176,0.149440,0.005850
35.2551,state,0.560204,0.527404,0.325264,0.265993
35.2651,state,0.565437,0.543584,0.128238,0.180091
35.2660,desired,0.597779,0.597779,0.111111,0.111111
35.2750,state,0.575345,0.543047,0.215889,0.007726
35.2850,state,0.543585,0.524088,0.114311,0.014939
35.2951,state,0.553770,0.523176,0.149440,0.005850
35.2957,desired,0.601110,0.601110,0.111111,0.111111
35.3050,state,0.560204,0.527404,0.325264,0.265993
35.3150,state,0.565437,0.543584,0.128238,0.180091
35.3156,desired,0.603333,0.603333,0.111111,0.111111
35.3250,state,0.575345,0.543047,0.215889,0.007726
35.3265,state,0.577848,0.542230,0.121061,0.008431
35.3267,state,0.587051,0.559473,0.151226,0.316091
35.3356,desired,0.605557,0.605557,0.111111,0.111111
35.3359,state,0.560204,0.527404,0.325264,0.265993
35.3450,state,0.565437,0.543584,0.128238,0.180091
35.3550,state,0.575345,0.543047,0.215889,0.007726
35.3654,desired,0.608888,0.608888,0.111111,0.111111
35.3656,state,0.577848,0.542230,0.121061,0.008431
35.3751,state,0.587051,0.559473,0.151226,0.316091
35.3850,state,0.560204,0.527404,0.325264,0.265993
35.3955,desired,0.612222,0.612222,0.111111,0.111111
35.3957,state,0.565437,0.543584,0.128238,0.180091
35.4050,state,0.575345,0.543047,0.215889,0.007726
35.4150,state,0.577848,0.542230,0.121061,0.008431
35.4253,desired,0.615554,0.615554,0.111111,0.111111
35.4255,state,0.587051,0.559473,0.151226,0.316091
35.4264,state,0.593390,0.562979,0.330740,0.010676
35.4268,state,0.598617,0.562253,0.133937,0.010578
35.4350,state,0.575345,0.543047,0.215889,0.007726
35.4450,state,0.577848,0.542230,0.121061,0.008431
35.4553,desired,0.618887,0.618887,0.111111,0.111111
35.4555,state,0.587051,0.559473,0.151226,0.316091
35.4650,state,0.593390,0.562979,0.330740,0.010676
35.4750,state,0.598617,0.562253,0.133937,0.010578
35.4853,desired,0.622221,0.622221,0.111111,0.111111
35.4855,state,0.575345,0.543047,0.215889,0.007726
35.4950,state,0.577848,0.542230,0.121061,0.008431
35.5053,desired,0.624444,0.624444,0.111111,0.111111
35.5055,state,0.587051,0.559473,0.151226,0.316091
35.5150,state,0.593390,0.562979,0.330740,0.010676
35.5250,state,0.598617,0.562253,0.133937,0.010578
35.5261,state,0.607662,0.572745,0.212125,0.342992
35.5353,desired,0.627777,0.627777,0.111111,0.111111
35.5355,state,0.577848,0.542230,0.121061,0.008431
35.5450,state,0.587051,0.559473,0.151226,0.316091
35.5550,state,0.593390,0.562979,0.330740,0.010676
35.5653,desired,0.631111,0.631111,0.111111,0.111111
35.5655,state,0.598617,0.562253,0.133937,0.010578
35.5751,state,0.607662,0.572745,0.212125,0.342992
35.5850,state,0.577848,0.542230,0.121061,0.008431
35.5953,desired,0.634443,0.634443,0.111111,0.111111
35.5955,state,0.587051,0.559473,0.151226,0.316091
35.6050,state,0.593390,0.562979,0.330740,0.010676
35.6153,desired,0.636666,0.636666,0.111111,0.111111
35.6155,state,0.598617,0.562253,0.133937,0.010578
35.6251,state,0.607662,0.572745,0.212125,0.342992
35.6264,state,0.609942,0.582819,0.125774,0.023472
35.6274,state,0.620127,0.582228,0.160839,0.013030
35.6356,desired,0.638891,0.638891,0.111111,0.111111
35.6360,state,0.593390,0.562979,0.330740,0.010676
35.6450,state,0.598617,0.562253,0.133937,0.010578
35.6551,state,0.607662,0.572745,0.212125,0.342992
35.6653,desired,0.642219,0.642219,0.111111,0.111111
35.6655,state,0.609942,0.582819,0.125774,0.023472
35.6751,state,0.620127,0.582228,0.160839,0.013030
35.6853,desired,0.644444,0.644444,0.111111,0.111111
35.6855,state,0.593390,0.562979,0.330740,0.010676
35.6951,state,0.598617,0.562253,0.133937,0.010578
35.7050,state,0.607662,0.572745,0.212125,0.342992
35.7156,desired,0.647780,0.647780,0.111111,0.111111
35.7159,state,0.609942,0.582819,0.125774,0.023472
35.7251,state,0.620127,0.582228,0.160839,0.013030
35.7279,state,0.626562,0.585895,0.336677,0.228449
35.7288,state,0.631798,0.602301,0.139547,0.228439
35.7351,state,0.607662,0.572745,0.212125,0.342992
35.7454,desired,0.651111,0.651111,0.111111,0.111111
35.7456,state,0.609942,0.582819,0.125774,0.023472
35.7550,state,0.620127,0.582228,0.160839,0.013030
35.7656,desired,0.653336,0.653336,0.111111,0.111111
35.7659,state,0.626562,0.585895,0.336677,0.228449
35.7750,state,0.631798,0.602301,0.139547,0.228439
35.7850,state,0.607662,0.572745,0.212125,0.342992
35.7953,desired,0.656668,0.656668,0.111111,0.111111
35.7955,state,0.609942,0.582819,0.125774,0.023472
35.8051,state,0.620127,0.582228,0.160839,0.013030
35.8156,desired,0.658891,0.658891,0.111111,0.111111
35.8159,state,0.626562,0.585895,0.336677,0.228449
35.8251,state,0.631798,0.602301,0.139547,0.228439
35.8271,state,0.641709,0.602184,0.227181,0.015905
35.8350,state,0.609942,0.582819,0.125774,0.023472
35.8453,desired,0.662222,0.662222,0.111111,0.111111
35.8455,state,0.620127,0.582228,0.160839,0.013030
35.8551,state,0.626562,0.585895,0.336677,0.228449
35.8650,state,0.631798,0.602301,0.139547,0.228439
35.8753,desired,0.665555,0.665555,0.111111,0.111111
35.8755,state,0.641709,0.602184,0.227181,0.015905
35.8851,state,0.609942,0.582819,0.125774,0.023472
35.8950,state,0.620127,0.582228,0.160839,0.013030
35.9053,desired,0.668889,0.668889,0.111111,0.111111
35.9055,state,0.626562,0.585895,0.336677,0.228449
35.9150,state,0.631798,0.602301,0.139547,0.228439
35.9256,desired,0.671113,0.671113,0.111111,0.111111
35.9259,state,0.641709,0.602184,0.227181,0.015905
35.9271,state,0.644215,0.601745,0.132272,0.016469
35.9273,state,0.653419,0.617521,0.162380,0.316657
35.9350,state,0.626562,0.585895,0.336677,0.228449
35.9451,state,0.631798,0.602301,0.139547,0.228439
35.9553,desired,0.674444,0.674444,0.111111,0.111111
35.9555,state,0.641709,0.602184,0.227181,0.015905
35.9651,state,0.644215,0.601745,0.132272,0.016469
35.9750,state,0.653419,0.617521,0.162380,0.316657
35.9853,desired,0.677778,0.677778,0.111111,0.111111
35.9855,state,0.626562,0.585895,0.336677,0.228449
35.9951,state,0.631798,0.602301,0.139547,0.228439
36.0050,state,0.641709,0.602184,0.227181,0.015905
36.0154,desired,0.681112,0.681112,0.111111,0.111111
36.0156,state,0.644215,0.601745,0.132272,0.016469
36.0250,state,0.653419,0.617521,0.162380,0.316657
36.0264,state,0.659758,0.623022,0.341814,0.020922
36.0269,state,0.664986,0.622673,0.144980,0.018487
36.0350,state,0.641709,0.602184,0.227181,0.015905
36.0453,desired,0.684444,0.684444,0.111111,0.111111
36.0455,state,0.644215,0.601745,0.132272,0.016469
36.0550,state,0.653419,0.617521,0.162380,0.316657
36.0650,state,0.659758,0.623022,0.341814,0.020922
36.0754,desired,0.687780,0.687780,0.111111,0.111111
36.0755,state,0.664986,0.622673,0.144980,0.018487
36.0850,state,0.641709,0.602184,0.227181,0.015905
36.0950,state,0.644215,0.601745,0.132272,0.016469
36.1053,desired,0.691110,0.691110,0.111111,0.111111
36.1055,state,0.653419,0.617521,0.162380,0.316657
36.1150,state,0.659758,0.623022,0.341814,0.020922
36.1250,state,0.664986,0.622673,0.144980,0.018487
36.1267,state,0.674895,0.632653,0.232589,0.329785
36.1356,desired,0.694447,0.694447,0.111111,0.111111
36.1359,state,0.644215,0.601745,0.132272,0.016469
36.1450,state,0.653419,0.617521,0.162380,0.316657
36.1551,state,0.659758,0.623022,0.341814,0.020922
36.1653,desired,0.697777,0.697777,0.111111,0.111111
36.1655,state,0.664986,0.622673,0.144980,0.018487
36.1751,state,0.674895,0.632653,0.232589,0.329785
36.1850,state,0.644215,0.601745,0.132272,0.016469
36.1956,desired,0.701114,0.701114,0.111111,0.111111
36.1960,state,0.653419,0.617521,0.162380,0.316657
36.2050,state,0.659758,0.623022,0.341814,0.020922
36.2151,state,0.664986,0.622673,0.144980,0.018487
36.2256,desired,0.704446,0.704446,0.111111,0.111111
36.2259,state,0.674895,0.632653,0.232589,0.329785
36.2272,state,0.677401,0.645428,0.137671,0.115203
36.2293,state,0.687604,0.647066,0.171955,0.020711
36.2350,state,0.659758,0.623022,0.341814,0.020922
36.2451,state,0.664986,0.622673,0.144980,0.018487
36.2554,desired,0.707777,0.707777,0.111111,0.111111
36.2556,state,0.674895,0.632653,0.232589,0.329785
36.2651,state,0.677401,0.645428,0.137671,0.115203
36.2750,state,0.687604,0.647066,0.171955,0.020711
36.2853,desired,0.711111,0.711111,0.111111,0.111111
36.2855,state,0.659758,0.623022,0.341814,0.020922
36.2950,state,0.664986,0.622673,0.144980,0.018487
36.3050,state,0.674895,0.632653,0.232589,0.329785
36.3154,desired,0.714444,0.714444,0.111111,0.111111
36.3156,state,0.677401,0.645428,0.137671,0.115203
36.3250,state,0.687604,0.647066,0.171955,0.020711
36.3271,state,0.693498,0.648530,0.326411,0.107928
36.3278,state,0.698221,0.661192,0.148578,0.225621
36.3350,state,0.674895,0.632653,0.232589,0.329785
36.3453,desired,0.717777,0.717777,0.111111,0.111111
36.3455,state,0.677401,0.645428,0.137671,0.115203
36.3551,state,0.687604,0.647066,0.171955,0.020711
36.3653,desired,0.720000,0.720000,0.111111,0.111111
36.3655,state,0.693498,0.648530,0.326411,0.107928
36.3751,state,0.698221,0.661192,0.148578,0.225621
36.3850,state,0.674895,0.632653,0.232589,0.329785
36.3956,desired,0.723335,0.723335,0.111111,0.111111
36.3959,state,0.677401,0.645428,0.137671,0.115203
36.4050,state,0.687604,0.647066,0.171955,0.020711
36.4150,state,0.693498,0.648530,0.326411,0.107928
36.4256,desired,0.726669,0.726669,0.111111,0.111111
36.4259,state,0.698221,0.661192,0.148578,0.225621
36.4280,state,0.707227,0.669897,0.228283,0.185687
36.4350,state,0.677401,0.645428,0.137671,0.115203
36.4450,state,0.687604,0.647066,0.171955,0.020711
36.4556,desired,0.730002,0.730002,0.111111,0.111111
36.4559,state,0.693498,0.648530,0.326411,0.107928
36.4650,state,0.698221,0.661192,0.148578,0.225621
36.4751,state,0.707227,0.669897,0.228283,0.185687
36.4853,desired,0.733333,0.733333,0.111111,0.111111
36.4855,state,0.677401,0.645428,0.137671,0.115203
36.4950,state,0.687604,0.647066,0.171955,0.020711
36.5050,state,0.693498,0.648530,0.326411,0.107928
36.5153,desired,0.736666,0.736666,0.111111,0.111111
36.5155,state,0.698221,0.661192,0.148578,0.225621
36.5250,state,0.707227,0.669897,0.228283,0.185687
36.5265,state,0.709505,0.671811,0.141978,0.022151
36.5267,state,0.719692,0.671638,0.176956,0.023028
36.5350,state,0.693498,0.648530,0.326411,0.107928
36.5453,desired,0.740000,0.740000,0.111111,0.111111
36.5455,state,0.698221,0.661192,0.148578,0.225621
36.5550,state,0.707227,0.669897,0.228283,0.185687
36.5650,state,0.709505,0.671811,0.141978,0.022151
36.5753,desired,0.743333,0.743333,0.111111,0.111111
36.5755,state,0.719692,0.671638,0.176956,0.023028
36.5851,state,0.693498,0.648530,0.326411,0.107928
36.5950,state,0.698221,0.661192,0.148578,0.225621
36.6053,desired,0.746666,0.746666,0.111111,0.111111
36.6055,state,0.707227,0.669897,0.228283,0.185687
36.6150,state,0.709505,0.671811,0.141978,0.022151
36.6250,state,0.719692,0.671638,0.176956,0.023028
36.6267,state,0.726674,0.676145,0.374106,0.259542
36.6281,state,0.732428,0.696183,0.157433,0.306023
36.6351,state,0.707227,0.669897,0.228283,0.185687
36.6359,desired,0.750002,0.750002,0.111111,0.111111
36.6450,state,0.709505,0.671811,0.141978,0.022151
36.6550,state,0.719692,0.671638,0.176956,0.023028
36.6650,state,0.726674,0.676145,0.374106,0.259542
36.6655,desired,0.753333,0.753333,0.111111,0.111111
36.6751,state,0.732428,0.696183,0.157433,0.306023
36.6852,state,0.707227,0.669897,0.228283,0.185687
36.6860,desired,0.755557,0.755557,0.111111,0.111111
36.6950,state,0.709505,0.671811,0.141978,0.022151
36.7050,state,0.719692,0.671638,0.176956,0.023028
36.7150,state,0.726674,0.676145,0.374106,0.259542
36.7155,desired,0.758889,0.758889,0.111111,0.111111
36.7251,state,0.732428,0.696183,0.157433,0.306023
36.7271,state,0.741520,0.705023,0.233893,0.135821
36.7350,state,0.709505,0.671811,0.141978,0.022151
36.7451,state,0.719692,0.671638,0.176956,0.023028
36.7459,desired,0.762224,0.762224,0.111111,0.111111
36.7550,state,0.726674,0.676145,0.374106,0.259542
36.7652,state,0.732428,0.696183,0.157433,0.306023
36.7753,desired,0.765555,0.765555,0.111111,0.111111
36.7754,state,0.741520,0.705023,0.233893,0.135821
36.7850,state,0.709505,0.671811,0.141978,0.022151
36.7950,state,0.719692,0.671638,0.176956,0.023028
36.8053,desired,0.768889,0.768889,0.111111,0.111111
36.8054,state,0.726674,0.676145,0.374106,0.259542
36.8151,state,0.732428,0.696183,0.157433,0.306023
36.8250,state,0.741520,0.705023,0.233893,0.135821
36.8265,state,0.743806,0.705010,0.147294,0.023819
36.8276,state,0.752994,0.704845,0.178002,0.024087
36.8350,state,0.726674,0.676145,0.374106,0.259542
36.8355,desired,0.772222,0.772222,0.111111,0.111111
36.8450,state,0.732428,0.696183,0.157433,0.306023
36.8556,desired,0.774446,0.774446,0.111111,0.111111
36.8559,state,0.741520,0.705023,0.233893,0.135821
36.8650,state,0.743806,0.705010,0.147294,0.023819
36.8750,state,0.752994,0.704845,0.178002,0.024087
36.8851,state,0.726674,0.676145,0.374106,0.259542
36.8859,desired,0.777780,0.777780,0.111111,0.111111
36.8950,state,0.732428,0.696183,0.157433,0.306023
36.9050,state,0.741520,0.705023,0.233893,0.135821
36.9154,desired,0.781111,0.781111,0.111111,0.111111
36.9156,state,0.743806,0.705010,0.147294,0.023819
36.9250,state,0.752994,0.704845,0.178002,0.024087
36.9263,state,0.759335,0.708831,0.357500,0.233871
36.9272,state,0.764567,0.727075,0.160501,0.286460
36.9350,state,0.741520,0.705023,0.233893,0.135821
36.9453,desired,0.784442,0.784442,0.111111,0.111111
36.9455,state,0.743806,0.705010,0.147294,0.023819
36.9550,state,0.752994,0.704845,0.178002,0.024087
36.9654,desired,0.786672,0.786672,0.111111,0.111111
36.9656,state,0.759335,0.708831,0.357500,0.233871
36.9751,state,0.764567,0.727075,0.160501,0.286460
36.9850,state,0.741520,0.705023,0.233893,0.135821
36.9954,desired,0.789998,0.789998,0.111111,0.111111
36.9956,state,0.743806,0.705010,0.147294,0.023819
37.0050,state,0.752994,0.704845,0.178002,0.024087
37.0150,state,0.759335,0.708831,0.357500,0.233871
37.0254,desired,0.793333,0.793333,0.111111,0.111111
37.0256,state,0.764567,0.727075,0.160501,0.286460
37.0269,state,0.773616,0.735880,0.238572,0.148148
37.0351,state,0.743806,0.705010,0.147294,0.023819
37.0450,state,0.752994,0.704845,0.178002,0.024087
37.0551,state,0.759335,0.708831,0.357500,0.233871
37.0559,desired,0.796666,0.796666,0.111111,0.111111
37.0650,state,0.764567,0.727075,0.160501,0.286460
37.0750,state,0.773616,0.735880,0.238572,0.148148
37.0854,desired,0.800000,0.800000,0.111111,0.111111
37.0856,state,0.743806,0.705010,0.147294,0.023819
37.0950,state,0.752994,0.704845,0.178002,0.024087
37.1050,state,0.759335,0.708831,0.357500,0.233871
37.1154,desired,0.803335,0.803335,0.111111,0.111111
37.1157,state,0.764567,0.727075,0.160501,0.286460
37.1250,state,0.773616,0.735880,0.238572,0.148148
37.1266,state,0.775899,0.735922,0.152077,0.025431
37.1268,state,0.786088,0.735862,0.186968,0.027016
37.1350,state,0.759335,0.708831,0.357500,0.233871
37.1454,desired,0.806669,0.806669,0.111111,0.111111
37.1457,state,0.764567,0.727075,0.160501,0.286460
37.1551,state,0.773616,0.735880,0.238572,0.148148
37.1650,state,0.775899,0.735922,0.152077,0.025431
37.1750,state,0.786088,0.735862,0.186968,0.027016
37.1756,desired,0.809998,0.809998,0.111111,0.111111
37.1850,state,0.759335,0.708831,0.357500,0.233871
37.1954,desired,0.812223,0.812223,0.111111,0.111111
37.1956,state,0.764567,0.727075,0.160501,0.286460
37.2050,state,0.773616,0.735880,0.238572,0.148148
37.2156,desired,0.814446,0.814446,0.111111,0.111111
37.2159,state,0.775899,0.735922,0.152077,0.025431
37.2250,state,0.786088,0.735862,0.186968,0.027016
37.2266,state,0.793072,0.740328,0.384137,0.255193
37.2282,state,0.798831,0.760340,0.167320,0.315266
37.2350,state,0.773616,0.735880,0.238572,0.148148
37.2450,state,0.775899,0.735922,0.152077,0.025431
37.2457,desired,0.817776,0.817776,0.111111,0.111111
37.2550,state,0.786088,0.735862,0.186968,0.027016
37.2650,state,0.793072,0.740328,0.384137,0.255193
37.2750,state,0.798831,0.760340,0.167320,0.315266
37.2756,desired,0.821109,0.821109,0.111111,0.111111
37.2851,state,0.773616,0.735880,0.238572,0.148148
37.2950,state,0.775899,0.735922,0.152077,0.025431
37.3051,state,0.786088,0.735862,0.186968,0.027016
37.3056,desired,0.824446,0.824446,0.111111,0.111111
37.3151,state,0.793072,0.740328,0.384137,0.255193
37.3257,desired,0.826669,0.826669,0.111111,0.111111
37.3260,state,0.798831,0.760340,0.167320,0.315266
37.3271,state,0.807923,0.770158,0.243727,0.155616
37.3351,state,0.775899,0.735922,0.152077,0.025431
37.3450,state,0.786088,0.735862,0.186968,0.027016
37.3551,state,0.793072,0.740328,0.384137,0.255193
37.3560,desired,0.829999,0.829999,0.111111,0.111111
37.3650,state,0.798831,0.760340,0.167320,0.315266
37.3750,state,0.807923,0.770158,0.243727,0.155616
37.3851,state,0.775899,0.735922,0.152077,0.025431
37.3858,desired,0.833332,0.833332,0.111111,0.111111
37.3950,state,0.786088,0.735862,0.186968,0.027016
37.4050,state,0.793072,0.740328,0.384137,0.255193
37.4151,state,0.798831,0.760340,0.167320,0.315266
37.4155,desired,0.836669,0.836669,0.111111,0.111111
37.4251,state,0.807923,0.770158,0.243727,0.155616
37.4262,state,0.810212,0.770242,0.157053,0.027004
37.4267,state,0.820402,0.770147,0.191899,0.027160
37.4350,state,0.793072,0.740328,0.384137,0.255193
37.4450,state,0.798831,0.760340,0.167320,0.315266
37.4455,desired,0.839998,0.839998,0.111111,0.111111
37.4550,state,0.807923,0.770158,0.243727,0.155616
37.4650,state,0.810212,0.770242,0.157053,0.027004
37.4753,desired,0.843332,0.843332,0.111111,0.111111
37.4755,state,0.820402,0.770147,0.191899,0.027160
37.4850,state,0.793072,0.740328,0.384137,0.255193
37.4950,state,0.798831,0.760340,0.167320,0.315266
37.5050,state,0.807923,0.770158,0.243727,0.155616
37.5055,desired,0.846665,0.846665,0.111111,0.111111
37.5150,state,0.810212,0.770242,0.157053,0.027004
37.5250,state,0.820402,0.770147,0.191899,0.027160
37.5263,state,0.826295,0.773924,0.346244,0.223001
37.5272,state,0.831020,0.791574,0.168336,0.286021
37.5350,state,0.807923,0.770158,0.243727,0.155616
37.5355,desired,0.849998,0.849998,0.111111,0.111111
37.5450,state,0.810212,0.770242,0.157053,0.027004
37.5554,desired,0.852222,0.852222,0.111111,0.111111
37.5556,state,0.820402,0.770147,0.191899,0.027160
37.5650,state,0.826295,0.773924,0.346244,0.223001
37.5750,state,0.831020,0.791574,0.168336,0.286021
37.5854,desired,0.855557,0.855557,0.111111,0.111111
37.5857,state,0.807923,0.770158,0.243727,0.155616
37.5950,state,0.810212,0.770242,0.157053,0.027004
37.6050,state,0.820402,0.770147,0.191899,0.027160
37.6153,desired,0.858887,0.858887,0.111111,0.111111
37.6155,state,0.826295,0.773924,0.346244,0.223001
37.6250,state,0.831020,0.791574,0.168336,0.286021
37.6269,state,0.840028,0.800972,0.247952,0.163540
37.6350,state,0.810212,0.770242,0.157053,0.027004
37.6450,state,0.820402,0.770147,0.191899,0.027160
37.6455,desired,0.862223,0.862223,0.111111,0.111111
37.6550,state,0.826295,0.773924,0.346244,0.223001
37.6651,state,0.831020,0.791574,0.168336,0.286021
37.6750,state,0.840028,0.800972,0.247952,0.163540
37.6754,desired,0.865558,0.865558,0.111111,0.111111
37.6850,state,0.810212,0.770242,0.157053,0.027004
37.6951,state,0.820402,0.770147,0.191899,0.027160
37.7053,desired,0.868887,0.868887,0.111111,0.111111
37.7055,state,0.826295,0.773924,0.346244,0.223001
37.7150,state,0.831020,0.791574,0.168336,0.286021
37.7251,state,0.840028,0.800972,0.247952,0.163540
37.7264,state,0.842310,0.801096,0.161519,0.028425
37.7266,state,0.853501,0.801243,0.200548,0.032775
37.7355,desired,0.872224,0.872224,0.111111,0.111111
37.7357,state,0.826295,0.773924,0.346244,0.223001
37.7450,state,0.831020,0.791574,0.168336,0.286021
37.7550,state,0.840028,0.800972,0.247952,0.163540
37.7654,desired,0.875554,0.875554,0.111111,0.111111
37.7657,state,0.842310,0.801096,0.161519,0.028425
37.7750,state,0.853501,0.801243,0.200548,0.032775
37.7854,desired,0.877779,0.877779,0.111111,0.111111
37.7857,state,0.826295,0.773924,0.346244,0.223001
37.7950,state,0.831020,0.791574,0.168336,0.286021
37.8050,state,0.840028,0.800972,0.247952,0.163540
37.8154,desired,0.881113,0.881113,0.111111,0.111111
37.8157,state,0.842310,0.801096,0.161519,0.028425
37.8251,state,0.853501,0.801243,0.200548,0.032775
37.8270,state,0.860040,0.805619,0.372624,0.244316
37.8278,state,0.865293,0.824816,0.174823,0.310772
37.8351,state,0.840028,0.800972,0.247952,0.163540
37.8453,desired,0.884446,0.884446,0.111111,0.111111
37.8455,state,0.842310,0.801096,0.161519,0.028425
37.8551,state,0.853501,0.801243,0.200548,0.032775
37.8650,state,0.860040,0.805619,0.372624,0.244316
37.8751,state,0.865293,0.824816,0.174823,0.310772
37.8759,desired,0.887780,0.887780,0.111111,0.111111
37.8851,state,0.840028,0.800972,0.247952,0.163540
37.8950,state,0.842310,0.801096,0.161519,0.028425
37.9050,state,0.853501,0.801243,0.200548,0.032775
37.9054,desired,0.891113,0.891113,0.111111,0.111111
37.9152,state,0.860040,0.805619,0.372624,0.244316
37.9251,state,0.865293,0.824816,0.174823,0.310772
37.9271,state,0.874346,0.835027,0.252761,0.168785
37.9354,desired,0.894446,0.894446,0.111111,0.111111
37.9357,state,0.842310,0.801096,0.161519,0.028425
37.9450,state,0.853501,0.801243,0.200548,0.032775
37.9550,state,0.860040,0.805619,0.372624,0.244316
37.9650,state,0.865293,0.824816,0.174823,0.310772
37.9656,desired,0.897776,0.897776,0.111111,0.111111
37.9750,state,0.874346,0.835027,0.252761,0.168785
37.9850,state,0.842310,0.801096,0.161519,0.028425
37.9954,desired,0.901113,0.901113,0.111111,0.111111
37.9957,state,0.853501,0.801243,0.200548,0.032775
38.0051,state,0.860040,0.805619,0.372624,0.244316
38.0150,state,0.865293,0.824816,0.174823,0.310772
38.0254,desired,0.904444,0.904444,0.111111,0.111111
38.0256,state,0.874346,0.835027,0.252761,0.168785
38.0267,state,0.876633,0.835199,0.166155,0.030084
38.0277,state,0.886824,0.835175,0.200932,0.030110
38.0350,state,0.860040,0.805619,0.372624,0.244316
38.0450,state,0.865293,0.824816,0.174823,0.310772
38.0554,desired,0.907777,0.907777,0.111111,0.111111
38.0556,state,0.874346,0.835027,0.252761,0.168785
38.0650,state,0.876633,0.835199,0.166155,0.030084
38.0750,state,0.886824,0.835175,0.200932,0.030110
38.0856,desired,0.911109,0.911109,0.111111,0.111111
38.0859,state,0.860040,0.805619,0.372624,0.244316
38.0950,state,0.865293,0.824816,0.174823,0.310772
38.1051,state,0.874346,0.835027,0.252761,0.168785
38.1059,desired,0.913335,0.913335,0.111111,0.111111
38.1150,state,0.876633,0.835199,0.166155,0.030084
38.1251,state,0.886824,0.835175,0.200932,0.030110
38.1270,state,0.893264,0.839096,0.376600,0.229885
38.1282,state,0.898508,0.857404,0.179144,0.301721
38.1353,desired,0.916665,0.916665,0.111111,0.111111
38.1355,state,0.874346,0.835027,0.252761,0.168785
38.1450,state,0.876633,0.835199,0.166155,0.030084
38.1550,state,0.886824,0.835175,0.200932,0.030110
38.1653,desired,0.919998,0.919998,0.111111,0.111111
38.1655,state,0.893264,0.839096,0.376600,0.229885
38.1750,state,0.898508,0.857404,0.179144,0.301721
38.1850,state,0.874346,0.835027,0.252761,0.168785
38.1953,desired,0.923335,0.923335,0.111111,0.111111
38.1955,state,0.876633,0.835199,0.166155,0.030084
38.2050,state,0.886824,0.835175,0.200932,0.030110
38.2150,state,0.893264,0.839096,0.376600,0.229885
38.2253,desired,0.926669,0.926669,0.111111,0.111111
38.2255,state,0.898508,0.857404,0.179144,0.301721
38.2264,state,0.906700,0.866738,0.247672,0.143381
38.2350,state,0.876633,0.835199,0.166155,0.030084
38.2450,state,0.886824,0.835175,0.200932,0.030110
38.2554,desired,0.929998,0.929998,0.111111,0.111111
38.2556,state,0.893264,0.839096,0.376600,0.229885
38.2651,state,0.898508,0.857404,0.179144,0.301721
38.2750,state,0.906700,0.866738,0.247672,0.143381
38.2854,desired,0.933336,0.933336,0.111111,0.111111
38.2857,state,0.876633,0.835199,0.166155,0.030084
38.2950,state,0.886824,0.835175,0.200932,0.030110
38.3050,state,0.893264,0.839096,0.376600,0.229885
38.3154,desired,0.936668,0.936668,0.111111,0.111111
38.3156,state,0.898508,0.857404,0.179144,0.301721
38.3250,state,0.906700,0.866738,0.247672,0.143381
38.3262,state,0.908763,0.866839,0.169543,0.030426
38.3266,state,0.918934,0.866786,0.204974,0.030515
38.3350,state,0.893264,0.839096,0.376600,0.229885
38.3450,state,0.898508,0.857404,0.179144,0.301721
38.3457,desired,0.939999,0.939999,0.111111,0.111111
38.3550,state,0.906700,0.866738,0.247672,0.143381
38.3650,state,0.908763,0.866839,0.169543,0.030426
38.3751,state,0.918934,0.866786,0.204974,0.030515
38.3760,desired,0.943335,0.943335,0.111111,0.111111
38.3850,state,0.893264,0.839096,0.376600,0.229885
38.3950,state,0.898508,0.857404,0.179144,0.301721
38.4054,desired,0.946665,0.946665,0.111111,0.111111
38.4056,state,0.906700,0.866738,0.247672,0.143381
38.4150,state,0.908763,0.866839,0.169543,0.030426
38.4256,desired,0.948891,0.948891,0.111111,0.111111
38.4259,state,0.918934,0.866786,0.204974,0.030515
38.4271,state,0.925919,0.870942,0.402123,0.243572
38.4286,state,0.931683,0.890342,0.185110,0.319004
38.4350,state,0.906700,0.866738,0.247672,0.143381
38.4450,state,0.908763,0.866839,0.169543,0.030426
38.4551,state,0.918934,0.866786,0.204974,0.030515
38.4565,desired,0.952220,0.952220,0.111111,0.111111
38.4651,state,0.925919,0.870942,0.402123,0.243572
38.4754,desired,0.954446,0.954446,0.111111,0.111111
38.4757,state,0.931683,0.890342,0.185110,0.319004
38.4851,state,0.906700,0.866738,0.247672,0.143381
38.4950,state,0.908763,0.866839,0.169543,0.030426
38.5054,desired,0.957776,0.957776,0.111111,0.111111
38.5057,state,0.918934,0.866786,0.204974,0.030515
38.5151,state,0.925919,0.870942,0.402123,0.243572
38.5254,desired,0.960002,0.960002,0.111111,0.111111
38.5257,state,0.931683,0.890342,0.185110,0.319004
38.5266,state,0.940777,0.901001,0.261370,0.176728
38.5351,state,0.908763,0.866839,0.169543,0.030426
38.5450,state,0.918934,0.866786,0.204974,0.030515
38.5554,desired,0.963335,0.963335,0.111111,0.111111
38.5556,state,0.925919,0.870942,0.402123,0.243572
38.5650,state,0.931683,0.890342,0.185110,0.319004
38.5750,state,0.940777,0.901001,0.261370,0.176728
38.5851,state,0.908763,0.866839,0.169543,0.030426
38.5859,desired,0.966665,0.966665,0.111111,0.111111
38.5950,state,0.918934,0.866786,0.204974,0.030515
38.6050,state,0.925919,0.870942,0.402123,0.243572
38.6154,desired,0.970001,0.970001,0.111111,0.111111
38.6157,state,0.931683,0.890342,0.185110,0.319004
38.6251,state,0.940777,0.901001,0.261370,0.176728
38.6261,state,0.943069,0.901174,0.174573,0.031756
38.6269,state,0.953266,0.901146,0.209276,0.031793
38.6354,desired,0.972224,0.972224,0.111111,0.111111
38.6357,state,0.925919,0.870942,0.402123,0.243572
38.6451,state,0.931683,0.890342,0.185110,0.319004
38.6550,state,0.940777,0.901001,0.261370,0.176728
38.6650,state,0.943069,0.901174,0.174573,0.031756
38.6656,desired,0.975554,0.975554,0.111111,0.111111
38.6750,state,0.953266,0.901146,0.209276,0.031793
38.6850,state,0.925919,0.870942,0.402123,0.243572
38.6954,desired,0.978887,0.978887,0.111111,0.111111
38.6956,state,0.931683,0.890342,0.185110,0.319004
38.7050,state,0.940777,0.901001,0.261370,0.176728
38.7156,desired,0.981112,0.981112,0.111111,0.111111
38.7159,state,0.943069,0.901174,0.174573,0.031756
38.7251,state,0.953266,0.901146,0.209276,0.031793
38.7273,state,0.959708,0.904925,0.384921,0.224618
38.7286,state,0.964955,0.922864,0.187341,0.300753
38.7351,state,0.940777,0.901001,0.261370,0.176728
38.7451,state,0.943069,0.901174,0.174573,0.031756
38.7459,desired,0.984443,0.984443,0.111111,0.111111
38.7550,state,0.953266,0.901146,0.209276,0.031793
38.7651,state,0.959708,0.904925,0.384921,0.224618
38.7754,desired,0.987777,0.987777,0.111111,0.111111
38.7756,state,0.964955,0.922864,0.187341,0.300753
38.7850,state,0.940777,0.901001,0.261370,0.176728
38.7950,state,0.943069,0.901174,0.174573,0.031756
38.8054,desired,0.991110,0.991110,0.111111,0.111111
38.8056,state,0.953266,0.901146,0.209276,0.031793
38.8151,state,0.959708,0.904925,0.384921,0.224618
38.8256,desired,0.993335,0.993335,0.111111,0.111111
38.8259,state,0.964955,0.922864,0.187341,0.300753
38.8277,state,0.973145,0.932437,0.255758,0.152343
38.8351,state,0.943069,0.901174,0.174573,0.031756
38.8450,state,0.953266,0.901146,0.209276,0.031793
38.8551,state,0.959708,0.904925,0.384921,0.224618
38.8559,desired,0.996665,0.996665,0.111111,0.111111
38.8651,state,0.964955,0.922864,0.187341,0.300753
38.8754,desired,0.998890,0.998890,0.111111,0.111111
38.8757,state,0.973145,0.932437,0.255758,0.152343
38.8851,state,0.943069,0.901174,0.174573,0.031756
38.8954,desired,1.000000,1.000000,0.000000,0.000000
38.8957,state,0.953266,0.901146,0.209276,0.031793
38.9050,state,0.959708,0.904925,0.384921,0.224618
38.9150,state,0.964955,0.922864,0.187341,0.300753
38.9251,state,0.973145,0.932437,0.255758,0.152343
38.9259,desired,1.000000,1.000000,0.000000,0.000000
38.9269,state,0.975209,0.932549,0.177602,0.032159
38.9272,state,0.986386,0.932640,0.217153,0.035204
38.9350,state,0.959708,0.904925,0.384921,0.224618
38.9456,desired,1.000000,1.000000,0.000000,0.000000
38.9459,state,0.964955,0.922864,0.187341,0.300753
38.9550,state,0.973145,0.932437,0.255758,0.152343
38.9650,state,0.975209,0.932549,0.177602,0.032159
38.9753,desired,1.000000,1.000000,0.000000,0.000000
38.9755,state,0.986386,0.932640,0.217153,0.035204
38.9850,state,0.959708,0.904925,0.384921,0.224618
38.9953,desired,1.000000,1.000000,0.000000,0.000000
38.9955,state,0.964955,0.922864,0.187341,0.300753
39.0050,state,0.973145,0.932437,0.255758,0.152343
39.0150,state,0.975209,0.932549,0.177602,0.032159
39.0254,desired,1.000000,1.000000,0.000000,0.000000
39.0256,state,0.986386,0.932640,0.217153,0.035204
39.0265,state,0.991292,0.936083,0.325120,0.202978
39.0274,state,0.995000,0.952358,0.185508,0.278714
39.0350,state,0.973145,0.932437,0.255758,0.152343
39.0451,state,0.975209,0.932549,0.177602,0.032159
39.0554,desired,1.000000,1.000000,0.000000,0.000000
39.0556,state,0.986386,0.932640,0.217153,0.035204
39.0651,state,0.991292,0.936083,0.325120,0.202978
39.0750,state,0.995000,0.952358,0.185508,0.278714
39.0851,state,0.973145,0.932437,0.255758,0.152343
39.0859,desired,1.000000,1.000000,0.000000,0.000000
39.0951,state,0.975209,0.932549,0.177602,0.032159
39.1051,state,0.986386,0.932640,0.217153,0.035204
39.1151,state,0.991292,0.936083,0.325120,0.202978
39.1160,desired,1.000000,1.000000,0.000000,0.000000
39.1251,state,0.995000,0.952358,0.185508,0.278714
39.1262,state,0.995308,0.955779,0.173866,0.032807
39.1350,state,0.975209,0.932549,0.177602,0.032159
39.1454,desired,1.000000,1.000000,0.000000,0.000000
39.1457,state,0.986386,0.932640,0.217153,0.035204
39.1551,state,0.991292,0.936083,0.325120,0.202978
39.1650,state,0.995000,0.952358,0.185508,0.278714
39.1753,desired,1.000000,1.000000,0.000000,0.000000
39.1755,state,0.995308,0.955779,0.173866,0.032807
39.1850,state,0.975209,0.932549,0.177602,0.032159
39.1950,state,0.986386,0.932640,0.217153,0.035204
39.1955,desired,1.000000,1.000000,0.000000,0.000000
39.2050,state,0.991292,0.936083,0.325120,0.202978
39.2150,state,0.995000,0.952358,0.185508,0.278714
39.2253,desired,1.000000,1.000000,0.000000,0.000000
39.2255,state,0.995308,0.955779,0.173866,0.032807
39.2264,state,0.995333,0.955713,0.172900,0.032548
39.2273,state,0.995335,0.955654,0.172819,0.032668
39.2350,state,0.991292,0.936083,0.325120,0.202978
39.2450,state,0.995000,0.952358,0.185508,0.278714
39.2553,desired,1.000000,1.000000,0.000000,0.000000
39.2555,state,0.995308,0.955779,0.173866,0.032807
39.2650,state,0.995333,0.955713,0.172900,0.032548
39.2750,state,0.995335,0.955654,0.172819,0.032668
39.2853,desired,1.000000,1.000000,0.000000,0.000000
39.2855,state,0.991292,0.936083,0.325120,0.202978
39.2950,state,0.995000,0.952358,0.185508,0.278714
39.3050,state,0.995308,0.955779,0.173866,0.032807
39.3153,desired,1.000000,1.000000,0.000000,0.000000
39.3155,state,0.995333,0.955713,0.172900,0.032548
39.3250,state,0.995335,0.955654,0.172819,0.032668
39.3262,state,0.995335,0.955603,0.172819,0.032774
39.3274,state,0.995335,0.955557,0.172819,0.032867
39.3350,state,0.995308,0.955779,0.173866,0.032807
39.3455,desired,1.000000,1.000000,0.000000,0.000000
39.3457,state,0.995333,0.955713,0.172900,0.032548
39.3550,state,0.995335,0.955654,0.172819,0.032668
39.3650,state,0.995335,0.955603,0.172819,0.032774
39.3753,desired,1.000000,1.000000,0.000000,0.000000
39.3755,state,0.995335,0.955557,0.172819,0.032867
39.3850,state,0.995308,0.955779,0.173866,0.032807
39.3950,state,0.995333,0.955713,0.172900,0.032548
39.4054,desired,1.000000,1.000000,0.000000,0.000000
39.4057,state,0.995335,0.955654,0.172819,0.032668
39.4151,state,0.995335,0.955603,0.172819,0.032774
39.4253,desired,1.000000,1.000000,0.000000,0.000000
39.4255,state,0.995335,0.955557,0.172819,0.032867
39.4262,state,0.995335,0.955517,0.172819,0.032949
39.4350,state,0.995333,0.955713,0.172900,0.032548
39.4450,state,0.995335,0.955654,0.172819,0.032668
39.4554,desired,1.000000,1.000000,0.000000,0.000000
39.4556,state,0.995335,0.955603,0.172819,0.032774
39.4651,state,0.995335,0.955557,0.172819,0.032867
39.4750,state,0.995335,0.955517,0.172819,0.032949
39.4850,state,0.995333,0.955713,0.172900,0.032548
39.4855,desired,1.000000,1.000000,0.000000,0.000000
39.4950,state,0.995335,0.955654,0.172819,0.032668
39.5050,state,0.995335,0.955603,0.172819,0.032774
39.5150,state,0.995335,0.955557,0.172819,0.032867
39.5155,desired,1.000000,1.000000,0.000000,0.000000
39.5250,state,0.995335,0.955517,0.172819,0.032949
39.5262,state,0.995335,0.955481,0.172819,0.033022
39.5264,state,0.995335,0.955450,0.172819,0.033086
39.5350,state,0.995335,0.955603,0.172819,0.032774
39.5454,desired,1.000000,1.000000,0.000000,0.000000
39.5456,state,0.995335,0.955557,0.172819,0.032867
39.5550,state,0.995335,0.955517,0.172819,0.032949
39.5653,desired,1.000000,1.000000,0.000000,0.000000
39.5655,state,0.995335,0.955481,0.172819,0.033022
39.5750,state,0.995335,0.955450,0.172819,0.033086
39.5850,state,0.995335,0.955603,0.172819,0.032774
39.5950,state,0.995335,0.955557,0.172819,0.032867
39.5955,desired,1.000000,1.000000,0.000000,0.000000
39.6050,state,0.995335,0.955517,0.172819,0.032949
39.6151,state,0.995335,0.955481,0.172819,0.033022
39.6156,desired,1.000000,1.000000,0.000000,0.000000
39.6250,state,0.995335,0.955450,0.172819,0.033086
39.6272,state,0.995335,0.955423,0.172819,0.033141
39.6277,state,0.995335,0.955399,0.172819,0.033191
39.6350,state,0.995335,0.955517,0.172819,0.032949
39.6454,desired,1.000000,1.000000,0.000000,0.000000
39.6455,state,0.995335,0.955481,0.172819,0.033022
39.6550,state,0.995335,0.955450,0.172819,0.033086
39.6650,state,0.995335,0.955423,0.172819,0.033141
39.6750,state,0.995335,0.955399,0.172819,0.033191
39.6755,desired,1.000000,1.000000,0.000000,0.000000
39.6850,state,0.995335,0.955517,0.172819,0.032949
39.6950,state,0.995335,0.955481,0.172819,0.033022
39.7050,state,0.995335,0.955450,0.172819,0.033086
39.7054,desired,1.000000,1.000000,0.000000,0.000000
39.7150,state,0.995335,0.955423,0.172819,0.033141
39.7250,state,0.995335,0.955399,0.172819,0.033191
39.7255,desired,1.000000,1.000000,0.000000,0.000000
39.7273,state,0.995335,0.955378,0.172819,0.033235
39.7350,state,0.995335,0.955481,0.172819,0.033022
39.7451,state,0.995335,0.955450,0.172819,0.033086
39.7457,desired,1.000000,1.000000,0.000000,0.000000
39.7550,state,0.995335,0.955423,0.172819,0.033141
39.7650,state,0.995335,0.955399,0.172819,0.033191
39.7750,state,0.995335,0.955378,0.172819,0.033235
39.7755,desired,1.000000,1.000000,0.000000,0.000000
39.7850,state,0.995335,0.955481,0.172819,0.033022
39.7950,state,0.995335,0.955450,0.172819,0.033086
39.8054,desired,1.000000,1.000000,0.000000,0.000000
39.8055,state,0.995335,0.955423,0.172819,0.033141
39.8150,state,0.995335,0.955399,0.172819,0.033191
39.8250,state,0.995335,0.955378,0.172819,0.033235
39.8262,state,0.995335,0.955359,0.172819,0.033273
39.8268,state,0.995335,0.955342,0.172819,0.033307
39.8350,state,0.995335,0.955423,0.172819,0.033141
39.8355,desired,1.000000,1.000000,0.000000,0.000000
39.8449,state,0.995335,0.955399,0.172819,0.033191
39.8550,state,0.995335,0.955378,0.172819,0.033235
39.8650,state,0.995335,0.955359,0.172819,0.033273
39.8655,desired,1.000000,1.000000,0.000000,0.000000
39.8750,state,0.995335,0.955342,0.172819,0.033307
39.8853,desired,1.000000,1.000000,-0.111111,-0.111111
39.8855,state,0.995335,0.955423,0.172819,0.033141
39.8950,state,0.995335,0.955399,0.172819,0.033191
39.9050,state,0.995335,0.955378,0.172819,0.033235
39.9153,desired,0.996667,0.996667,-0.111111,-0.111111
39.9155,state,0.995335,0.955359,0.172819,0.033273
39.9250,state,0.995335,0.955342,0.172819,0.033307
39.9262,state,0.995335,0.955328,0.172819,0.033337
39.9271,state,0.995335,0.955315,0.172819,0.033364
39.9350,state,0.995335,0.955378,0.172819,0.033235
39.9453,desired,0.993334,0.993334,-0.111111,-0.111111
39.9455,state,0.995335,0.955359,0.172819,0.033273
39.9550,state,0.995335,0.955342,0.172819,0.033307
39.9653,desired,0.991111,0.991111,-0.111111,-0.111111
39.9655,state,0.995335,0.955328,0.172819,0.033337
39.9750,state,0.995335,0.955315,0.172819,0.033364
39.9850,state,0.995335,0.955378,0.172819,0.033235
39.9950,state,0.995335,0.955359,0.172819,0.033273
39.9955,desired,0.987778,0.987778,-0.111111,-0.111111
40.0050,state,0.995335,0.955342,0.172819,0.033307
40.0150,state,0.995335,0.955328,0.172819,0.033337
40.0254,desired,0.984442,0.984442,-0.111111,-0.111111
40.0256,state,0.995335,0.955315,0.172819,0.033364
40.0269,state,0.992750,0.955304,0.144510,0.033386
40.0350,state,0.995335,0.955359,0.172819,0.033273
40.0454,desired,0.982219,0.982219,-0.111111,-0.111111
40.0456,state,0.995335,0.955342,0.172819,0.033307
40.0550,state,0.995335,0.955328,0.172819,0.033337
40.0650,state,0.995335,0.955315,0.172819,0.033364
40.0754,desired,0.978889,0.978889,-0.111111,-0.111111
40.0756,state,0.992750,0.955304,0.144510,0.033386
40.0850,state,0.995335,0.955359,0.172819,0.033273
40.0950,state,0.995335,0.955342,0.172819,0.033307
40.1053,desired,0.975556,0.975556,-0.111111,-0.111111
40.1055,state,0.995335,0.955328,0.172819,0.033337
40.1150,state,0.995335,0.955315,0.172819,0.033364
40.1258,desired,0.973331,0.973331,-0.111111,-0.111111
40.1261,state,0.992750,0.955304,0.144510,0.033386
40.1274,state,0.992073,0.955294,0.170128,0.033406
40.1293,state,0.983011,0.955285,0.134601,0.033424
40.1350,state,0.995335,0.955328,0.172819,0.033337
40.1450,state,0.995335,0.955315,0.172819,0.033364
40.1553,desired,0.970000,0.970000,-0.111111,-0.111111
40.1555,state,0.992750,0.955304,0.144510,0.033386
40.1650,state,0.992073,0.955294,0.170128,0.033406
40.1754,desired,0.967775,0.967775,-0.111111,-0.111111
40.1755,state,0.983011,0.955285,0.134601,0.033424
40.1851,state,0.995335,0.955328,0.172819,0.033337
40.1950,state,0.995335,0.955315,0.172819,0.033364
40.2053,desired,0.964443,0.964443,-0.111111,-0.111111
40.2055,state,0.992750,0.955304,0.144510,0.033386
40.2150,state,0.992073,0.955294,0.170128,0.033406
40.2250,state,0.983011,0.955285,0.134601,0.033424
40.2272,state,0.976134,0.951022,-0.066504,-0.182233
40.2281,state,0.970378,0.932008,0.150207,-0.250047
40.2353,desired,0.961110,0.961110,-0.111111,-0.111111
40.2355,state,0.992750,0.955304,0.144510,0.033386
40.2450,state,0.992073,0.955294,0.170128,0.033406
40.2550,state,0.983011,0.955285,0.134601,0.033424
40.2653,desired,0.957777,0.957777,-0.111111,-0.111111
40.2654,state,0.976134,0.951022,-0.066504,-0.182233
40.2750,state,0.970378,0.932008,0.150207,-0.250047
40.2850,state,0.992750,0.955304,0.144510,0.033386
40.2953,desired,0.954444,0.954444,-0.111111,-0.111111
40.2954,state,0.992073,0.955294,0.170128,0.033406
40.3050,state,0.983011,0.955285,0.134601,0.033424
40.3153,desired,0.952222,0.952222,-0.111111,-0.111111
40.3154,state,0.976134,0.951022,-0.066504,-0.182233
40.3251,state,0.970378,0.932008,0.150207,-0.250047
40.3269,state,0.961282,0.921097,0.073919,-0.114841
40.3354,desired,0.949999,0.949999,-0.111111,-0.111111
40.3356,state,0.992073,0.955294,0.170128,0.033406
40.3451,state,0.983011,0.955285,0.134601,0.033424
40.3556,desired,0.947775,0.947775,-0.111111,-0.111111
40.3558,state,0.976134,0.951022,-0.066504,-0.182233
40.3650,state,0.970378,0.932008,0.150207,-0.250047
40.3751,state,0.961282,0.921097,0.073919,-0.114841
40.3854,desired,0.944444,0.944444,-0.111111,-0.111111
40.3856,state,0.992073,0.955294,0.170128,0.033406
40.3950,state,0.983011,0.955285,0.134601,0.033424
40.4050,state,0.976134,0.951022,-0.066504,-0.182233
40.4150,state,0.970378,0.932008,0.150207,-0.250047
40.4156,desired,0.941111,0.941111,-0.111111,-0.111111
40.4251,state,0.961282,0.921097,0.073919,-0.114841
40.4264,state,0.958989,0.920917,0.160765,0.032935
40.4278,state,0.948794,0.920930,0.126092,0.032925
40.4354,desired,0.938888,0.938888,-0.111111,-0.111111
40.4356,state,0.976134,0.951022,-0.066504,-0.182233
40.4450,state,0.970378,0.932008,0.150207,-0.250047
40.4550,state,0.961282,0.921097,0.073919,-0.114841
40.4654,desired,0.935555,0.935555,-0.111111,-0.111111
40.4656,state,0.958989,0.920917,0.160765,0.032935
40.4751,state,0.948794,0.920930,0.126092,0.032925
40.4856,desired,0.933330,0.933330,-0.111111,-0.111111
40.4859,state,0.976134,0.951022,-0.066504,-0.182233
40.4950,state,0.970378,0.932008,0.150207,-0.250047
40.5050,state,0.961282,0.921097,0.073919,-0.114841
40.5154,desired,0.929999,0.929999,-0.111111,-0.111111
40.5156,state,0.958989,0.920917,0.160765,0.032935
40.5250,state,0.948794,0.920930,0.126092,0.032925
40.5262,state,0.942353,0.916992,-0.049569,-0.167299
40.5272,state,0.937105,0.899106,0.147995,-0.234668
40.5350,state,0.961282,0.921097,0.073919,-0.114841
40.5450,state,0.958989,0.920917,0.160765,0.032935
40.5457,desired,0.926666,0.926666,-0.111111,-0.111111
40.5551,state,0.948794,0.920930,0.126092,0.032925
40.5657,desired,0.924441,0.924441,-0.111111,-0.111111
40.5660,state,0.942353,0.916992,-0.049569,-0.167299
40.5750,state,0.937105,0.899106,0.147995,-0.234668
40.5851,state,0.961282,0.921097,0.073919,-0.114841
40.5950,state,0.958989,0.920917,0.160765,0.032935
40.5956,desired,0.921111,0.921111,-0.111111,-0.111111
40.6051,state,0.948794,0.920930,0.126092,0.032925
40.6151,state,0.942353,0.916992,-0.049569,-0.167299
40.6159,desired,0.918886,0.918886,-0.111111,-0.111111
40.6251,state,0.937105,0.899106,0.147995,-0.234668
40.6272,state,0.928052,0.888606,0.070089,-0.114908
40.6350,state,0.958989,0.920917,0.160765,0.032935
40.6450,state,0.948794,0.920930,0.126092,0.032925
40.6456,desired,0.915555,0.915555,-0.111111,-0.111111
40.6551,state,0.942353,0.916992,-0.049569,-0.167299
40.6651,state,0.937105,0.899106,0.147995,-0.234668
40.6657,desired,0.913331,0.913331,-0.111111,-0.111111
40.6750,state,0.928052,0.888606,0.070089,-0.114908
40.6850,state,0.958989,0.920917,0.160765,0.032935
40.6951,state,0.948794,0.920930,0.126092,0.032925
40.6960,desired,0.909995,0.909995,-0.111111,-0.111111
40.7050,state,0.942353,0.916992,-0.049569,-0.167299
40.7150,state,0.937105,0.899106,0.147995,-0.234668
40.7251,state,0.928052,0.888606,0.070089,-0.114908
40.7259,desired,0.906664,0.906664,-0.111111,-0.111111
40.7265,state,0.925763,0.888429,0.156760,0.032172
40.7268,state,0.915568,0.888446,0.122022,0.032155
40.7350,state,0.942353,0.916992,-0.049569,-0.167299
40.7450,state,0.937105,0.899106,0.147995,-0.234668
40.7550,state,0.928052,0.888606,0.070089,-0.114908
40.7556,desired,0.903333,0.903333,-0.111111,-0.111111
40.7650,state,0.925763,0.888429,0.156760,0.032172
40.7750,state,0.915568,0.888446,0.122022,0.032155
40.7851,state,0.942353,0.916992,-0.049569,-0.167299
40.7860,desired,0.899997,0.899997,-0.111111,-0.111111
40.7950,state,0.937105,0.899106,0.147995,-0.234668
40.8050,state,0.928052,0.888606,0.070089,-0.114908
40.8150,state,0.925763,0.888429,0.156760,0.032172
40.8156,desired,0.896666,0.896666,-0.111111,-0.111111
40.8251,state,0.915568,0.888446,0.122022,0.032155
40.8270,state,0.909128,0.884385,-0.053601,-0.174441
40.8274,state,0.903883,0.866154,0.143864,-0.239156
40.8356,desired,0.894441,0.894441,-0.111111,-0.111111
40.8360,state,0.928052,0.888606,0.070089,-0.114908
40.8450,state,0.925763,0.888429,0.156760,0.032172
40.8552,state,0.915568,0.888446,0.122022,0.032155
40.8654,desired,0.891110,0.891110,-0.111111,-0.111111
40.8657,state,0.909128,0.884385,-0.053601,-0.174441
40.8751,state,0.903883,0.866154,0.143864,-0.239156
40.8850,state,0.928052,0.888606,0.070089,-0.114908
40.8957,desired,0.887776,0.887776,-0.111111,-0.111111
40.8960,state,0.925763,0.888429,0.156760,0.032172
40.9050,state,0.915568,0.888446,0.122022,0.032155
40.9151,state,0.909128,0.884385,-0.053601,-0.174441
40.9260,desired,0.884441,0.884441,-0.111111,-0.111111
40.9265,state,0.903883,0.866154,0.143864,-0.239156
40.9271,state,0.895693,0.856495,0.075367,-0.084747
40.9351,state,0.925763,0.888429,0.156760,0.032172
40.9450,state,0.915568,0.888446,0.122022,0.032155
40.9557,desired,0.881110,0.881110,-0.111111,-0.111111
40.9560,state,0.909128,0.884385,-0.053601,-0.174441
40.9650,state,0.903883,0.866154,0.143864,-0.239156
40.9750,state,0.895693,0.856495,0.075367,-0.084747
40.9853,desired,0.877776,0.877776,-0.111111,-0.111111
40.9855,state,0.925763,0.888429,0.156760,0.032172
40.9950,state,0.915568,0.888446,0.122022,0.032155
41.0050,state,0.909128,0.884385,-0.053601,-0.174441
41.0153,desired,0.874443,0.874443,-0.111111,-0.111111
41.0155,state,0.903883,0.866154,0.143864,-0.239156
41.0250,state,0.895693,0.856495,0.075367,-0.084747
41.0262,state,0.893631,0.856425,0.153476,0.032373
41.0268,state,0.882456,0.856466,0.113808,0.031476
41.0349,state,0.909128,0.884385,-0.053601,-0.174441
41.0453,desired,0.871111,0.871111,-0.111111,-0.111111
41.0455,state,0.903883,0.866154,0.143864,-0.239156
41.0550,state,0.895693,0.856495,0.075367,-0.084747
41.0650,state,0.893631,0.856425,0.153476,0.032373
41.0753,desired,0.867777,0.867777,-0.111111,-0.111111
41.0755,state,0.882456,0.856466,0.113808,0.031476
41.0851,state,0.909128,0.884385,-0.053601,-0.174441
41.0950,state,0.903883,0.866154,0.143864,-0.239156
41.1050,state,0.895693,0.856495,0.075367,-0.084747
41.1056,desired,0.864444,0.864444,-0.111111,-0.111111
41.1151,state,0.893631,0.856425,0.153476,0.032373
41.1249,state,0.882456,0.856466,0.113808,0.031476
41.1263,state,0.875919,0.852106,-0.058239,-0.190813
41.1271,state,0.870667,0.832838,0.139530,-0.253821
41.1353,desired,0.861111,0.861111,-0.111111,-0.111111
41.1355,state,0.895693,0.856495,0.075367,-0.084747
41.1450,state,0.893631,0.856425,0.153476,0.032373
41.1554,desired,0.858888,0.858888,-0.111111,-0.111111
41.1556,state,0.882456,0.856466,0.113808,0.031476
41.1650,state,0.875919,0.852106,-0.058239,-0.190813
41.1750,state,0.870667,0.832838,0.139530,-0.253821
41.1850,state,0.895693,0.856495,0.075367,-0.084747
41.1855,desired,0.855555,0.855555,-0.111111,-0.111111
41.1950,state,0.893631,0.856425,0.153476,0.032373
41.2050,state,0.882456,0.856466,0.113808,0.031476
41.2154,desired,0.852221,0.852221,-0.111111,-0.111111
41.2157,state,0.875919,0.852106,-0.058239,-0.190813
41.2250,state,0.870667,0.832838,0.139530,-0.253821
41.2265,state,0.861612,0.822164,0.061565,-0.111447
41.2356,desired,0.849997,0.849997,-0.111111,-0.111111
41.2360,state,0.893631,0.856425,0.153476,0.032373
41.2451,state,0.882456,0.856466,0.113808,0.031476
41.2552,state,0.875919,0.852106,-0.058239,-0.190813
41.2650,state,0.870667,0.832838,0.139530,-0.253821
41.2655,desired,0.846666,0.846666,-0.111111,-0.111111
41.2751,state,0.861612,0.822164,0.061565,-0.111447
41.2851,state,0.893631,0.856425,0.153476,0.032373
41.2858,desired,0.844441,0.844441,-0.111111,-0.111111
41.2951,state,0.882456,0.856466,0.113808,0.031476
41.3051,state,0.875919,0.852106,-0.058239,-0.190813
41.3151,state,0.870667,0.832838,0.139530,-0.253821
41.3156,desired,0.841110,0.841110,-0.111111,-0.111111
41.3252,state,0.861612,0.822164,0.061565,-0.111447
41.3265,state,0.859325,0.822061,0.148188,0.031460
41.3270,state,0.849136,0.822140,0.113396,0.031320
41.3351,state,0.875919,0.852106,-0.058239,-0.190813
41.3451,state,0.870667,0.832838,0.139530,-0.253821
41.3456,desired,0.837777,0.837777,-0.111111,-0.111111
41.3551,state,0.861612,0.822164,0.061565,-0.111447
41.3655,desired,0.835552,0.835552,-0.111111,-0.111111
41.3658,state,0.859325,0.822061,0.148188,0.031460
41.3750,state,0.849136,0.822140,0.113396,0.031320
41.3851,state,0.875919,0.852106,-0.058239,-0.190813
41.3950,state,0.870667,0.832838,0.139530,-0.253821
41.3955,desired,0.832222,0.832222,-0.111111,-0.111111
41.4051,state,0.861612,0.822164,0.061565,-0.111447
41.4154,desired,0.829999,0.829999,-0.111111,-0.111111
41.4157,state,0.859325,0.822061,0.148188,0.031460
41.4250,state,0.849136,0.822140,0.113396,0.031320
41.4264,state,0.842697,0.818151,-0.062346,-0.174565
41.4278,state,0.837454,0.800120,0.135072,-0.236777
41.4351,state,0.861612,0.822164,0.061565,-0.111447
41.4358,desired,0.827775,0.827775,-0.111111,-0.111111
41.4450,state,0.859325,0.822061,0.148188,0.031460
41.4551,state,0.849136,0.822140,0.113396,0.031320
41.4650,state,0.842697,0.818151,-0.062346,-0.174565
41.4656,desired,0.824444,0.824444,-0.111111,-0.111111
41.4750,state,0.837454,0.800120,0.135072,-0.236777
41.4854,desired,0.822221,0.822221,-0.111111,-0.111111
41.4856,state,0.861612,0.822164,0.061565,-0.111447
41.4951,state,0.859325,0.822061,0.148188,0.031460
41.5050,state,0.849136,0.822140,0.113396,0.031320
41.5154,desired,0.818889,0.818889,-0.111111,-0.111111
41.5157,state,0.842697,0.818151,-0.062346,-0.174565
41.5250,state,0.837454,0.800120,0.135072,-0.236777
41.5267,state,0.828403,0.789916,0.057080,-0.111377
41.5350,state,0.859325,0.822061,0.148188,0.031460
41.5356,desired,0.816666,0.816666,-0.111111,-0.111111
41.5450,state,0.849136,0.822140,0.113396,0.031320
41.5550,state,0.842697,0.818151,-0.062346,-0.174565
41.5650,state,0.837454,0.800120,0.135072,-0.236777
41.5655,desired,0.813332,0.813332,-0.111111,-0.111111
41.5750,state,0.828403,0.789916,0.057080,-0.111377
41.5850,state,0.859325,0.822061,0.148188,0.031460
41.5953,desired,0.809999,0.809999,-0.111111,-0.111111
41.5955,state,0.849136,0.822140,0.113396,0.031320
41.6050,state,0.842697,0.818151,-0.062346,-0.174565
41.6150,state,0.837454,0.800120,0.135072,-0.236777
41.6254,desired,0.806666,0.806666,-0.111111,-0.111111
41.6256,state,0.828403,0.789916,0.057080,-0.111377
41.6265,state,0.826117,0.789807,0.143641,0.030440
41.6276,state,0.815928,0.789880,0.108801,0.030314
41.6350,state,0.842697,0.818151,-0.062346,-0.174565
41.6456,desired,0.804442,0.804442,-0.111111,-0.111111
41.6459,state,0.837454,0.800120,0.135072,-0.236777
41.6550,state,0.828403,0.789916,0.057080,-0.111377
41.6652,state,0.826117,0.789807,0.143641,0.030440
41.6753,desired,0.801110,0.801110,-0.111111,-0.111111
41.6755,state,0.815928,0.789880,0.108801,0.030314
41.6850,state,0.842697,0.818151,-0.062346,-0.174565
41.6956,desired,0.798886,0.798886,-0.111111,-0.111111
41.6960,state,0.837454,0.800120,0.135072,-0.236777
41.7050,state,0.828403,0.789916,0.057080,-0.111377
41.7150,state,0.826117,0.789807,0.143641,0.030440
41.7254,desired,0.795555,0.795555,-0.111111,-0.111111
41.7256,state,0.815928,0.789880,0.108801,0.030314
41.7269,state,0.809488,0.785729,-0.066959,-0.183507
41.7294,state,0.804246,0.767269,0.130423,-0.242107
41.7350,state,0.828403,0.789916,0.057080,-0.111377
41.7456,desired,0.793330,0.793330,-0.111111,-0.111111
41.7459,state,0.826117,0.789807,0.143641,0.030440
41.7550,state,0.815928,0.789880,0.108801,0.030314
41.7650,state,0.809488,0.785729,-0.066959,-0.183507
41.7753,desired,0.789999,0.789999,-0.111111,-0.111111
41.7755,state,0.804246,0.767269,0.130423,-0.242107
41.7852,state,0.828403,0.789916,0.057080,-0.111377
41.7950,state,0.826117,0.789807,0.143641,0.030440
41.8054,desired,0.786663,0.786663,-0.111111,-0.111111
41.8056,state,0.815928,0.789880,0.108801,0.030314
41.8150,state,0.809488,0.785729,-0.066959,-0.183507
41.8250,state,0.804246,0.767269,0.130423,-0.242107
41.8263,state,0.795196,0.757124,0.052400,-0.108737
41.8356,desired,0.783330,0.783330,-0.111111,-0.111111
41.8360,state,0.826117,0.789807,0.143641,0.030440
41.8451,state,0.815928,0.789880,0.108801,0.030314
41.8551,state,0.809488,0.785729,-0.066959,-0.183507
41.8655,desired,0.779999,0.779999,-0.111111,-0.111111
41.8657,state,0.804246,0.767269,0.130423,-0.242107
41.8750,state,0.795196,0.757124,0.052400,-0.108737
41.8850,state,0.826117,0.789807,0.143641,0.030440
41.8960,desired,0.776663,0.776663,-0.111111,-0.111111
41.8963,state,0.815928,0.789880,0.108801,0.030314
41.9050,state,0.809488,0.785729,-0.066959,-0.183507
41.9150,state,0.804246,0.767269,0.130423,-0.242107
41.9250,state,0.795196,0.757124,0.052400,-0.108737
41.9258,desired,0.773332,0.773332,-0.111111,-0.111111
41.9265,state,0.792911,0.757029,0.138933,0.029658
41.9267,state,0.782722,0.757113,0.104049,0.029514
41.9350,state,0.809488,0.785729,-0.066959,-0.183507
41.9454,desired,0.771108,0.771108,-0.111111,-0.111111
41.9457,state,0.804246,0.767269,0.130423,-0.242107
41.9551,state,0.795196,0.757124,0.052400,-0.108737
41.9650,state,0.792911,0.757029,0.138933,0.029658
41.9750,state,0.782722,0.757113,0.104049,0.029514
41.9755,desired,0.767777,0.767777,-0.111111,-0.111111
41.9850,state,0.809488,0.785729,-0.066959,-0.183507
41.9950,state,0.804246,0.767269,0.130423,-0.242107
42.0054,desired,0.764444,0.764444,-0.111111,-0.111111
42.0056,state,0.795196,0.757124,0.052400,-0.108737
42.0151,state,0.792911,0.757029,0.138933,0.029658
42.0255,desired,0.762221,0.762221,-0.111111,-0.111111
42.0258,state,0.782722,0.757113,0.104049,0.029514
42.0269,state,0.776284,0.752921,-0.071702,-0.186830
42.0272,state,0.771044,0.734394,0.125611,-0.242734
42.0350,state,0.795196,0.757124,0.052400,-0.108737
42.0450,state,0.792911,0.757029,0.138933,0.029658
42.0554,desired,0.758887,0.758887,-0.111111,-0.111111
42.0557,state,0.782722,0.757113,0.104049,0.029514
42.0650,state,0.776284,0.752921,-0.071702,-0.186830
42.0750,state,0.771044,0.734394,0.125611,-0.242734
42.0854,desired,0.755555,0.755555,-0.111111,-0.111111
42.0856,state,0.795196,0.757124,0.052400,-0.108737
42.0950,state,0.792911,0.757029,0.138933,0.029658
42.1056,desired,0.753330,0.753330,-0.111111,-0.111111
42.1059,state,0.782722,0.757113,0.104049,0.029514
42.1150,state,0.776284,0.752921,-0.071702,-0.186830
42.1251,state,0.771044,0.734394,0.125611,-0.242734
42.1275,state,0.761991,0.724389,0.047535,-0.106801
42.1353,desired,0.749999,0.749999,-0.111111,-0.111111
42.1355,state,0.792911,0.757029,0.138933,0.029658
42.1450,state,0.782722,0.757113,0.104049,0.029514
42.1556,desired,0.747774,0.747774,-0.111111,-0.111111
42.1559,state,0.776284,0.752921,-0.071702,-0.186830
42.1650,state,0.771044,0.734394,0.125611,-0.242734
42.1750,state,0.761991,0.724389,0.047535,-0.106801
42.1853,desired,0.744443,0.744443,-0.111111,-0.111111
42.1855,state,0.792911,0.757029,0.138933,0.029658
42.1950,state,0.782722,0.757113,0.104049,0.029514
42.2050,state,0.776284,0.752921,-0.071702,-0.186830
42.2156,desired,0.741108,0.741108,-0.111111,-0.111111
42.2159,state,0.771044,0.734394,0.125611,-0.242734
42.2250,state,0.761991,0.724389,0.047535,-0.106801
42.2271,state,0.759707,0.724312,0.134056,0.028892
42.2287,state,0.749520,0.724409,0.099149,0.028725
42.2351,state,0.776284,0.752921,-0.071702,-0.186830
42.2453,desired,0.737777,0.737777,-0.111111,-0.111111
42.2455,state,0.771044,0.734394,0.125611,-0.242734
42.2550,state,0.761991,0.724389,0.047535,-0.106801
42.2650,state,0.759707,0.724312,0.134056,0.028892
42.2756,desired,0.734441,0.734441,-0.111111,-0.111111
42.2760,state,0.749520,0.724409,0.099149,0.028725
42.2850,state,0.776284,0.752921,-0.071702,-0.186830
42.2950,state,0.771044,0.734394,0.125611,-0.242734
42.3053,desired,0.731112,0.731112,-0.111111,-0.111111
42.3055,state,0.761991,0.724389,0.047535,-0.106801
42.3150,state,0.759707,0.724312,0.134056,0.028892
42.3250,state,0.749520,0.724409,0.099149,0.028725
42.3264,state,0.743082,0.720162,-0.076689,-0.191053
42.3272,state,0.737841,0.701513,0.120634,-0.244073
42.3353,desired,0.727778,0.727778,-0.111111,-0.111111
42.3355,state,0.761991,0.724389,0.047535,-0.106801
42.3450,state,0.759707,0.724312,0.134056,0.028892
42.3550,state,0.749520,0.724409,0.099149,0.028725
42.3654,desired,0.724444,0.724444,-0.111111,-0.111111
42.3657,state,0.743082,0.720162,-0.076689,-0.191053
42.3750,state,0.737841,0.701513,0.120634,-0.244073
42.3850,state,0.761991,0.724389,0.047535,-0.106801
42.3950,state,0.759707,0.724312,0.134056,0.028892
42.3954,desired,0.721111,0.721111,-0.111111,-0.111111
42.4050,state,0.749520,0.724409,0.099149,0.028725
42.4153,desired,0.718888,0.718888,-0.111111,-0.111111
42.4155,state,0.743082,0.720162,-0.076689,-0.191053
42.4250,state,0.737841,0.701513,0.120634,-0.244073
42.4264,state,0.728795,0.691653,0.042601,-0.104290
42.4350,state,0.759707,0.724312,0.134056,0.028892
42.4454,desired,0.715555,0.715555,-0.111111,-0.111111
42.4456,state,0.749520,0.724409,0.099149,0.028725
42.4550,state,0.743082,0.720162,-0.076689,-0.191053
42.4655,desired,0.713332,0.713332,-0.111111,-0.111111
42.4657,state,0.737841,0.701513,0.120634,-0.244073
42.4752,state,0.728795,0.691653,0.042601,-0.104290
42.4850,state,0.759707,0.724312,0.134056,0.028892
42.4951,state,0.749520,0.724409,0.099149,0.028725
42.4958,desired,0.709999,0.709999,-0.111111,-0.111111
42.5050,state,0.743082,0.720162,-0.076689,-0.191053
42.5150,state,0.737841,0.701513,0.120634,-0.244073
42.5255,desired,0.706665,0.706665,-0.111111,-0.111111
42.5258,state,0.728795,0.691653,0.042601,-0.104290
42.5265,state,0.726513,0.691595,0.129030,0.028126
42.5267,state,0.716324,0.691707,0.094076,0.027932
42.5350,state,0.743082,0.720162,-0.076689,-0.191053
42.5450,state,0.737841,0.701513,0.120634,-0.244073
42.5553,desired,0.703333,0.703333,-0.111111,-0.111111
42.5555,state,0.728795,0.691653,0.042601,-0.104290
42.5650,state,0.726513,0.691595,0.129030,0.028126
42.5750,state,0.716324,0.691707,0.094076,0.027932
42.5850,state,0.743082,0.720162,-0.076689,-0.191053
42.5855,desired,0.699999,0.699999,-0.111111,-0.111111
42.5951,state,0.737841,0.701513,0.120634,-0.244073
42.6050,state,0.728795,0.691653,0.042601,-0.104290
42.6154,desired,0.696667,0.696667,-0.111111,-0.111111
42.6156,state,0.726513,0.691595,0.129030,0.028126
42.6250,state,0.716324,0.691707,0.094076,0.027932
42.6265,state,0.709888,0.687408,-0.081705,-0.195187
42.6279,state,0.704650,0.668650,0.115516,-0.245190
42.6350,state,0.728795,0.691653,0.042601,-0.104290
42.6454,desired,0.693332,0.693332,-0.111111,-0.111111
42.6457,state,0.726513,0.691595,0.129030,0.028126
42.6550,state,0.716324,0.691707,0.094076,0.027932
42.6650,state,0.709888,0.687408,-0.081705,-0.195187
42.6754,desired,0.689999,0.689999,-0.111111,-0.111111
42.6756,state,0.704650,0.668650,0.115516,-0.245190
42.6850,state,0.728795,0.691653,0.042601,-0.104290
42.6950,state,0.726513,0.691595,0.129030,0.028126
42.7054,desired,0.686667,0.686667,-0.111111,-0.111111
42.7056,state,0.716324,0.691707,0.094076,0.027932
42.7150,state,0.709888,0.687408,-0.081705,-0.195187
42.7255,desired,0.684444,0.684444,-0.111111,-0.111111
42.7257,state,0.704650,0.668650,0.115516,-0.245190
42.7268,state,0.695602,0.658941,0.037425,-0.101840
42.7350,state,0.726513,0.691595,0.129030,0.028126
42.7450,state,0.716324,0.691707,0.094076,0.027932
42.7553,desired,0.681110,0.681110,-0.111111,-0.111111
42.7555,state,0.709888,0.687408,-0.081705,-0.195187
42.7650,state,0.704650,0.668650,0.115516,-0.245190
42.7754,desired,0.678888,0.678888,-0.111111,-0.111111
42.7756,state,0.695602,0.658941,0.037425,-0.101840
42.7850,state,0.726513,0.691595,0.129030,0.028126
42.7951,state,0.716324,0.691707,0.094076,0.027932
42.8054,desired,0.675555,0.675555,-0.111111,-0.111111
42.8056,state,0.709888,0.687408,-0.081705,-0.195187
42.8150,state,0.704650,0.668650,0.115516,-0.245190
42.8251,state,0.695602,0.658941,0.037425,-0.101840
42.8264,state,0.693320,0.658903,0.123851,0.027335
42.8271,state,0.683132,0.659030,0.088861,0.027118
42.8350,state,0.709888,0.687408,-0.081705,-0.195187
42.8357,desired,0.672222,0.672222,-0.111111,-0.111111
42.8450,state,0.704650,0.668650,0.115516,-0.245190
42.8554,desired,0.669997,0.669997,-0.111111,-0.111111
42.8556,state,0.695602,0.658941,0.037425,-0.101840
42.8651,state,0.693320,0.658903,0.123851,0.027335
42.8750,state,0.683132,0.659030,0.088861,0.027118
42.8851,state,0.709888,0.687408,-0.081705,-0.195187
42.8856,desired,0.666662,0.666662,-0.111111,-0.111111
42.8951,state,0.704650,0.668650,0.115516,-0.245190
42.9051,state,0.695602,0.658941,0.037425,-0.101840
42.9152,state,0.693320,0.658903,0.123851,0.027335
42.9159,desired,0.663327,0.663327,-0.111111,-0.111111
42.9250,state,0.683132,0.659030,0.088861,0.027118
42.9267,state,0.676695,0.654674,-0.086959,-0.199600
42.9276,state,0.671458,0.635800,0.110245,-0.246340
42.9350,state,0.695602,0.658941,0.037425,-0.101840
42.9452,state,0.693320,0.658903,0.123851,0.027335
42.9458,desired,0.659993,0.659993,-0.111111,-0.111111
42.9554,state,0.683132,0.659030,0.088861,0.027118
42.9653,state,0.676695,0.654674,-0.086959,-0.199600
42.9660,desired,0.657768,0.657768,-0.111111,-0.111111
42.9750,state,0.671458,0.635800,0.110245,-0.246340
42.9850,state,0.695602,0.658941,0.037425,-0.101840
42.9953,desired,0.654444,0.654444,-0.111111,-0.111111
42.9955,state,0.693320,0.658903,0.123851,0.027335
43.0050,state,0.683132,0.659030,0.088861,0.027118
43.0150,state,0.676695,0.654674,-0.086959,-0.199600
43.0254,desired,0.651111,0.651111,-0.111111,-0.111111
43.0256,state,0.671458,0.635800,0.110245,-0.246340
43.0350,state,0.695602,0.658941,0.037425,-0.101840
43.0371,state,0.662406,0.626255,0.032074,-0.099105
43.0455,desired,0.648888,0.648888,-0.111111,-0.111111
43.0458,state,0.683132,0.659030,0.088861,0.027118
43.0550,state,0.676695,0.654674,-0.086959,-0.199600
43.0650,state,0.671458,0.635800,0.110245,-0.246340
43.0754,desired,0.645555,0.645555,-0.111111,-0.111111
43.0756,state,0.695602,0.658941,0.037425,-0.101840
43.0850,state,0.662406,0.626255,0.032074,-0.099105
43.0950,state,0.683132,0.659030,0.088861,0.027118
43.1053,desired,0.642222,0.642222,-0.111111,-0.111111
43.1055,state,0.676695,0.654674,-0.086959,-0.199600
43.1150,state,0.671458,0.635800,0.110245,-0.246340
43.1250,state,0.695602,0.658941,0.037425,-0.101840
43.1353,desired,0.638889,0.638889,-0.111111,-0.111111
43.1354,state,0.662406,0.626255,0.032074,-0.099105
43.1367,state,0.660123,0.626234,0.118516,0.026490
43.1372,state,0.649943,0.626375,0.083533,0.026252
43.1450,state,0.671458,0.635800,0.110245,-0.246340
43.1550,state,0.695602,0.658941,0.037425,-0.101840
43.1656,desired,0.635556,0.635556,-0.111111,-0.111111
43.1659,state,0.662406,0.626255,0.032074,-0.099105
43.1750,state,0.660123,0.626234,0.118516,0.026490
43.1850,state,0.649943,0.626375,0.083533,0.026252
43.1953,desired,0.632223,0.632223,-0.111111,-0.111111
43.1954,state,0.671458,0.635800,0.110245,-0.246340
43.2050,state,0.695602,0.658941,0.037425,-0.101840
43.2150,state,0.662406,0.626255,0.032074,-0.099105
43.2253,desired,0.628890,0.628890,-0.111111,-0.111111
43.2254,state,0.660123,0.626234,0.118516,0.026490
43.2350,state,0.649943,0.626375,0.083533,0.026252
43.2370,state,0.643507,0.621960,-0.092329,-0.204077
43.2378,state,0.638271,0.602980,0.104830,-0.247203
43.2453,desired,0.626666,0.626666,-0.111111,-0.111111
43.2455,state,0.662406,0.626255,0.032074,-0.099105
43.2550,state,0.660123,0.626234,0.118516,0.026490
43.2650,state,0.649943,0.626375,0.083533,0.026252
43.2753,desired,0.623334,0.623334,-0.111111,-0.111111
43.2755,state,0.643507,0.621960,-0.092329,-0.204077
43.2850,state,0.638271,0.602980,0.104830,-0.247203
43.2950,state,0.662406,0.626255,0.032074,-0.099105
43.3052,state,0.660123,0.626234,0.118516,0.026490
43.3056,desired,0.619998,0.619998,-0.111111,-0.111111
43.3150,state,0.649943,0.626375,0.083533,0.026252
43.3250,state,0.643507,0.621960,-0.092329,-0.204077
43.3353,desired,0.616667,0.616667,-0.111111,-0.111111
43.3355,state,0.638271,0.602980,0.104830,-0.247203
43.3365,state,0.629225,0.593637,0.026703,-0.095447
43.3450,state,0.660123,0.626234,0.118516,0.026490
43.3550,state,0.649943,0.626375,0.083533,0.026252
43.3657,desired,0.613332,0.613332,-0.111111,-0.111111
43.3660,state,0.643507,0.621960,-0.092329,-0.204077
43.3750,state,0.638271,0.602980,0.104830,-0.247203
43.3850,state,0.629225,0.593637,0.026703,-0.095447
43.3954,desired,0.609999,0.609999,-0.111111,-0.111111
43.3956,state,0.660123,0.626234,0.118516,0.026490
43.4050,state,0.649943,0.626375,0.083533,0.026252
43.4150,state,0.643507,0.621960,-0.092329,-0.204077
43.4254,desired,0.606666,0.606666,-0.111111,-0.111111
43.4256,state,0.638271,0.602980,0.104830,-0.247203
43.4350,state,0.629225,0.593637,0.026703,-0.095447
43.4366,state,0.626945,0.593638,0.113064,0.025646
43.4378,state,0.615762,0.593651,0.073806,0.022558
43.4450,state,0.643507,0.621960,-0.092329,-0.204077
43.4554,desired,0.603333,0.603333,-0.111111,-0.111111
43.4556,state,0.638271,0.602980,0.104830,-0.247203
43.4651,state,0.629225,0.593637,0.026703,-0.095447
43.4754,desired,0.601110,0.601110,-0.111111,-0.111111
43.4756,state,0.626945,0.593638,0.113064,0.025646
43.4852,state,0.615762,0.593651,0.073806,0.022558
43.4950,state,0.643507,0.621960,-0.092329,-0.204077
43.5054,desired,0.597776,0.597776,-0.111111,-0.111111
43.5056,state,0.638271,0.602980,0.104830,-0.247203
43.5151,state,0.629225,0.593637,0.026703,-0.095447
43.5250,state,0.626945,0.593638,0.113064,0.025646
43.5350,state,0.615762,0.593651,0.073806,0.022558
43.5356,desired,0.594444,0.594444,-0.111111,-0.111111
43.5365,state,0.609771,0.589109,-0.077095,-0.206322
43.5376,state,0.605041,0.570354,0.101003,-0.242388
43.5450,state,0.629225,0.593637,0.026703,-0.095447
43.5550,state,0.626945,0.593638,0.113064,0.025646
43.5653,desired,0.591111,0.591111,-0.111111,-0.111111
43.5654,state,0.615762,0.593651,0.073806,0.022558
43.5750,state,0.609771,0.589109,-0.077095,-0.206322
43.5850,state,0.605041,0.570354,0.101003,-0.242388
43.5854,desired,0.588888,0.588888,-0.111111,-0.111111
43.5950,state,0.629225,0.593637,0.026703,-0.095447
43.6056,desired,0.586662,0.586662,-0.111111,-0.111111
43.6059,state,0.626945,0.593638,0.113064,0.025646
43.6150,state,0.615762,0.593651,0.073806,0.022558
43.6250,state,0.609771,0.589109,-0.077095,-0.206322
43.6354,desired,0.583332,0.583332,-0.111111,-0.111111
43.6357,state,0.605041,0.570354,0.101003,-0.242388
43.6374,state,0.596036,0.561468,0.021258,-0.089138
43.6450,state,0.626945,0.593638,0.113064,0.025646
43.6550,state,0.615762,0.593651,0.073806,0.022558
43.6653,desired,0.579999,0.579999,-0.111111,-0.111111
43.6655,state,0.609771,0.589109,-0.077095,-0.206322
43.6750,state,0.605041,0.570354,0.101003,-0.242388
43.6850,state,0.596036,0.561468,0.021258,-0.089138
43.6954,desired,0.576666,0.576666,-0.111111,-0.111111
43.6956,state,0.626945,0.593638,0.113064,0.025646
43.7050,state,0.615762,0.593651,0.073806,0.022558
43.7150,state,0.609771,0.589109,-0.077095,-0.206322
43.7154,desired,0.574443,0.574443,-0.111111,-0.111111
43.7250,state,0.605041,0.570354,0.101003,-0.242388
43.7357,desired,0.572218,0.572218,-0.111111,-0.111111
43.7359,state,0.596036,0.561468,0.021258,-0.089138
43.7369,state,0.593759,0.561473,0.107480,0.024482
43.7374,state,0.583577,0.561626,0.072399,0.024232
43.7450,state,0.609771,0.589109,-0.077095,-0.206322
43.7550,state,0.605041,0.570354,0.101003,-0.242388
43.7651,state,0.596036,0.561468,0.021258,-0.089138
43.7657,desired,0.568887,0.568887,-0.111111,-0.111111
43.7750,state,0.593759,0.561473,0.107480,0.024482
43.7850,state,0.583577,0.561626,0.072399,0.024232
43.7953,desired,0.565555,0.565555,-0.111111,-0.111111
43.7955,state,0.609771,0.589109,-0.077095,-0.206322
43.8050,state,0.605041,0.570354,0.101003,-0.242388
43.8153,desired,0.563332,0.563332,-0.111111,-0.111111
43.8155,state,0.596036,0.561468,0.021258,-0.089138
43.8250,state,0.593759,0.561473,0.107480,0.024482
43.8350,state,0.583577,0.561626,0.072399,0.024232
43.8372,state,0.577141,0.556968,-0.103505,-0.219034
43.8382,state,0.571906,0.537448,0.093612,-0.252596
43.8453,desired,0.559999,0.559999,-0.111111,-0.111111
43.8455,state,0.596036,0.561468,0.021258,-0.089138
43.8551,state,0.593759,0.561473,0.107480,0.024482
43.8650,state,0.583577,0.561626,0.072399,0.024232
43.8753,desired,0.556665,0.556665,-0.111111,-0.111111
43.8755,state,0.577141,0.556968,-0.103505,-0.219034
43.8850,state,0.571906,0.537448,0.093612,-0.252596
43.8953,desired,0.554443,0.554443,-0.111111,-0.111111
43.8955,state,0.596036,0.561468,0.021258,-0.089138
43.9051,state,0.593759,0.561473,0.107480,0.024482
43.9150,state,0.583577,0.561626,0.072399,0.024232
43.9253,desired,0.551110,0.551110,-0.111111,-0.111111
43.9255,state,0.577141,0.556968,-0.103505,-0.219034
43.9351,state,0.571906,0.537448,0.093612,-0.252596
43.9373,state,0.562860,0.528537,0.015423,-0.084977
43.9456,desired,0.548885,0.548885,-0.111111,-0.111111
43.9459,state,0.593759,0.561473,0.107480,0.024482
43.9550,state,0.583577,0.561626,0.072399,0.024232
43.9650,state,0.577141,0.556968,-0.103505,-0.219034
43.9754,desired,0.545554,0.545554,-0.111111,-0.111111
43.9756,state,0.571906,0.537448,0.093612,-0.252596
43.9850,state,0.562860,0.528537,0.015423,-0.084977
43.9950,state,0.593759,0.561473,0.107480,0.024482
44.0053,desired,0.542221,0.542221,-0.111111,-0.111111
44.0055,state,0.583577,0.561626,0.072399,0.024232
44.0150,state,0.577141,0.556968,-0.103505,-0.219034
44.0250,state,0.571906,0.537448,0.093612,-0.252596
44.0354,desired,0.538887,0.538887,-0.111111,-0.111111
44.0356,state,0.562860,0.528537,0.015423,-0.084977
44.0370,state,0.560581,0.528570,0.101747,0.023674
44.0377,state,0.549399,0.528612,0.062425,0.020528
44.0450,state,0.577141,0.556968,-0.103505,-0.219034
44.0550,state,0.571906,0.537448,0.093612,-0.252596
44.0656,desired,0.535552,0.535552,-0.111111,-0.111111
44.0659,state,0.562860,0.528537,0.015423,-0.084977
44.0751,state,0.560581,0.528570,0.101747,0.023674
44.0850,state,0.549399,0.528612,0.062425,0.020528
44.0952,desired,0.532221,0.532221,-0.111111,-0.111111
44.0954,state,0.577141,0.556968,-0.103505,-0.219034
44.1051,state,0.571906,0.537448,0.093612,-0.252596
44.1150,state,0.562860,0.528537,0.015423,-0.084977
44.1253,desired,0.528888,0.528888,-0.111111,-0.111111
44.1255,state,0.560581,0.528570,0.101747,0.023674
44.1351,state,0.549399,0.528612,0.062425,0.020528
44.1371,state,0.543411,0.523939,-0.088442,-0.216207
44.1386,state,0.538684,0.505015,0.089532,-0.242452
44.1453,desired,0.526665,0.526665,-0.111111,-0.111111
44.1455,state,0.562860,0.528537,0.015423,-0.084977
44.1550,state,0.560581,0.528570,0.101747,0.023674
44.1650,state,0.549399,0.528612,0.062425,0.020528
44.1753,desired,0.523332,0.523332,-0.111111,-0.111111
44.1755,state,0.543411,0.523939,-0.088442,-0.216207
44.1850,state,0.538684,0.505015,0.089532,-0.242452
44.1951,state,0.562860,0.528537,0.015423,-0.084977
44.2054,desired,0.519999,0.519999,-0.111111,-0.111111
44.2056,state,0.560581,0.528570,0.101747,0.023674
44.2150,state,0.549399,0.528612,0.062425,0.020528
44.2250,state,0.543411,0.523939,-0.088442,-0.216207
44.2353,desired,0.516665,0.516665,-0.111111,-0.111111
44.2355,state,0.538684,0.505015,0.089532,-0.242452
44.2373,state,0.529680,0.496781,0.009745,-0.076383
44.2450,state,0.560581,0.528570,0.101747,0.023674
44.2550,state,0.549399,0.528612,0.062425,0.020528
44.2656,desired,0.513330,0.513330,-0.111111,-0.111111
44.2659,state,0.543411,0.523939,-0.088442,-0.216207
44.2750,state,0.538684,0.505015,0.089532,-0.242452
44.2850,state,0.529680,0.496781,0.009745,-0.076383
44.2953,desired,0.509998,0.509998,-0.111111,-0.111111
44.2955,state,0.560581,0.528570,0.101747,0.023674
44.3052,state,0.549399,0.528612,0.062425,0.020528
44.3150,state,0.543411,0.523939,-0.088442,-0.216207
44.3253,desired,0.506666,0.506666,-0.111111,-0.111111
44.3255,state,0.538684,0.505015,0.089532,-0.242452
44.3352,state,0.529680,0.496781,0.009745,-0.076383
44.3382,state,0.527405,0.496810,0.095915,0.022297
44.3385,state,0.517223,0.496915,0.060776,0.020864
44.3450,state,0.543411,0.523939,-0.088442,-0.216207
44.3455,desired,0.504443,0.504443,-0.111111,-0.111111
44.3550,state,0.538684,0.505015,0.089532,-0.242452
44.3650,state,0.529680,0.496781,0.009745,-0.076383
44.3655,desired,0.502220,0.502220,-0.111111,-0.111111
44.3750,state,0.527405,0.496810,0.095915,0.022297
44.3850,state,0.517223,0.496915,0.060776,0.020864
44.3953,desired,0.498888,0.498888,-0.111111,-0.111111
44.3955,state,0.543411,0.523939,-0.088442,-0.216207
44.4050,state,0.538684,0.505015,0.089532,-0.242452
44.4150,state,0.529680,0.496781,0.009745,-0.076383
44.4250,state,0.527405,0.496810,0.095915,0.022297
44.4255,desired,0.495554,0.495554,-0.111111,-0.111111
44.4350,state,0.517223,0.496915,0.060776,0.020864
44.4366,state,0.510789,0.491983,-0.115142,-0.232859
44.4380,state,0.505555,0.472181,0.081898,-0.253004
44.4451,state,0.529680,0.496781,0.009745,-0.076383
44.4459,desired,0.493329,0.493329,-0.111111,-0.111111
44.4551,state,0.527405,0.496810,0.095915,0.022297
44.4650,state,0.517223,0.496915,0.060776,0.020864
44.4750,state,0.510789,0.491983,-0.115142,-0.232859
44.4755,desired,0.489999,0.489999,-0.111111,-0.111111
44.4850,state,0.505555,0.472181,0.081898,-0.253004
44.4951,state,0.529680,0.496781,0.009745,-0.076383
44.4959,desired,0.487775,0.487775,-0.111111,-0.111111
44.5050,state,0.527405,0.496810,0.095915,0.022297
44.5151,state,0.517223,0.496915,0.060776,0.020864
44.5250,state,0.510789,0.491983,-0.115142,-0.232859
44.5256,desired,0.484443,0.484443,-0.111111,-0.111111
44.5350,state,0.505555,0.472181,0.081898,-0.253004
44.5370,state,0.495649,0.462903,-0.005778,-0.110452
44.5450,state,0.527405,0.496810,0.095915,0.022297
44.5553,desired,0.481110,0.481110,-0.111111,-0.111111
44.5555,state,0.517223,0.496915,0.060776,0.020864
44.5650,state,0.510789,0.491983,-0.115142,-0.232859
44.5753,desired,0.478888,0.478888,-0.111111,-0.111111
44.5755,state,0.505555,0.472181,0.081898,-0.253004
44.5850,state,0.495649,0.462903,-0.005778,-0.110452
44.5950,state,0.527405,0.496810,0.095915,0.022297
44.6054,desired,0.475554,0.475554,-0.111111,-0.111111
44.6056,state,0.517223,0.496915,0.060776,0.020864
44.6150,state,0.510789,0.491983,-0.115142,-0.232859
44.6251,state,0.505555,0.472181,0.081898,-0.253004
44.6355,desired,0.472221,0.472221,-0.111111,-0.111111
44.6357,state,0.495649,0.462903,-0.005778,-0.110452
44.6365,state,0.493148,0.462875,0.088986,0.020930
44.6377,state,0.483945,0.463027,0.058745,0.020708
44.6450,state,0.510789,0.491983,-0.115142,-0.232859
44.6550,state,0.505555,0.472181,0.081898,-0.253004
44.6654,desired,0.468887,0.468887,-0.111111,-0.111111
44.6656,state,0.495649,0.462903,-0.005778,-0.110452
44.6751,state,0.493148,0.462875,0.088986,0.020930
44.6850,state,0.483945,0.463027,0.058745,0.020708
44.6954,desired,0.465555,0.465555,-0.111111,-0.111111
44.6957,state,0.510789,0.491983,-0.115142,-0.232859
44.7050,state,0.505555,0.472181,0.081898,-0.253004
44.7150,state,0.495649,0.462903,-0.005778,-0.110452
44.7253,desired,0.462222,0.462222,-0.111111,-0.111111
44.7255,state,0.493148,0.462875,0.088986,0.020930
44.7350,state,0.483945,0.463027,0.058745,0.020708
44.7372,state,0.477607,0.458433,-0.120788,-0.219398
44.7383,state,0.472383,0.439699,0.075900,-0.238307
44.7450,state,0.495649,0.462903,-0.005778,-0.110452
44.7553,desired,0.458885,0.458885,-0.111111,-0.111111
44.7555,state,0.493148,0.462875,0.088986,0.020930
44.7650,state,0.483945,0.463027,0.058745,0.020708
44.7750,state,0.477607,0.458433,-0.120788,-0.219398
44.7857,desired,0.455542,0.455542,-0.111111,-0.111111
44.7860,state,0.472383,0.439699,0.075900,-0.238307
44.7953,state,0.495649,0.462903,-0.005778,-0.110452
44.8053,state,0.493148,0.462875,0.088986,0.020930
44.8155,desired,0.452217,0.452217,-0.111111,-0.111111
44.8157,state,0.483945,0.463027,0.058745,0.020708
44.8253,state,0.477607,0.458433,-0.120788,-0.219398
44.8351,state,0.472383,0.439699,0.075900,-0.238307
44.8366,state,0.466510,0.436781,-0.121225,0.020592
44.8374,state,0.461325,0.436994,0.073998,0.020691
44.8450,state,0.483945,0.463027,0.058745,0.020708
44.8456,desired,0.448889,0.448889,-0.111111,-0.111111
44.8550,state,0.477607,0.458433,-0.120788,-0.219398
44.8650,state,0.472383,0.439699,0.075900,-0.238307
44.8754,desired,0.445555,0.445555,-0.111111,-0.111111
44.8756,state,0.466510,0.436781,-0.121225,0.020592
44.8850,state,0.461325,0.436994,0.073998,0.020691
44.8950,state,0.483945,0.463027,0.058745,0.020708
44.9053,desired,0.442221,0.442221,-0.111111,-0.111111
44.9055,state,0.477607,0.458433,-0.120788,-0.219398
44.9150,state,0.472383,0.439699,0.075900,-0.238307
44.9254,desired,0.439997,0.439997,-0.111111,-0.111111
44.9256,state,0.466510,0.436781,-0.121225,0.020592
44.9352,state,0.461325,0.436994,0.073998,0.020691
44.9368,state,0.452281,0.428301,-0.004434,-0.251098
44.9451,state,0.477607,0.458433,-0.120788,-0.219398
44.9553,desired,0.436667,0.436667,-0.111111,-0.111111
44.9555,state,0.472383,0.439699,0.075900,-0.238307
44.9650,state,0.466510,0.436781,-0.121225,0.020592
44.9754,desired,0.434443,0.434443,-0.111111,-0.111111
44.9756,state,0.461325,0.436994,0.073998,0.020691
44.9850,state,0.452281,0.428301,-0.004434,-0.251098
44.9956,desired,0.432220,0.432220,-0.111111,-0.111111
44.9959,state,0.477607,0.458433,-0.120788,-0.219398
45.0050,state,0.472383,0.439699,0.075900,-0.238307
45.0150,state,0.466510,0.436781,-0.121225,0.020592
45.0254,desired,0.428885,0.428885,-0.111111,-0.111111
45.0256,state,0.461325,0.436994,0.073998,0.020691
45.0350,state,0.452281,0.428301,-0.004434,-0.251098
45.0370,state,0.450003,0.416168,0.081837,-0.087928
45.0371,state,0.439826,0.411480,0.046671,0.015534
45.0450,state,0.466510,0.436781,-0.121225,0.020592
45.0550,state,0.461325,0.436994,0.073998,0.020691
45.0554,desired,0.425552,0.425552,-0.111111,-0.111111
45.0650,state,0.452281,0.428301,-0.004434,-0.251098
45.0750,state,0.450003,0.416168,0.081837,-0.087928
45.0850,state,0.439826,0.411480,0.046671,0.015534
45.0854,desired,0.422222,0.422222,-0.111111,-0.111111
45.0950,state,0.466510,0.436781,-0.121225,0.020592
45.1051,state,0.461325,0.436994,0.073998,0.020691
45.1058,desired,0.419993,0.419993,-0.111111,-0.111111
45.1151,state,0.452281,0.428301,-0.004434,-0.251098
45.1250,state,0.450003,0.416168,0.081837,-0.087928
45.1351,state,0.439826,0.411480,0.046671,0.015534
45.1358,desired,0.416663,0.416663,-0.111111,-0.111111
45.1383,state,0.432847,0.410085,-0.150682,-0.061469
45.1404,state,0.427100,0.397474,0.065721,-0.184624
45.1452,state,0.452281,0.428301,-0.004434,-0.251098
45.1550,state,0.450003,0.416168,0.081837,-0.087928
45.1650,state,0.439826,0.411480,0.046671,0.015534
45.1655,desired,0.413330,0.413330,-0.111111,-0.111111
45.1750,state,0.432847,0.410085,-0.150682,-0.061469
45.1850,state,0.427100,0.397474,0.065721,-0.184624
45.1953,desired,0.409997,0.409997,-0.111111,-0.111111
45.1955,state,0.452281,0.428301,-0.004434,-0.251098
45.2050,state,0.450003,0.416168,0.081837,-0.087928
45.2151,state,0.439826,0.411480,0.046671,0.015534
45.2255,desired,0.406663,0.406663,-0.111111,-0.111111
45.2257,state,0.432847,0.410085,-0.150682,-0.061469
45.2351,state,0.427100,0.397474,0.065721,-0.184624
45.2376,state,0.418014,0.388361,-0.010930,-0.148195
45.2450,state,0.450003,0.416168,0.081837,-0.087928
45.2553,desired,0.403330,0.403330,-0.111111,-0.111111
45.2555,state,0.439826,0.411480,0.046671,0.015534
45.2650,state,0.432847,0.410085,-0.150682,-0.061469
45.2750,state,0.427100,0.397474,0.065721,-0.184624
45.2854,desired,0.399999,0.399999,-0.111111,-0.111111
45.2856,state,0.418014,0.388361,-0.010930,-0.148195
45.2950,state,0.450003,0.416168,0.081837,-0.087928
45.3050,state,0.439826,0.411480,0.046671,0.015534
45.3150,state,0.432847,0.410085,-0.150682,-0.061469
45.3155,desired,0.396666,0.396666,-0.111111,-0.111111
45.3250,state,0.427100,0.397474,0.065721,-0.184624
45.3353,desired,0.394443,0.394443,-0.111111,-0.111111
45.3355,state,0.418014,0.388361,-0.010930,-0.148195
45.3365,state,0.415734,0.386452,0.075423,0.018858
45.3371,state,0.406553,0.386668,0.044456,0.018845
45.3450,state,0.432847,0.410085,-0.150682,-0.061469
45.3553,desired,0.392219,0.392219,-0.111111,-0.111111
45.3555,state,0.427100,0.397474,0.065721,-0.184624
45.3650,state,0.418014,0.388361,-0.010930,-0.148195
45.3750,state,0.415734,0.386452,0.075423,0.018858
45.3853,desired,0.388888,0.388888,-0.111111,-0.111111
45.3855,state,0.406553,0.386668,0.044456,0.018845
45.3950,state,0.432847,0.410085,-0.150682,-0.061469
45.4050,state,0.427100,0.397474,0.065721,-0.184624
45.4153,desired,0.385555,0.385555,-0.111111,-0.111111
45.4155,state,0.418014,0.388361,-0.010930,-0.148195
45.4250,state,0.415734,0.386452,0.075423,0.018858
45.4350,state,0.406553,0.386668,0.044456,0.018845
45.4364,state,0.400218,0.382002,-0.135127,-0.227982
45.4374,state,0.394997,0.363287,0.061460,-0.235758
45.4453,desired,0.382222,0.382222,-0.111111,-0.111111
45.4455,state,0.418014,0.388361,-0.010930,-0.148195
45.4550,state,0.415734,0.386452,0.075423,0.018858
45.4650,state,0.406553,0.386668,0.044456,0.018845
45.4753,desired,0.378889,0.378889,-0.111111,-0.111111
45.4754,state,0.400218,0.382002,-0.135127,-0.227982
45.4850,state,0.394997,0.363287,0.061460,-0.235758
45.4953,desired,0.376666,0.376666,-0.111111,-0.111111
45.4955,state,0.418014,0.388361,-0.010930,-0.148195
45.5050,state,0.415734,0.386452,0.075423,0.018858
45.5150,state,0.406553,0.386668,0.044456,0.018845
45.5253,desired,0.373332,0.373332,-0.111111,-0.111111
45.5255,state,0.400218,0.382002,-0.135127,-0.227982
45.5351,state,0.394997,0.363287,0.061460,-0.235758
45.5367,state,0.385954,0.357368,-0.016854,-0.022746
45.5450,state,0.415734,0.386452,0.075423,0.018858
45.5554,desired,0.370000,0.370000,-0.111111,-0.111111
45.5556,state,0.406553,0.386668,0.044456,0.018845
45.5650,state,0.400218,0.382002,-0.135127,-0.227982
45.5754,desired,0.367775,0.367775,-0.111111,-0.111111
45.5756,state,0.394997,0.363287,0.061460,-0.235758
45.5850,state,0.385954,0.357368,-0.016854,-0.022746
45.5950,state,0.415734,0.386452,0.075423,0.018858
45.6053,desired,0.364443,0.364443,-0.111111,-0.111111
45.6055,state,0.406553,0.386668,0.044456,0.018845
45.6150,state,0.400218,0.382002,-0.135127,-0.227982
45.6250,state,0.394997,0.363287,0.061460,-0.235758
45.6355,desired,0.361111,0.361111,-0.111111,-0.111111
45.6357,state,0.385954,0.357368,-0.016854,-0.022746
45.6372,state,0.383678,0.357513,0.069354,0.017647
45.6374,state,0.373499,0.351057,0.034131,-0.172616
45.6451,state,0.400218,0.382002,-0.135127,-0.227982
45.6550,state,0.394997,0.363287,0.061460,-0.235758
45.6656,desired,0.357775,0.357775,-0.111111,-0.111111
45.6659,state,0.385954,0.357368,-0.016854,-0.022746
45.6750,state,0.383678,0.357513,0.069354,0.017647
45.6850,state,0.373499,0.351057,0.034131,-0.172616
45.6954,desired,0.354444,0.354444,-0.111111,-0.111111
45.6956,state,0.400218,0.382002,-0.135127,-0.227982
45.7050,state,0.394997,0.363287,0.061460,-0.235758
45.7154,desired,0.352221,0.352221,-0.111111,-0.111111
45.7157,state,0.385954,0.357368,-0.016854,-0.022746
45.7250,state,0.383678,0.357513,0.069354,0.017647
45.7356,desired,0.349996,0.349996,-0.111111,-0.111111
45.7360,state,0.373499,0.351057,0.034131,-0.172616
45.7372,state,0.366521,0.339307,-0.163192,-0.219588
45.7386,state,0.360776,0.330988,0.053125,0.008387
45.7450,state,0.385954,0.357368,-0.016854,-0.022746
45.7550,state,0.383678,0.357513,0.069354,0.017647
45.7654,desired,0.346666,0.346666,-0.111111,-0.111111
45.7656,state,0.373499,0.351057,0.034131,-0.172616
45.7751,state,0.366521,0.339307,-0.163192,-0.219588
45.7853,desired,0.344443,0.344443,-0.111111,-0.111111
45.7855,state,0.360776,0.330988,0.053125,0.008387
45.7951,state,0.385954,0.357368,-0.016854,-0.022746
45.8050,state,0.383678,0.357513,0.069354,0.017647
45.8156,desired,0.341108,0.341108,-0.111111,-0.111111
45.8159,state,0.373499,0.351057,0.034131,-0.172616
45.8250,state,0.366521,0.339307,-0.163192,-0.219588
45.8356,desired,0.338885,0.338885,-0.111111,-0.111111
45.8359,state,0.360776,0.330988,0.053125,0.008387
45.8372,state,0.351691,0.331153,-0.023561,0.016199
45.8451,state,0.383678,0.357513,0.069354,0.017647
45.8550,state,0.373499,0.351057,0.034131,-0.172616
45.8654,desired,0.335555,0.335555,-0.111111,-0.111111
45.8656,state,0.366521,0.339307,-0.163192,-0.219588
45.8750,state,0.360776,0.330988,0.053125,0.008387
45.8854,desired,0.333333,0.333333,-0.111111,-0.111111
45.8856,state,0.351691,0.331153,-0.023561,0.016199
45.8951,state,0.383678,0.357513,0.069354,0.017647
45.9054,desired,0.331110,0.331110,-0.111111,-0.111111
45.9056,state,0.373499,0.351057,0.034131,-0.172616
45.9151,state,0.366521,0.339307,-0.163192,-0.219588
45.9250,state,0.360776,0.330988,0.053125,0.008387
45.9356,desired,0.327774,0.327774,-0.111111,-0.111111
45.9359,state,0.351691,0.331153,-0.023561,0.016199
45.9366,state,0.349412,0.331321,0.062755,0.015965
45.9378,state,0.339232,0.313333,0.027521,-0.305746
45.9450,state,0.366521,0.339307,-0.163192,-0.219588
45.9557,desired,0.325549,0.325549,-0.111111,-0.111111
45.9560,state,0.360776,0.330988,0.053125,0.008387
45.9650,state,0.351691,0.331153,-0.023561,0.016199
45.9750,state,0.349412,0.331321,0.062755,0.015965
45.9854,desired,0.322221,0.322221,-0.111111,-0.111111
45.9856,state,0.339232,0.313333,0.027521,-0.305746
45.9950,state,0.366521,0.339307,-0.163192,-0.219588
46.0050,state,0.360776,0.330988,0.053125,0.008387
46.0150,state,0.351691,0.331153,-0.023561,0.016199
46.0156,desired,0.318888,0.318888,-0.111111,-0.111111
46.0251,state,0.349412,0.331321,0.062755,0.015965
46.0356,desired,0.316663,0.316663,-0.111111,-0.111111
46.0359,state,0.339232,0.313333,0.027521,-0.305746
46.0368,state,0.333342,0.306537,-0.127136,0.010836
46.0392,state,0.328627,0.306709,0.050406,0.015233
46.0450,state,0.351691,0.331153,-0.023561,0.016199
46.0550,state,0.349412,0.331321,0.062755,0.015965
46.0653,desired,0.313334,0.313334,-0.111111,-0.111111
46.0655,state,0.339232,0.313333,0.027521,-0.305746
46.0750,state,0.333342,0.306537,-0.127136,0.010836
46.0850,state,0.328627,0.306709,0.050406,0.015233
46.0953,desired,0.310001,0.310001,-0.111111,-0.111111
46.0955,state,0.351691,0.331153,-0.023561,0.016199
46.1050,state,0.349412,0.331321,0.062755,0.015965
46.1154,desired,0.307777,0.307777,-0.111111,-0.111111
46.1156,state,0.339232,0.313333,0.027521,-0.305746
46.1250,state,0.333342,0.306537,-0.127136,0.010836
46.1350,state,0.328627,0.306709,0.050406,0.015233
46.1370,state,0.319628,0.298539,-0.029485,-0.245304
46.1453,desired,0.304444,0.304444,-0.111111,-0.111111
46.1455,state,0.349412,0.331321,0.062755,0.015965
46.1550,state,0.339232,0.313333,0.027521,-0.305746
46.1650,state,0.333342,0.306537,-0.127136,0.010836
46.1753,desired,0.301111,0.301111,-0.111111,-0.111111
46.1755,state,0.328627,0.306709,0.050406,0.015233
46.1850,state,0.319628,0.298539,-0.029485,-0.245304
46.1950,state,0.349412,0.331321,0.062755,0.015965
46.2053,desired,0.297778,0.297778,-0.111111,-0.111111
46.2055,state,0.339232,0.313333,0.027521,-0.305746
46.2150,state,0.333342,0.306537,-0.127136,0.010836
46.2250,state,0.328627,0.306709,0.050406,0.015233
46.2353,desired,0.294444,0.294444,-0.111111,-0.111111
46.2355,state,0.319628,0.298539,-0.029485,-0.245304
46.2364,state,0.317357,0.288150,0.056545,-0.036910
46.2366,state,0.307178,0.288255,0.021273,0.014686
46.2450,state,0.333342,0.306537,-0.127136,0.010836
46.2550,state,0.328627,0.306709,0.050406,0.015233
46.2650,state,0.319628,0.298539,-0.029485,-0.245304
46.2655,desired,0.291111,0.291111,-0.111111,-0.111111
46.2750,state,0.317357,0.288150,0.056545,-0.036910
46.2850,state,0.307178,0.288255,0.021273,0.014686
46.2950,state,0.333342,0.306537,-0.127136,0.010836
46.2957,desired,0.287776,0.287776,-0.111111,-0.111111
46.3050,state,0.328627,0.306709,0.050406,0.015233
46.3150,state,0.319628,0.298539,-0.029485,-0.245304
46.3250,state,0.317357,0.288150,0.056545,-0.036910
46.3255,desired,0.284445,0.284445,-0.111111,-0.111111
46.3350,state,0.307178,0.288255,0.021273,0.014686
46.3363,state,0.300746,0.283777,-0.154687,-0.221635
46.3374,state,0.295518,0.266404,0.042169,-0.212048
46.3454,desired,0.282221,0.282221,-0.111111,-0.111111
46.3457,state,0.319628,0.298539,-0.029485,-0.245304
46.3550,state,0.317357,0.288150,0.056545,-0.036910
46.3650,state,0.307178,0.288255,0.021273,0.014686
46.3753,desired,0.278889,0.278889,-0.111111,-0.111111
46.3755,state,0.300746,0.283777,-0.154687,-0.221635
46.3850,state,0.295518,0.266404,0.042169,-0.212048
46.3950,state,0.319628,0.298539,-0.029485,-0.245304
46.4054,desired,0.275555,0.275555,-0.111111,-0.111111
46.4055,state,0.317357,0.288150,0.056545,-0.036910
46.4150,state,0.307178,0.288255,0.021273,0.014686
46.4250,state,0.300746,0.283777,-0.154687,-0.221635
46.4353,desired,0.272222,0.272222,-0.111111,-0.111111
46.4355,state,0.295518,0.266404,0.042169,-0.212048
46.4364,state,0.285615,0.265146,-0.045604,0.013732
46.4450,state,0.317357,0.288150,0.056545,-0.036910
46.4550,state,0.307178,0.288255,0.021273,0.014686
46.4653,desired,0.268889,0.268889,-0.111111,-0.111111
46.4655,state,0.300746,0.283777,-0.154687,-0.221635
46.4750,state,0.295518,0.266404,0.042169,-0.212048
46.4850,state,0.285615,0.265146,-0.045604,0.013732
46.4953,desired,0.265556,0.265556,-0.111111,-0.111111
46.4955,state,0.317357,0.288150,0.056545,-0.036910
46.5050,state,0.307178,0.288255,0.021273,0.014686
46.5153,desired,0.263333,0.263333,-0.111111,-0.111111
46.5155,state,0.300746,0.283777,-0.154687,-0.221635
46.5250,state,0.295518,0.266404,0.042169,-0.212048
46.5350,state,0.285615,0.265146,-0.045604,0.013732
46.5363,state,0.283116,0.265336,0.049035,0.013737
46.5374,state,0.272919,0.248218,0.014456,-0.290899
46.5450,state,0.300746,0.283777,-0.154687,-0.221635
46.5454,desired,0.260001,0.260001,-0.111111,-0.111111
46.5550,state,0.295518,0.266404,0.042169,-0.212048
46.5650,state,0.285615,0.265146,-0.045604,0.013732
46.5753,desired,0.256667,0.256667,-0.111111,-0.111111
46.5755,state,0.283116,0.265336,0.049035,0.013737
46.5850,state,0.272919,0.248218,0.014456,-0.290899
46.5949,state,0.300746,0.283777,-0.154687,-0.221635
46.6053,desired,0.253334,0.253334,-0.111111,-0.111111
46.6055,state,0.295518,0.266404,0.042169,-0.212048
46.6150,state,0.285615,0.265146,-0.045604,0.013732
46.6250,state,0.283116,0.265336,0.049035,0.013737
46.6355,desired,0.249999,0.249999,-0.111111,-0.111111
46.6357,state,0.272919,0.248218,0.014456,-0.290899
46.6365,state,0.266485,0.242863,-0.161482,0.011009
46.6371,state,0.261257,0.243072,0.035389,0.013207
46.6450,state,0.285615,0.265146,-0.045604,0.013732
46.6550,state,0.283116,0.265336,0.049035,0.013737
46.6653,desired,0.246667,0.246667,-0.111111,-0.111111
46.6655,state,0.272919,0.248218,0.014456,-0.290899
46.6750,state,0.266485,0.242863,-0.161482,0.011009
46.6850,state,0.261257,0.243072,0.035389,0.013207
46.6953,desired,0.243334,0.243334,-0.111111,-0.111111
46.6955,state,0.285615,0.265146,-0.045604,0.013732
46.7050,state,0.283116,0.265336,0.049035,0.013737
46.7150,state,0.272919,0.248218,0.014456,-0.290899
46.7253,desired,0.240000,0.240000,-0.111111,-0.111111
46.7255,state,0.266485,0.242863,-0.161482,0.011009
46.7350,state,0.261257,0.243072,0.035389,0.013207
46.7364,state,0.253076,0.233350,-0.033477,-0.282697
46.7450,state,0.283116,0.265336,0.049035,0.013737
46.7553,desired,0.236667,0.236667,-0.111111,-0.111111
46.7555,state,0.272919,0.248218,0.014456,-0.290899
46.7650,state,0.266485,0.242863,-0.161482,0.011009
46.7753,desired,0.234444,0.234444,-0.111111,-0.111111
46.7755,state,0.261257,0.243072,0.035389,0.013207
46.7850,state,0.253076,0.233350,-0.033477,-0.282697
46.7950,state,0.283116,0.265336,0.049035,0.013737
46.8050,state,0.272919,0.248218,0.014456,-0.290899
46.8055,desired,0.231111,0.231111,-0.111111,-0.111111
46.8150,state,0.266485,0.242863,-0.161482,0.011009
46.8250,state,0.261257,0.243072,0.035389,0.013207
46.8353,desired,0.227777,0.227777,-0.111111,-0.111111
46.8355,state,0.253076,0.233350,-0.033477,-0.282697
46.8364,state,0.251026,0.223351,0.044187,0.002297
46.8365,state,0.240866,0.223531,0.008201,0.012260
46.8450,state,0.266485,0.242863,-0.161482,0.011009
46.8550,state,0.261257,0.243072,0.035389,0.013207
46.8650,state,0.253076,0.233350,-0.033477,-0.282697
46.8656,desired,0.224443,0.224443,-0.111111,-0.111111
46.8750,state,0.251026,0.223351,0.044187,0.002297
46.8850,state,0.240866,0.223531,0.008201,0.012260
46.8953,desired,0.221111,0.221111,-0.111111,-0.111111
46.8955,state,0.266485,0.242863,-0.161482,0.011009
46.9050,state,0.261257,0.243072,0.035389,0.013207
46.9150,state,0.253076,0.233350,-0.033477,-0.282697
46.9156,desired,0.218887,0.218887,-0.111111,-0.111111
46.9250,state,0.251026,0.223351,0.044187,0.002297
46.9350,state,0.240866,0.223531,0.008201,0.012260
46.9364,state,0.234435,0.218922,-0.167853,-0.231132
46.9375,state,0.229207,0.201726,0.028988,-0.204054
46.9453,desired,0.215555,0.215555,-0.111111,-0.111111
46.9455,state,0.253076,0.233350,-0.033477,-0.282697
46.9550,state,0.251026,0.223351,0.044187,0.002297
46.9650,state,0.240866,0.223531,0.008201,0.012260
46.9753,desired,0.212222,0.212222,-0.111111,-0.111111
46.9754,state,0.234435,0.218922,-0.167853,-0.231132
46.9850,state,0.229207,0.201726,0.028988,-0.204054
46.9950,state,0.253076,0.233350,-0.033477,-0.282697
47.0053,desired,0.208889,0.208889,-0.111111,-0.111111
47.0054,state,0.251026,0.223351,0.044187,0.002297
47.0149,state,0.240866,0.223531,0.008201,0.012260
47.0250,state,0.234435,0.218922,-0.167853,-0.231132
47.0353,desired,0.205556,0.205556,-0.111111,-0.111111
47.0354,state,0.229207,0.201726,0.028988,-0.204054
47.0367,state,0.220164,0.201567,-0.049361,0.011331
47.0450,state,0.251026,0.223351,0.044187,0.002297
47.0553,desired,0.203332,0.203332,-0.111111,-0.111111
47.0555,state,0.240866,0.223531,0.008201,0.012260
47.0650,state,0.234435,0.218922,-0.167853,-0.231132
47.0750,state,0.229207,0.201726,0.028988,-0.204054
47.0854,desired,0.199999,0.199999,-0.111111,-0.111111
47.0856,state,0.220164,0.201567,-0.049361,0.011331
47.0950,state,0.251026,0.223351,0.044187,0.002297
47.1050,state,0.240866,0.223531,0.008201,0.012260
47.1153,desired,0.196670,0.196670,-0.111111,-0.111111
47.1155,state,0.234435,0.218922,-0.167853,-0.231132
47.1250,state,0.229207,0.201726,0.028988,-0.204054
47.1354,desired,0.194443,0.194443,-0.111111,-0.111111
47.1357,state,0.220164,0.201567,-0.049361,0.011331
47.1362,state,0.217890,0.201755,0.036787,0.011176
47.1370,state,0.206715,0.183462,-0.002739,-0.303591
47.1450,state,0.234435,0.218922,-0.167853,-0.231132
47.1550,state,0.229207,0.201726,0.028988,-0.204054
47.1654,desired,0.191111,0.191111,-0.111111,-0.111111
47.1656,state,0.220164,0.201567,-0.049361,0.011331
47.1750,state,0.217890,0.201755,0.036787,0.011176
47.1850,state,0.206715,0.183462,-0.002739,-0.303591
47.1954,desired,0.187776,0.187776,-0.111111,-0.111111
47.1957,state,0.234435,0.218922,-0.167853,-0.231132
47.2050,state,0.229207,0.201726,0.028988,-0.204054
47.2156,desired,0.185553,0.185553,-0.111111,-0.111111
47.2159,state,0.220164,0.201567,-0.049361,0.011331
47.2250,state,0.217890,0.201755,0.036787,0.011176
47.2350,state,0.206715,0.183462,-0.002739,-0.303591
47.2369,state,0.200185,0.178860,-0.175094,0.009784
47.2375,state,0.194949,0.179060,0.022064,0.010471
47.2454,desired,0.182222,0.182222,-0.111111,-0.111111
47.2456,state,0.220164,0.201567,-0.049361,0.011331
47.2550,state,0.217890,0.201755,0.036787,0.011176
47.2651,state,0.206715,0.183462,-0.002739,-0.303591
47.2659,desired,0.179997,0.179997,-0.111111,-0.111111
47.2750,state,0.200185,0.178860,-0.175094,0.009784
47.2851,state,0.194949,0.179060,0.022064,0.010471
47.2951,state,0.220164,0.201567,-0.049361,0.011331
47.2957,desired,0.176665,0.176665,-0.111111,-0.111111
47.3050,state,0.217890,0.201755,0.036787,0.011176
47.3150,state,0.206715,0.183462,-0.002739,-0.303591
47.3250,state,0.200185,0.178860,-0.175094,0.009784
47.3256,desired,0.173332,0.173332,-0.111111,-0.111111
47.3351,state,0.194949,0.179060,0.022064,0.010471
47.3380,state,0.185907,0.167905,-0.056251,-0.318535
47.3450,state,0.217890,0.201755,0.036787,0.011176
47.3554,desired,0.169999,0.169999,-0.111111,-0.111111
47.3556,state,0.206715,0.183462,-0.002739,-0.303591
47.3650,state,0.200185,0.178860,-0.175094,0.009784
47.3750,state,0.194949,0.179060,0.022064,0.010471
47.3850,state,0.185907,0.167905,-0.056251,-0.318535
47.3856,desired,0.166665,0.166665,-0.111111,-0.111111
47.3950,state,0.217890,0.201755,0.036787,0.011176
47.4050,state,0.206715,0.183462,-0.002739,-0.303591
47.4150,state,0.200185,0.178860,-0.175094,0.009784
47.4155,desired,0.163332,0.163332,-0.111111,-0.111111
47.4250,state,0.194949,0.179060,0.022064,0.010471
47.4350,state,0.185907,0.167905,-0.056251,-0.318535
47.4364,state,0.183633,0.157574,0.029874,-0.000373
47.4367,state,0.174454,0.157780,-0.001199,0.010052
47.4452,state,0.200185,0.178860,-0.175094,0.009784
47.4465,desired,0.159997,0.159997,-0.111111,-0.111111
47.4550,state,0.194949,0.179060,0.022064,0.010471
47.4650,state,0.185907,0.167905,-0.056251,-0.318535
47.4750,state,0.183633,0.157574,0.029874,-0.000373
47.4755,desired,0.156665,0.156665,-0.111111,-0.111111
47.4850,state,0.174454,0.157780,-0.001199,0.010052
47.4950,state,0.200185,0.178860,-0.175094,0.009784
47.5053,desired,0.153332,0.153332,-0.111111,-0.111111
47.5055,state,0.194949,0.179060,0.022064,0.010471
47.5150,state,0.185907,0.167905,-0.056251,-0.318535
47.5250,state,0.183633,0.157574,0.029874,-0.000373
47.5354,desired,0.149999,0.149999,-0.111111,-0.111111
47.5356,state,0.174454,0.157780,-0.001199,0.010052
47.5366,state,0.168119,0.153465,-0.180907,-0.219870
47.5377,state,0.162899,0.137366,0.015626,-0.186148
47.5451,state,0.185907,0.167905,-0.056251,-0.318535
47.5554,desired,0.147775,0.147775,-0.111111,-0.111111
47.5557,state,0.183633,0.157574,0.029874,-0.000373
47.5651,state,0.174454,0.157780,-0.001199,0.010052
47.5750,state,0.168119,0.153465,-0.180907,-0.219870
47.5850,state,0.162899,0.137366,0.015626,-0.186148
47.5856,desired,0.144444,0.144444,-0.111111,-0.111111
47.5950,state,0.185907,0.167905,-0.056251,-0.318535
47.6050,state,0.183633,0.157574,0.029874,-0.000373
47.6150,state,0.174454,0.157780,-0.001199,0.010052
47.6155,desired,0.141111,0.141111,-0.111111,-0.111111
47.6250,state,0.168119,0.153465,-0.180907,-0.219870
47.6350,state,0.162899,0.137366,0.015626,-0.186148
47.6354,desired,0.138888,0.138888,-0.111111,-0.111111
47.6364,state,0.153859,0.137290,-0.062740,0.009686
47.6450,state,0.183633,0.157574,0.029874,-0.000373
47.6550,state,0.174454,0.157780,-0.001199,0.010052
47.6650,state,0.168119,0.153465,-0.180907,-0.219870
47.6655,desired,0.135555,0.135555,-0.111111,-0.111111
47.6750,state,0.162899,0.137366,0.015626,-0.186148
47.6850,state,0.153859,0.137290,-0.062740,0.009686
47.6855,desired,0.133331,0.133331,-0.111111,-0.111111
47.6950,state,0.183633,0.157574,0.029874,-0.000373
47.7050,state,0.174454,0.157780,-0.001199,0.010052
47.7155,desired,0.129999,0.129999,-0.111111,-0.111111
47.7157,state,0.168119,0.153465,-0.180907,-0.219870
47.7250,state,0.162899,0.137366,0.015626,-0.186148
47.7351,state,0.153859,0.137290,-0.062740,0.009686
47.7371,state,0.151586,0.137537,0.023370,0.009488
47.7377,state,0.141409,0.119388,-0.011948,-0.298707
47.7459,desired,0.126663,0.126663,-0.111111,-0.111111
47.7462,state,0.168119,0.153465,-0.180907,-0.219870
47.7551,state,0.162899,0.137366,0.015626,-0.186148
47.7652,state,0.153859,0.137290,-0.062740,0.009686
47.7750,state,0.151586,0.137537,0.023370,0.009488
47.7757,desired,0.123332,0.123332,-0.111111,-0.111111
47.7850,state,0.141409,0.119388,-0.011948,-0.298707
47.7950,state,0.168119,0.153465,-0.180907,-0.219870
47.8054,desired,0.119999,0.119999,-0.111111,-0.111111
47.8056,state,0.162899,0.137366,0.015626,-0.186148
47.8150,state,0.153859,0.137290,-0.062740,0.009686
47.8256,desired,0.117775,0.117775,-0.111111,-0.111111
47.8259,state,0.151586,0.137537,0.023370,0.009488
47.8351,state,0.141409,0.119388,-0.011948,-0.298707
47.8367,state,0.134433,0.115114,-0.209318,0.008425
47.8382,state,0.128691,0.115388,0.006876,0.009048
47.8451,state,0.153859,0.137290,-0.062740,0.009686
47.8556,desired,0.114441,0.114441,-0.111111,-0.111111
47.8559,state,0.151586,0.137537,0.023370,0.009488
47.8650,state,0.141409,0.119388,-0.011948,-0.298707
47.8751,state,0.134433,0.115114,-0.209318,0.008425
47.8854,desired,0.111110,0.111110,-0.111111,-0.111111
47.8856,state,0.128691,0.115388,0.006876,0.009048
47.8951,state,0.153859,0.137290,-0.062740,0.009686
47.9050,state,0.151586,0.137537,0.023370,0.009488
47.9156,desired,0.107774,0.107774,-0.111111,-0.111111
47.9159,state,0.141409,0.119388,-0.011948,-0.298707
47.9250,state,0.134433,0.115114,-0.209318,0.008425
47.9350,state,0.128691,0.115388,0.006876,0.009048
47.9371,state,0.119606,0.102891,-0.069894,-0.353710
47.9456,desired,0.104440,0.104440,-0.111111,-0.111111
47.9459,state,0.151586,0.137537,0.023370,0.009488
47.9550,state,0.141409,0.119388,-0.011948,-0.298707
47.9650,state,0.134433,0.115114,-0.209318,0.008425
47.9754,desired,0.101110,0.101110,-0.111111,-0.111111
47.9756,state,0.128691,0.115388,0.006876,0.009048
47.9850,state,0.119606,0.102891,-0.069894,-0.353710
47.9950,state,0.151586,0.137537,0.023370,0.009488
48.0054,desired,0.097777,0.097777,-0.111111,-0.111111
48.0056,state,0.141409,0.119388,-0.011948,-0.298707
48.0150,state,0.134433,0.115114,-0.209318,0.008425
48.0250,state,0.128691,0.115388,0.006876,0.009048
48.0356,desired,0.094441,0.094441,-0.111111,-0.111111
48.0360,state,0.119606,0.102891,-0.069894,-0.353710
48.0371,state,0.117329,0.092130,0.016363,-0.002350
48.0374,state,0.107153,0.092411,-0.018941,0.008585
48.0451,state,0.134433,0.115114,-0.209318,0.008425
48.0550,state,0.128691,0.115388,0.006876,0.009048
48.0654,desired,0.091110,0.091110,-0.111111,-0.111111
48.0656,state,0.119606,0.102891,-0.069894,-0.353710
48.0750,state,0.117329,0.092130,0.016363,-0.002350
48.0850,state,0.107153,0.092411,-0.018941,0.008585
48.0954,desired,0.087777,0.087777,-0.111111,-0.111111
48.0956,state,0.134433,0.115114,-0.209318,0.008425
48.1050,state,0.128691,0.115388,0.006876,0.009048
48.1151,state,0.119606,0.102891,-0.069894,-0.353710
48.1158,desired,0.085552,0.085552,-0.111111,-0.111111
48.1250,state,0.117329,0.092130,0.016363,-0.002350
48.1350,state,0.107153,0.092411,-0.018941,0.008585
48.1365,state,0.100722,0.087662,-0.194967,-0.247099
48.1376,state,0.095495,0.071032,0.001838,-0.184951
48.1458,desired,0.082221,0.082221,-0.111111,-0.111111
48.1463,state,0.119606,0.102891,-0.069894,-0.353710
48.1550,state,0.117329,0.092130,0.016363,-0.002350
48.1651,state,0.107153,0.092411,-0.018941,0.008585
48.1754,desired,0.078888,0.078888,-0.111111,-0.111111
48.1756,state,0.100722,0.087662,-0.194967,-0.247099
48.1851,state,0.095495,0.071032,0.001838,-0.184951
48.1950,state,0.119606,0.102891,-0.069894,-0.353710
48.2054,desired,0.075554,0.075554,-0.111111,-0.111111
48.2056,state,0.117329,0.092130,0.016363,-0.002350
48.2151,state,0.107153,0.092411,-0.018941,0.008585
48.2256,desired,0.073330,0.073330,-0.111111,-0.111111
48.2259,state,0.100722,0.087662,-0.194967,-0.247099
48.2352,state,0.095495,0.071032,0.001838,-0.184951
48.2371,state,0.087313,0.071033,-0.067086,0.008222
48.2451,state,0.117329,0.092130,0.016363,-0.002350
48.2556,desired,0.069997,0.069997,-0.111111,-0.111111
48.2559,state,0.107153,0.092411,-0.018941,0.008585
48.2650,state,0.100722,0.087662,-0.194967,-0.247099
48.2750,state,0.095495,0.071032,0.001838,-0.184951
48.2854,desired,0.066665,0.066665,-0.111111,-0.111111
48.2856,state,0.087313,0.071033,-0.067086,0.008222
48.2951,state,0.117329,0.092130,0.016363,-0.002350
48.3050,state,0.107153,0.092411,-0.018941,0.008585
48.3156,desired,0.063330,0.063330,-0.111111,-0.111111
48.3159,state,0.100722,0.087662,-0.194967,-0.247099
48.3250,state,0.095495,0.071032,0.001838,-0.184951
48.3350,state,0.087313,0.071033,-0.067086,0.008222
48.3364,state,0.085263,0.071356,0.010566,0.007981
48.3371,state,0.075105,0.054282,-0.025450,-0.282333
48.3461,desired,0.059997,0.059997,-0.111111,-0.111111
48.3464,state,0.100722,0.087662,-0.194967,-0.247099
48.3550,state,0.095495,0.071032,0.001838,-0.184951
48.3656,desired,0.057774,0.057774,-0.111111,-0.111111
48.3659,state,0.087313,0.071033,-0.067086,0.008222
48.3750,state,0.085263,0.071356,0.010566,0.007981
48.3851,state,0.075105,0.054282,-0.025450,-0.282333
48.3954,desired,0.054443,0.054443,-0.111111,-0.111111
48.3956,state,0.100722,0.087662,-0.194967,-0.247099
48.4050,state,0.095495,0.071032,0.001838,-0.184951
48.4151,state,0.087313,0.071033,-0.067086,0.008222
48.4256,desired,0.051108,0.051108,-0.111111,-0.111111
48.4259,state,0.085263,0.071356,0.010566,0.007981
48.4351,state,0.075105,0.054282,-0.025450,-0.282333
48.4379,state,0.068131,0.050496,-0.222872,0.007163
48.4388,state,0.062390,0.050853,-0.006711,0.007695
48.4450,state,0.087313,0.071033,-0.067086,0.008222
48.4551,state,0.085263,0.071356,0.010566,0.007981
48.4558,desired,0.047774,0.047774,-0.111111,-0.111111
48.4652,state,0.075105,0.054282,-0.025450,-0.282333
48.4751,state,0.068131,0.050496,-0.222872,0.007163
48.4854,desired,0.044443,0.044443,-0.111111,-0.111111
48.4857,state,0.062390,0.050853,-0.006711,0.007695
48.4951,state,0.087313,0.071033,-0.067086,0.008222
48.5050,state,0.085263,0.071356,0.010566,0.007981
48.5156,desired,0.041107,0.041107,-0.111111,-0.111111
48.5159,state,0.075105,0.054282,-0.025450,-0.282333
48.5251,state,0.068131,0.050496,-0.222872,0.007163
48.5350,state,0.062390,0.050853,-0.006711,0.007695
48.5362,state,0.053306,0.037678,-0.083487,-0.372254
48.5454,desired,0.037776,0.037776,-0.111111,-0.111111
48.5457,state,0.085263,0.071356,0.010566,0.007981
48.5550,state,0.075105,0.054282,-0.025450,-0.282333
48.5661,desired,0.035551,0.035551,-0.111111,-0.111111
48.5666,state,0.068131,0.050496,-0.222872,0.007163
48.5750,state,0.062390,0.050853,-0.006711,0.007695
48.5850,state,0.053306,0.037678,-0.083487,-0.372254
48.5954,desired,0.032221,0.032221,-0.111111,-0.111111
48.5956,state,0.085263,0.071356,0.010566,0.007981
48.6051,state,0.075105,0.054282,-0.025450,-0.282333
48.6150,state,0.068131,0.050496,-0.222872,0.007163
48.6254,desired,0.028887,0.028887,-0.111111,-0.111111
48.6256,state,0.062390,0.050853,-0.006711,0.007695
48.6351,state,0.053306,0.037678,-0.083487,-0.372254
48.6371,state,0.051029,0.026971,0.002759,-0.003723
48.6373,state,0.040851,0.027336,-0.032563,0.007249
48.6450,state,0.068131,0.050496,-0.222872,0.007163
48.6554,desired,0.025554,0.025554,-0.111111,-0.111111
48.6556,state,0.062390,0.050853,-0.006711,0.007695
48.6650,state,0.053306,0.037678,-0.083487,-0.372254
48.6750,state,0.051029,0.026971,0.002759,-0.003723
48.6854,desired,0.022222,0.022222,-0.111111,-0.111111
48.6856,state,0.040851,0.027336,-0.032563,0.007249
48.6950,state,0.068131,0.050496,-0.222872,0.007163
48.7056,desired,0.019996,0.019996,-0.111111,-0.111111
48.7059,state,0.062390,0.050853,-0.006711,0.007695
48.7150,state,0.053306,0.037678,-0.083487,-0.372254
48.7251,state,0.051029,0.026971,0.002759,-0.003723
48.7356,desired,0.016663,0.016663,-0.111111,-0.111111
48.7359,state,0.040851,0.027336,-0.032563,0.007249
48.7372,state,0.034420,0.022482,-0.208565,-0.257936
48.7386,state,0.029194,0.006037,-0.011787,-0.176068
48.7451,state,0.053306,0.037678,-0.083487,-0.372254
48.7550,state,0.051029,0.026971,0.002759,-0.003723
48.7659,desired,0.013332,0.013332,-0.111111,-0.111111
48.7662,state,0.040851,0.027336,-0.032563,0.007249
48.7750,state,0.034420,0.022482,-0.208565,-0.257936
48.7851,state,0.029194,0.006037,-0.011787,-0.176068
48.7951,state,0.053306,0.037678,-0.083487,-0.372254
48.7958,desired,0.009996,0.009996,-0.111111,-0.111111
48.8050,state,0.051029,0.026971,0.002759,-0.003723
48.8151,state,0.040851,0.027336,-0.032563,0.007249
48.8254,desired,0.006665,0.006665,-0.111111,-0.111111
48.8256,state,0.034420,0.022482,-0.208565,-0.257936
48.8351,state,0.029194,0.006037,-0.011787,-0.176068
48.8384,state,0.020152,0.006131,-0.090162,0.006891
48.8450,state,0.051029,0.026971,0.002759,-0.003723
48.8554,desired,0.003333,0.003333,-0.111111,-0.111111
48.8556,state,0.040851,0.027336,-0.032563,0.007249
48.8650,state,0.034420,0.022482,-0.208565,-0.257936
48.8750,state,0.029194,0.006037,-0.011787,-0.176068
48.8854,desired,-0.000001,-0.000001,-0.111111,-0.111111
48.8856,state,0.020152,0.006131,-0.090162,0.006891
48.8950,state,0.051029,0.026971,0.002759,-0.003723
48.9051,state,0.040851,0.027336,-0.032563,0.007249
48.9153,desired,-0.003333,-0.003333,-0.111111,-0.111111
48.9155,state,0.034420,0.022482,-0.208565,-0.257936
48.9250,state,0.029194,0.006037,-0.011787,-0.176068
48.9356,desired,-0.005557,-0.005557,-0.111111,-0.111111
48.9358,state,0.020152,0.006131,-0.090162,0.006891
48.9362,state,0.017879,0.006536,-0.004052,0.006614
48.9369,state,0.008701,-0.010911,-0.035148,-0.283783
48.9451,state,0.034420,0.022482,-0.208565,-0.257936
48.9554,desired,-0.007780,-0.007780,-0.111111,-0.111111
48.9557,state,0.029194,0.006037,-0.011787,-0.176068
48.9651,state,0.020152,0.006131,-0.090162,0.006891
48.9750,state,0.017879,0.006536,-0.004052,0.006614
48.9854,desired,-0.011113,-0.011113,-0.111111,-0.111111
48.9857,state,0.008701,-0.010911,-0.035148,-0.283783
48.9950,state,0.034420,0.022482,-0.208565,-0.257936
49.0055,desired,-0.013336,-0.013336,-0.111111,-0.111111
49.0057,state,0.029194,0.006037,-0.011787,-0.176068
49.0151,state,0.020152,0.006131,-0.090162,0.006891
49.0250,state,0.017879,0.006536,-0.004052,0.006614
49.0357,desired,-0.016672,-0.016672,-0.111111,-0.111111
49.0360,state,0.008701,-0.010911,-0.035148,-0.283783
49.0373,state,0.002369,-0.014412,-0.214774,0.005819
49.0381,state,-0.002848,-0.013974,-0.018354,0.006320
49.0451,state,0.020152,0.006131,-0.090162,0.006891
49.0552,state,0.017879,0.006536,-0.004052,0.006614
49.0657,desired,-0.020004,-0.020004,-0.111111,-0.111111
49.0660,state,0.008701,-0.010911,-0.035148,-0.283783
49.0750,state,0.002369,-0.014412,-0.214774,0.005819
49.0850,state,-0.002848,-0.013974,-0.018354,0.006320
49.0955,desired,-0.023335,-0.023335,-0.111111,-0.111111
49.0957,state,0.020152,0.006131,-0.090162,0.006891
49.1052,state,0.017879,0.006536,-0.004052,0.006614
49.1155,desired,-0.025557,-0.025557,-0.111111,-0.111111
49.1159,state,0.008701,-0.010911,-0.035148,-0.283783
49.1251,state,0.002369,-0.014412,-0.214774,0.005819
49.1357,desired,-0.027782,-0.027782,-0.111111,-0.111111
49.1360,state,-0.002848,-0.013974,-0.018354,0.006320
49.1372,state,-0.012751,-0.027532,-0.106224,-0.382820
49.1451,state,0.017879,0.006536,-0.004052,0.006614
49.1552,state,0.008701,-0.010911,-0.035148,-0.283783
49.1662,desired,-0.031116,-0.031116,-0.111111,-0.111111
49.1668,state,0.002369,-0.014412,-0.214774,0.005819
49.1750,state,-0.002848,-0.013974,-0.018354,0.006320
49.1850,state,-0.012751,-0.027532,-0.106224,-0.382820
49.1954,desired,-0.034444,-0.034444,-0.111111,-0.111111
49.1956,state,0.017879,0.006536,-0.004052,0.006614
49.2051,state,0.008701,-0.010911,-0.035148,-0.283783
49.2150,state,0.002369,-0.014412,-0.214774,0.005819
49.2254,desired,-0.037778,-0.037778,-0.111111,-0.111111
49.2256,state,-0.002848,-0.013974,-0.018354,0.006320
49.2350,state,-0.012751,-0.027532,-0.106224,-0.382820
49.2366,state,-0.015248,-0.037883,-0.011637,-0.004765
49.2369,state,-0.025446,-0.037435,-0.046288,0.005917
49.2456,desired,-0.040003,-0.040003,-0.111111,-0.111111
49.2459,state,0.002369,-0.014412,-0.214774,0.005819
49.2550,state,-0.002848,-0.013974,-0.018354,0.006320
49.2650,state,-0.012751,-0.027532,-0.106224,-0.382820
49.2754,desired,-0.043335,-0.043335,-0.111111,-0.111111
49.2756,state,-0.015248,-0.037883,-0.011637,-0.004765
49.2850,state,-0.025446,-0.037435,-0.046288,0.005917
49.2956,desired,-0.045559,-0.045559,-0.111111,-0.111111
49.2959,state,0.002369,-0.014412,-0.214774,0.005819
49.3051,state,-0.002848,-0.013974,-0.018354,0.006320
49.3156,desired,-0.047782,-0.047782,-0.111111,-0.111111
49.3160,state,-0.012751,-0.027532,-0.106224,-0.382820
49.3250,state,-0.015248,-0.037883,-0.011637,-0.004765
49.3351,state,-0.025446,-0.037435,-0.046288,0.005917
49.3373,state,-0.031877,-0.042482,-0.222165,-0.273279
49.3389,state,-0.037102,-0.058801,-0.025436,-0.165551
49.3454,desired,-0.051113,-0.051113,-0.111111,-0.111111
49.3457,state,-0.012751,-0.027532,-0.106224,-0.382820
49.3550,state,-0.015248,-0.037883,-0.011637,-0.004765
49.3651,state,-0.025446,-0.037435,-0.046288,0.005917
49.3750,state,-0.031877,-0.042482,-0.222165,-0.273279
49.3756,desired,-0.054444,-0.054444,-0.111111,-0.111111
49.3850,state,-0.037102,-0.058801,-0.025436,-0.165551
49.3950,state,-0.012751,-0.027532,-0.106224,-0.382820
49.4054,desired,-0.057778,-0.057778,-0.111111,-0.111111
49.4056,state,-0.015248,-0.037883,-0.011637,-0.004765
49.4150,state,-0.025446,-0.037435,-0.046288,0.005917
49.4250,state,-0.031877,-0.042482,-0.222165,-0.273279
49.4350,state,-0.037102,-0.058801,-0.025436,-0.165551
49.4356,desired,-0.061112,-0.061112,-0.111111,-0.111111
49.4367,state,-0.046144,-0.058611,-0.103819,0.005544
49.4450,state,-0.015248,-0.037883,-0.011637,-0.004765
49.4550,state,-0.025446,-0.037435,-0.046288,0.005917
49.4651,state,-0.031877,-0.042482,-0.222165,-0.273279
49.4659,desired,-0.064448,-0.064448,-0.111111,-0.111111
49.4751,state,-0.037102,-0.058801,-0.025436,-0.165551
49.4850,state,-0.046144,-0.058611,-0.103819,0.005544
49.4954,desired,-0.067779,-0.067779,-0.111111,-0.111111
49.4956,state,-0.015248,-0.037883,-0.011637,-0.004765
49.5051,state,-0.025446,-0.037435,-0.046288,0.005917
49.5150,state,-0.031877,-0.042482,-0.222165,-0.273279
49.5254,desired,-0.071112,-0.071112,-0.111111,-0.111111
49.5256,state,-0.037102,-0.058801,-0.025436,-0.165551
49.5350,state,-0.046144,-0.058611,-0.103819,0.005544
49.5371,state,-0.048417,-0.058125,-0.017705,0.005251
49.5379,state,-0.057593,-0.075926,-0.048790,-0.283600
49.5451,state,-0.031877,-0.042482,-0.222165,-0.273279
49.5555,desired,-0.074446,-0.074446,-0.111111,-0.111111
49.5558,state,-0.037102,-0.058801,-0.025436,-0.165551
49.5650,state,-0.046144,-0.058611,-0.103819,0.005544
49.5755,desired,-0.076669,-0.076669,-0.111111,-0.111111
49.5758,state,-0.048417,-0.058125,-0.017705,0.005251
49.5851,state,-0.057593,-0.075926,-0.048790,-0.283600
49.5950,state,-0.031877,-0.042482,-0.222165,-0.273279
49.6050,state,-0.037102,-0.058801,-0.025436,-0.165551
49.6057,desired,-0.080000,-0.080000,-0.111111,-0.111111
49.6150,state,-0.046144,-0.058611,-0.103819,0.005544
49.6250,state,-0.048417,-0.058125,-0.017705,0.005251
49.6355,desired,-0.083335,-0.083335,-0.111111,-0.111111
49.6358,state,-0.057593,-0.075926,-0.048790,-0.283600
49.6367,state,-0.064473,-0.079067,-0.249880,0.004467
49.6379,state,-0.070207,-0.078549,-0.033980,0.004943
49.6468,state,-0.046144,-0.058611,-0.103819,0.005544
49.6553,state,-0.048417,-0.058125,-0.017705,0.005251
49.6650,state,-0.057593,-0.075926,-0.048790,-0.283600
49.6654,desired,-0.086667,-0.086667,-0.111111,-0.111111
49.6751,state,-0.064473,-0.079067,-0.249880,0.004467
49.6854,desired,-0.088890,-0.088890,-0.111111,-0.111111
49.6856,state,-0.070207,-0.078549,-0.033980,0.004943
49.6950,state,-0.046144,-0.058611,-0.103819,0.005544
49.7054,desired,-0.091114,-0.091114,-0.111111,-0.111111
49.7056,state,-0.048417,-0.058125,-0.017705,0.005251
49.7150,state,-0.057593,-0.075926,-0.048790,-0.283600
49.7256,desired,-0.093338,-0.093338,-0.111111,-0.111111
49.7258,state,-0.064473,-0.079067,-0.249880,0.004467
49.7350,state,-0.070207,-0.078549,-0.033980,0.004943
49.7365,state,-0.079289,-0.092575,-0.110755,-0.394760
49.7450,state,-0.048417,-0.058125,-0.017705,0.005251
49.7554,desired,-0.096667,-0.096667,-0.111111,-0.111111
49.7556,state,-0.057593,-0.075926,-0.048790,-0.283600
49.7650,state,-0.064473,-0.079067,-0.249880,0.004467
49.7750,state,-0.070207,-0.078549,-0.033980,0.004943
49.7850,state,-0.079289,-0.092575,-0.110755,-0.394760
49.7856,desired,-0.100000,-0.100000,-0.111111,-0.111111
49.7951,state,-0.048417,-0.058125,-0.017705,0.005251
49.8054,desired,-0.102224,-0.102224,-0.111111,-0.111111
49.8056,state,-0.057593,-0.075926,-0.048790,-0.283600
49.8150,state,-0.064473,-0.079067,-0.249880,0.004467
49.8250,state,-0.070207,-0.078549,-0.033980,0.004943
49.8354,desired,-0.105558,-0.105558,-0.111111,-0.111111
49.8357,state,-0.079289,-0.092575,-0.110755,-0.394760
49.8365,state,-0.081565,-0.102478,-0.024529,-0.005648
49.8368,state,-0.091746,-0.101948,-0.059865,0.004571
49.8450,state,-0.064473,-0.079067,-0.249880,0.004467
49.8550,state,-0.070207,-0.078549,-0.033980,0.004943
49.8654,desired,-0.108890,-0.108890,-0.111111,-0.111111
49.8656,state,-0.079289,-0.092575,-0.110755,-0.394760
49.8750,state,-0.081565,-0.102478,-0.024529,-0.005648
49.8856,desired,-0.111115,-0.111115,-0.111111,-0.111111
49.8859,state,-0.091746,-0.101948,-0.059865,0.004571
49.8950,state,-0.064473,-0.079067,-0.249880,0.004467
49.9051,state,-0.070207,-0.078549,-0.033980,0.004943
49.9154,desired,-0.114446,-0.114446,-0.111111,-0.111111
49.9156,state,-0.079289,-0.092575,-0.110755,-0.394760
49.9251,state,-0.081565,-0.102478,-0.024529,-0.005648
49.9350,state,-0.091746,-0.101948,-0.059865,0.004571
49.9369,state,-0.098176,-0.107238,-0.235810,-0.291079
49.9383,state,-0.103402,-0.123339,-0.039060,-0.150583
49.9456,desired,-0.117782,-0.117782,-0.111111,-0.111111
49.9459,state,-0.079289,-0.092575,-0.110755,-0.394760
49.9550,state,-0.081565,-0.102478,-0.024529,-0.005648
49.9651,state,-0.091746,-0.101948,-0.059865,0.004571
49.9760,desired,-0.121115,-0.121115,-0.111111,-0.111111
49.9764,state,-0.098176,-0.107238,-0.235810,-0.291079
49.9852,state,-0.103402,-0.123339,-0.039060,-0.150583
49.9952,state,-0.079289,-0.092575,-0.110755,-0.394760
50.0058,desired,-0.124446,-0.124446,-0.111111,-0.111111
50.0061,state,-0.081565,-0.102478,-0.024529,-0.005648
50.0152,state,-0.091746,-0.101948,-0.059865,0.004571
50.0251,state,-0.098176,-0.107238,-0.235810,-0.291079
50.0361,desired,-0.127781,-0.127781,-0.111111,-0.111111
50.0366,state,-0.103402,-0.123339,-0.039060,-0.150583
50.0390,state,-0.112444,-0.123049,-0.117441,0.004180
50.0451,state,-0.081565,-0.102478,-0.024529,-0.005648
50.0552,state,-0.091746,-0.101948,-0.059865,0.004571
50.0658,desired,-0.131113,-0.131113,-0.111111,-0.111111
50.0661,state,-0.098176,-0.107238,-0.235810,-0.291079
50.0751,state,-0.103402,-0.123339,-0.039060,-0.150583
50.0851,state,-0.112444,-0.123049,-0.117441,0.004180
50.0952,state,-0.081565,-0.102478,-0.024529,-0.005648
50.0960,desired,-0.134448,-0.134448,-0.111111,-0.111111
50.1052,state,-0.091746,-0.101948,-0.059865,0.004571
50.1151,state,-0.098176,-0.107238,-0.235810,-0.291079
50.1261,desired,-0.137780,-0.137780,-0.111111,-0.111111
50.1265,state,-0.103402,-0.123339,-0.039060,-0.150583
50.1352,state,-0.112444,-0.123049,-0.117441,0.004180
50.1375,state,-0.114718,-0.122482,-0.031317,0.003896
50.1380,state,-0.124894,-0.141930,-0.066632,-0.295738
50.1452,state,-0.098176,-0.107238,-0.235810,-0.291079
50.1558,desired,-0.141112,-0.141112,-0.111111,-0.111111
50.1561,state,-0.103402,-0.123339,-0.039060,-0.150583
50.1652,state,-0.112444,-0.123049,-0.117441,0.004180
50.1751,state,-0.114718,-0.122482,-0.031317,0.003896
50.1858,desired,-0.144445,-0.144445,-0.111111,-0.111111
50.1863,state,-0.124894,-0.141930,-0.066632,-0.295738
50.1951,state,-0.098176,-0.107238,-0.235810,-0.291079
50.2051,state,-0.103402,-0.123339,-0.039060,-0.150583
50.2158,desired,-0.147779,-0.147779,-0.111111,-0.111111
50.2161,state,-0.112444,-0.123049,-0.117441,0.004180
50.2251,state,-0.114718,-0.122482,-0.031317,0.003896
50.2361,desired,-0.150003,-0.150003,-0.111111,-0.111111
50.2366,state,-0.124894,-0.141930,-0.066632,-0.295738
50.2381,state,-0.130781,-0.144767,-0.221313,0.003058
50.2390,state,-0.135493,-0.144169,-0.043877,0.003551
50.2450,state,-0.112444,-0.123049,-0.117441,0.004180
50.2551,state,-0.114718,-0.122482,-0.031317,0.003896
50.2651,state,-0.124894,-0.141930,-0.066632,-0.295738
50.2659,desired,-0.153334,-0.153334,-0.111111,-0.111111
50.2751,state,-0.130781,-0.144767,-0.221313,0.003058
50.2851,state,-0.135493,-0.144169,-0.043877,0.003551
50.2959,desired,-0.156669,-0.156669,-0.111111,-0.111111
50.2962,state,-0.112444,-0.123049,-0.117441,0.004180
50.3051,state,-0.114718,-0.122482,-0.031317,0.003896
50.3151,state,-0.124894,-0.141930,-0.066632,-0.295738
50.3261,desired,-0.160004,-0.160004,-0.111111,-0.111111
50.3265,state,-0.130781,-0.144767,-0.221313,0.003058
50.3351,state,-0.135493,-0.144169,-0.043877,0.003551
50.3374,state,-0.145354,-0.157548,-0.133295,-0.379769
50.3452,state,-0.114718,-0.122482,-0.031317,0.003896
50.3559,desired,-0.163335,-0.163335,-0.111111,-0.111111
50.3564,state,-0.124894,-0.141930,-0.066632,-0.295738
50.3652,state,-0.130781,-0.144767,-0.221313,0.003058
50.3759,desired,-0.165558,-0.165558,-0.111111,-0.111111
50.3763,state,-0.135493,-0.144169,-0.043877,0.003551
50.3852,state,-0.145354,-0.157548,-0.133295,-0.379769
50.3959,desired,-0.167781,-0.167781,-0.111111,-0.111111
50.3964,state,-0.114718,-0.122482,-0.031317,0.003896
50.4052,state,-0.124894,-0.141930,-0.066632,-0.295738
50.4151,state,-0.130781,-0.144767,-0.221313,0.003058
50.4258,desired,-0.171114,-0.171114,-0.111111,-0.111111
50.4261,state,-0.135493,-0.144169,-0.043877,0.003551
50.4352,state,-0.145354,-0.157548,-0.133295,-0.379769
50.4375,state,-0.147847,-0.166205,-0.038831,-0.005533
50.4380,state,-0.158045,-0.165596,-0.073472,0.003193
50.4451,state,-0.130781,-0.144767,-0.221313,0.003058
50.4558,desired,-0.174446,-0.174446,-0.111111,-0.111111
50.4563,state,-0.135493,-0.144169,-0.043877,0.003551
50.4652,state,-0.145354,-0.157548,-0.133295,-0.379769
50.4761,desired,-0.176673,-0.176673,-0.111111,-0.111111
50.4766,state,-0.147847,-0.166205,-0.038831,-0.005533
50.4851,state,-0.158045,-0.165596,-0.073472,0.003193
50.4952,state,-0.130781,-0.144767,-0.221313,0.003058
50.5061,desired,-0.180007,-0.180007,-0.111111,-0.111111
50.5066,state,-0.135493,-0.144169,-0.043877,0.003551
50.5151,state,-0.145354,-0.157548,-0.133295,-0.379769
50.5252,state,-0.147847,-0.166205,-0.038831,-0.005533
50.5358,desired,-0.183337,-0.183337,-0.111111,-0.111111
50.5361,state,-0.158045,-0.165596,-0.073472,0.003193
50.5373,state,-0.164478,-0.171329,-0.249420,-0.318834
50.5391,state,-0.169705,-0.187351,-0.052599,-0.130739
50.5452,state,-0.145354,-0.157548,-0.133295,-0.379769
50.5550,state,-0.147847,-0.166205,-0.038831,-0.005533
50.5658,desired,-0.186668,-0.186668,-0.111111,-0.111111
50.5661,state,-0.158045,-0.165596,-0.073472,0.003193
50.5751,state,-0.164478,-0.171329,-0.249420,-0.318834
50.5851,state,-0.169705,-0.187351,-0.052599,-0.130739
50.5958,desired,-0.190001,-0.190001,-0.111111,-0.111111
50.5961,state,-0.145354,-0.157548,-0.133295,-0.379769
50.6051,state,-0.147847,-0.166205,-0.038831,-0.005533
50.6151,state,-0.158045,-0.165596,-0.073472,0.003193
50.6258,desired,-0.193335,-0.193335,-0.111111,-0.111111
50.6261,state,-0.164478,-0.171329,-0.249420,-0.318834
50.6352,state,-0.169705,-0.187351,-0.052599,-0.130739
50.6376,state,-0.178749,-0.186958,-0.130970,0.002756
50.6451,state,-0.147847,-0.166205,-0.038831,-0.005533
50.6554,desired,-0.196666,-0.196666,-0.111111,-0.111111
50.6556,state,-0.158045,-0.165596,-0.073472,0.003193
50.6650,state,-0.164478,-0.171329,-0.249420,-0.318834
50.6753,desired,-0.198890,-0.198890,-0.111111,-0.111111
50.6755,state,-0.169705,-0.187351,-0.052599,-0.130739
50.6850,state,-0.178749,-0.186958,-0.130970,0.002756
50.6950,state,-0.147847,-0.166205,-0.038831,-0.005533
50.7053,desired,-0.202224,-0.202224,-0.111111,-0.111111
50.7055,state,-0.158045,-0.165596,-0.073472,0.003193
50.7150,state,-0.164478,-0.171329,-0.249420,-0.318834
50.7250,state,-0.169705,-0.187351,-0.052599,-0.130739
50.7354,desired,-0.205557,-0.205557,-0.111111,-0.111111
50.7356,state,-0.178749,-0.186958,-0.130970,0.002756
50.7365,state,-0.181023,-0.186317,-0.044826,0.002516
50.7376,state,-0.191197,-0.205976,-0.080115,-0.290552
50.7450,state,-0.164478,-0.171329,-0.249420,-0.318834
50.7550,state,-0.169705,-0.187351,-0.052599,-0.130739
50.7656,desired,-0.208895,-0.208895,-0.111111,-0.111111
50.7659,state,-0.178749,-0.186958,-0.130970,0.002756
50.7750,state,-0.181023,-0.186317,-0.044826,0.002516
50.7851,state,-0.191197,-0.205976,-0.080115,-0.290552
50.7958,desired,-0.212228,-0.212228,-0.111111,-0.111111
50.7961,state,-0.164478,-0.171329,-0.249420,-0.318834
50.8060,state,-0.169705,-0.187351,-0.052599,-0.130739
50.8150,state,-0.178749,-0.186958,-0.130970,0.002756
50.8250,state,-0.181023,-0.186317,-0.044826,0.002516
50.8256,desired,-0.215557,-0.215557,-0.111111,-0.111111
50.8350,state,-0.191197,-0.205976,-0.080115,-0.290552
50.8366,state,-0.197084,-0.208147,-0.234790,0.001661
50.8375,state,-0.201796,-0.207478,-0.057343,0.002125
50.8454,desired,-0.217780,-0.217780,-0.111111,-0.111111
50.8456,state,-0.178749,-0.186958,-0.130970,0.002756
50.8550,state,-0.181023,-0.186317,-0.044826,0.002516
50.8650,state,-0.191197,-0.205976,-0.080115,-0.290552
50.8754,desired,-0.221113,-0.221113,-0.111111,-0.111111
50.8757,state,-0.197084,-0.208147,-0.234790,0.001661
50.8850,state,-0.201796,-0.207478,-0.057343,0.002125
50.8950,state,-0.178749,-0.186958,-0.130970,0.002756
50.9054,desired,-0.224446,-0.224446,-0.111111,-0.111111
50.9057,state,-0.181023,-0.186317,-0.044826,0.002516
50.9150,state,-0.191197,-0.205976,-0.080115,-0.290552
50.9250,state,-0.197084,-0.208147,-0.234790,0.001661
50.9356,desired,-0.227782,-0.227782,-0.111111,-0.111111
50.9359,state,-0.201796,-0.207478,-0.057343,0.002125
50.9370,state,-0.210795,-0.220358,-0.137275,-0.372276
50.9450,state,-0.181023,-0.186317,-0.044826,0.002516
50.9550,state,-0.191197,-0.205976,-0.080115,-0.290552
50.9654,desired,-0.231115,-0.231115,-0.111111,-0.111111
50.9657,state,-0.197084,-0.208147,-0.234790,0.001661
50.9750,state,-0.201796,-0.207478,-0.057343,0.002125
50.9851,state,-0.210795,-0.220358,-0.137275,-0.372276
50.9955,desired,-0.234448,-0.234448,-0.111111,-0.111111
50.9957,state,-0.181023,-0.186317,-0.044826,0.002516
51.0050,state,-0.191197,-0.205976,-0.080115,-0.290552
51.0150,state,-0.197084,-0.208147,-0.234790,0.001661
51.0254,desired,-0.237779,-0.237779,-0.111111,-0.111111
51.0256,state,-0.201796,-0.207478,-0.057343,0.002125
51.0352,state,-0.210795,-0.220358,-0.137275,-0.372276
51.0375,state,-0.213065,-0.227761,-0.051285,-0.005095
51.0378,state,-0.224243,-0.227087,-0.090838,0.001713
51.0456,desired,-0.240004,-0.240004,-0.111111,-0.111111
51.0458,state,-0.197084,-0.208147,-0.234790,0.001661
51.0550,state,-0.201796,-0.207478,-0.057343,0.002125
51.0650,state,-0.210795,-0.220358,-0.137275,-0.372276
51.0754,desired,-0.243335,-0.243335,-0.111111,-0.111111
51.0756,state,-0.213065,-0.227761,-0.051285,-0.005095
51.0850,state,-0.224243,-0.227087,-0.090838,0.001713
51.0950,state,-0.197084,-0.208147,-0.234790,0.001661
51.1050,state,-0.201796,-0.207478,-0.057343,0.002125
51.1055,desired,-0.246668,-0.246668,-0.111111,-0.111111
51.1150,state,-0.210795,-0.220358,-0.137275,-0.372276
51.1250,state,-0.213065,-0.227761,-0.051285,-0.005095
51.1354,desired,-0.250001,-0.250001,-0.111111,-0.111111
51.1356,state,-0.224243,-0.227087,-0.090838,0.001713
51.1363,state,-0.230772,-0.233482,-0.263141,-0.357158
51.1374,state,-0.236007,-0.250095,-0.066006,-0.111612
51.1450,state,-0.210795,-0.220358,-0.137275,-0.372276
51.1550,state,-0.213065,-0.227761,-0.051285,-0.005095
51.1657,desired,-0.253340,-0.253340,-0.111111,-0.111111
51.1660,state,-0.224243,-0.227087,-0.090838,0.001713
51.1750,state,-0.230772,-0.233482,-0.263141,-0.357158
51.1856,desired,-0.255563,-0.255563,-0.111111,-0.111111
51.1858,state,-0.236007,-0.250095,-0.066006,-0.111612
51.1951,state,-0.210795,-0.220358,-0.137275,-0.372276
51.2050,state,-0.213065,-0.227761,-0.051285,-0.005095
51.2150,state,-0.224243,-0.227087,-0.090838,0.001713
51.2155,desired,-0.258891,-0.258891,-0.111111,-0.111111
51.2250,state,-0.230772,-0.233482,-0.263141,-0.357158
51.2356,desired,-0.261114,-0.261114,-0.111111,-0.111111
51.2359,state,-0.236007,-0.250095,-0.066006,-0.111612
51.2372,state,-0.245050,-0.249612,-0.144318,0.001254
51.2450,state,-0.213065,-0.227761,-0.051285,-0.005095
51.2551,state,-0.224243,-0.227087,-0.090838,0.001713
51.2650,state,-0.230772,-0.233482,-0.263141,-0.357158
51.2655,desired,-0.264446,-0.264446,-0.111111,-0.111111
51.2750,state,-0.236007,-0.250095,-0.066006,-0.111612
51.2850,state,-0.245050,-0.249612,-0.144318,0.001254
51.2954,desired,-0.267779,-0.267779,-0.111111,-0.111111
51.2956,state,-0.213065,-0.227761,-0.051285,-0.005095
51.3051,state,-0.224243,-0.227087,-0.090838,0.001713
51.3150,state,-0.230772,-0.233482,-0.263141,-0.357158
51.3256,desired,-0.271115,-0.271115,-0.111111,-0.111111
51.3259,state,-0.236007,-0.250095,-0.066006,-0.111612
51.3350,state,-0.245050,-0.249612,-0.144318,0.001254
51.3365,state,-0.247325,-0.248904,-0.058171,0.001114
51.3376,state,-0.257502,-0.268472,-0.093455,-0.283362
51.3451,state,-0.230772,-0.233482,-0.263141,-0.357158
51.3554,desired,-0.274445,-0.274445,-0.111111,-0.111111
51.3557,state,-0.236007,-0.250095,-0.066006,-0.111612
51.3652,state,-0.245050,-0.249612,-0.144318,0.001254
51.3750,state,-0.247325,-0.248904,-0.058171,0.001114
51.3755,desired,-0.276668,-0.276668,-0.111111,-0.111111
51.3850,state,-0.257502,-0.268472,-0.093455,-0.283362
51.3956,desired,-0.278892,-0.278892,-0.111111,-0.111111
51.3959,state,-0.230772,-0.233482,-0.263141,-0.357158
51.4050,state,-0.236007,-0.250095,-0.066006,-0.111612
51.4150,state,-0.245050,-0.249612,-0.144318,0.001254
51.4254,desired,-0.282223,-0.282223,-0.111111,-0.111111
51.4257,state,-0.247325,-0.248904,-0.058171,0.001114
51.4351,state,-0.257502,-0.268472,-0.093455,-0.283362
51.4368,state,-0.263936,-0.269755,-0.269509,0.000330
51.4381,state,-0.269165,-0.269021,-0.072601,0.000748
51.4456,desired,-0.284448,-0.284448,-0.111111,-0.111111
51.4459,state,-0.245050,-0.249612,-0.144318,0.001254
51.4550,state,-0.247325,-0.248904,-0.058171,0.001114
51.4651,state,-0.257502,-0.268472,-0.093455,-0.283362
51.4750,state,-0.263936,-0.269755,-0.269509,0.000330
51.4755,desired,-0.287779,-0.287779,-0.111111,-0.111111
51.4851,state,-0.269165,-0.269021,-0.072601,0.000748
51.4950,state,-0.245050,-0.249612,-0.144318,0.001254
51.5050,state,-0.247325,-0.248904,-0.058171,0.001114
51.5055,desired,-0.291112,-0.291112,-0.111111,-0.111111
51.5150,state,-0.257502,-0.268472,-0.093455,-0.283362
51.5251,state,-0.263936,-0.269755,-0.269509,0.000330
51.5354,desired,-0.294445,-0.294445,-0.111111,-0.111111
51.5357,state,-0.269165,-0.269021,-0.072601,0.000748
51.5364,state,-0.277344,-0.282261,-0.141439,-0.385036
51.5450,state,-0.247325,-0.248904,-0.058171,0.001114
51.5550,state,-0.257502,-0.268472,-0.093455,-0.283362
51.5650,state,-0.263936,-0.269755,-0.269509,0.000330
51.5655,desired,-0.297780,-0.297780,-0.111111,-0.111111
51.5750,state,-0.269165,-0.269021,-0.072601,0.000748
51.5850,state,-0.277344,-0.282261,-0.141439,-0.385036
51.5954,desired,-0.301115,-0.301115,-0.111111,-0.111111
51.5957,state,-0.247325,-0.248904,-0.058171,0.001114
51.6050,state,-0.257502,-0.268472,-0.093455,-0.283362
51.6155,desired,-0.303339,-0.303339,-0.111111,-0.111111
51.6157,state,-0.263936,-0.269755,-0.269509,0.000330
51.6250,state,-0.269165,-0.269021,-0.072601,0.000748
51.6350,state,-0.277344,-0.282261,-0.141439,-0.385036
51.6364,state,-0.279394,-0.289032,-0.063788,-0.005223
51.6371,state,-0.289554,-0.288284,-0.099758,0.000452
51.6453,desired,-0.306666,-0.306666,-0.111111,-0.111111
51.6455,state,-0.263936,-0.269755,-0.269509,0.000330
51.6550,state,-0.269165,-0.269021,-0.072601,0.000748
51.6650,state,-0.277344,-0.282261,-0.141439,-0.385036
51.6753,desired,-0.310001,-0.310001,-0.111111,-0.111111
51.6755,state,-0.279394,-0.289032,-0.063788,-0.005223
51.6850,state,-0.289554,-0.288284,-0.099758,0.000452
51.6950,state,-0.263936,-0.269755,-0.269509,0.000330
51.7055,desired,-0.313337,-0.313337,-0.111111,-0.111111
51.7057,state,-0.269165,-0.269021,-0.072601,0.000748
51.7152,state,-0.277344,-0.282261,-0.141439,-0.385036
51.7252,state,-0.279394,-0.289032,-0.063788,-0.005223
51.7258,desired,-0.315562,-0.315562,-0.111111,-0.111111
51.7351,state,-0.289554,-0.288284,-0.099758,0.000452
51.7372,state,-0.296529,-0.294702,-0.297135,-0.363416
51.7383,state,-0.302272,-0.310999,-0.080899,-0.098740
51.7451,state,-0.277344,-0.282261,-0.141439,-0.385036
51.7554,desired,-0.318890,-0.318890,-0.111111,-0.111111
51.7557,state,-0.279394,-0.289032,-0.063788,-0.005223
51.7650,state,-0.289554,-0.288284,-0.099758,0.000452
51.7754,desired,-0.321112,-0.321112,-0.111111,-0.111111
51.7757,state,-0.296529,-0.294702,-0.297135,-0.363416
51.7851,state,-0.302272,-0.310999,-0.080899,-0.098740
51.7952,state,-0.277344,-0.282261,-0.141439,-0.385036
51.8054,desired,-0.324445,-0.324445,-0.111111,-0.111111
51.8057,state,-0.279394,-0.289032,-0.063788,-0.005223
51.8152,state,-0.289554,-0.288284,-0.099758,0.000452
51.8251,state,-0.296529,-0.294702,-0.297135,-0.363416
51.8256,desired,-0.326670,-0.326670,-0.111111,-0.111111
51.8350,state,-0.302272,-0.310999,-0.080899,-0.098740
51.8362,state,-0.311362,-0.310417,-0.157666,0.000185
51.8450,state,-0.279394,-0.289032,-0.063788,-0.005223
51.8554,desired,-0.330001,-0.330001,-0.111111,-0.111111
51.8556,state,-0.289554,-0.288284,-0.099758,0.000452
51.8650,state,-0.296529,-0.294702,-0.297135,-0.363416
51.8750,state,-0.302272,-0.310999,-0.080899,-0.098740
51.8755,desired,-0.332223,-0.332223,-0.111111,-0.111111
51.8851,state,-0.311362,-0.310417,-0.157666,0.000185
51.8956,desired,-0.334447,-0.334447,-0.111111,-0.111111
51.8959,state,-0.279394,-0.289032,-0.063788,-0.005223
51.9051,state,-0.289554,-0.288284,-0.099758,0.000452
51.9150,state,-0.296529,-0.294702,-0.297135,-0.363416
51.9254,desired,-0.337779,-0.337779,-0.111111,-0.111111
51.9257,state,-0.302272,-0.310999,-0.080899,-0.098740
51.9351,state,-0.311362,-0.310417,-0.157666,0.000185
51.9366,state,-0.313642,-0.309619,-0.071318,0.000177
51.9381,state,-0.323818,-0.329307,-0.106550,-0.285373
51.9450,state,-0.296529,-0.294702,-0.297135,-0.363416
51.9554,desired,-0.341115,-0.341115,-0.111111,-0.111111
51.9556,state,-0.302272,-0.310999,-0.080899,-0.098740
51.9650,state,-0.311362,-0.310417,-0.157666,0.000185
51.9750,state,-0.313642,-0.309619,-0.071318,0.000177
51.9854,desired,-0.344445,-0.344445,-0.111111,-0.111111
51.9856,state,-0.323818,-0.329307,-0.106550,-0.285373
51.9950,state,-0.296529,-0.294702,-0.297135,-0.363416
52.0056,desired,-0.346670,-0.346670,-0.111111,-0.111111
52.0059,state,-0.302272,-0.310999,-0.080899,-0.098740
52.0150,state,-0.311362,-0.310417,-0.157666,0.000185
52.0250,state,-0.313642,-0.309619,-0.071318,0.000177
52.0356,desired,-0.350003,-0.350003,-0.111111,-0.111111
52.0359,state,-0.323818,-0.329307,-0.106550,-0.285373
52.0371,state,-0.329705,-0.330471,-0.261140,-0.000514
52.0386,state,-0.334418,-0.329633,-0.083678,0.000065
52.0451,state,-0.311362,-0.310417,-0.157666,0.000185
52.0550,state,-0.313642,-0.309619,-0.071318,0.000177
52.0656,desired,-0.353336,-0.353336,-0.111111,-0.111111
52.0658,state,-0.323818,-0.329307,-0.106550,-0.285373
52.0750,state,-0.329705,-0.330471,-0.261140,-0.000514
52.0850,state,-0.334418,-0.329633,-0.083678,0.000065
52.0951,state,-0.311362,-0.310417,-0.157666,0.000185
52.0956,desired,-0.356667,-0.356667,-0.111111,-0.111111
52.1051,state,-0.313642,-0.309619,-0.071318,0.000177
52.1151,state,-0.323818,-0.329307,-0.106550,-0.285373
52.1156,desired,-0.358892,-0.358892,-0.111111,-0.111111
52.1251,state,-0.329705,-0.330471,-0.261140,-0.000514
52.1352,state,-0.334418,-0.329633,-0.083678,0.000065
52.1364,desired,-0.361116,-0.361116,-0.111111,-0.111111
52.1381,state,-0.343418,-0.342810,-0.163583,-0.386446
52.1451,state,-0.313642,-0.309619,-0.071318,0.000177
52.1552,state,-0.323818,-0.329307,-0.106550,-0.285373
52.1651,state,-0.329705,-0.330471,-0.261140,-0.000514
52.1660,desired,-0.364446,-0.364446,-0.111111,-0.111111
52.1751,state,-0.334418,-0.329633,-0.083678,0.000065
52.1851,state,-0.343418,-0.342810,-0.163583,-0.386446
52.1951,state,-0.313642,-0.309619,-0.071318,0.000177
52.1959,desired,-0.367778,-0.367778,-0.111111,-0.111111
52.2052,state,-0.323818,-0.329307,-0.106550,-0.285373
52.2151,state,-0.329705,-0.330471,-0.261140,-0.000514
52.2251,state,-0.334418,-0.329633,-0.083678,0.000065
52.2259,desired,-0.371115,-0.371115,-0.111111,-0.111111
52.2351,state,-0.343418,-0.342810,-0.163583,-0.386446
52.2368,state,-0.345690,-0.349450,-0.077537,-0.005934
52.2372,state,-0.356871,-0.348586,-0.117035,0.000009
52.2452,state,-0.329705,-0.330471,-0.261140,-0.000514
52.2551,state,-0.334418,-0.329633,-0.083678,0.000065
52.2559,desired,-0.374448,-0.374448,-0.111111,-0.111111
52.2651,state,-0.343418,-0.342810,-0.163583,-0.386446
52.2751,state,-0.345690,-0.349450,-0.077537,-0.005934
52.2861,desired,-0.377781,-0.377781,-0.111111,-0.111111
52.2866,state,-0.356871,-0.348586,-0.117035,0.000009
52.2952,state,-0.329705,-0.330471,-0.261140,-0.000514
52.3052,state,-0.334418,-0.329633,-0.083678,0.000065
52.3152,state,-0.343418,-0.342810,-0.163583,-0.386446
52.3163,desired,-0.381114,-0.381114,-0.111111,-0.111111
52.3251,state,-0.345690,-0.349450,-0.077537,-0.005934
52.3350,state,-0.356871,-0.348586,-0.117035,0.000009
52.3367,state,-0.363401,-0.354912,-0.289315,-0.365431
52.3376,state,-0.368639,-0.371108,-0.092090,-0.098731
52.3451,state,-0.343418,-0.342810,-0.163583,-0.386446
52.3458,desired,-0.384445,-0.384445,-0.111111,-0.111111
52.3551,state,-0.345690,-0.349450,-0.077537,-0.005934
52.3651,state,-0.356871,-0.348586,-0.117035,0.000009
52.3659,desired,-0.386668,-0.386668,-0.111111,-0.111111
52.3751,state,-0.363401,-0.354912,-0.289315,-0.365431
52.3851,state,-0.368639,-0.371108,-0.092090,-0.098731
52.3952,state,-0.343418,-0.342810,-0.163583,-0.386446
52.3963,desired,-0.390003,-0.390003,-0.111111,-0.111111
52.4051,state,-0.345690,-0.349450,-0.077537,-0.005934
52.4151,state,-0.356871,-0.348586,-0.117035,0.000009
52.4259,desired,-0.393334,-0.393334,-0.111111,-0.111111
52.4264,state,-0.363401,-0.354912,-0.289315,-0.365431
52.4352,state,-0.368639,-0.371108,-0.092090,-0.098731
52.4372,state,-0.377681,-0.370403,-0.170334,-0.000068
52.4452,state,-0.345690,-0.349450,-0.077537,-0.005934
52.4464,desired,-0.395559,-0.395559,-0.111111,-0.111111
52.4550,state,-0.356871,-0.348586,-0.117035,0.000009
52.4652,state,-0.363401,-0.354912,-0.289315,-0.365431
52.4758,desired,-0.398890,-0.398890,-0.111111,-0.111111
52.4761,state,-0.368639,-0.371108,-0.092090,-0.098731
52.4851,state,-0.377681,-0.370403,-0.170334,-0.000068
52.4951,state,-0.345690,-0.349450,-0.077537,-0.005934
52.5061,desired,-0.402225,-0.402225,-0.111111,-0.111111
52.5066,state,-0.356871,-0.348586,-0.117035,0.000009
52.5151,state,-0.363401,-0.354912,-0.289315,-0.365431
52.5252,state,-0.368639,-0.371108,-0.092090,-0.098731
52.5263,desired,-0.404448,-0.404448,-0.111111,-0.111111
52.5351,state,-0.377681,-0.370403,-0.170334,-0.000068
52.5368,state,-0.379957,-0.369472,-0.084148,0.000001
52.5375,state,-0.390136,-0.389064,-0.119374,-0.285684
52.5451,state,-0.363401,-0.354912,-0.289315,-0.365431
52.5559,desired,-0.407779,-0.407779,-0.111111,-0.111111
52.5563,state,-0.368639,-0.371108,-0.092090,-0.098731
52.5650,state,-0.377681,-0.370403,-0.170334,-0.000068
52.5751,state,-0.379957,-0.369472,-0.084148,0.000001
52.5858,desired,-0.411112,-0.411112,-0.111111,-0.111111
52.5861,state,-0.390136,-0.389064,-0.119374,-0.285684
52.5952,state,-0.363401,-0.354912,-0.289315,-0.365431
52.6051,state,-0.368639,-0.371108,-0.092090,-0.098731
52.6159,desired,-0.414445,-0.414445,-0.111111,-0.111111
52.6163,state,-0.377681,-0.370403,-0.170334,-0.000068
52.6251,state,-0.379957,-0.369472,-0.084148,0.000001
52.6351,state,-0.390136,-0.389064,-0.119374,-0.285684
52.6366,state,-0.396025,-0.390089,-0.273994,-0.000638
52.6387,state,-0.400741,-0.389113,-0.096439,-0.000009
52.6461,desired,-0.417782,-0.417782,-0.111111,-0.111111
52.6465,state,-0.377681,-0.370403,-0.170334,-0.000068
52.6551,state,-0.379957,-0.369472,-0.084148,0.000001
52.6652,state,-0.390136,-0.389064,-0.119374,-0.285684
52.6759,desired,-0.421112,-0.421112,-0.111111,-0.111111
52.6762,state,-0.396025,-0.390089,-0.273994,-0.000638
52.6852,state,-0.400741,-0.389113,-0.096439,-0.000009
52.6951,state,-0.377681,-0.370403,-0.170334,-0.000068
52.7051,state,-0.379957,-0.369472,-0.084148,0.000001
52.7059,desired,-0.424446,-0.424446,-0.111111,-0.111111
52.7150,state,-0.390136,-0.389064,-0.119374,-0.285684
52.7251,state,-0.396025,-0.390089,-0.273994,-0.000638
52.7359,desired,-0.427779,-0.427779,-0.111111,-0.111111
52.7364,state,-0.400741,-0.389113,-0.096439,-0.000009
52.7379,state,-0.410603,-0.403080,-0.185777,-0.408386
52.7452,state,-0.379957,-0.369472,-0.084148,0.000001
52.7551,state,-0.390136,-0.389064,-0.119374,-0.285684
52.7652,state,-0.396025,-0.390089,-0.273994,-0.000638
52.7663,desired,-0.431115,-0.431115,-0.111111,-0.111111
52.7751,state,-0.400741,-0.389113,-0.096439,-0.000009
52.7852,state,-0.410603,-0.403080,-0.185777,-0.408386
52.7959,desired,-0.434446,-0.434446,-0.111111,-0.111111
52.7964,state,-0.379957,-0.369472,-0.084148,0.000001
52.8052,state,-0.390136,-0.389064,-0.119374,-0.285684
52.8151,state,-0.396025,-0.390089,-0.273994,-0.000638
52.8259,desired,-0.437779,-0.437779,-0.111111,-0.111111
52.8263,state,-0.400741,-0.389113,-0.096439,-0.000009
52.8352,state,-0.410603,-0.403080,-0.185777,-0.408386
52.8385,state,-0.413100,-0.410064,-0.091203,-0.006757
52.8389,state,-0.423299,-0.409061,-0.125722,-0.000078
52.8451,state,-0.396025,-0.390089,-0.273994,-0.000638
52.8561,desired,-0.441114,-0.441114,-0.111111,-0.111111
52.8566,state,-0.400741,-0.389113,-0.096439,-0.000009
52.8651,state,-0.410603,-0.403080,-0.185777,-0.408386
52.8751,state,-0.413100,-0.410064,-0.091203,-0.006757
52.8858,desired,-0.444446,-0.444446,-0.111111,-0.111111
52.8861,state,-0.423299,-0.409061,-0.125722,-0.000078
52.8951,state,-0.396025,-0.390089,-0.273994,-0.000638
52.9051,state,-0.400741,-0.389113,-0.096439,-0.000009
52.9151,state,-0.410603,-0.403080,-0.185777,-0.408386
52.9159,desired,-0.447779,-0.447779,-0.111111,-0.111111
52.9250,state,-0.413100,-0.410064,-0.091203,-0.006757
52.9350,state,-0.423299,-0.409061,-0.125722,-0.000078
52.9365,state,-0.429734,-0.414712,-0.301615,-0.338227
52.9376,state,-0.434965,-0.429676,-0.104648,-0.086529
52.9457,desired,-0.451111,-0.451111,-0.111111,-0.111111
52.9460,state,-0.410603,-0.403080,-0.185777,-0.408386
52.9550,state,-0.413100,-0.410064,-0.091203,-0.006757
52.9658,desired,-0.453335,-0.453335,-0.111111,-0.111111
52.9662,state,-0.423299,-0.409061,-0.125722,-0.000078
52.9750,state,-0.429734,-0.414712,-0.301615,-0.338227
52.9850,state,-0.434965,-0.429676,-0.104648,-0.086529
52.9950,state,-0.410603,-0.403080,-0.185777,-0.408386
52.9955,desired,-0.456667,-0.456667,-0.111111,-0.111111
53.0050,state,-0.413100,-0.410064,-0.091203,-0.006757
53.0150,state,-0.423299,-0.409061,-0.125722,-0.000078
53.0253,desired,-0.460000,-0.460000,-0.111111,-0.111111
53.0255,state,-0.429734,-0.414712,-0.301615,-0.338227
53.0350,state,-0.434965,-0.429676,-0.104648,-0.086529
53.0362,state,-0.443148,-0.428816,-0.173447,-0.000304
53.0450,state,-0.413100,-0.410064,-0.091203,-0.006757
53.0550,state,-0.423299,-0.409061,-0.125722,-0.000078
53.0555,desired,-0.463333,-0.463333,-0.111111,-0.111111
53.0650,state,-0.429734,-0.414712,-0.301615,-0.338227
53.0750,state,-0.434965,-0.429676,-0.104648,-0.086529
53.0853,desired,-0.466667,-0.466667,-0.111111,-0.111111
53.0855,state,-0.443148,-0.428816,-0.173447,-0.000304
53.0950,state,-0.413100,-0.410064,-0.091203,-0.006757
53.1050,state,-0.423299,-0.409061,-0.125722,-0.000078
53.1153,desired,-0.470000,-0.470000,-0.111111,-0.111111
53.1156,state,-0.429734,-0.414712,-0.301615,-0.338227
53.1249,state,-0.434965,-0.429676,-0.104648,-0.086529
53.1350,state,-0.443148,-0.428816,-0.173447,-0.000304
53.1362,state,-0.445200,-0.427767,-0.095702,-0.000368
53.1372,state,-0.455361,-0.446357,-0.131579,-0.277133
53.1457,desired,-0.473333,-0.473333,-0.111111,-0.111111
53.1460,state,-0.429734,-0.414712,-0.301615,-0.338227
53.1550,state,-0.434965,-0.429676,-0.104648,-0.086529
53.1658,desired,-0.475557,-0.475557,-0.111111,-0.111111
53.1662,state,-0.443148,-0.428816,-0.173447,-0.000304
53.1750,state,-0.445200,-0.427767,-0.095702,-0.000368
53.1850,state,-0.455361,-0.446357,-0.131579,-0.277133
53.1950,state,-0.429734,-0.414712,-0.301615,-0.338227
53.1958,desired,-0.478889,-0.478889,-0.111111,-0.111111
53.2050,state,-0.434965,-0.429676,-0.104648,-0.086529
53.2150,state,-0.443148,-0.428816,-0.173447,-0.000304
53.2257,desired,-0.482222,-0.482222,-0.111111,-0.111111
53.2259,state,-0.445200,-0.427767,-0.095702,-0.000368
53.2350,state,-0.455361,-0.446357,-0.131579,-0.277133
53.2365,state,-0.462338,-0.447127,-0.328927,-0.001151
53.2375,state,-0.468085,-0.446063,-0.112549,-0.000817
53.2450,state,-0.443148,-0.428816,-0.173447,-0.000304
53.2557,desired,-0.485555,-0.485555,-0.111111,-0.111111
53.2560,state,-0.445200,-0.427767,-0.095702,-0.000368
53.2650,state,-0.455361,-0.446357,-0.131579,-0.277133
53.2750,state,-0.462338,-0.447127,-0.328927,-0.001151
53.2858,desired,-0.488890,-0.488890,-0.111111,-0.111111
53.2861,state,-0.468085,-0.446063,-0.112549,-0.000817
53.2950,state,-0.443148,-0.428816,-0.173447,-0.000304
53.3050,state,-0.445200,-0.427767,-0.095702,-0.000368
53.3157,desired,-0.492222,-0.492222,-0.111111,-0.111111
53.3159,state,-0.455361,-0.446357,-0.131579,-0.277133
53.3250,state,-0.462338,-0.447127,-0.328927,-0.001151
53.3350,state,-0.468085,-0.446063,-0.112549,-0.000817
53.3365,state,-0.477171,-0.460862,-0.189185,-0.432392
53.3457,desired,-0.495556,-0.495556,-0.111111,-0.111111
53.3460,state,-0.445200,-0.427767,-0.095702,-0.000368
53.3550,state,-0.455361,-0.446357,-0.131579,-0.277133
53.3650,state,-0.462338,-0.447127,-0.328927,-0.001151
53.3757,desired,-0.498889,-0.498889,-0.111111,-0.111111
53.3760,state,-0.468085,-0.446063,-0.112549,-0.000817
53.3850,state,-0.477171,-0.460862,-0.189185,-0.432392
53.3950,state,-0.445200,-0.427767,-0.095702,-0.000368
53.4057,desired,-0.502222,-0.502222,-0.111111,-0.111111
53.4060,state,-0.455361,-0.446357,-0.131579,-0.277133
53.4150,state,-0.462338,-0.447127,-0.328927,-0.001151
53.4250,state,-0.468085,-0.446063,-0.112549,-0.000817
53.4357,desired,-0.505555,-0.505555,-0.111111,-0.111111
53.4360,state,-0.477171,-0.460862,-0.189185,-0.432392
53.4366,state,-0.479452,-0.468394,-0.102797,-0.008517
53.4372,state,-0.489634,-0.467340,-0.137947,-0.001511
53.4450,state,-0.462338,-0.447127,-0.328927,-0.001151
53.4550,state,-0.468085,-0.446063,-0.112549,-0.000817
53.4657,desired,-0.508889,-0.508889,-0.111111,-0.111111
53.4660,state,-0.477171,-0.460862,-0.189185,-0.432392
53.4750,state,-0.479452,-0.468394,-0.102797,-0.008517
53.4850,state,-0.489634,-0.467340,-0.137947,-0.001511
53.4950,state,-0.462338,-0.447127,-0.328927,-0.001151
53.4959,desired,-0.512222,-0.512222,-0.111111,-0.111111
53.5050,state,-0.468085,-0.446063,-0.112549,-0.000817
53.5150,state,-0.477171,-0.460862,-0.189185,-0.432392
53.5250,state,-0.479452,-0.468394,-0.102797,-0.008517
53.5259,desired,-0.515556,-0.515556,-0.111111,-0.111111
53.5350,state,-0.489634,-0.467340,-0.137947,-0.001511
53.5365,state,-0.496068,-0.472511,-0.313867,-0.317280
53.5376,state,-0.501301,-0.487386,-0.116852,-0.097845
53.5450,state,-0.477171,-0.460862,-0.189185,-0.432392
53.5550,state,-0.479452,-0.468394,-0.102797,-0.008517
53.5559,desired,-0.518889,-0.518889,-0.111111,-0.111111
53.5650,state,-0.489634,-0.467340,-0.137947,-0.001511
53.5750,state,-0.496068,-0.472511,-0.313867,-0.317280
53.5850,state,-0.501301,-0.487386,-0.116852,-0.097845
53.5859,desired,-0.522222,-0.522222,-0.111111,-0.111111
53.5950,state,-0.477171,-0.460862,-0.189185,-0.432392
53.6058,desired,-0.524446,-0.524446,-0.111111,-0.111111
53.6062,state,-0.479452,-0.468394,-0.102797,-0.008517
53.6150,state,-0.489634,-0.467340,-0.137947,-0.001511
53.6250,state,-0.496068,-0.472511,-0.313867,-0.317280
53.6355,desired,-0.527778,-0.527778,-0.111111,-0.111111
53.6357,state,-0.501301,-0.487386,-0.116852,-0.097845
53.6366,state,-0.510345,-0.486533,-0.195079,-0.002560
53.6450,state,-0.479452,-0.468394,-0.102797,-0.008517
53.6550,state,-0.489634,-0.467340,-0.137947,-0.001511
53.6656,desired,-0.531111,-0.531111,-0.111111,-0.111111
53.6658,state,-0.496068,-0.472511,-0.313867,-0.317280
53.6750,state,-0.501301,-0.487386,-0.116852,-0.097845
53.6853,desired,-0.533334,-0.533334,-0.111111,-0.111111
53.6855,state,-0.510345,-0.486533,-0.195079,-0.002560
53.6950,state,-0.479452,-0.468394,-0.102797,-0.008517
53.7050,state,-0.489634,-0.467340,-0.137947,-0.001511
53.7152,desired,-0.536667,-0.536667,-0.111111,-0.111111
53.7154,state,-0.496068,-0.472511,-0.313867,-0.317280
53.7249,state,-0.501301,-0.487386,-0.116852,-0.097845
53.7350,state,-0.510345,-0.486533,-0.195079,-0.002560
53.7362,state,-0.512623,-0.485508,-0.108797,-0.003007
53.7368,state,-0.522807,-0.504377,-0.143941,-0.300054
53.7454,desired,-0.540001,-0.540001,-0.111111,-0.111111
53.7456,state,-0.496068,-0.472511,-0.313867,-0.317280
53.7550,state,-0.501301,-0.487386,-0.116852,-0.097845
53.7650,state,-0.510345,-0.486533,-0.195079,-0.002560
53.7750,state,-0.512623,-0.485508,-0.108797,-0.003007
53.7755,desired,-0.543334,-0.543334,-0.111111,-0.111111
53.7850,state,-0.522807,-0.504377,-0.143941,-0.300054
53.7950,state,-0.496068,-0.472511,-0.313867,-0.317280
53.8053,desired,-0.546667,-0.546667,-0.111111,-0.111111
53.8055,state,-0.501301,-0.487386,-0.116852,-0.097845
53.8150,state,-0.510345,-0.486533,-0.195079,-0.002560
53.8250,state,-0.512623,-0.485508,-0.108797,-0.003007
53.8350,state,-0.522807,-0.504377,-0.143941,-0.300054
53.8355,desired,-0.550000,-0.550000,-0.111111,-0.111111
53.8361,state,-0.529241,-0.506173,-0.319823,-0.004505
53.8368,state,-0.534473,-0.505190,-0.122797,-0.004404
53.8450,state,-0.510345,-0.486533,-0.195079,-0.002560
53.8549,state,-0.512623,-0.485508,-0.108797,-0.003007
53.8650,state,-0.522807,-0.504377,-0.143941,-0.300054
53.8656,desired,-0.553333,-0.553333,-0.111111,-0.111111
53.8750,state,-0.529241,-0.506173,-0.319823,-0.004505
53.8850,state,-0.534473,-0.505190,-0.122797,-0.004404
53.8854,desired,-0.555556,-0.555556,-0.111111,-0.111111
53.8950,state,-0.510345,-0.486533,-0.195079,-0.002560
53.9053,desired,-0.557778,-0.557778,-0.111111,-0.111111
53.9055,state,-0.512623,-0.485508,-0.108797,-0.003007
53.9150,state,-0.522807,-0.504377,-0.143941,-0.300054
53.9250,state,-0.529241,-0.506173,-0.319823,-0.004505
53.9354,desired,-0.561112,-0.561112,-0.111111,-0.111111
53.9356,state,-0.534473,-0.505190,-0.122797,-0.004404
53.9363,state,-0.542658,-0.516567,-0.191560,-0.362148
53.9449,state,-0.512623,-0.485508,-0.108797,-0.003007
53.9553,desired,-0.563335,-0.563335,-0.111111,-0.111111
53.9555,state,-0.522807,-0.504377,-0.143941,-0.300054
53.9650,state,-0.529241,-0.506173,-0.319823,-0.004505
53.9750,state,-0.534473,-0.505190,-0.122797,-0.004404
53.9850,state,-0.542658,-0.516567,-0.191560,-0.362148
53.9854,desired,-0.566668,-0.566668,-0.111111,-0.111111
53.9950,state,-0.512623,-0.485508,-0.108797,-0.003007
54.0050,state,-0.522807,-0.504377,-0.143941,-0.300054
54.0150,state,-0.529241,-0.506173,-0.319823,-0.004505
54.0154,desired,-0.570002,-0.570002,-0.111111,-0.111111
54.0250,state,-0.534473,-0.505190,-0.122797,-0.004404
54.0350,state,-0.542658,-0.516567,-0.191560,-0.362148
54.0363,state,-0.544712,-0.524804,-0.113744,-0.014429
54.0365,state,-0.555876,-0.523893,-0.153777,-0.005930
54.0453,desired,-0.573334,-0.573334,-0.111111,-0.111111
54.0456,state,-0.529241,-0.506173,-0.319823,-0.004505
54.0550,state,-0.534473,-0.505190,-0.122797,-0.004404
54.0650,state,-0.542658,-0.516567,-0.191560,-0.362148
54.0753,desired,-0.576668,-0.576668,-0.111111,-0.111111
54.0755,state,-0.544712,-0.524804,-0.113744,-0.014429
54.0850,state,-0.555876,-0.523893,-0.153777,-0.005930
54.0950,state,-0.529241,-0.506173,-0.319823,-0.004505
54.1056,desired,-0.580002,-0.580002,-0.111111,-0.111111
54.1059,state,-0.534473,-0.505190,-0.122797,-0.004404
54.1150,state,-0.542658,-0.516567,-0.191560,-0.362148
54.1250,state,-0.544712,-0.524804,-0.113744,-0.014429
54.1356,desired,-0.583336,-0.583336,-0.111111,-0.111111
54.1359,state,-0.555876,-0.523893,-0.153777,-0.005930
54.1382,state,-0.562407,-0.528505,-0.326043,-0.285392
54.1397,state,-0.567649,-0.545792,-0.128660,-0.192724
54.1450,state,-0.542658,-0.516567,-0.191560,-0.362148
54.1550,state,-0.544712,-0.524804,-0.113744,-0.014429
54.1654,desired,-0.586667,-0.586667,-0.111111,-0.111111
54.1657,state,-0.555876,-0.523893,-0.153777,-0.005930
54.1750,state,-0.562407,-0.528505,-0.326043,-0.285392
54.1854,desired,-0.588890,-0.588890,-0.111111,-0.111111
54.1856,state,-0.567649,-0.545792,-0.128660,-0.192724
54.1950,state,-0.542658,-0.516567,-0.191560,-0.362148
54.2050,state,-0.544712,-0.524804,-0.113744,-0.014429
54.2154,desired,-0.592224,-0.592224,-0.111111,-0.111111
54.2156,state,-0.555876,-0.523893,-0.153777,-0.005930
54.2250,state,-0.562407,-0.528505,-0.326043,-0.285392
54.2350,state,-0.567649,-0.545792,-0.128660,-0.192724
54.2366,state,-0.576696,-0.545289,-0.206818,-0.007985
54.2454,desired,-0.595556,-0.595556,-0.111111,-0.111111
54.2456,state,-0.544712,-0.524804,-0.113744,-0.014429
54.2550,state,-0.555876,-0.523893,-0.153777,-0.005930
54.2650,state,-0.562407,-0.528505,-0.326043,-0.285392
54.2754,desired,-0.598890,-0.598890,-0.111111,-0.111111
54.2756,state,-0.567649,-0.545792,-0.128660,-0.192724
54.2850,state,-0.576696,-0.545289,-0.206818,-0.007985
54.2951,state,-0.544712,-0.524804,-0.113744,-0.014429
54.3054,desired,-0.602223,-0.602223,-0.111111,-0.111111
54.3056,state,-0.555876,-0.523893,-0.153777,-0.005930
54.3151,state,-0.562407,-0.528505,-0.326043,-0.285392
54.3250,state,-0.567649,-0.545792,-0.128660,-0.192724
54.3356,desired,-0.605559,-0.605559,-0.111111,-0.111111
54.3359,state,-0.576696,-0.545289,-0.206818,-0.007985
54.3371,state,-0.578975,-0.544483,-0.120490,-0.008690
54.3387,state,-0.589158,-0.561387,-0.155575,-0.312176
54.3450,state,-0.562407,-0.528505,-0.326043,-0.285392
54.3550,state,-0.567649,-0.545792,-0.128660,-0.192724
54.3654,desired,-0.608890,-0.608890,-0.111111,-0.111111
54.3656,state,-0.576696,-0.545289,-0.206818,-0.007985
54.3750,state,-0.578975,-0.544483,-0.120490,-0.008690
54.3850,state,-0.589158,-0.561387,-0.155575,-0.312176
54.3855,desired,-0.611113,-0.611113,-0.111111,-0.111111
54.3951,state,-0.562407,-0.528505,-0.326043,-0.285392
54.4050,state,-0.567649,-0.545792,-0.128660,-0.192724
54.4150,state,-0.576696,-0.545289,-0.206818,-0.007985
54.4155,desired,-0.614446,-0.614446,-0.111111,-0.111111
54.4250,state,-0.578975,-0.544483,-0.120490,-0.008690
54.4350,state,-0.589158,-0.561387,-0.155575,-0.312176
54.4368,state,-0.595594,-0.564881,-0.331470,-0.010907
54.4383,state,-0.600830,-0.564166,-0.134339,-0.010820
54.4456,desired,-0.617781,-0.617781,-0.111111,-0.111111
54.4459,state,-0.576696,-0.545289,-0.206818,-0.007985
54.4550,state,-0.578975,-0.544483,-0.120490,-0.008690
54.4650,state,-0.589158,-0.561387,-0.155575,-0.312176
54.4750,state,-0.595594,-0.564881,-0.331470,-0.010907
54.4755,desired,-0.621112,-0.621112,-0.111111,-0.111111
54.4850,state,-0.600830,-0.564166,-0.134339,-0.010820
54.4950,state,-0.576696,-0.545289,-0.206818,-0.007985
54.5054,desired,-0.624445,-0.624445,-0.111111,-0.111111
54.5056,state,-0.578975,-0.544483,-0.120490,-0.008690
54.5150,state,-0.589158,-0.561387,-0.155575,-0.312176
54.5250,state,-0.595594,-0.564881,-0.331470,-0.010907
54.5353,desired,-0.627777,-0.627777,-0.111111,-0.111111
54.5355,state,-0.600830,-0.564166,-0.134339,-0.010820
54.5370,state,-0.609877,-0.574664,-0.212507,-0.343208
54.5450,state,-0.578975,-0.544483,-0.120490,-0.008690
54.5554,desired,-0.630001,-0.630001,-0.111111,-0.111111
54.5556,state,-0.589158,-0.561387,-0.155575,-0.312176
54.5651,state,-0.595594,-0.564881,-0.331470,-0.010907
54.5756,desired,-0.632226,-0.632226,-0.111111,-0.111111
54.5759,state,-0.600830,-0.564166,-0.134339,-0.010820
54.5850,state,-0.609877,-0.574664,-0.212507,-0.343208
54.5951,state,-0.578975,-0.544483,-0.120490,-0.008690
54.6054,desired,-0.635556,-0.635556,-0.111111,-0.111111
54.6056,state,-0.589158,-0.561387,-0.155575,-0.312176
54.6150,state,-0.595594,-0.564881,-0.331470,-0.010907
54.6250,state,-0.600830,-0.564166,-0.134339,-0.010820
54.6354,desired,-0.638890,-0.638890,-0.111111,-0.111111
54.6356,state,-0.609877,-0.574664,-0.212507,-0.343208
54.6368,state,-0.612156,-0.584805,-0.126152,-0.023811
54.6371,state,-0.622340,-0.584229,-0.161203,-0.013326
54.6451,state,-0.595594,-0.564881,-0.331470,-0.010907
54.6554,desired,-0.641113,-0.641113,-0.111111,-0.111111
54.6557,state,-0.600830,-0.564166,-0.134339,-0.010820
54.6651,state,-0.609877,-0.574664,-0.212507,-0.343208
54.6750,state,-0.612156,-0.584805,-0.126152,-0.023811
54.6854,desired,-0.644446,-0.644446,-0.111111,-0.111111
54.6856,state,-0.622340,-0.584229,-0.161203,-0.013326
54.6950,state,-0.595594,-0.564881,-0.331470,-0.010907
54.7050,state,-0.600830,-0.564166,-0.134339,-0.010820
54.7151,state,-0.609877,-0.574664,-0.212507,-0.343208
54.7158,desired,-0.647780,-0.647780,-0.111111,-0.111111
54.7250,state,-0.612156,-0.584805,-0.126152,-0.023811
54.7350,state,-0.622340,-0.584229,-0.161203,-0.013326
54.7369,state,-0.628232,-0.587537,-0.315751,-0.209896
54.7383,state,-0.632954,-0.603036,-0.137981,-0.219824
54.7456,desired,-0.651114,-0.651114,-0.111111,-0.111111
54.7459,state,-0.609877,-0.574664,-0.212507,-0.343208
54.7550,state,-0.612156,-0.584805,-0.126152,-0.023811
54.7651,state,-0.622340,-0.584229,-0.161203,-0.013326
54.7753,desired,-0.654444,-0.654444,-0.111111,-0.111111
54.7755,state,-0.628232,-0.587537,-0.315751,-0.209896
54.7850,state,-0.632954,-0.603036,-0.137981,-0.219824
54.7953,desired,-0.656667,-0.656667,-0.111111,-0.111111
54.7955,state,-0.609877,-0.574664,-0.212507,-0.343208
54.8050,state,-0.612156,-0.584805,-0.126152,-0.023811
54.8150,state,-0.622340,-0.584229,-0.161203,-0.013326
54.8253,desired,-0.660000,-0.660000,-0.111111,-0.111111
54.8255,state,-0.628232,-0.587537,-0.315751,-0.209896
54.8350,state,-0.632954,-0.603036,-0.137981,-0.219824
54.8370,state,-0.641958,-0.602905,-0.217740,-0.015951
54.8449,state,-0.612156,-0.584805,-0.126152,-0.023811
54.8553,desired,-0.663334,-0.663334,-0.111111,-0.111111
54.8555,state,-0.622340,-0.584229,-0.161203,-0.013326
54.8650,state,-0.628232,-0.587537,-0.315751,-0.209896
54.8750,state,-0.632954,-0.603036,-0.137981,-0.219824
54.8853,desired,-0.666667,-0.666667,-0.111111,-0.111111
54.8855,state,-0.641958,-0.602905,-0.217740,-0.015951
54.8950,state,-0.612156,-0.584805,-0.126152,-0.023811
54.9050,state,-0.622340,-0.584229,-0.161203,-0.013326
54.9153,desired,-0.670000,-0.670000,-0.111111,-0.111111
54.9155,state,-0.628232,-0.587537,-0.315751,-0.209896
54.9250,state,-0.632954,-0.603036,-0.137981,-0.219824
54.9350,state,-0.641958,-0.602905,-0.217740,-0.015951
54.9365,state,-0.644235,-0.602468,-0.131491,-0.016517
54.9377,state,-0.655418,-0.619481,-0.170726,-0.336869
54.9453,desired,-0.673333,-0.673333,-0.111111,-0.111111
54.9454,state,-0.628232,-0.587537,-0.315751,-0.209896
54.9550,state,-0.632954,-0.603036,-0.137981,-0.219824
54.9650,state,-0.641958,-0.602905,-0.217740,-0.015951
54.9753,desired,-0.676666,-0.676666,-0.111111,-0.111111
54.9755,state,-0.644235,-0.602468,-0.131491,-0.016517
54.9850,state,-0.655418,-0.619481,-0.170726,-0.336869
54.9950,state,-0.628232,-0.587537,-0.315751,-0.209896
55.0054,desired,-0.680001,-0.680001,-0.111111,-0.111111
55.0056,state,-0.632954,-0.603036,-0.137981,-0.219824
55.0150,state,-0.641958,-0.602905,-0.217740,-0.015951
55.0250,state,-0.644235,-0.602468,-0.131491,-0.016517
55.0350,state,-0.655418,-0.619481,-0.170726,-0.336869
55.0356,desired,-0.683334,-0.683334,-0.111111,-0.111111
55.0361,state,-0.661951,-0.625746,-0.342882,-0.022566
55.0370,state,-0.667196,-0.625435,-0.145399,-0.019130
55.0450,state,-0.641958,-0.602905,-0.217740,-0.015951
55.0550,state,-0.644235,-0.602468,-0.131491,-0.016517
55.0555,desired,-0.685557,-0.685557,-0.111111,-0.111111
55.0650,state,-0.655418,-0.619481,-0.170726,-0.336869
55.0750,state,-0.661951,-0.625746,-0.342882,-0.022566
55.0854,desired,-0.688890,-0.688890,-0.111111,-0.111111
55.0856,state,-0.667196,-0.625435,-0.145399,-0.019130
55.0950,state,-0.641958,-0.602905,-0.217740,-0.015951
55.1050,state,-0.644235,-0.602468,-0.131491,-0.016517
55.1156,desired,-0.692227,-0.692227,-0.111111,-0.111111
55.1158,state,-0.655418,-0.619481,-0.170726,-0.336869
55.1250,state,-0.661951,-0.625746,-0.342882,-0.022566
55.1351,state,-0.667196,-0.625435,-0.145399,-0.019130
55.1366,state,-0.676246,-0.634025,-0.223505,-0.293221
55.1454,desired,-0.695557,-0.695557,-0.111111,-0.111111
55.1456,state,-0.644235,-0.602468,-0.131491,-0.016517
55.1551,state,-0.655418,-0.619481,-0.170726,-0.336869
55.1650,state,-0.661951,-0.625746,-0.342882,-0.022566
55.1756,desired,-0.698893,-0.698893,-0.111111,-0.111111
55.1759,state,-0.667196,-0.625435,-0.145399,-0.019130
55.1850,state,-0.676246,-0.634025,-0.223505,-0.293221
55.1951,state,-0.644235,-0.602468,-0.131491,-0.016517
55.2050,state,-0.655418,-0.619481,-0.170726,-0.336869
55.2055,desired,-0.702224,-0.702224,-0.111111,-0.111111
55.2150,state,-0.661951,-0.625746,-0.342882,-0.022566
55.2250,state,-0.667196,-0.625435,-0.145399,-0.019130
55.2354,desired,-0.705558,-0.705558,-0.111111,-0.111111
55.2357,state,-0.676246,-0.634025,-0.223505,-0.293221
55.2365,state,-0.678527,-0.645516,-0.137083,-0.099784
55.2367,state,-0.688714,-0.646453,-0.172080,-0.020706
55.2451,state,-0.661951,-0.625746,-0.342882,-0.022566
55.2550,state,-0.667196,-0.625435,-0.145399,-0.019130
55.2656,desired,-0.708893,-0.708893,-0.111111,-0.111111
55.2659,state,-0.676246,-0.634025,-0.223505,-0.293221
55.2750,state,-0.678527,-0.645516,-0.137083,-0.099784
55.2850,state,-0.688714,-0.646453,-0.172080,-0.020706
55.2950,state,-0.661951,-0.625746,-0.342882,-0.022566
55.2955,desired,-0.712224,-0.712224,-0.111111,-0.111111
55.3050,state,-0.667196,-0.625435,-0.145399,-0.019130
55.3150,state,-0.676246,-0.634025,-0.223505,-0.293221
55.3155,desired,-0.714446,-0.714446,-0.111111,-0.111111
55.3250,state,-0.678527,-0.645516,-0.137083,-0.099784
55.3356,desired,-0.716672,-0.716672,-0.111111,-0.111111
55.3359,state,-0.688714,-0.646453,-0.172080,-0.020706
55.3372,state,-0.695151,-0.649569,-0.347902,-0.191462
55.3392,state,-0.700389,-0.664981,-0.150680,-0.241952
55.3450,state,-0.676246,-0.634025,-0.223505,-0.293221
55.3551,state,-0.678527,-0.645516,-0.137083,-0.099784
55.3657,desired,-0.720004,-0.720004,-0.111111,-0.111111
55.3660,state,-0.688714,-0.646453,-0.172080,-0.020706
55.3751,state,-0.695151,-0.649569,-0.347902,-0.191462
55.3850,state,-0.700389,-0.664981,-0.150680,-0.241952
55.3954,desired,-0.723335,-0.723335,-0.111111,-0.111111
55.3956,state,-0.676246,-0.634025,-0.223505,-0.293221
55.4050,state,-0.678527,-0.645516,-0.137083,-0.099784
55.4150,state,-0.688714,-0.646453,-0.172080,-0.020706
55.4250,state,-0.695151,-0.649569,-0.347902,-0.191462
55.4255,desired,-0.726668,-0.726668,-0.111111,-0.111111
55.4350,state,-0.700389,-0.664981,-0.150680,-0.241952
55.4366,state,-0.709437,-0.670584,-0.228778,-0.098423
55.4450,state,-0.678527,-0.645516,-0.137083,-0.099784
55.4550,state,-0.688714,-0.646453,-0.172080,-0.020706
55.4555,desired,-0.730002,-0.730002,-0.111111,-0.111111
55.4651,state,-0.695151,-0.649569,-0.347902,-0.191462
55.4750,state,-0.700389,-0.664981,-0.150680,-0.241952
55.4851,state,-0.709437,-0.670584,-0.228778,-0.098423
55.4857,desired,-0.733337,-0.733337,-0.111111,-0.111111
55.4951,state,-0.678527,-0.645516,-0.137083,-0.099784
55.5050,state,-0.688714,-0.646453,-0.172080,-0.020706
55.5150,state,-0.695151,-0.649569,-0.347902,-0.191462
55.5155,desired,-0.736668,-0.736668,-0.111111,-0.111111
55.5250,state,-0.700389,-0.664981,-0.150680,-0.241952
55.5354,desired,-0.738892,-0.738892,-0.111111,-0.111111
55.5357,state,-0.709437,-0.670584,-0.228778,-0.098423
55.5365,state,-0.711720,-0.670472,-0.142338,-0.021992
55.5373,state,-0.720907,-0.677961,-0.173089,-0.225885
55.5450,state,-0.695151,-0.649569,-0.347902,-0.191462
55.5550,state,-0.700389,-0.664981,-0.150680,-0.241952
55.5654,desired,-0.742222,-0.742222,-0.111111,-0.111111
55.5656,state,-0.709437,-0.670584,-0.228778,-0.098423
55.5751,state,-0.711720,-0.670472,-0.142338,-0.021992
55.5850,state,-0.720907,-0.677961,-0.173089,-0.225885
55.5954,desired,-0.745555,-0.745555,-0.111111,-0.111111
55.5956,state,-0.695151,-0.649569,-0.347902,-0.191462
55.6050,state,-0.700389,-0.664981,-0.150680,-0.241952
55.6150,state,-0.709437,-0.670584,-0.228778,-0.098423
55.6254,desired,-0.748889,-0.748889,-0.111111,-0.111111
55.6256,state,-0.711720,-0.670472,-0.142338,-0.021992
55.6350,state,-0.720907,-0.677961,-0.173089,-0.225885
55.6366,state,-0.727791,-0.689262,-0.373951,-0.241944
55.6379,state,-0.733538,-0.697078,-0.157575,-0.030858
55.6456,desired,-0.751112,-0.751112,-0.111111,-0.111111
55.6459,state,-0.709437,-0.670584,-0.228778,-0.098423
55.6550,state,-0.711720,-0.670472,-0.142338,-0.021992
55.6651,state,-0.720907,-0.677961,-0.173089,-0.225885
55.6656,desired,-0.753338,-0.753338,-0.111111,-0.111111
55.6750,state,-0.727791,-0.689262,-0.373951,-0.241944
55.6850,state,-0.733538,-0.697078,-0.157575,-0.030858
55.6950,state,-0.709437,-0.670584,-0.228778,-0.098423
55.6954,desired,-0.756667,-0.756667,-0.111111,-0.111111
55.7050,state,-0.711720,-0.670472,-0.142338,-0.021992
55.7154,desired,-0.758889,-0.758889,-0.111111,-0.111111
55.7156,state,-0.720907,-0.677961,-0.173089,-0.225885
55.7250,state,-0.727791,-0.689262,-0.373951,-0.241944
55.7350,state,-0.733538,-0.697078,-0.157575,-0.030858
55.7371,state,-0.742627,-0.696925,-0.234043,-0.023807
55.7453,desired,-0.762224,-0.762224,-0.111111,-0.111111
55.7456,state,-0.711720,-0.670472,-0.142338,-0.021992
55.7550,state,-0.720907,-0.677961,-0.173089,-0.225885
55.7652,state,-0.727791,-0.689262,-0.373951,-0.241944
55.7660,desired,-0.764447,-0.764447,-0.111111,-0.111111
55.7750,state,-0.733538,-0.697078,-0.157575,-0.030858
55.7850,state,-0.742627,-0.696925,-0.234043,-0.023807
55.7953,desired,-0.767777,-0.767777,-0.111111,-0.111111
55.7955,state,-0.711720,-0.670472,-0.142338,-0.021992
55.8050,state,-0.720907,-0.677961,-0.173089,-0.225885
55.8150,state,-0.727791,-0.689262,-0.373951,-0.241944
55.8253,desired,-0.771113,-0.771113,-0.111111,-0.111111
55.8255,state,-0.733538,-0.697078,-0.157575,-0.030858
55.8350,state,-0.742627,-0.696925,-0.234043,-0.023807
55.8370,state,-0.744913,-0.696775,-0.147459,-0.024067
55.8373,state,-0.755101,-0.713220,-0.182375,-0.341038
55.8450,state,-0.727791,-0.689262,-0.373951,-0.241944
55.8553,desired,-0.774448,-0.774448,-0.111111,-0.111111
55.8555,state,-0.733538,-0.697078,-0.157575,-0.030858
55.8650,state,-0.742627,-0.696925,-0.234043,-0.023807
55.8750,state,-0.744913,-0.696775,-0.147459,-0.024067
55.8854,desired,-0.777778,-0.777778,-0.111111,-0.111111
55.8856,state,-0.755101,-0.713220,-0.182375,-0.341038
55.8950,state,-0.727791,-0.689262,-0.373951,-0.241944
55.9050,state,-0.733538,-0.697078,-0.157575,-0.030858
55.9055,desired,-0.780001,-0.780001,-0.111111,-0.111111
55.9152,state,-0.742627,-0.696925,-0.234043,-0.023807
55.9250,state,-0.744913,-0.696775,-0.147459,-0.024067
55.9256,desired,-0.782224,-0.782224,-0.111111,-0.111111
55.9352,state,-0.755101,-0.713220,-0.182375,-0.341038
55.9372,state,-0.761540,-0.724414,-0.358217,-0.185074
55.9392,state,-0.766782,-0.726961,-0.160864,-0.025481
55.9456,desired,-0.784448,-0.784448,-0.111111,-0.111111
55.9459,state,-0.742627,-0.696925,-0.234043,-0.023807
55.9550,state,-0.744913,-0.696775,-0.147459,-0.024067
55.9651,state,-0.755101,-0.713220,-0.182375,-0.341038
55.9750,state,-0.761540,-0.724414,-0.358217,-0.185074
55.9755,desired,-0.787779,-0.787779,-0.111111,-0.111111
55.9855,state,-0.766782,-0.726961,-0.160864,-0.025481
55.9950,state,-0.742627,-0.696925,-0.234043,-0.023807
56.0050,state,-0.744913,-0.696775,-0.147459,-0.024067
56.0056,desired,-0.791111,-0.791111,-0.111111,-0.111111
56.0150,state,-0.755101,-0.713220,-0.182375,-0.341038
56.0250,state,-0.761540,-0.724414,-0.358217,-0.185074
56.0255,desired,-0.793333,-0.793333,-0.111111,-0.111111
56.0350,state,-0.766782,-0.726961,-0.160864,-0.025481
56.0365,state,-0.775831,-0.726904,-0.238906,-0.027393
56.0454,desired,-0.795558,-0.795558,-0.111111,-0.111111
56.0456,state,-0.744913,-0.696775,-0.147459,-0.024067
56.0550,state,-0.755101,-0.713220,-0.182375,-0.341038
56.0650,state,-0.761540,-0.724414,-0.358217,-0.185074
56.0754,desired,-0.798889,-0.798889,-0.111111,-0.111111
56.0756,state,-0.766782,-0.726961,-0.160864,-0.025481
56.0850,state,-0.775831,-0.726904,-0.238906,-0.027393
56.0950,state,-0.744913,-0.696775,-0.147459,-0.024067
56.1054,desired,-0.802223,-0.802223,-0.111111,-0.111111
56.1056,state,-0.755101,-0.713220,-0.182375,-0.341038
56.1150,state,-0.761540,-0.724414,-0.358217,-0.185074
56.1254,desired,-0.804446,-0.804446,-0.111111,-0.111111
56.1256,state,-0.766782,-0.726961,-0.160864,-0.025481
56.1350,state,-0.775831,-0.726904,-0.238906,-0.027393
56.1364,state,-0.778115,-0.726928,-0.152406,-0.027740
56.1373,state,-0.788302,-0.744809,-0.187287,-0.369007
56.1450,state,-0.761540,-0.724414,-0.358217,-0.185074
56.1554,desired,-0.807778,-0.807778,-0.111111,-0.111111
56.1556,state,-0.766782,-0.726961,-0.160864,-0.025481
56.1650,state,-0.775831,-0.726904,-0.238906,-0.027393
56.1750,state,-0.778115,-0.726928,-0.152406,-0.027740
56.1850,state,-0.788302,-0.744809,-0.187287,-0.369007
56.1855,desired,-0.811111,-0.811111,-0.111111,-0.111111
56.1950,state,-0.761540,-0.724414,-0.358217,-0.185074
56.2050,state,-0.766782,-0.726961,-0.160864,-0.025481
56.2056,desired,-0.813335,-0.813335,-0.111111,-0.111111
56.2150,state,-0.775831,-0.726904,-0.238906,-0.027393
56.2250,state,-0.778115,-0.726928,-0.152406,-0.027740
56.2355,desired,-0.816668,-0.816668,-0.111111,-0.111111
56.2356,state,-0.788302,-0.744809,-0.187287,-0.369007
56.2363,state,-0.794741,-0.757341,-0.363082,-0.202085
56.2370,state,-0.799983,-0.760061,-0.165717,-0.027154
56.2450,state,-0.775831,-0.726904,-0.238906,-0.027393
56.2550,state,-0.778115,-0.726928,-0.152406,-0.027740
56.2650,state,-0.788302,-0.744809,-0.187287,-0.369007
56.2656,desired,-0.820001,-0.820001,-0.111111,-0.111111
56.2750,state,-0.794741,-0.757341,-0.363082,-0.202085
56.2850,state,-0.799983,-0.760061,-0.165717,-0.027154
56.2857,desired,-0.822224,-0.822224,-0.111111,-0.111111
56.2950,state,-0.775831,-0.726904,-0.238906,-0.027393
56.3050,state,-0.778115,-0.726928,-0.152406,-0.027740
56.3150,state,-0.788302,-0.744809,-0.187287,-0.369007
56.3157,desired,-0.825557,-0.825557,-0.111111,-0.111111
56.3250,state,-0.794741,-0.757341,-0.363082,-0.202085
56.3351,state,-0.799983,-0.760061,-0.165717,-0.027154
56.3370,state,-0.809034,-0.759973,-0.243735,-0.026956
56.3454,desired,-0.828890,-0.828890,-0.111111,-0.111111
56.3457,state,-0.778115,-0.726928,-0.152406,-0.027740
56.3550,state,-0.788302,-0.744809,-0.187287,-0.369007
56.3650,state,-0.794741,-0.757341,-0.363082,-0.202085
56.3756,desired,-0.832226,-0.832226,-0.111111,-0.111111
56.3759,state,-0.799983,-0.760061,-0.165717,-0.027154
56.3850,state,-0.809034,-0.759973,-0.243735,-0.026956
56.3950,state,-0.778115,-0.726928,-0.152406,-0.027740
56.4050,state,-0.788302,-0.744809,-0.187287,-0.369007
56.4055,desired,-0.835557,-0.835557,-0.111111,-0.111111
56.4150,state,-0.794741,-0.757341,-0.363082,-0.202085
56.4256,desired,-0.837781,-0.837781,-0.111111,-0.111111
56.4259,state,-0.799983,-0.760061,-0.165717,-0.027154
56.4350,state,-0.809034,-0.759973,-0.243735,-0.026956
56.4371,state,-0.811318,-0.759895,-0.157202,-0.027103
56.4378,state,-0.821508,-0.777274,-0.192059,-0.363006
56.4451,state,-0.794741,-0.757341,-0.363082,-0.202085
56.4550,state,-0.799983,-0.760061,-0.165717,-0.027154
56.4556,desired,-0.841113,-0.841113,-0.111111,-0.111111
56.4651,state,-0.809034,-0.759973,-0.243735,-0.026956
56.4750,state,-0.811318,-0.759895,-0.157202,-0.027103
56.4854,desired,-0.844446,-0.844446,-0.111111,-0.111111
56.4857,state,-0.821508,-0.777274,-0.192059,-0.363006
56.4950,state,-0.794741,-0.757341,-0.363082,-0.202085
56.5050,state,-0.799983,-0.760061,-0.165717,-0.027154
56.5150,state,-0.809034,-0.759973,-0.243735,-0.026956
56.5156,desired,-0.847780,-0.847780,-0.111111,-0.111111
56.5250,state,-0.811318,-0.759895,-0.157202,-0.027103
56.5351,state,-0.821508,-0.777274,-0.192059,-0.363006
56.5366,state,-0.827948,-0.789858,-0.367847,-0.206350
56.5381,state,-0.833192,-0.792724,-0.170411,-0.028440
56.5450,state,-0.809034,-0.759973,-0.243735,-0.026956
56.5455,desired,-0.851113,-0.851113,-0.111111,-0.111111
56.5550,state,-0.811318,-0.759895,-0.157202,-0.027103
56.5651,state,-0.821508,-0.777274,-0.192059,-0.363006
56.5756,desired,-0.854448,-0.854448,-0.111111,-0.111111
56.5759,state,-0.827948,-0.789858,-0.367847,-0.206350
56.5850,state,-0.833192,-0.792724,-0.170411,-0.028440
56.5950,state,-0.809034,-0.759973,-0.243735,-0.026956
56.6056,desired,-0.857781,-0.857781,-0.111111,-0.111111
56.6059,state,-0.811318,-0.759895,-0.157202,-0.027103
56.6150,state,-0.821508,-0.777274,-0.192059,-0.363006
56.6250,state,-0.827948,-0.789858,-0.367847,-0.206350
56.6358,desired,-0.861115,-0.861115,-0.111111,-0.111111
56.6362,state,-0.833192,-0.792724,-0.170411,-0.028440
56.6375,state,-0.842241,-0.792655,-0.248384,-0.028205
56.6451,state,-0.811318,-0.759895,-0.157202,-0.027103
56.6550,state,-0.821508,-0.777274,-0.192059,-0.363006
56.6654,desired,-0.864446,-0.864446,-0.111111,-0.111111
56.6657,state,-0.827948,-0.789858,-0.367847,-0.206350
56.6752,state,-0.833192,-0.792724,-0.170411,-0.028440
56.6850,state,-0.842241,-0.792655,-0.248384,-0.028205
56.6956,desired,-0.867782,-0.867782,-0.111111,-0.111111
56.6957,state,-0.811318,-0.759895,-0.157202,-0.027103
56.7050,state,-0.821508,-0.777274,-0.192059,-0.363006
56.7150,state,-0.827948,-0.789858,-0.367847,-0.206350
56.7250,state,-0.833192,-0.792724,-0.170411,-0.028440
56.7255,desired,-0.871113,-0.871113,-0.111111,-0.111111
56.7350,state,-0.842241,-0.792655,-0.248384,-0.028205
56.7361,state,-0.844527,-0.792593,-0.161829,-0.028322
56.7379,state,-0.854718,-0.809740,-0.196650,-0.360947
56.7456,desired,-0.873337,-0.873337,-0.111111,-0.111111
56.7460,state,-0.827948,-0.789858,-0.367847,-0.206350
56.7550,state,-0.833192,-0.792724,-0.170411,-0.028440
56.7651,state,-0.842241,-0.792655,-0.248384,-0.028205
56.7753,desired,-0.876669,-0.876669,-0.111111,-0.111111
56.7755,state,-0.844527,-0.792593,-0.161829,-0.028322
56.7850,state,-0.854718,-0.809740,-0.196650,-0.360947
56.7950,state,-0.827948,-0.789858,-0.367847,-0.206350
56.8056,desired,-0.880004,-0.880004,-0.111111,-0.111111
56.8059,state,-0.833192,-0.792724,-0.170411,-0.028440
56.8150,state,-0.842241,-0.792655,-0.248384,-0.028205
56.8251,state,-0.844527,-0.792593,-0.161829,-0.028322
56.8357,desired,-0.883339,-0.883339,-0.111111,-0.111111
56.8360,state,-0.854718,-0.809740,-0.196650,-0.360947
56.8374,state,-0.861157,-0.822449,-0.372382,-0.210467
56.8390,state,-0.866401,-0.825421,-0.174937,-0.029696
56.8452,state,-0.842241,-0.792655,-0.248384,-0.028205
56.8551,state,-0.844527,-0.792593,-0.161829,-0.028322
56.8650,state,-0.854718,-0.809740,-0.196650,-0.360947
56.8654,desired,-0.886667,-0.886667,-0.111111,-0.111111
56.8751,state,-0.861157,-0.822449,-0.372382,-0.210467
56.8853,desired,-0.888890,-0.888890,-0.111111,-0.111111
56.8856,state,-0.866401,-0.825421,-0.174937,-0.029696
56.8950,state,-0.842241,-0.792655,-0.248384,-0.028205
56.9050,state,-0.844527,-0.792593,-0.161829,-0.028322
56.9153,desired,-0.892224,-0.892224,-0.111111,-0.111111
56.9156,state,-0.854718,-0.809740,-0.196650,-0.360947
56.9251,state,-0.861157,-0.822449,-0.372382,-0.210467
56.9351,state,-0.866401,-0.825421,-0.174937,-0.029696
56.9379,state,-0.875454,-0.825371,-0.252909,-0.029427
56.9457,desired,-0.895558,-0.895558,-0.111111,-0.111111
56.9461,state,-0.844527,-0.792593,-0.161829,-0.028322
56.9550,state,-0.854718,-0.809740,-0.196650,-0.360947
56.9651,state,-0.861157,-0.822449,-0.372382,-0.210467
56.9755,desired,-0.898890,-0.898890,-0.111111,-0.111111
56.9759,state,-0.866401,-0.825421,-0.174937,-0.029696
56.9851,state,-0.875454,-0.825371,-0.252909,-0.029427
56.9950,state,-0.844527,-0.792593,-0.161829,-0.028322
57.0055,desired,-0.902223,-0.902223,-0.111111,-0.111111
57.0057,state,-0.854718,-0.809740,-0.196650,-0.360947
57.0150,state,-0.861157,-0.822449,-0.372382,-0.210467
57.0250,state,-0.866401,-0.825421,-0.174937,-0.029696
57.0355,desired,-0.905557,-0.905557,-0.111111,-0.111111
57.0357,state,-0.875454,-0.825371,-0.252909,-0.029427
57.0362,state,-0.877741,-0.825326,-0.166299,-0.029514
57.0383,state,-0.887933,-0.842251,-0.201076,-0.358903
57.0450,state,-0.861157,-0.822449,-0.372382,-0.210467
57.0554,desired,-0.907780,-0.907780,-0.111111,-0.111111
57.0557,state,-0.866401,-0.825421,-0.174937,-0.029696
57.0650,state,-0.875454,-0.825371,-0.252909,-0.029427
57.0756,desired,-0.910004,-0.910004,-0.111111,-0.111111
57.0761,state,-0.877741,-0.825326,-0.166299,-0.029514
57.0851,state,-0.887933,-0.842251,-0.201076,-0.358903
57.0951,state,-0.861157,-0.822449,-0.372382,-0.210467
57.1055,desired,-0.913335,-0.913335,-0.111111,-0.111111
57.1057,state,-0.866401,-0.825421,-0.174937,-0.029696
57.1150,state,-0.875454,-0.825371,-0.252909,-0.029427
57.1256,desired,-0.915559,-0.915559,-0.111111,-0.111111
57.1260,state,-0.877741,-0.825326,-0.166299,-0.029514
57.1351,state,-0.887933,-0.842251,-0.201076,-0.358903
57.1366,state,-0.894372,-0.855064,-0.376761,-0.214196
57.1393,state,-0.899617,-0.858132,-0.179289,-0.030930
57.1452,state,-0.875454,-0.825371,-0.252909,-0.029427
57.1553,desired,-0.918891,-0.918891,-0.111111,-0.111111
57.1556,state,-0.877741,-0.825326,-0.166299,-0.029514
57.1651,state,-0.887933,-0.842251,-0.201076,-0.358903
57.1750,state,-0.894372,-0.855064,-0.376761,-0.214196
57.1857,desired,-0.922227,-0.922227,-0.111111,-0.111111
57.1861,state,-0.899617,-0.858132,-0.179289,-0.030930
57.1950,state,-0.875454,-0.825371,-0.252909,-0.029427
57.2050,state,-0.877741,-0.825326,-0.166299,-0.029514
57.2153,desired,-0.925557,-0.925557,-0.111111,-0.111111
57.2156,state,-0.887933,-0.842251,-0.201076,-0.358903
57.2250,state,-0.894372,-0.855064,-0.376761,-0.214196
57.2356,desired,-0.927781,-0.927781,-0.111111,-0.111111
57.2359,state,-0.899617,-0.858132,-0.179289,-0.030930
57.2373,state,-0.908671,-0.858102,-0.257251,-0.030626
57.2450,state,-0.877741,-0.825326,-0.166299,-0.029514
57.2556,desired,-0.930004,-0.930004,-0.111111,-0.111111
57.2559,state,-0.887933,-0.842251,-0.201076,-0.358903
57.2650,state,-0.894372,-0.855064,-0.376761,-0.214196
57.2751,state,-0.899617,-0.858132,-0.179289,-0.030930
57.2853,desired,-0.933335,-0.933335,-0.111111,-0.111111
57.2855,state,-0.908671,-0.858102,-0.257251,-0.030626
57.2950,state,-0.877741,-0.825326,-0.166299,-0.029514
57.3050,state,-0.887933,-0.842251,-0.201076,-0.358903
57.3153,desired,-0.936669,-0.936669,-0.111111,-0.111111
57.3156,state,-0.894372,-0.855064,-0.376761,-0.214196
57.3251,state,-0.899617,-0.858132,-0.179289,-0.030930
57.3350,state,-0.908671,-0.858102,-0.257251,-0.030626
57.3365,state,-0.910959,-0.858075,-0.170590,-0.030679
57.3397,state,-0.921150,-0.874792,-0.205324,-0.357023
57.3456,desired,-0.940004,-0.940004,-0.111111,-0.111111
57.3460,state,-0.894372,-0.855064,-0.376761,-0.214196
57.3550,state,-0.899617,-0.858132,-0.179289,-0.030930
57.3651,state,-0.908671,-0.858102,-0.257251,-0.030626
57.3754,desired,-0.943335,-0.943335,-0.111111,-0.111111
57.3758,state,-0.910959,-0.858075,-0.170590,-0.030679
57.3851,state,-0.921150,-0.874792,-0.205324,-0.357023
57.3950,state,-0.894372,-0.855064,-0.376761,-0.214196
57.4056,desired,-0.946670,-0.946670,-0.111111,-0.111111
57.4057,state,-0.899617,-0.858132,-0.179289,-0.030930
57.4150,state,-0.908671,-0.858102,-0.257251,-0.030626
57.4250,state,-0.910959,-0.858075,-0.170590,-0.030679
57.4352,desired,-0.950000,-0.950000,-0.111111,-0.111111
57.4354,state,-0.921150,-0.874792,-0.205324,-0.357023
57.4450,state,-0.894372,-0.855064,-0.376761,-0.214196
57.4467,state,-0.927592,-0.887703,-0.381053,-0.217717
57.4474,state,-0.932840,-0.890865,-0.183477,-0.032178
57.4554,desired,-0.952223,-0.952223,-0.111111,-0.111111
57.4556,state,-0.910959,-0.858075,-0.170590,-0.030679
57.4650,state,-0.921150,-0.874792,-0.205324,-0.357023
57.4750,state,-0.894372,-0.855064,-0.376761,-0.214196
57.4855,desired,-0.955557,-0.955557,-0.111111,-0.111111
57.4859,state,-0.927592,-0.887703,-0.381053,-0.217717
57.4951,state,-0.932840,-0.890865,-0.183477,-0.032178
57.5050,state,-0.910959,-0.858075,-0.170590,-0.030679
57.5154,desired,-0.958891,-0.958891,-0.111111,-0.111111
57.5157,state,-0.921150,-0.874792,-0.205324,-0.357023
57.5251,state,-0.894372,-0.855064,-0.376761,-0.214196
57.5350,state,-0.927592,-0.887703,-0.381053,-0.217717
57.5378,state,-0.941891,-0.890857,-0.261366,-0.031832
57.5453,desired,-0.962223,-0.962223,-0.111111,-0.111111
57.5455,state,-0.910959,-0.858075,-0.170590,-0.030679
57.5550,state,-0.921150,-0.874792,-0.205324,-0.357023
57.5650,state,-0.894372,-0.855064,-0.376761,-0.214196
57.5753,desired,-0.965556,-0.965556,-0.111111,-0.111111
57.5756,state,-0.927592,-0.887703,-0.381053,-0.217717
57.5851,state,-0.941891,-0.890857,-0.261366,-0.031832
57.5953,desired,-0.967779,-0.967779,-0.111111,-0.111111
57.5955,state,-0.910959,-0.858075,-0.170590,-0.030679
57.6050,state,-0.921150,-0.874792,-0.205324,-0.357023
57.6153,desired,-0.970002,-0.970002,-0.111111,-0.111111
57.6156,state,-0.894372,-0.855064,-0.376761,-0.214196
57.6250,state,-0.927592,-0.887703,-0.381053,-0.217717
57.6356,desired,-0.972226,-0.972226,-0.111111,-0.111111
57.6359,state,-0.941891,-0.890857,-0.261366,-0.031832
57.6374,state,-0.944179,-0.890849,-0.174699,-0.031847
57.6377,state,-0.954376,-0.907358,-0.209406,-0.355016
57.6450,state,-0.894372,-0.855064,-0.376761,-0.214196
57.6556,desired,-0.974449,-0.974449,-0.111111,-0.111111
57.6559,state,-0.927592,-0.887703,-0.381053,-0.217717
57.6650,state,-0.941891,-0.890857,-0.261366,-0.031832
57.6752,state,-0.944179,-0.890849,-0.174699,-0.031847
57.6850,state,-0.954376,-0.907358,-0.209406,-0.355016
57.6856,desired,-0.977779,-0.977779,-0.111111,-0.111111
57.6950,state,-0.894372,-0.855064,-0.376761,-0.214196
57.7050,state,-0.927592,-0.887703,-0.381053,-0.217717
57.7149,state,-0.941891,-0.890857,-0.261366,-0.031832
57.7154,desired,-0.981110,-0.981110,-0.111111,-0.111111
57.7250,state,-0.944179,-0.890849,-0.174699,-0.031847
57.7353,desired,-0.983333,-0.983333,-0.111111,-0.111111
57.7355,state,-0.954376,-0.907358,-0.209406,-0.355016
57.7368,state,-0.960816,-0.920349,-0.385007,-0.220903
57.7381,state,-0.966063,-0.923595,-0.187467,-0.033396
57.7450,state,-0.941891,-0.890857,-0.261366,-0.031832
57.7554,desired,-0.985557,-0.985557,-0.111111,-0.111111
57.7556,state,-0.944179,-0.890849,-0.174699,-0.031847
57.7650,state,-0.954376,-0.907358,-0.209406,-0.355016
57.7750,state,-0.960816,-0.920349,-0.385007,-0.220903
57.7853,desired,-0.988890,-0.988890,-0.111111,-0.111111
57.7855,state,-0.966063,-0.923595,-0.187467,-0.033396
57.7950,state,-0.941891,-0.890857,-0.261366,-0.031832
57.8050,state,-0.944179,-0.890849,-0.174699,-0.031847
57.8153,desired,-0.992223,-0.992223,-0.111111,-0.111111
57.8155,state,-0.954376,-0.907358,-0.209406,-0.355016
57.8250,state,-0.960816,-0.920349,-0.385007,-0.220903
57.8356,desired,-0.994448,-0.994448,-0.111111,-0.111111
57.8359,state,-0.966063,-0.923595,-0.187467,-0.033396
57.8377,state,-0.975116,-0.923610,-0.265338,-0.033008
57.8450,state,-0.944179,-0.890849,-0.174699,-0.031847
57.8550,state,-0.954376,-0.907358,-0.209406,-0.355016
57.8656,desired,-0.997782,-0.997782,-0.111111,-0.111111
57.8659,state,-0.960816,-0.920349,-0.385007,-0.220903
57.8750,state,-0.966063,-0.923595,-0.187467,-0.033396
57.8850,state,-0.975116,-0.923610,-0.265338,-0.033008
57.8953,desired,-1.000000,-1.000000,0.000000,0.000000
57.8955,state,-0.944179,-0.890849,-0.174699,-0.031847
57.9050,state,-0.954376,-0.907358,-0.209406,-0.355016
57.9150,state,-0.960816,-0.920349,-0.385007,-0.220903
57.9253,desired,-1.000000,-1.000000,0.000000,0.000000
57.9255,state,-0.966063,-0.923595,-0.187467,-0.033396
57.9351,state,-0.975116,-0.923610,-0.265338,-0.033008
57.9371,state,-0.977405,-0.923623,-0.178629,-0.032982
57.9394,state,-0.987602,-0.939952,-0.213290,-0.353420
57.9450,state,-0.960816,-0.920349,-0.385007,-0.220903
57.9554,desired,-1.000000,-1.000000,0.000000,0.000000
57.9556,state,-0.966063,-0.923595,-0.187467,-0.033396
57.9652,state,-0.975116,-0.923610,-0.265338,-0.033008
57.9756,desired,-1.000000,-1.000000,0.000000,0.000000
57.9759,state,-0.977405,-0.923623,-0.178629,-0.032982
57.9851,state,-0.987602,-0.939952,-0.213290,-0.353420
57.9951,state,-0.960816,-0.920349,-0.385007,-0.220903
58.0053,desired,-1.000000,-1.000000,0.000000,0.000000
58.0055,state,-0.966063,-0.923595,-0.187467,-0.033396
58.0150,state,-0.975116,-0.923610,-0.265338,-0.033008
58.0250,state,-0.977405,-0.923623,-0.178629,-0.032982
58.0353,desired,-1.000000,-1.000000,0.000000,0.000000
58.0356,state,-0.987602,-0.939952,-0.213290,-0.353420
58.0363,state,-0.991866,-0.951900,-0.303519,-0.166922
58.0381,state,-0.995048,-0.952075,-0.183707,-0.033346
58.0450,state,-0.975116,-0.923610,-0.265338,-0.033008
58.0550,state,-0.977405,-0.923623,-0.178629,-0.032982
58.0652,desired,-1.000000,-1.000000,0.000000,0.000000
58.0654,state,-0.987602,-0.939952,-0.213290,-0.353420
58.0750,state,-0.991866,-0.951900,-0.303519,-0.166922
58.0855,desired,-1.000000,-1.000000,0.000000,0.000000
58.0858,state,-0.995048,-0.952075,-0.183707,-0.033346
58.0950,state,-0.975116,-0.923610,-0.265338,-0.033008
58.1057,desired,-1.000000,-1.000000,0.000000,0.000000
58.1060,state,-0.977405,-0.923623,-0.178629,-0.032982
58.1150,state,-0.987602,-0.939952,-0.213290,-0.353420
58.1250,state,-0.991866,-0.951900,-0.303519,-0.166922
58.1356,desired,-1.000000,-1.000000,0.000000,0.000000
58.1359,state,-0.995048,-0.952075,-0.183707,-0.033346
58.1370,state,-0.995312,-0.952067,-0.173715,-0.033348
58.1450,state,-0.977405,-0.923623,-0.178629,-0.032982
58.1551,state,-0.987602,-0.939952,-0.213290,-0.353420
58.1650,state,-0.991866,-0.951900,-0.303519,-0.166922
58.1658,desired,-1.000000,-1.000000,0.000000,0.000000
58.1751,state,-0.995048,-0.952075,-0.183707,-0.033346
58.1850,state,-0.995312,-0.952067,-0.173715,-0.033348
58.1950,state,-0.977405,-0.923623,-0.178629,-0.032982
58.1956,desired,-1.000000,-1.000000,0.000000,0.000000
58.2051,state,-0.987602,-0.939952,-0.213290,-0.353420
58.2153,desired,-1.000000,-1.000000,0.000000,0.000000
58.2156,state,-0.991866,-0.951900,-0.303519,-0.166922
58.2251,state,-0.995048,-0.952075,-0.183707,-0.033346
58.2350,state,-0.995312,-0.952067,-0.173715,-0.033348
58.2365,state,-0.995334,-0.952059,-0.172887,-0.033364
58.2392,state,-0.995335,-0.952052,-0.172819,-0.033377
58.2457,desired,-1.000000,-1.000000,0.000000,0.000000
58.2461,state,-0.991866,-0.951900,-0.303519,-0.166922
58.2551,state,-0.995048,-0.952075,-0.183707,-0.033346
58.2652,state,-0.995312,-0.952067,-0.173715,-0.033348
58.2754,desired,-1.000000,-1.000000,0.000000,0.000000
58.2756,state,-0.995334,-0.952059,-0.172887,-0.033364
58.2850,state,-0.995335,-0.952052,-0.172819,-0.033377
58.2950,state,-0.991866,-0.951900,-0.303519,-0.166922
58.3050,state,-0.995048,-0.952075,-0.183707,-0.033346
58.3056,desired,-1.000000,-1.000000,0.000000,0.000000
58.3150,state,-0.995312,-0.952067,-0.173715,-0.033348
58.3250,state,-0.995334,-0.952059,-0.172887,-0.033364
58.3350,state,-0.995335,-0.952052,-0.172819,-0.033377
58.3356,desired,-1.000000,-1.000000,0.000000,0.000000
58.3377,state,-0.995335,-0.952046,-0.172819,-0.033390
58.3380,state,-0.995335,-0.952041,-0.172819,-0.033400
58.3452,state,-0.995312,-0.952067,-0.173715,-0.033348
58.3550,state,-0.995334,-0.952059,-0.172887,-0.033364
58.3655,desired,-1.000000,-1.000000,0.000000,0.000000
58.3657,state,-0.995335,-0.952052,-0.172819,-0.033377
58.3750,state,-0.995335,-0.952046,-0.172819,-0.033390
58.3853,desired,-1.000000,-1.000000,0.000000,0.000000
58.3858,state,-0.995335,-0.952041,-0.172819,-0.033400
58.3951,state,-0.995312,-0.952067,-0.173715,-0.033348
58.4050,state,-0.995334,-0.952059,-0.172887,-0.033364
58.4056,desired,-1.000000,-1.000000,0.000000,0.000000
58.4152,state,-0.995335,-0.952052,-0.172819,-0.033377
58.4251,state,-0.995335,-0.952046,-0.172819,-0.033390
58.4351,state,-0.995335,-0.952041,-0.172819,-0.033400
58.4361,desired,-1.000000,-1.000000,0.000000,0.000000
58.4381,state,-0.995335,-0.952037,-0.172819,-0.033409
58.4450,state,-0.995334,-0.952059,-0.172887,-0.033364
58.4557,desired,-1.000000,-1.000000,0.000000,0.000000
58.4560,state,-0.995335,-0.952052,-0.172819,-0.033377
58.4650,state,-0.995335,-0.952046,-0.172819,-0.033390
58.4750,state,-0.995335,-0.952041,-0.172819,-0.033400
58.4856,desired,-1.000000,-1.000000,0.000000,0.000000
58.4859,state,-0.995335,-0.952037,-0.172819,-0.033409
58.4950,state,-0.995334,-0.952059,-0.172887,-0.033364
58.5051,state,-0.995335,-0.952052,-0.172819,-0.033377
58.5153,desired,-1.000000,-1.000000,0.000000,0.000000
58.5156,state,-0.995335,-0.952046,-0.172819,-0.033390
58.5251,state,-0.995335,-0.952041,-0.172819,-0.033400
58.5351,state,-0.995335,-0.952037,-0.172819,-0.033409
58.5365,state,-0.995335,-0.952033,-0.172819,-0.033417
58.5382,state,-0.995335,-0.952029,-0.172819,-0.033425
58.5454,desired,-1.000000,-1.000000,0.000000,0.000000
58.5456,state,-0.995335,-0.952046,-0.172819,-0.033390
58.5550,state,-0.995335,-0.952041,-0.172819,-0.033400
58.5651,state,-0.995335,-0.952037,-0.172819,-0.033409
58.5754,desired,-1.000000,-1.000000,0.000000,0.000000
58.5757,state,-0.995335,-0.952033,-0.172819,-0.033417
58.5850,state,-0.995335,-0.952029,-0.172819,-0.033425
58.5958,desired,-1.000000,-1.000000,0.000000,0.000000
58.5960,state,-0.995335,-0.952046,-0.172819,-0.033390
58.6050,state,-0.995335,-0.952041,-0.172819,-0.033400
58.6150,state,-0.995335,-0.952037,-0.172819,-0.033409
58.6257,desired,-1.000000,-1.000000,0.000000,0.000000
58.6261,state,-0.995335,-0.952033,-0.172819,-0.033417
58.6350,state,-0.995335,-0.952029,-0.172819,-0.033425
58.6370,state,-0.995335,-0.952026,-0.172819,-0.033431
58.6392,state,-0.995335,-0.952023,-0.172819,-0.033437
58.6456,desired,-1.000000,-1.000000,0.000000,0.000000
58.6459,state,-0.995335,-0.952037,-0.172819,-0.033409
58.6550,state,-0.995335,-0.952033,-0.172819,-0.033417
58.6651,state,-0.995335,-0.952029,-0.172819,-0.033425
58.6753,desired,-1.000000,-1.000000,0.000000,0.000000
58.6755,state,-0.995335,-0.952026,-0.172819,-0.033431
58.6850,state,-0.995335,-0.952023,-0.172819,-0.033437
58.6953,desired,-1.000000,-1.000000,0.000000,0.000000
58.6955,state,-0.995335,-0.952037,-0.172819,-0.033409
58.7050,state,-0.995335,-0.952033,-0.172819,-0.033417
58.7153,desired,-1.000000,-1.000000,0.000000,0.000000
58.7155,state,-0.995335,-0.952029,-0.172819,-0.033425
58.7250,state,-0.995335,-0.952026,-0.172819,-0.033431
58.7350,state,-0.995335,-0.952023,-0.172819,-0.033437
58.7384,state,-0.995335,-0.952020,-0.172819,-0.033442
58.7453,desired,-1.000000,-1.000000,0.000000,0.000000
58.7455,state,-0.995335,-0.952033,-0.172819,-0.033417
58.7550,state,-0.995335,-0.952029,-0.172819,-0.033425
58.7650,state,-0.995335,-0.952026,-0.172819,-0.033431
58.7753,desired,-1.000000,-1.000000,0.000000,0.000000
58.7754,state,-0.995335,-0.952023,-0.172819,-0.033437
58.7850,state,-0.995335,-0.952020,-0.172819,-0.033442
58.7950,state,-0.995335,-0.952033,-0.172819,-0.033417
58.8053,desired,-1.000000,-1.000000,0.000000,0.000000
58.8055,state,-0.995335,-0.952029,-0.172819,-0.033425
58.8150,state,-0.995335,-0.952026,-0.172819,-0.033431
58.8250,state,-0.995335,-0.952023,-0.172819,-0.033437
58.8353,desired,-1.000000,-1.000000,0.000000,0.000000
58.8355,state,-0.995335,-0.952020,-0.172819,-0.033442
58.8451,state,-0.995335,-0.952033,-0.172819,-0.033417
58.8470,state,-0.995335,-0.952018,-0.172819,-0.033447
58.8473,state,-0.995335,-0.952017,-0.172819,-0.033450
58.8553,desired,-1.000000,-1.000000,0.000000,0.000000
58.8555,state,-0.995335,-0.952023,-0.172819,-0.033437
58.8650,state,-0.995335,-0.952020,-0.172819,-0.033442
58.8750,state,-0.995335,-0.952033,-0.172819,-0.033417
58.8853,desired,-1.000000,-1.000000,4.000000,4.000000
58.8855,state,-0.995335,-0.952018,-0.172819,-0.033447
58.8950,state,-0.995335,-0.952017,-0.172819,-0.033450
58.9050,state,-0.995335,-0.952023,-0.172819,-0.033437
58.9153,desired,-0.879997,-0.879997,4.000000,4.000000
58.9155,state,-0.995335,-0.952020,-0.172819,-0.033442
58.9250,state,-0.995335,-0.952033,-0.172819,-0.033417
58.9350,state,-0.995335,-0.952018,-0.172819,-0.033447
58.9378,state,-0.995335,-0.952015,-0.172819,-0.033453
58.9382,state,-0.995335,-0.952014,-0.172819,-0.033456
58.9457,desired,-0.759943,-0.759943,4.000000,4.000000
58.9461,state,-0.995335,-0.952020,-0.172819,-0.033442
58.9551,state,-0.995335,-0.952033,-0.172819,-0.033417
58.9651,state,-0.995335,-0.952018,-0.172819,-0.033447
58.9753,desired,-0.640038,-0.640038,4.000000,4.000000
58.9755,state,-0.995335,-0.952015,-0.172819,-0.033453
58.9850,state,-0.995335,-0.952014,-0.172819,-0.033456
58.9950,state,-0.995335,-0.952020,-0.172819,-0.033442
59.0054,desired,-0.520011,-0.520011,4.000000,4.000000
59.0056,state,-0.995335,-0.952033,-0.172819,-0.033417
59.0150,state,-0.995335,-0.952018,-0.172819,-0.033447
59.0250,state,-0.995335,-0.952015,-0.172819,-0.033453
59.0354,desired,-0.400037,-0.400037,4.000000,4.000000
59.0357,state,-0.995335,-0.952014,-0.172819,-0.033456
59.0450,state,-0.995335,-0.952020,-0.172819,-0.033442
59.0463,state,-0.871251,-0.920959,1.185554,0.952462
59.0554,desired,-0.320013,-0.320013,4.000000,4.000000
59.0556,state,-0.995335,-0.952018,-0.172819,-0.033447
59.0650,state,-0.995335,-0.952015,-0.172819,-0.033453
59.0756,desired,-0.239949,-0.239949,4.000000,4.000000
59.0759,state,-0.995335,-0.952014,-0.172819,-0.033456
59.0850,state,-0.995335,-0.952020,-0.172819,-0.033442
59.0951,state,-0.871251,-0.920959,1.185554,0.952462
59.1053,desired,-0.120042,-0.120042,4.000000,4.000000
59.1054,state,-0.995335,-0.952018,-0.172819,-0.033447
59.1150,state,-0.995335,-0.952015,-0.172819,-0.033453
59.1256,desired,-0.039929,-0.039929,4.000000,4.000000
59.1258,state,-0.995335,-0.952014,-0.172819,-0.033456
59.1351,state,-0.995335,-0.952020,-0.172819,-0.033442
59.1362,state,-0.838833,-0.827528,-0.042256,1.703068
59.1382,state,-0.476204,-0.699978,1.371967,2.230628
59.1450,state,-0.995335,-0.952015,-0.172819,-0.033453
59.1554,desired,0.000000,0.000000,0.000000,0.000000
59.1555,state,-0.995335,-0.952014,-0.172819,-0.033456
59.1651,state,-0.995335,-0.952020,-0.172819,-0.033442
59.1750,state,-0.838833,-0.827528,-0.042256,1.703068
59.1853,desired,0.000000,0.000000,0.000000,0.000000
59.1855,state,-0.476204,-0.699978,1.371967,2.230628
59.1950,state,-0.995335,-0.952015,-0.172819,-0.033453
59.2050,state,-0.995335,-0.952014,-0.172819,-0.033456
59.2153,desired,0.000000,0.000000,0.000000,0.000000
59.2155,state,-0.995335,-0.952020,-0.172819,-0.033442
59.2250,state,-0.838833,-0.827528,-0.042256,1.703068
59.2350,state,-0.476204,-0.699978,1.371967,2.230628
59.2454,desired,0.000000,0.000000,0.000000,0.000000
59.2456,state,-0.995335,-0.952015,-0.172819,-0.033453
59.2466,state,-0.244813,-0.548147,7.718401,2.582285
59.2475,state,-0.056547,-0.379754,0.629660,2.827168
59.2550,state,-0.838833,-0.827528,-0.042256,1.703068
59.2650,state,-0.476204,-0.699978,1.371967,2.230628
59.2753,desired,0.000000,0.000000,0.000000,0.000000
59.2755,state,-0.995335,-0.952015,-0.172819,-0.033453
59.2850,state,-0.244813,-0.548147,7.718401,2.582285
59.2950,state,-0.056547,-0.379754,0.629660,2.827168
59.3055,desired,0.000000,0.000000,0.000000,0.000000
59.3057,state,-0.838833,-0.827528,-0.042256,1.703068
59.3150,state,-0.476204,-0.699978,1.371967,2.230628
59.3253,desired,0.000000,0.000000,0.000000,0.000000
59.3255,state,-0.995335,-0.952015,-0.172819,-0.033453
59.3350,state,-0.244813,-0.548147,7.718401,2.582285
59.3453,desired,0.000000,0.000000,0.000000,0.000000
59.3455,state,-0.056547,-0.379754,0.629660,2.827168
59.3466,state,-0.010142,-0.200005,0.384148,2.996911
59.3550,state,-0.476204,-0.699978,1.371967,2.230628
59.3650,state,-0.995335,-0.952015,-0.172819,-0.033453
59.3753,desired,0.000000,0.000000,0.000000,0.000000
59.3755,state,-0.244813,-0.548147,7.718401,2.582285
59.3850,state,-0.056547,-0.379754,0.629660,2.827168
59.3950,state,-0.010142,-0.200005,0.384148,2.996911
59.4050,state,-0.476204,-0.699978,1.371967,2.230628
59.4054,desired,0.000000,0.000000,0.000000,0.000000
59.4151,state,-0.995335,-0.952015,-0.172819,-0.033453
59.4250,state,-0.244813,-0.548147,7.718401,2.582285
59.4256,desired,0.000000,0.000000,0.000000,0.000000
59.4350,state,-0.056547,-0.379754,0.629660,2.827168
59.4456,desired,0.000000,0.000000,0.000000,0.000000
59.4460,state,-0.010142,-0.200005,0.384148,2.996911
59.4472,state,-0.000832,-0.012748,0.031506,3.109808
59.4475,state,-0.000068,0.138165,0.002584,1.928229
59.4550,state,-0.244813,-0.548147,7.718401,2.582285
59.4651,state,-0.056547,-0.379754,0.629660,2.827168
59.4753,desired,0.000000,0.000000,0.000000,0.000000
59.4756,state,-0.010142,-0.200005,0.384148,2.996911
59.4851,state,-0.000832,-0.012748,0.031506,3.109808
59.4951,state,-0.000068,0.138165,0.002584,1.928229
59.4959,desired,0.000000,0.000000,0.000000,0.000000
59.5050,state,-0.244813,-0.548147,7.718401,2.582285
59.5150,state,-0.056547,-0.379754,0.629660,2.827168
59.5253,desired,0.000000,0.000000,0.000000,0.000000
59.5255,state,-0.010142,-0.200005,0.384148,2.996911
59.5350,state,-0.000832,-0.012748,0.031506,3.109808
59.5375,state,-0.000006,0.194677,0.000212,0.463380
59.5376,state,-0.000000,0.177093,0.000017,-0.593373
59.5455,desired,0.000000,0.000000,0.000000,0.000000
59.5457,state,-0.056547,-0.379754,0.629660,2.827168
59.5551,state,-0.010142,-0.200005,0.384148,2.996911
59.5651,state,-0.000832,-0.012748,0.031506,3.109808
59.5757,desired,0.000000,0.000000,0.000000,0.000000
59.5760,state,-0.000006,0.194677,0.000212,0.463380
59.5851,state,-0.000000,0.177093,0.000017,-0.593373
59.5950,state,-0.056547,-0.379754,0.629660,2.827168
59.6057,desired,0.000000,0.000000,0.000000,0.000000
59.6060,state,-0.010142,-0.200005,0.384148,2.996911
59.6151,state,-0.000832,-0.012748,0.031506,3.109808
59.6250,state,-0.000006,0.194677,0.000212,0.463380
59.6357,desired,0.000000,0.000000,0.000000,0.000000
59.6360,state,-0.000000,0.177093,0.000017,-0.593373
59.6381,state,-0.000000,0.109589,0.000001,-1.340316
59.6450,state,-0.010142,-0.200005,0.384148,2.996911
59.6556,desired,0.000000,0.000000,0.000000,0.000000
59.6559,state,-0.000832,-0.012748,0.031506,3.109808
59.6650,state,-0.000006,0.194677,0.000212,0.463380
59.6750,state,-0.000000,0.177093,0.000017,-0.593373
59.6854,desired,0.000000,0.000000,0.000000,0.000000
59.6856,state,-0.000000,0.109589,0.000001,-1.340316
59.6950,state,-0.010142,-0.200005,0.384148,2.996911
59.7050,state,-0.000832,-0.012748,0.031506,3.109808
59.7154,desired,0.000000,0.000000,0.000000,0.000000
59.7157,state,-0.000006,0.194677,0.000212,0.463380
59.7250,state,-0.000000,0.177093,0.000017,-0.593373
59.7350,state,-0.000000,0.109589,0.000001,-1.340316
59.7453,desired,0.000000,0.000000,0.000000,0.000000
59.7455,state,-0.010142,-0.200005,0.384148,2.996911
59.7464,state,-0.000000,0.037221,0.000000,-0.876549
59.7477,state,-0.000000,0.027649,0.000000,0.084206
59.7550,state,-0.000000,0.177093,0.000017,-0.593373
59.7650,state,-0.000000,0.109589,0.000001,-1.340316
59.7753,desired,0.000000,0.000000,0.000000,0.000000
59.7755,state,-0.010142,-0.200005,0.384148,2.996911
59.7850,state,-0.000000,0.037221,0.000000,-0.876549
59.7950,state,-0.000000,0.027649,0.000000,0.084206
59.8054,desired,0.000000,0.000000,0.000000,0.000000
59.8056,state,-0.000000,0.177093,0.000017,-0.593373
59.8150,state,-0.000000,0.109589,0.000001,-1.340316
59.8250,state,-0.010142,-0.200005,0.384148,2.996911
59.8354,desired,0.000000,0.000000,0.000000,0.000000
59.8356,state,-0.000000,0.037221,0.000000,-0.876549
59.8450,state,-0.000000,0.027649,0.000000,0.084206
59.8462,state,-0.000000,0.040985,0.000000,0.223270
59.8476,state,-0.000000,0.044025,0.000000,-0.032713
59.8554,desired,0.000000,0.000000,0.000000,0.000000
59.8556,state,-0.010142,-0.200005,0.384148,2.996911
59.8650,state,-0.000000,0.037221,0.000000,-0.876549
59.8750,state,-0.000000,0.027649,0.000000,0.084206
59.8853,desired,0.000000,0.000000,0.000000,0.000000
59.8855,state,-0.000000,0.040985,0.000000,0.223270
59.8951,state,-0.000000,0.044025,0.000000,-0.032713
59.9050,state,-0.010142,-0.200005,0.384148,2.996911
59.9153,desired,0.000000,0.000000,0.000000,0.000000
59.9155,state,-0.000000,0.037221,0.000000,-0.876549
59.9250,state,-0.000000,0.027649,0.000000,0.084206
59.9350,state,-0.000000,0.040985,0.000000,0.223270
59.9387,state,-0.000000,0.041910,0.000000,-0.030665
59.9456,desired,0.000000,0.000000,0.000000,0.000000
59.9459,state,-0.010142,-0.200005,0.384148,2.996911
59.9550,state,-0.000000,0.037221,0.000000,-0.876549
59.9650,state,-0.000000,0.027649,0.000000,0.084206
59.9753,desired,0.000000,0.000000,0.000000,0.000000
59.9755,state,-0.000000,0.040985,0.000000,0.223270
59.9850,state,-0.000000,0.041910,0.000000,-0.030665
59.9950,state,-0.010142,-0.200005,0.384148,2.996911
60.0054,desired,0.000000,0.000000,0.000000,0.000000
60.0055,state,-0.000000,0.037221,0.000000,-0.876549
60.0150,state,-0.000000,0.027649,0.000000,0.084206
60.0250,state,-0.000000,0.040985,0.000000,0.223270
60.0353,desired,0.000000,0.000000,0.000000,0.000000
60.0355,state,-0.000000,0.041910,0.000000,-0.030665
60.0369,state,-0.000000,0.040035,0.000000,-0.027075
60.0371,state,-0.000000,0.038364,0.000000,-0.024067
60.0450,state,-0.000000,0.027649,0.000000,0.084206
60.0554,desired,0.000000,0.000000,0.000000,0.000000
60.0557,state,-0.000000,0.040985,0.000000,0.223270
60.0650,state,-0.000000,0.041910,0.000000,-0.030665
60.0750,state,-0.000000,0.040035,0.000000,-0.027075
60.0854,desired,0.000000,0.000000,0.000000,0.000000
60.0855,state,-0.000000,0.038364,0.000000,-0.024067
60.0950,state,-0.000000,0.027649,0.000000,0.084206
60.1050,state,-0.000000,0.040985,0.000000,0.223270
60.1155,desired,0.000000,0.000000,0.000000,0.000000
60.1157,state,-0.000000,0.041910,0.000000,-0.030665
60.1250,state,-0.000000,0.040035,0.000000,-0.027075
60.1354,desired,0.000000,0.000000,0.000000,0.000000
60.1356,state,-0.000000,0.038364,0.000000,-0.024067
60.1450,state,-0.000000,0.027649,0.000000,0.084206
60.1550,state,-0.000000,0.040985,0.000000,0.223270
60.1655,desired,0.000000,0.000000,0.000000,0.000000
60.1657,state,-0.000000,0.041910,0.000000,-0.030665
60.1750,state,-0.000000,0.040035,0.000000,-0.027075
60.1811,state,-0.000000,0.036867,0.000000,-0.021527
60.1815,state,-0.000000,0.035516,0.000000,-0.019364
60.1850,state,-0.000000,0.040985,0.000000,0.223270
60.1954,desired,0.000000,0.000000,0.000000,0.000000
60.1956,state,-0.000000,0.041910,0.000000,-0.030665
60.2050,state,-0.000000,0.040035,0.000000,-0.027075
60.2150,state,-0.000000,0.036867,0.000000,-0.021527
60.2254,desired,0.000000,0.000000,0.000000,0.000000
60.2255,state,-0.000000,0.035516,0.000000,-0.019364
60.2350,state,-0.000000,0.040985,0.000000,0.223270
60.2454,desired,0.000000,0.000000,0.000000,0.000000
60.2456,state,-0.000000,0.041910,0.000000,-0.030665
60.2469,state,-0.000000,0.034292,0.000000,-0.017509
60.2550,state,-0.000000,0.036867,0.000000,-0.021527
60.2650,state,-0.000000,0.035516,0.000000,-0.019364
60.2754,desired,0.000000,0.000000,0.000000,0.000000
60.2756,state,-0.000000,0.040985,0.000000,0.223270
60.2850,state,-0.000000,0.041910,0.000000,-0.030665
60.2950,state,-0.000000,0.034292,0.000000,-0.017509
60.3050,state,-0.000000,0.036867,0.000000,-0.021527
60.3055,desired,0.000000,0.000000,0.000000,0.000000
60.3150,state,-0.000000,0.035516,0.000000,-0.019364
60.3250,state,-0.000000,0.040985,0.000000,0.223270
60.3353,desired,0.000000,0.000000,0.000000,0.000000
60.3355,state,-0.000000,0.041910,0.000000,-0.030665
60.3451,state,-0.000000,0.034292,0.000000,-0.017509
60.3465,state,-0.000000,0.033175,0.000000,-0.015907
60.3474,state,-0.000000,0.032153,0.000000,-0.014514
60.3554,desired,0.000000,0.000000,0.000000,0.000000
60.3556,state,-0.000000,0.040985,0.000000,0.223270
60.3651,state,-0.000000,0.041910,0.000000,-0.030665
60.3754,desired,0.000000,0.000000,0.000000,0.000000
60.3755,state,-0.000000,0.034292,0.000000,-0.017509
60.3850,state,-0.000000,0.033175,0.000000,-0.015907
60.3951,state,-0.000000,0.032153,0.000000,-0.014514
60.4052,desired,0.000000,0.000000,0.000000,0.000000
60.4054,state,-0.000000,0.040985,0.000000,0.223270
60.4151,state,-0.000000,0.041910,0.000000,-0.030665
60.4255,desired,0.000000,0.000000,0.000000,0.000000
60.4258,state,-0.000000,0.034292,0.000000,-0.017509
60.4350,state,-0.000000,0.033175,0.000000,-0.015907
60.4457,desired,0.000000,0.000000,0.000000,0.000000
60.4459,state,-0.000000,0.032153,0.000000,-0.014514
60.4470,state,-0.000000,0.031214,0.000000,-0.013297
60.4480,state,-0.000000,0.030347,0.000000,-0.012227
60.4550,state,-0.000000,0.034292,0.000000,-0.017509
60.4651,state,-0.000000,0.033175,0.000000,-0.015907
60.4753,desired,0.000000,0.000000,0.000000,0.000000
60.4754,state,-0.000000,0.032153,0.000000,-0.014514
60.4850,state,-0.000000,0.031214,0.000000,-0.013297
60.4950,state,-0.000000,0.030347,0.000000,-0.012227
60.5053,desired,0.000000,0.000000,0.000000,0.000000
60.5055,state,-0.000000,0.034292,0.000000,-0.017509
60.5150,state,-0.000000,0.033175,0.000000,-0.015907
60.5254,desired,0.000000,0.000000,0.000000,0.000000
60.5256,state,-0.000000,0.032153,0.000000,-0.014514
60.5350,state,-0.000000,0.031214,0.000000,-0.013297
60.5453,desired,0.000000,0.000000,0.000000,0.000000
60.5455,state,-0.000000,0.030347,0.000000,-0.012227
60.5463,state,-0.000000,0.029543,0.000000,-0.011282
60.5551,state,-0.000000,0.033175,0.000000,-0.015907
60.5650,state,-0.000000,0.032153,0.000000,-0.014514
60.5758,desired,0.000000,0.000000,0.000000,0.000000
60.5761,state,-0.000000,0.031214,0.000000,-0.013297
60.5851,state,-0.000000,0.030347,0.000000,-0.012227
60.5951,state,-0.000000,0.029543,0.000000,-0.011282
60.6054,desired,0.000000,0.000000,0.000000,0.000000
60.6056,state,-0.000000,0.033175,0.000000,-0.015907
60.6150,state,-0.000000,0.032153,0.000000,-0.014514
60.6250,state,-0.000000,0.031214,0.000000,-0.013297
60.6353,desired,0.000000,0.000000,0.000000,0.000000
60.6358,state,-0.000000,0.030347,0.000000,-0.012227
60.6452,state,-0.000000,0.029543,0.000000,-0.011282
60.6472,state,-0.000000,0.028797,0.000000,-0.010442
60.6475,state,-0.000000,0.028101,0.000000,-0.009694
60.6553,desired,0.000000,0.000000,0.000000,0.000000
60.6557,state,-0.000000,0.031214,0.000000,-0.013297
60.6651,state,-0.000000,0.030347,0.000000,-0.012227
60.6755,desired,0.000000,0.000000,0.000000,0.000000
60.6757,state,-0.000000,0.029543,0.000000,-0.011282
60.6850,state,-0.000000,0.028797,0.000000,-0.010442
60.6950,state,-0.000000,0.028101,0.000000,-0.009694
60.7056,desired,0.000000,0.000000,0.000000,0.000000
60.7059,state,-0.000000,0.031214,0.000000,-0.013297
60.7150,state,-0.000000,0.030347,0.000000,-0.012227
60.7250,state,-0.000000,0.029543,0.000000,-0.011282
60.7353,desired,0.000000,0.000000,0.000000,0.000000
60.7356,state,-0.000000,0.028797,0.000000,-0.010442
60.7450,state,-0.000000,0.028101,0.000000,-0.009694
60.7469,state,-0.000000,0.027450,0.000000,-0.009023
60.7475,state,-0.000000,0.026840,0.000000,-0.008420
60.7556,desired,0.000000,0.000000,0.000000,0.000000
60.7559,state,-0.000000,0.029543,0.000000,-0.011282
60.7650,state,-0.000000,0.028797,0.000000,-0.010442
60.7750,state,-0.000000,0.028101,0.000000,-0.009694
60.7853,desired,0.000000,0.000000,0.000000,0.000000
60.7855,state,-0.000000,0.027450,0.000000,-0.009023
60.7950,state,-0.000000,0.026840,0.000000,-0.008420
60.8053,desired,0.000000,0.000000,0.000000,0.000000
60.8055,state,-0.000000,0.029543,0.000000,-0.011282
60.8150,state,-0.000000,0.028797,0.000000,-0.010442
60.8251,state,-0.000000,0.028101,0.000000,-0.009694
60.8353,desired,0.000000,0.000000,0.000000,0.000000
60.8356,state,-0.000000,0.027450,0.000000,-0.009023
60.8451,state,-0.000000,0.026840,0.000000,-0.008420
60.8472,state,-0.000000,0.026267,0.000000,-0.007876
60.8550,state,-0.000000,0.028797,0.000000,-0.010442
60.8656,desired,0.000000,0.000000,0.000000,0.000000
60.8659,state,-0.000000,0.028101,0.000000,-0.009694
60.8750,state,-0.000000,0.027450,0.000000,-0.009023
60.8850,state,-0.000000,0.026840,0.000000,-0.008420
60.8954,desired,0.000000,0.000000,0.000000,0.000000
60.8956,state,-0.000000,0.026267,0.000000,-0.007876
60.9050,state,-0.000000,0.028797,0.000000,-0.010442
60.9153,desired,0.000000,0.000000,0.000000,0.000000
60.9155,state,-0.000000,0.028101,0.000000,-0.009694
60.9250,state,-0.000000,0.027450,0.000000,-0.009023
60.9350,state,-0.000000,0.026840,0.000000,-0.008420
60.9453,desired,0.000000,0.000000,0.000000,0.000000
60.9456,state,-0.000000,0.026267,0.000000,-0.007876
60.9466,state,-0.000000,0.025728,0.000000,-0.007383
60.9478,state,-0.000000,0.025218,0.000000,-0.006936
60.9551,state,-0.000000,0.027450,0.000000,-0.009023
60.9650,state,-0.000000,0.026840,0.000000,-0.008420
60.9757,desired,0.000000,0.000000,0.000000,0.000000
60.9760,state,-0.000000,0.026267,0.000000,-0.007876
60.9850,state,-0.000000,0.025728,0.000000,-0.007383
60.9950,state,-0.000000,0.025218,0.000000,-0.006936
61.0052,desired,0.000000,0.000000,0.000000,0.000000
61.0055,state,-0.000000,0.027450,0.000000,-0.009023
61.0150,state,-0.000000,0.026840,0.000000,-0.008420
61.0250,state,-0.000000,0.026267,0.000000,-0.007876
61.0353,desired,0.000000,0.000000,0.000000,0.000000
61.0355,state,-0.000000,0.025728,0.000000,-0.007383
61.0451,state,-0.000000,0.025218,0.000000,-0.006936
61.0465,state,-0.000000,0.024737,0.000000,-0.006528
61.0473,state,-0.000000,0.024280,0.000000,-0.006155
61.0550,state,-0.000000,0.026267,0.000000,-0.007876
61.0654,desired,0.000000,0.000000,0.000000,0.000000
61.0657,state,-0.000000,0.025728,0.000000,-0.007383
61.0750,state,-0.000000,0.025218,0.000000,-0.006936
61.0857,desired,0.000000,0.000000,0.000000,0.000000
61.0860,state,-0.000000,0.024737,0.000000,-0.006528
61.0950,state,-0.000000,0.024280,0.000000,-0.006155
61.1050,state,-0.000000,0.026267,0.000000,-0.007876
61.1155,desired,0.000000,0.000000,0.000000,0.000000
61.1158,state,-0.000000,0.025728,0.000000,-0.007383
61.1250,state,-0.000000,0.025218,0.000000,-0.006936
61.1351,state,-0.000000,0.024737,0.000000,-0.006528
61.1455,desired,0.040010,0.040010,4.000000,4.000000
61.1457,state,-0.000000,0.024280,0.000000,-0.006155
61.1477,state,-0.000000,0.023847,0.000000,-0.005814
61.1551,state,-0.000000,0.025728,0.000000,-0.007383
61.1650,state,-0.000000,0.025218,0.000000,-0.006936
61.1754,desired,0.159949,0.159949,4.000000,4.000000
61.1756,state,-0.000000,0.024737,0.000000,-0.006528
61.1850,state,-0.000000,0.024280,0.000000,-0.006155
61.1950,state,-0.000000,0.023847,0.000000,-0.005814
61.2054,desired,0.280003,0.280003,4.000000,4.000000
61.2056,state,-0.000000,0.025728,0.000000,-0.007383
61.2150,state,-0.000000,0.025218,0.000000,-0.006936
61.2250,state,-0.000000,0.024737,0.000000,-0.006528
61.2354,desired,0.399935,0.399935,4.000000,4.000000
61.2356,state,-0.000000,0.024280,0.000000,-0.006155
61.2450,state,-0.000000,0.023847,0.000000,-0.005814
61.2463,state,-0.000000,0.023435,0.000000,-0.005500
61.2464,state,-0.000000,0.023043,0.000000,-0.005211
61.2550,state,-0.000000,0.024737,0.000000,-0.006528
61.2654,desired,0.519938,0.519938,4.000000,4.000000
61.2656,state,-0.000000,0.024280,0.000000,-0.006155
61.2750,state,-0.000000,0.023847,0.000000,-0.005814
61.2850,state,-0.000000,0.023435,0.000000,-0.005500
61.2954,desired,0.639951,0.639951,4.000000,4.000000
61.2956,state,-0.000000,0.023043,0.000000,-0.005211
61.3050,state,-0.000000,0.024737,0.000000,-0.006528
61.3150,state,-0.000000,0.024280,0.000000,-0.006155
61.3254,desired,0.759951,0.759951,4.000000,4.000000
61.3256,state,-0.000000,0.023847,0.000000,-0.005814
61.3351,state,-0.000000,0.023435,0.000000,-0.005500
61.3450,state,-0.000000,0.023043,0.000000,-0.005211
61.3455,desired,0.839991,0.839991,4.000000,4.000000
61.3470,state,0.176351,0.040191,6.914160,0.883633
61.3480,state,0.343063,0.137914,0.637556,1.858505
61.3550,state,-0.000000,0.023847,0.000000,-0.005814
61.3650,state,-0.000000,0.023435,0.000000,-0.005500
61.3754,desired,0.959989,0.959989,4.000000,4.000000
61.3756,state,-0.000000,0.023043,0.000000,-0.005211
61.3851,state,0.176351,0.040191,6.914160,0.883633
61.3950,state,0.343063,0.137914,0.637556,1.858505
61.3956,desired,1.000000,1.000000,0.000000,0.000000
61.4050,state,-0.000000,0.023847,0.000000,-0.005814
61.4150,state,-0.000000,0.023435,0.000000,-0.005500
61.4254,desired,1.000000,1.000000,0.000000,0.000000
61.4257,state,-0.000000,0.023043,0.000000,-0.005211
61.4350,state,0.176351,0.040191,6.914160,0.883633
61.4451,state,0.343063,0.137914,0.637556,1.858505
61.4466,state,0.666864,0.267805,3.522611,2.262674
61.4556,desired,1.000000,1.000000,0.000000,0.000000
61.4558,state,-0.000000,0.023435,0.000000,-0.005500
61.4651,state,-0.000000,0.023043,0.000000,-0.005211
61.4755,desired,1.000000,1.000000,0.000000,0.000000
61.4758,state,0.176351,0.040191,6.914160,0.883633
61.4851,state,0.343063,0.137914,0.637556,1.858505
61.4950,state,0.666864,0.267805,3.522611,2.262674
61.5054,desired,1.000000,1.000000,0.000000,0.000000
61.5056,state,-0.000000,0.023435,0.000000,-0.005500
61.5150,state,-0.000000,0.023043,0.000000,-0.005211
61.5251,state,0.176351,0.040191,6.914160,0.883633
61.5354,desired,1.000000,1.000000,0.000000,0.000000
61.5356,state,0.343063,0.137914,0.637556,1.858505
61.5451,state,0.666864,0.267805,3.522611,2.262674
61.5466,state,0.748774,0.414749,0.420187,2.503429
61.5474,state,0.971615,0.572581,1.071220,2.664647
61.5550,state,0.176351,0.040191,6.914160,0.883633
61.5653,desired,1.000000,1.000000,0.000000,0.000000
61.5655,state,0.343063,0.137914,0.637556,1.858505
61.5751,state,0.666864,0.267805,3.522611,2.262674
61.5854,desired,1.000000,1.000000,0.000000,0.000000
61.5857,state,0.748774,0.414749,0.420187,2.503429
61.5950,state,0.971615,0.572581,1.071220,2.664647
61.6050,state,0.176351,0.040191,6.914160,0.883633
61.6153,desired,1.000000,1.000000,0.000000,0.000000
61.6154,state,0.343063,0.137914,0.637556,1.858505
61.6250,state,0.666864,0.267805,3.522611,2.262674
61.6350,state,0.748774,0.414749,0.420187,2.503429
61.6454,desired,1.000000,1.000000,0.000000,0.000000
61.6456,state,0.971615,0.572581,1.071220,2.664647
61.6463,state,0.993371,0.737756,0.247215,2.775697
61.6473,state,0.995173,0.907866,0.178979,2.851078
61.6550,state,0.666864,0.267805,3.522611,2.262674
61.6650,state,0.748774,0.414749,0.420187,2.503429
61.6754,desired,1.000000,1.000000,0.000000,0.000000
61.6756,state,0.971615,0.572581,1.071220,2.664647
61.6850,state,0.993371,0.737756,0.247215,2.775697
61.6950,state,0.995173,0.907866,0.178979,2.851078
61.7054,desired,1.000000,1.000000,0.000000,0.000000
61.7056,state,0.666864,0.267805,3.522611,2.262674
61.7150,state,0.748774,0.414749,0.420187,2.503429
61.7254,desired,1.000000,1.000000,0.000000,0.000000
61.7260,state,0.971615,0.572581,1.071220,2.664647
61.7350,state,0.993371,0.737756,0.247215,2.775697
61.7456,desired,1.000000,1.000000,0.000000,0.000000
61.7459,state,0.995173,0.907866,0.178979,2.851078
61.7474,state,0.995322,1.070073,0.173324,2.400429
61.7550,state,0.748774,0.414749,0.420187,2.503429
61.7650,state,0.971615,0.572581,1.071220,2.664647
61.7755,desired,1.000000,1.000000,0.000000,0.000000
61.7757,state,0.993371,0.737756,0.247215,2.775697
61.7851,state,0.995173,0.907866,0.178979,2.851078
61.7950,state,0.995322,1.070073,0.173324,2.400429
61.8050,state,0.748774,0.414749,0.420187,2.503429
61.8055,desired,1.000000,1.000000,0.000000,0.000000
61.8150,state,0.971615,0.572581,1.071220,2.664647
61.8254,desired,1.000000,1.000000,0.000000,0.000000
61.8256,state,0.993371,0.737756,0.247215,2.775697
61.8350,state,0.995173,0.907866,0.178979,2.851078
61.8450,state,0.995322,1.070073,0.173324,2.400429
61.8463,state,0.995334,1.141904,0.172855,0.653623
61.8465,state,0.995335,1.126887,0.172819,-0.586639
61.8553,desired,1.000000,1.000000,0.000000,0.000000
61.8555,state,0.993371,0.737756,0.247215,2.775697
61.8650,state,0.995173,0.907866,0.178979,2.851078
61.8750,state,0.995322,1.070073,0.173324,2.400429
61.8853,desired,1.000000,1.000000,0.000000,0.000000
61.8855,state,0.995334,1.141904,0.172855,0.653623
61.8950,state,0.995335,1.126887,0.172819,-0.586639
61.9050,state,0.993371,0.737756,0.247215,2.775697
61.9055,desired,1.000000,1.000000,0.000000,0.000000
61.9150,state,0.995173,0.907866,0.178979,2.851078
61.9250,state,0.995322,1.070073,0.173324,2.400429
61.9354,desired,1.000000,1.000000,0.000000,0.000000
61.9356,state,0.995334,1.141904,0.172855,0.653623
61.9450,state,0.995335,1.126887,0.172819,-0.586639
61.9464,state,0.995335,1.058502,0.172819,-1.171754
61.9477,state,0.995335,1.022960,0.172819,-0.162286
61.9553,desired,1.000000,1.000000,0.000000,0.000000
61.9555,state,0.995322,1.070073,0.173324,2.400429
61.9650,state,0.995334,1.141904,0.172855,0.653623
61.9750,state,0.995335,1.126887,0.172819,-0.586639
61.9854,desired,1.000000,1.000000,0.000000,0.000000
61.9856,state,0.995335,1.058502,0.172819,-1.171754
61.9950,state,0.995335,1.022960,0.172819,-0.162286
62.0050,state,0.995322,1.070073,0.173324,2.400429
62.0153,desired,1.000000,1.000000,0.000000,0.000000
62.0155,state,0.995334,1.141904,0.172855,0.653623
62.0250,state,0.995335,1.126887,0.172819,-0.586639
62.0350,state,0.995335,1.058502,0.172819,-1.171754
62.0453,desired,1.000000,1.000000,0.000000,0.000000
62.0455,state,0.995335,1.022960,0.172819,-0.162286
62.0466,state,0.995335,1.019047,0.172819,-0.020402
62.0550,state,0.995334,1.141904,0.172855,0.653623
62.0650,state,0.995335,1.126887,0.172819,-0.586639
62.0756,desired,1.000000,1.000000,0.000000,0.000000
62.0759,state,0.995335,1.058502,0.172819,-1.171754
62.0850,state,0.995335,1.022960,0.172819,-0.162286
62.0951,state,0.995335,1.019047,0.172819,-0.020402
62.1053,desired,1.000000,1.000000,0.000000,0.000000
62.1055,state,0.995334,1.141904,0.172855,0.653623
62.1150,state,0.995335,1.126887,0.172819,-0.586639
62.1250,state,0.995335,1.058502,0.172819,-1.171754
62.1356,desired,1.000000,1.000000,0.000000,0.000000
62.1357,state,0.995335,1.022960,0.172819,-0.162286
62.1451,state,0.995335,1.019047,0.172819,-0.020402
62.1471,state,0.995335,1.015855,0.172819,-0.014395
62.1485,state,0.995335,1.012890,0.172819,-0.011553
62.1550,state,0.995335,1.058502,0.172819,-1.171754
62.1656,desired,1.000000,1.000000,0.000000,0.000000
62.1659,state,0.995335,1.022960,0.172819,-0.162286
62.1750,state,0.995335,1.019047,0.172819,-0.020402
62.1850,state,0.995335,1.015855,0.172819,-0.014395
62.1954,desired,1.000000,1.000000,0.000000,0.000000
62.1957,state,0.995335,1.012890,0.172819,-0.011553
62.2051,state,0.995335,1.058502,0.172819,-1.171754
62.2153,desired,1.000000,1.000000,0.000000,0.000000
62.2155,state,0.995335,1.022960,0.172819,-0.162286
62.2250,state,0.995335,1.019047,0.172819,-0.020402
62.2350,state,0.995335,1.015855,0.172819,-0.014395
62.2453,desired,1.000000,1.000000,0.000000,0.000000
62.2455,state,0.995335,1.012890,0.172819,-0.011553
62.2468,state,0.995335,1.010083,0.172819,-0.009198
62.2477,state,0.995335,1.007423,0.172819,-0.006932
62.2551,state,0.995335,1.019047,0.172819,-0.020402
62.2650,state,0.995335,1.015855,0.172819,-0.014395
62.2753,desired,1.000000,1.000000,0.000000,0.000000
62.2755,state,0.995335,1.012890,0.172819,-0.011553
62.2850,state,0.995335,1.010083,0.172819,-0.009198
62.2950,state,0.995335,1.007423,0.172819,-0.006932
62.3053,desired,1.000000,1.000000,0.000000,0.000000
62.3055,state,0.995335,1.019047,0.172819,-0.020402
62.3151,state,0.995335,1.015855,0.172819,-0.014395
62.3250,state,0.995335,1.012890,0.172819,-0.011553
62.3355,desired,1.000000,1.000000,0.000000,0.000000
62.3356,state,0.995335,1.010083,0.172819,-0.009198
62.3451,state,0.995335,1.007423,0.172819,-0.006932
62.3471,state,0.995335,1.004897,0.172819,-0.005024
62.3550,state,0.995335,1.015855,0.172819,-0.014395
62.3654,desired,1.000000,1.000000,0.000000,0.000000
62.3657,state,0.995335,1.012890,0.172819,-0.011553
62.3750,state,0.995335,1.010083,0.172819,-0.009198
62.3856,desired,1.000000,1.000000,0.000000,0.000000
62.3859,state,0.995335,1.007423,0.172819,-0.006932
62.3951,state,0.995335,1.004897,0.172819,-0.005024
62.4051,state,0.995335,1.015855,0.172819,-0.014395
62.4153,desired,1.000000,1.000000,0.000000,0.000000
62.4155,state,0.995335,1.012890,0.172819,-0.011553
62.4250,state,0.995335,1.010083,0.172819,-0.009198
62.4350,state,0.995335,1.007423,0.172819,-0.006932
62.4453,desired,1.000000,1.000000,0.000000,0.000000
62.4455,state,0.995335,1.004897,0.172819,-0.005024
62.4463,state,0.995335,1.002499,0.172819,-0.002955
62.4464,state,0.995335,1.000192,0.172819,-0.001412
62.4550,state,0.995335,1.010083,0.172819,-0.009198
62.4650,state,0.995335,1.007423,0.172819,-0.006932
62.4756,desired,1.000000,1.000000,0.000000,0.000000
62.4759,state,0.995335,1.004897,0.172819,-0.005024
62.4850,state,0.995335,1.002499,0.172819,-0.002955
62.4950,state,0.995335,1.000192,0.172819,-0.001412
62.5053,desired,1.000000,1.000000,0.000000,0.000000
62.5055,state,0.995335,1.010083,0.172819,-0.009198
62.5150,state,0.995335,1.007423,0.172819,-0.006932
62.5250,state,0.995335,1.004897,0.172819,-0.005024
62.5353,desired,1.000000,1.000000,0.000000,0.000000
62.5355,state,0.995335,1.002499,0.172819,-0.002955
62.5450,state,0.995335,1.000192,0.172819,-0.001412
62.5468,state,0.995335,0.997924,0.172819,-0.001463
62.5474,state,0.995335,0.995698,0.172819,-0.000852
62.5550,state,0.995335,1.004897,0.172819,-0.005024
62.5653,desired,1.000000,1.000000,0.000000,0.000000
62.5656,state,0.995335,1.002499,0.172819,-0.002955
62.5751,state,0.995335,1.000192,0.172819,-0.001412
62.5850,state,0.995335,0.997924,0.172819,-0.001463
62.5956,desired,1.000000,1.000000,0.000000,0.000000
62.5959,state,0.995335,0.995698,0.172819,-0.000852
62.6050,state,0.995335,1.004897,0.172819,-0.005024
62.6150,state,0.995335,1.002499,0.172819,-0.002955
62.6253,desired,1.000000,1.000000,0.000000,0.000000
62.6256,state,0.995335,1.000192,0.172819,-0.001412
62.6351,state,0.995335,0.997924,0.172819,-0.001463
62.6453,desired,1.000000,1.000000,0.000000,0.000000
62.6455,state,0.995335,0.995698,0.172819,-0.000852
62.6463,state,0.995335,0.993504,0.172819,-0.000442
62.6550,state,0.995335,1.002499,0.172819,-0.002955
62.6650,state,0.995335,1.000192,0.172819,-0.001412
62.6753,desired,1.000000,1.000000,0.000000,0.000000
62.6755,state,0.995335,0.997924,0.172819,-0.001463
62.6850,state,0.995335,0.995698,0.172819,-0.000852
62.6951,state,0.995335,0.993504,0.172819,-0.000442
62.6960,desired,1.000000,1.000000,0.000000,0.000000
62.7050,state,0.995335,1.002499,0.172819,-0.002955
62.7150,state,0.995335,1.000192,0.172819,-0.001412
62.7256,desired,1.000000,1.000000,0.000000,0.000000
62.7259,state,0.995335,0.997924,0.172819,-0.001463
62.7351,state,0.995335,0.995698,0.172819,-0.000852
62.7452,state,0.995335,0.993504,0.172819,-0.000442
62.7479,state,0.995335,0.991333,0.172819,-0.000190
62.7489,state,0.995335,0.989175,0.172819,-0.000060
62.7554,desired,1.000000,1.000000,0.000000,0.000000
62.7557,state,0.995335,0.997924,0.172819,-0.001463
62.7651,state,0.995335,0.995698,0.172819,-0.000852
62.7750,state,0.995335,0.993504,0.172819,-0.000442
62.7856,desired,1.000000,1.000000,0.000000,0.000000
62.7859,state,0.995335,0.991333,0.172819,-0.000190
62.7950,state,0.995335,0.989175,0.172819,-0.000060
62.8050,state,0.995335,0.997924,0.172819,-0.001463
62.8153,desired,1.000000,1.000000,0.000000,0.000000
62.8155,state,0.995335,0.995698,0.172819,-0.000852
62.8250,state,0.995335,0.993504,0.172819,-0.000442
62.8356,desired,1.000000,1.000000,0.000000,0.000000
62.8359,state,0.995335,0.991333,0.172819,-0.000190
62.8450,state,0.995335,0.989175,0.172819,-0.000060
62.8469,state,0.995335,0.987025,0.172819,-0.000010
62.8484,state,0.995335,0.984879,0.172819,-0.000001
62.8550,state,0.995335,0.993504,0.172819,-0.000442
62.8653,desired,1.000000,1.000000,0.000000,0.000000
62.8655,state,0.995335,0.991333,0.172819,-0.000190
62.8751,state,0.995335,0.989175,0.172819,-0.000060
62.8850,state,0.995335,0.987025,0.172819,-0.000010
62.8956,desired,1.000000,1.000000,0.000000,0.000000
62.8959,state,0.995335,0.984879,0.172819,-0.000001
62.9050,state,0.995335,0.993504,0.172819,-0.000442
62.9150,state,0.995335,0.991333,0.172819,-0.000190
62.9254,desired,1.000000,1.000000,0.000000,0.000000
62.9256,state,0.995335,0.989175,0.172819,-0.000060
62.9350,state,0.995335,0.987025,0.172819,-0.000010
62.9456,desired,1.000000,1.000000,0.000000,0.000000
62.9458,state,0.995335,0.984879,0.172819,-0.000001
62.9466,state,0.995335,0.982736,0.172819,0.000004
62.9551,state,0.995335,0.991333,0.172819,-0.000190
62.9650,state,0.995335,0.989175,0.172819,-0.000060
62.9756,desired,1.000000,1.000000,0.000000,0.000000
62.9759,state,0.995335,0.987025,0.172819,-0.000010
62.9850,state,0.995335,0.984879,0.172819,-0.000001
62.9951,state,0.995335,0.982736,0.172819,0.000004
63.0053,desired,1.000000,1.000000,0.000000,0.000000
63.0055,state,0.995335,0.991333,0.172819,-0.000190
63.0150,state,0.995335,0.989175,0.172819,-0.000060
63.0250,state,0.995335,0.987025,0.172819,-0.000010
63.0354,desired,1.000000,1.000000,0.000000,0.000000
63.0356,state,0.995335,0.984879,0.172819,-0.000001
63.0450,state,0.995335,0.982736,0.172819,0.000004
63.0462,state,0.995335,0.980598,0.172819,0.000045
63.0463,state,0.995335,0.978469,0.172819,0.000157
63.0550,state,0.995335,0.987025,0.172819,-0.000010
63.0654,desired,1.000000,1.000000,0.000000,0.000000
63.0656,state,0.995335,0.984879,0.172819,-0.000001
63.0750,state,0.995335,0.982736,0.172819,0.000004
63.0850,state,0.995335,0.980598,0.172819,0.000045
63.0955,desired,1.000000,1.000000,0.000000,0.000000
63.0958,state,0.995335,0.978469,0.172819,0.000157
63.1051,state,0.995335,0.987025,0.172819,-0.000010
63.1150,state,0.995335,0.984879,0.172819,-0.000001
63.1256,desired,1.000000,1.000000,0.000000,0.000000
63.1260,state,0.995335,0.982736,0.172819,0.000004
63.1350,state,0.995335,0.980598,0.172819,0.000045
63.1457,desired,1.000000,1.000000,0.000000,0.000000
63.1460,state,0.995335,0.978469,0.172819,0.000157
63.1473,state,0.995335,0.976353,0.172819,0.000376
63.1484,state,0.995335,0.974260,0.172819,0.000732
63.1550,state,0.995335,0.982736,0.172819,0.000004
63.1650,state,0.995335,0.980598,0.172819,0.000045
63.1753,desired,1.000000,1.000000,0.000000,0.000000
63.1755,state,0.995335,0.978469,0.172819,0.000157
63.1850,state,0.995335,0.976353,0.172819,0.000376
63.1950,state,0.995335,0.974260,0.172819,0.000732
63.2053,desired,1.000000,1.000000,0.000000,0.000000
63.2055,state,0.995335,0.982736,0.172819,0.000004
63.2150,state,0.995335,0.980598,0.172819,0.000045
63.2250,state,0.995335,0.978469,0.172819,0.000157
63.2354,desired,1.000000,1.000000,0.000000,0.000000
63.2356,state,0.995335,0.976353,0.172819,0.000376
63.2450,state,0.995335,0.974260,0.172819,0.000732
63.2465,state,0.995335,0.972199,0.172819,0.001245
63.2550,state,0.995335,0.980598,0.172819,0.000045
63.2653,desired,1.000000,1.000000,0.000000,0.000000
63.2655,state,0.995335,0.978469,0.172819,0.000157
63.2750,state,0.995335,0.976353,0.172819,0.000376
63.2850,state,0.995335,0.974260,0.172819,0.000732
63.2953,desired,1.000000,1.000000,0.000000,0.000000
63.2955,state,0.995335,0.972199,0.172819,0.001245
63.3050,state,0.995335,0.980598,0.172819,0.000045
63.3150,state,0.995335,0.978469,0.172819,0.000157
63.3253,desired,1.000000,1.000000,0.000000,0.000000
63.3255,state,0.995335,0.976353,0.172819,0.000376
63.3350,state,0.995335,0.974260,0.172819,0.000732
63.3453,desired,1.000000,1.000000,0.000000,0.000000
63.3456,state,0.995335,0.972199,0.172819,0.001245
63.3463,state,0.995335,0.970180,0.172819,0.001930
63.3469,state,0.995335,0.968214,0.172819,0.002794
63.3551,state,0.995335,0.976353,0.172819,0.000376
63.3650,state,0.995335,0.974260,0.172819,0.000732
63.3754,desired,1.000000,1.000000,0.000000,0.000000
63.3756,state,0.995335,0.972199,0.172819,0.001245
63.3850,state,0.995335,0.970180,0.172819,0.001930
63.3950,state,0.995335,0.968214,0.172819,0.002794
63.4055,desired,1.000000,1.000000,0.000000,0.000000
63.4058,state,0.995335,0.976353,0.172819,0.000376
63.4150,state,0.995335,0.974260,0.172819,0.000732
63.4250,state,0.995335,0.972199,0.172819,0.001245
63.4354,desired,1.000000,1.000000,0.000000,0.000000
63.4356,state,0.995335,0.970180,0.172819,0.001930
63.4450,state,0.995335,0.968214,0.172819,0.002794
63.4469,state,0.995335,0.966312,0.172819,0.003830
63.4479,state,0.995335,0.964484,0.172819,0.005025
63.4556,desired,1.000000,1.000000,0.000000,0.000000
63.4559,state,0.995335,0.972199,0.172819,0.001245
63.4651,state,0.995335,0.970180,0.172819,0.001930
63.4750,state,0.995335,0.968214,0.172819,0.002794
63.4853,desired,1.000000,1.000000,0.000000,0.000000
63.4856,state,0.995335,0.966312,0.172819,0.003830
63.4950,state,0.995335,0.964484,0.172819,0.005025
63.5050,state,0.995335,0.972199,0.172819,0.001245
63.5150,state,0.995335,0.970180,0.172819,0.001930
63.5155,desired,1.000000,1.000000,0.000000,0.000000
63.5250,state,0.995335,0.968214,0.172819,0.002794
63.5350,state,0.995335,0.966312,0.172819,0.003830
63.5454,desired,1.000000,1.000000,0.000000,0.000000
63.5457,state,0.995335,0.964484,0.172819,0.005025
63.5473,state,0.995335,0.962740,0.172819,0.006357
63.5550,state,0.995335,0.970180,0.172819,0.001930
63.5650,state,0.995335,0.968214,0.172819,0.002794
63.5753,desired,1.000000,1.000000,0.000000,0.000000
63.5755,state,0.995335,0.966312,0.172819,0.003830
63.5850,state,0.995335,0.964484,0.172819,0.005025
63.5950,state,0.995335,0.962740,0.172819,0.006357
63.6054,desired,1.000000,1.000000,0.000000,0.000000
63.6057,state,0.995335,0.970180,0.172819,0.001930
63.6150,state,0.995335,0.968214,0.172819,0.002794
63.6256,desired,1.000000,1.000000,0.000000,0.000000
63.6259,state,0.995335,0.966312,0.172819,0.003830
63.6350,state,0.995335,0.964484,0.172819,0.005025
63.6457,desired,1.000000,1.000000,0.000000,0.000000
63.6460,state,0.995335,0.962740,0.172819,0.006357
63.6476,state,0.995335,0.961086,0.172819,0.007799
63.6479,state,0.995335,0.959528,0.172819,0.009323
63.6550,state,0.995335,0.966312,0.172819,0.003830
63.6651,state,0.995335,0.964484,0.172819,0.005025
63.6753,desired,1.000000,1.000000,0.000000,0.000000
63.6755,state,0.995335,0.962740,0.172819,0.006357
63.6850,state,0.995335,0.961086,0.172819,0.007799
63.6950,state,0.995335,0.959528,0.172819,0.009323
63.7053,desired,1.000000,1.000000,0.000000,0.000000
63.7055,state,0.995335,0.966312,0.172819,0.003830
63.7150,state,0.995335,0.964484,0.172819,0.005025
63.7253,desired,1.000000,1.000000,0.000000,0.000000
63.7255,state,0.995335,0.962740,0.172819,0.006357
63.7350,state,0.995335,0.961086,0.172819,0.007799
63.7450,state,0.995335,0.959528,0.172819,0.009323
63.7473,state,0.995335,0.958070,0.172819,0.010894
63.7489,state,0.995335,0.956713,0.172819,0.012487
63.7556,desired,1.000000,1.000000,0.000000,0.000000
63.7559,state,0.995335,0.962740,0.172819,0.006357
63.7650,state,0.995335,0.961086,0.172819,0.007799
63.7750,state,0.995335,0.959528,0.172819,0.009323
63.7850,state,0.995335,0.958070,0.172819,0.010894
63.7856,desired,1.000000,1.000000,0.000000,0.000000
63.7950,state,0.995335,0.956713,0.172819,0.012487
63.8050,state,0.995335,0.962740,0.172819,0.006357
63.8153,desired,1.000000,1.000000,0.000000,0.000000
63.8154,state,0.995335,0.961086,0.172819,0.007799
63.8250,state,0.995335,0.959528,0.172819,0.009323
63.8350,state,0.995335,0.958070,0.172819,0.010894
63.8454,desired,1.000000,1.000000,0.000000,0.000000
63.8457,state,0.995335,0.956713,0.172819,0.012487
63.8469,state,0.995335,0.955458,0.172819,0.014072
63.8550,state,0.995335,0.961086,0.172819,0.007799
63.8650,state,0.995335,0.959528,0.172819,0.009323
63.8753,desired,1.000000,1.000000,0.000000,0.000000
63.8755,state,0.995335,0.958070,0.172819,0.010894
63.8850,state,0.995335,0.956713,0.172819,0.012487
63.8950,state,0.995335,0.955458,0.172819,0.014072
63.9054,desired,0.840041,0.840041,-8.000000,-8.000000
63.9056,state,0.995335,0.961086,0.172819,0.007799
63.9150,state,0.995335,0.959528,0.172819,0.009323
63.9250,state,0.995335,0.958070,0.172819,0.010894
63.9354,desired,0.600040,0.600040,-8.000000,-8.000000
63.9356,state,0.995335,0.956713,0.172819,0.012487
63.9450,state,0.995335,0.955458,0.172819,0.014072
63.9475,state,0.995335,0.954303,0.172819,0.015626
63.9491,state,0.995335,0.953245,0.172819,0.017130
63.9550,state,0.995335,0.958070,0.172819,0.010894
63.9653,desired,0.360044,0.360044,-8.000000,-8.000000
63.9655,state,0.995335,0.956713,0.172819,0.012487
63.9750,state,0.995335,0.955458,0.172819,0.014072
63.9854,desired,0.200013,0.200013,-8.000000,-8.000000
63.9856,state,0.995335,0.954303,0.172819,0.015626
63.9951,state,0.995335,0.953245,0.172819,0.017130
64.0050,state,0.995335,0.958070,0.172819,0.010894
64.0153,desired,-0.039980,-0.039980,-8.000000,-8.000000
64.0155,state,0.995335,0.956713,0.172819,0.012487
64.0250,state,0.995335,0.955458,0.172819,0.014072
64.0350,state,0.995335,0.954303,0.172819,0.015626
64.0454,desired,-0.280084,-0.280084,-8.000000,-8.000000
64.0456,state,0.995335,0.953245,0.172819,0.017130
64.0469,state,0.838575,0.938568,-5.973270,-0.676552
64.0476,state,0.689937,0.850964,-0.377477,-1.695154
64.0550,state,0.995335,0.955458,0.172819,0.014072
64.0650,state,0.995335,0.954303,0.172819,0.015626
64.0750,state,0.995335,0.953245,0.172819,0.017130
64.0754,desired,-0.519957,-0.519957,-8.000000,-8.000000
64.0850,state,0.838575,0.938568,-5.973270,-0.676552
64.0950,state,0.689937,0.850964,-0.377477,-1.695154
64.1054,desired,-0.759963,-0.759963,-8.000000,-8.000000
64.1056,state,0.995335,0.955458,0.172819,0.014072
64.1150,state,0.995335,0.954303,0.172819,0.015626
64.1250,state,0.995335,0.953245,0.172819,0.017130
64.1353,desired,-0.999958,-0.999958,-8.000000,-8.000000
64.1355,state,0.838575,0.938568,-5.973270,-0.676552
64.1450,state,0.689937,0.850964,-0.377477,-1.695154
64.1473,state,0.112514,0.723304,-8.792471,-2.233126
64.1550,state,0.995335,0.954303,0.172819,0.015626
64.1656,desired,-1.000000,-1.000000,0.000000,0.000000
64.1659,state,0.995335,0.953245,0.172819,0.017130
64.1750,state,0.838575,0.938568,-5.973270,-0.676552
64.1851,state,0.689937,0.850964,-0.377477,-1.695154
64.1953,desired,-1.000000,-1.000000,0.000000,0.000000
64.1956,state,0.112514,0.723304,-8.792471,-2.233126
64.2050,state,0.995335,0.954303,0.172819,0.015626
64.2150,state,0.995335,0.953245,0.172819,0.017130
64.2254,desired,-1.000000,-1.000000,0.000000,0.000000
64.2257,state,0.838575,0.938568,-5.973270,-0.676552
64.2351,state,0.689937,0.850964,-0.377477,-1.695154
64.2450,state,0.112514,0.723304,-8.792471,-2.233126
64.2475,state,-0.100284,0.571315,-0.744917,-2.582881
64.2478,state,-0.808683,0.402886,-4.210891,-2.826169
64.2551,state,0.838575,0.938568,-5.973270,-0.676552
64.2560,desired,-1.000000,-1.000000,0.000000,0.000000
64.2650,state,0.689937,0.850964,-0.377477,-1.695154
64.2750,state,0.112514,0.723304,-8.792471,-2.233126
64.2853,desired,-1.000000,-1.000000,0.000000,0.000000
64.2856,state,-0.100284,0.571315,-0.744917,-2.582881
64.2950,state,-0.808683,0.402886,-4.210891,-2.826169
64.3056,desired,-1.000000,-1.000000,0.000000,0.000000
64.3060,state,0.838575,0.938568,-5.973270,-0.676552
64.3151,state,0.689937,0.850964,-0.377477,-1.695154
64.3250,state,0.112514,0.723304,-8.792471,-2.233126
64.3353,desired,-1.000000,-1.000000,0.000000,0.000000
64.3355,state,-0.100284,0.571315,-0.744917,-2.582881
64.3450,state,-0.808683,0.402886,-4.210891,-2.826169
64.3474,state,-0.945931,0.223124,-2.035534,-2.996065
64.3494,state,-0.991242,0.035799,-0.327874,-3.110203
64.3550,state,0.112514,0.723304,-8.792471,-2.233126
64.3656,desired,-1.000000,-1.000000,0.000000,0.000000
64.3659,state,-0.100284,0.571315,-0.744917,-2.582881
64.3750,state,-0.808683,0.402886,-4.210891,-2.826169
64.3850,state,-0.945931,0.223124,-2.035534,-2.996065
64.3956,desired,-1.000000,-1.000000,0.000000,0.000000
64.3959,state,-0.991242,0.035799,-0.327874,-3.110203
64.4050,state,0.112514,0.723304,-8.792471,-2.233126
64.4150,state,-0.100284,0.571315,-0.744917,-2.582881
64.4254,desired,-1.000000,-1.000000,0.000000,0.000000
64.4257,state,-0.808683,0.402886,-4.210891,-2.826169
64.4350,state,-0.945931,0.223124,-2.035534,-2.996065
64.4450,state,-0.991242,0.035799,-0.327874,-3.110203
64.4484,state,-0.994996,-0.156165,-0.185655,-3.180527
64.4553,desired,-1.000000,-1.000000,0.000000,0.000000
64.4556,state,-0.100284,0.571315,-0.744917,-2.582881
64.4651,state,-0.808683,0.402886,-4.210891,-2.826169
64.4750,state,-0.945931,0.223124,-2.035534,-2.996065
64.4854,desired,-1.000000,-1.000000,0.000000,0.000000
64.4857,state,-0.991242,0.035799,-0.327874,-3.110203
64.4950,state,-0.994996,-0.156165,-0.185655,-3.180527
64.5051,state,-0.100284,0.571315,-0.744917,-2.582881
64.5153,desired,-1.000000,-1.000000,0.000000,0.000000
64.5154,state,-0.808683,0.402886,-4.210891,-2.826169
64.5250,state,-0.945931,0.223124,-2.035534,-2.996065
64.5350,state,-0.991242,0.035799,-0.327874,-3.110203
64.5453,desired,-1.000000,-1.000000,0.000000,0.000000
64.5456,state,-0.994996,-0.156165,-0.185655,-3.180527
64.5470,state,-0.995308,-0.350487,-0.173876,-3.216512
64.5477,state,-0.995333,-0.545430,-0.172902,-3.226303
64.5550,state,-0.945931,0.223124,-2.035534,-2.996065
64.5650,state,-0.991242,0.035799,-0.327874,-3.110203
64.5753,desired,-1.000000,-1.000000,0.000000,0.000000
64.5755,state,-0.994996,-0.156165,-0.185655,-3.180527
64.5850,state,-0.995308,-0.350487,-0.173876,-3.216512
64.5950,state,-0.995333,-0.545430,-0.172902,-3.226303
64.6053,desired,-1.000000,-1.000000,0.000000,0.000000
64.6056,state,-0.945931,0.223124,-2.035534,-2.996065
64.6151,state,-0.991242,0.035799,-0.327874,-3.110203
64.6250,state,-0.994996,-0.156165,-0.185655,-3.180527
64.6350,state,-0.995308,-0.350487,-0.173876,-3.216512
64.6354,desired,-1.000000,-1.000000,0.000000,0.000000
64.6452,state,-0.995333,-0.545430,-0.172902,-3.226303
64.6475,state,-0.995335,-0.739735,-0.172819,-3.217094
64.6490,state,-0.995335,-0.932566,-0.172819,-3.195256
64.6554,desired,-1.000000,-1.000000,0.000000,0.000000
64.6557,state,-0.994996,-0.156165,-0.185655,-3.180527
64.6651,state,-0.995308,-0.350487,-0.173876,-3.216512
64.6750,state,-0.995333,-0.545430,-0.172902,-3.226303
64.6856,desired,-1.000000,-1.000000,0.000000,0.000000
64.6859,state,-0.995335,-0.739735,-0.172819,-3.217094
64.6950,state,-0.995335,-0.932566,-0.172819,-3.195256
64.7051,state,-0.994996,-0.156165,-0.185655,-3.180527
64.7153,desired,-1.000000,-1.000000,0.000000,0.000000
64.7155,state,-0.995308,-0.350487,-0.173876,-3.216512
64.7250,state,-0.995333,-0.545430,-0.172902,-3.226303
64.7350,state,-0.995335,-0.739735,-0.172819,-3.217094
64.7453,desired,-1.000000,-1.000000,0.000000,0.000000
64.7455,state,-0.995335,-0.932566,-0.172819,-3.195256
64.7467,state,-0.995335,-1.106211,-0.172819,-2.466285
64.7552,state,-0.995308,-0.350487,-0.173876,-3.216512
64.7650,state,-0.995333,-0.545430,-0.172902,-3.226303
64.7754,desired,-1.000000,-1.000000,0.000000,0.000000
64.7757,state,-0.995335,-0.739735,-0.172819,-3.217094
64.7850,state,-0.995335,-0.932566,-0.172819,-3.195256
64.7950,state,-0.995335,-1.106211,-0.172819,-2.466285
64.8054,desired,-1.000000,-1.000000,0.000000,0.000000
64.8057,state,-0.995308,-0.350487,-0.173876,-3.216512
64.8152,state,-0.995333,-0.545430,-0.172902,-3.226303
64.8250,state,-0.995335,-0.739735,-0.172819,-3.217094
64.8353,desired,-1.000000,-1.000000,0.000000,0.000000
64.8355,state,-0.995335,-0.932566,-0.172819,-3.195256
64.8450,state,-0.995335,-1.106211,-0.172819,-2.466285
64.8473,state,-0.995335,-1.186132,-0.172819,-0.822266
64.8479,state,-0.995335,-1.180910,-0.172819,0.428698
64.8550,state,-0.995335,-0.739735,-0.172819,-3.217094
64.8656,desired,-1.000000,-1.000000,0.000000,0.000000
64.8659,state,-0.995335,-0.932566,-0.172819,-3.195256
64.8750,state,-0.995335,-1.106211,-0.172819,-2.466285
64.8850,state,-0.995335,-1.186132,-0.172819,-0.822266
64.8956,desired,-1.000000,-1.000000,0.000000,0.000000
64.8959,state,-0.995335,-1.180910,-0.172819,0.428698
64.9052,state,-0.995335,-0.739735,-0.172819,-3.217094
64.9150,state,-0.995335,-0.932566,-0.172819,-3.195256
64.9253,desired,-1.000000,-1.000000,0.000000,0.000000
64.9255,state,-0.995335,-1.106211,-0.172819,-2.466285
64.9350,state,-0.995335,-1.186132,-0.172819,-0.822266
64.9451,state,-0.995335,-1.180910,-0.172819,0.428698
64.9470,state,-0.995335,-1.116927,-0.172819,1.286864
64.9490,state,-0.995335,-1.036841,-0.172819,1.002273
64.9554,desired,-1.000000,-1.000000,0.000000,0.000000
64.9556,state,-0.995335,-1.106211,-0.172819,-2.466285
64.9651,state,-0.995335,-1.186132,-0.172819,-0.822266
64.9750,state,-0.995335,-1.180910,-0.172819,0.428698
64.9854,desired,-1.000000,-1.000000,0.000000,0.000000
64.9856,state,-0.995335,-1.116927,-0.172819,1.286864
64.9951,state,-0.995335,-1.036841,-0.172819,1.002273
65.0057,desired,-1.000000,-1.000000,0.000000,0.000000
65.0060,state,-0.995335,-1.106211,-0.172819,-2.466285
65.0150,state,-0.995335,-1.186132,-0.172819,-0.822266
65.0251,state,-0.995335,-1.180910,-0.172819,0.428698
65.0353,desired,-1.000000,-1.000000,0.000000,0.000000
65.0355,state,-0.995335,-1.116927,-0.172819,1.286864
65.0451,state,-0.995335,-1.036841,-0.172819,1.002273
65.0466,state,-0.995335,-1.020821,-0.172819,-0.000501
65.0550,state,-0.995335,-1.186132,-0.172819,-0.822266
65.0653,desired,-1.000000,-1.000000,0.000000,0.000000
65.0656,state,-0.995335,-1.180910,-0.172819,0.428698
65.0751,state,-0.995335,-1.116927,-0.172819,1.286864
65.0850,state,-0.995335,-1.036841,-0.172819,1.002273
65.0953,desired,-1.000000,-1.000000,0.000000,0.000000
65.0956,state,-0.995335,-1.020821,-0.172819,-0.000501
65.1050,state,-0.995335,-1.186132,-0.172819,-0.822266
65.1150,state,-0.995335,-1.180910,-0.172819,0.428698
65.1254,desired,-1.000000,-1.000000,0.000000,0.000000
65.1256,state,-0.995335,-1.116927,-0.172819,1.286864
65.1350,state,-0.995335,-1.036841,-0.172819,1.002273
65.1451,state,-0.995335,-1.020821,-0.172819,-0.000501
65.1466,state,-0.995335,-1.031464,-0.172819,-0.242816
65.1475,state,-0.995335,-1.034644,-0.172819,0.018470
65.1553,desired,-1.000000,-1.000000,0.000000,0.000000
65.1555,state,-0.995335,-1.116927,-0.172819,1.286864
65.1650,state,-0.995335,-1.036841,-0.172819,1.002273
65.1750,state,-0.995335,-1.020821,-0.172819,-0.000501
65.1853,desired,-1.000000,-1.000000,0.000000,0.000000
65.1855,state,-0.995335,-1.031464,-0.172819,-0.242816
65.1951,state,-0.995335,-1.034644,-0.172819,0.018470
65.2050,state,-0.995335,-1.116927,-0.172819,1.286864
65.2154,desired,-1.000000,-1.000000,0.000000,0.000000
65.2157,state,-0.995335,-1.036841,-0.172819,1.002273
65.2250,state,-0.995335,-1.020821,-0.172819,-0.000501
65.2350,state,-0.995335,-1.031464,-0.172819,-0.242816
65.2355,desired,-1.000000,-1.000000,0.000000,0.000000
65.2450,state,-0.995335,-1.034644,-0.172819,0.018470
65.2462,state,-0.995335,-1.031217,-0.172819,0.017807
65.2470,state,-0.995335,-1.028080,-0.172819,0.013483
65.2550,state,-0.995335,-1.020821,-0.172819,-0.000501
65.2653,desired,-1.000000,-1.000000,0.000000,0.000000
65.2656,state,-0.995335,-1.031464,-0.172819,-0.242816
65.2750,state,-0.995335,-1.034644,-0.172819,0.018470
65.2850,state,-0.995335,-1.031217,-0.172819,0.017807
65.2954,desired,-1.000000,-1.000000,0.000000,0.000000
65.2956,state,-0.995335,-1.028080,-0.172819,0.013483
65.3050,state,-0.995335,-1.020821,-0.172819,-0.000501
65.3150,state,-0.995335,-1.031464,-0.172819,-0.242816
65.3253,desired,-1.000000,-1.000000,0.000000,0.000000
65.3254,state,-0.995335,-1.034644,-0.172819,0.018470
65.3350,state,-0.995335,-1.031217,-0.172819,0.017807
65.3453,desired,-1.000000,-1.000000,0.000000,0.000000
65.3455,state,-0.995335,-1.028080,-0.172819,0.013483
65.3473,state,-0.995335,-1.025178,-0.172819,0.010079
65.3550,state,-0.995335,-1.031464,-0.172819,-0.242816
65.3650,state,-0.995335,-1.034644,-0.172819,0.018470
65.3754,desired,-1.000000,-1.000000,0.000000,0.000000
65.3756,state,-0.995335,-1.031217,-0.172819,0.017807
65.3851,state,-0.995335,-1.028080,-0.172819,0.013483
65.3950,state,-0.995335,-1.025178,-0.172819,0.010079
65.4055,desired,-1.000000,-1.000000,0.000000,0.000000
65.4058,state,-0.995335,-1.031464,-0.172819,-0.242816
65.4152,state,-0.995335,-1.034644,-0.172819,0.018470
65.4250,state,-0.995335,-1.031217,-0.172819,0.017807
65.4357,desired,-1.000000,-1.000000,0.000000,0.000000
65.4360,state,-0.995335,-1.028080,-0.172819,0.013483
65.4450,state,-0.995335,-1.025178,-0.172819,0.010079
65.4464,state,-0.995335,-1.022462,-0.172819,0.007403
65.4467,state,-0.995335,-1.019892,-0.172819,0.005313
65.4552,state,-0.995335,-1.031217,-0.172819,0.017807
65.4654,desired,-1.000000,-1.000000,0.000000,0.000000
65.4656,state,-0.995335,-1.028080,-0.172819,0.013483
65.4750,state,-0.995335,-1.025178,-0.172819,0.010079
65.4850,state,-0.995335,-1.022462,-0.172819,0.007403
65.4956,desired,-1.000000,-1.000000,0.000000,0.000000
65.4959,state,-0.995335,-1.019892,-0.172819,0.005313
65.5051,state,-0.995335,-1.031217,-0.172819,0.017807
65.5150,state,-0.995335,-1.028080,-0.172819,0.013483
65.5254,desired,-1.000000,-1.000000,0.000000,0.000000
65.5256,state,-0.995335,-1.025178,-0.172819,0.010079
65.5350,state,-0.995335,-1.022462,-0.172819,0.007403
65.5450,state,-0.995335,-1.019892,-0.172819,0.005313
65.5463,state,-0.995335,-1.017437,-0.172819,0.003697
65.5470,state,-0.995335,-1.015070,-0.172819,0.002471
65.5553,desired,-1.000000,-1.000000,0.000000,0.000000
65.5555,state,-0.995335,-1.025178,-0.172819,0.010079
65.5650,state,-0.995335,-1.022462,-0.172819,0.007403
65.5750,state,-0.995335,-1.019892,-0.172819,0.005313
65.5853,desired,-1.000000,-1.000000,0.000000,0.000000
65.5856,state,-0.995335,-1.017437,-0.172819,0.003697
65.5952,state,-0.995335,-1.015070,-0.172819,0.002471
65.6056,desired,-1.000000,-1.000000,0.000000,0.000000
65.6059,state,-0.995335,-1.025178,-0.172819,0.010079
65.6151,state,-0.995335,-1.022462,-0.172819,0.007403
65.6250,state,-0.995335,-1.019892,-0.172819,0.005313
65.6353,desired,-1.000000,-1.000000,0.000000,0.000000
65.6355,state,-0.995335,-1.017437,-0.172819,0.003697
65.6450,state,-0.995335,-1.015070,-0.172819,0.002471
65.6471,state,-0.995335,-1.012770,-0.172819,0.001562
65.6550,state,-0.995335,-1.022462,-0.172819,0.007403
65.6656,desired,-1.000000,-1.000000,0.000000,0.000000
65.6659,state,-0.995335,-1.019892,-0.172819,0.005313
65.6750,state,-0.995335,-1.017437,-0.172819,0.003697
65.6850,state,-0.995335,-1.015070,-0.172819,0.002471
65.6950,state,-0.995335,-1.012770,-0.172819,0.001562
65.6954,desired,-1.000000,-1.000000,0.000000,0.000000
65.7051,state,-0.995335,-1.022462,-0.172819,0.007403
65.7155,desired,-1.000000,-1.000000,0.000000,0.000000
65.7158,state,-0.995335,-1.019892,-0.172819,0.005313
65.7252,state,-0.995335,-1.017437,-0.172819,0.003697
65.7351,state,-0.995335,-1.015070,-0.172819,0.002471
65.7356,desired,-1.000000,-1.000000,0.000000,0.000000
65.7450,state,-0.995335,-1.012770,-0.172819,0.001562
65.7465,state,-0.995335,-1.010518,-0.172819,0.000915
65.7477,state,-0.995335,-1.008301,-0.172819,0.000480
65.7550,state,-0.995335,-1.017437,-0.172819,0.003697
65.7653,desired,-1.000000,-1.000000,0.000000,0.000000
65.7656,state,-0.995335,-1.015070,-0.172819,0.002471
65.7751,state,-0.995335,-1.012770,-0.172819,0.001562
65.7850,state,-0.995335,-1.010518,-0.172819,0.000915
65.7950,state,-0.995335,-1.008301,-0.172819,0.000480
65.7956,desired,-1.000000,-1.000000,0.000000,0.000000
65.8050,state,-0.995335,-1.017437,-0.172819,0.003697
65.8150,state,-0.995335,-1.015070,-0.172819,0.002471
65.8253,desired,-1.000000,-1.000000,0.000000,0.000000
65.8255,state,-0.995335,-1.012770,-0.172819,0.001562
65.8350,state,-0.995335,-1.010518,-0.172819,0.000915
65.8450,state,-0.995335,-1.008301,-0.172819,0.000480
65.8465,state,-0.995335,-1.006108,-0.172819,0.000211
65.8472,state,-0.995335,-1.003928,-0.172819,0.000066
65.8553,desired,-1.000000,-1.000000,0.000000,0.000000
65.8555,state,-0.995335,-1.012770,-0.172819,0.001562
65.8650,state,-0.995335,-1.010518,-0.172819,0.000915
65.8750,state,-0.995335,-1.008301,-0.172819,0.000480
65.8854,desired,-1.000000,-1.000000,0.000000,0.000000
65.8856,state,-0.995335,-1.006108,-0.172819,0.000211
65.8950,state,-0.995335,-1.003928,-0.172819,0.000066
65.9050,state,-0.995335,-1.012770,-0.172819,0.001562
65.9157,desired,-1.000000,-1.000000,0.000000,0.000000
65.9160,state,-0.995335,-1.010518,-0.172819,0.000915
65.9250,state,-0.995335,-1.008301,-0.172819,0.000480
65.9350,state,-0.995335,-1.006108,-0.172819,0.000211
65.9454,desired,-1.000000,-1.000000,0.000000,0.000000
65.9457,state,-0.995335,-1.003928,-0.172819,0.000066
65.9486,state,-0.995335,-1.001758,-0.172819,0.000011
65.9550,state,-0.995335,-1.010518,-0.172819,0.000915
65.9656,desired,-1.000000,-1.000000,0.000000,0.000000
65.9659,state,-0.995335,-1.008301,-0.172819,0.000480
65.9750,state,-0.995335,-1.006108,-0.172819,0.000211
65.9850,state,-0.995335,-1.003928,-0.172819,0.000066
65.9955,desired,-1.000000,-1.000000,0.000000,0.000000
65.9959,state,-0.995335,-1.001758,-0.172819,0.000011
66.0052,state,-0.995335,-1.010518,-0.172819,0.000915
66.0154,desired,-1.000000,-1.000000,0.000000,0.000000
66.0157,state,-0.995335,-1.008301,-0.172819,0.000480
66.0251,state,-0.995335,-1.006108,-0.172819,0.000211
66.0351,state,-0.995335,-1.003928,-0.172819,0.000066
66.0454,desired,-1.000000,-1.000000,0.000000,0.000000
66.0456,state,-0.995335,-1.001758,-0.172819,0.000011
66.0463,state,-0.995335,-0.999591,-0.172819,0.000001
66.0465,state,-0.995335,-0.997428,-0.172819,-0.000003
66.0550,state,-0.995335,-1.006108,-0.172819,0.000211
66.0650,state,-0.995335,-1.003928,-0.172819,0.000066
66.0754,desired,-1.000000,-1.000000,0.000000,0.000000
66.0757,state,-0.995335,-1.001758,-0.172819,0.000011
66.0850,state,-0.995335,-0.999591,-0.172819,0.000001
66.0950,state,-0.995335,-0.997428,-0.172819,-0.000003
66.1054,desired,-1.000000,-1.000000,0.000000,0.000000
66.1058,state,-0.995335,-1.006108,-0.172819,0.000211
66.1151,state,-0.995335,-1.003928,-0.172819,0.000066
66.1250,state,-0.995335,-1.001758,-0.172819,0.000011
66.1353,desired,-1.000000,-1.000000,0.000000,0.000000
66.1355,state,-0.995335,-0.999591,-0.172819,0.000001
66.1450,state,-0.995335,-0.997428,-0.172819,-0.000003
66.1471,state,-0.995335,-0.995269,-0.172819,-0.000040
66.1485,state,-0.995335,-0.993118,-0.172819,-0.000150
66.1550,state,-0.995335,-1.001758,-0.172819,0.000011
66.1654,desired,-1.000000,-1.000000,0.000000,0.000000
66.1657,state,-0.995335,-0.999591,-0.172819,0.000001
66.1750,state,-0.995335,-0.997428,-0.172819,-0.000003
66.1850,state,-0.995335,-0.995269,-0.172819,-0.000040
66.1954,desired,-1.000000,-1.000000,0.000000,0.000000
66.1957,state,-0.995335,-0.993118,-0.172819,-0.000150
66.2051,state,-0.995335,-1.001758,-0.172819,0.000011
66.2150,state,-0.995335,-0.999591,-0.172819,0.000001
66.2254,desired,-1.000000,-1.000000,0.000000,0.000000
66.2256,state,-0.995335,-0.997428,-0.172819,-0.000003
66.2351,state,-0.995335,-0.995269,-0.172819,-0.000040
66.2450,state,-0.995335,-0.993118,-0.172819,-0.000150
66.2471,state,-0.995335,-0.990981,-0.172819,-0.000366
66.2557,desired,-1.000000,-1.000000,0.000000,0.000000
66.2560,state,-0.995335,-0.999591,-0.172819,0.000001
66.2650,state,-0.995335,-0.997428,-0.172819,-0.000003
66.2750,state,-0.995335,-0.995269,-0.172819,-0.000040
66.2854,desired,-1.000000,-1.000000,0.000000,0.000000
66.2856,state,-0.995335,-0.993118,-0.172819,-0.000150
66.2950,state,-0.995335,-0.990981,-0.172819,-0.000366
66.3050,state,-0.995335,-0.999591,-0.172819,0.000001
66.3153,desired,-1.000000,-1.000000,0.000000,0.000000
66.3155,state,-0.995335,-0.997428,-0.172819,-0.000003
66.3252,state,-0.995335,-0.995269,-0.172819,-0.000040
66.3350,state,-0.995335,-0.993118,-0.172819,-0.000150
66.3456,desired,-1.000000,-1.000000,0.000000,0.000000
66.3459,state,-0.995335,-0.990981,-0.172819,-0.000366
66.3468,state,-0.995335,-0.988866,-0.172819,-0.000720
66.3480,state,-0.995335,-0.986783,-0.172819,-0.001235
66.3550,state,-0.995335,-0.995269,-0.172819,-0.000040
66.3651,state,-0.995335,-0.993118,-0.172819,-0.000150
66.3753,desired,-1.000000,-1.000000,0.000000,0.000000
66.3755,state,-0.995335,-0.990981,-0.172819,-0.000366
66.3850,state,-0.995335,-0.988866,-0.172819,-0.000720
66.3956,desired,-1.000000,-1.000000,0.000000,0.000000
66.3959,state,-0.995335,-0.986783,-0.172819,-0.001235
66.4050,state,-0.995335,-0.995269,-0.172819,-0.000040
66.4150,state,-0.995335,-0.993118,-0.172819,-0.000150
66.4254,desired,-1.000000,-1.000000,0.000000,0.000000
66.4256,state,-0.995335,-0.990981,-0.172819,-0.000366
66.4351,state,-0.995335,-0.988866,-0.172819,-0.000720
66.4450,state,-0.995335,-0.986783,-0.172819,-0.001235
66.4469,state,-0.995335,-0.984743,-0.172819,-0.001926
66.4485,state,-0.995335,-0.982756,-0.172819,-0.002799
66.4554,desired,-1.000000,-1.000000,0.000000,0.000000
66.4556,state,-0.995335,-0.990981,-0.172819,-0.000366
66.4651,state,-0.995335,-0.988866,-0.172819,-0.000720
66.4750,state,-0.995335,-0.986783,-0.172819,-0.001235
66.4853,desired,-1.000000,-1.000000,0.000000,0.000000
66.4856,state,-0.995335,-0.984743,-0.172819,-0.001926
66.4950,state,-0.995335,-0.982756,-0.172819,-0.002799
66.5054,desired,-1.000000,-1.000000,0.000000,0.000000
66.5057,state,-0.995335,-0.990981,-0.172819,-0.000366
66.5150,state,-0.995335,-0.988866,-0.172819,-0.000720
66.5251,state,-0.995335,-0.986783,-0.172819,-0.001235
66.5353,desired,-1.000000,-1.000000,0.000000,0.000000
66.5356,state,-0.995335,-0.984743,-0.172819,-0.001926
66.5450,state,-0.995335,-0.982756,-0.172819,-0.002799
66.5471,state,-0.995335,-0.980834,-0.172819,-0.003848
66.5550,state,-0.995335,-0.988866,-0.172819,-0.000720
66.5653,desired,-1.000000,-1.000000,0.000000,0.000000
66.5656,state,-0.995335,-0.986783,-0.172819,-0.001235
66.5751,state,-0.995335,-0.984743,-0.172819,-0.001926
66.5850,state,-0.995335,-0.982756,-0.172819,-0.002799
66.5954,desired,-1.000000,-1.000000,0.000000,0.000000
66.5957,state,-0.995335,-0.980834,-0.172819,-0.003848
66.6050,state,-0.995335,-0.988866,-0.172819,-0.000720
66.6156,desired,-1.000000,-1.000000,0.000000,0.000000
66.6159,state,-0.995335,-0.986783,-0.172819,-0.001235
66.6250,state,-0.995335,-0.984743,-0.172819,-0.001926
66.6350,state,-0.995335,-0.982756,-0.172819,-0.002799
66.6453,desired,-0.998889,-0.998889,0.111111,0.111111
66.6455,state,-0.995335,-0.980834,-0.172819,-0.003848
66.6464,state,-0.995335,-0.978987,-0.172819,-0.005060
66.6467,state,-0.995335,-0.977224,-0.172819,-0.006412
66.6551,state,-0.995335,-0.984743,-0.172819,-0.001926
66.6656,desired,-0.996664,-0.996664,0.111111,0.111111
66.6659,state,-0.995335,-0.982756,-0.172819,-0.002799
66.6763,state,-0.995335,-0.980834,-0.172819,-0.003848
66.6850,state,-0.995335,-0.978987,-0.172819,-0.005060
66.6953,desired,-0.993334,-0.993334,0.111111,0.111111
66.6955,state,-0.995335,-0.977224,-0.172819,-0.006412
66.7050,state,-0.995335,-0.984743,-0.172819,-0.001926
66.7153,desired,-0.991111,-0.991111,0.111111,0.111111
66.7155,state,-0.995335,-0.982756,-0.172819,-0.002799
66.7250,state,-0.995335,-0.980834,-0.172819,-0.003848
66.7350,state,-0.995335,-0.978987,-0.172819,-0.005060
66.7453,desired,-0.987778,-0.987778,0.111111,0.111111
66.7455,state,-0.995335,-0.977224,-0.172819,-0.006412
66.7466,state,-0.995335,-0.975553,-0.172819,-0.007878
66.7479,state,-0.995335,-0.973980,-0.172819,-0.009424
66.7550,state,-0.995335,-0.980834,-0.172819,-0.003848
66.7650,state,-0.995335,-0.978987,-0.172819,-0.005060
66.7750,state,-0.995335,-0.977224,-0.172819,-0.006412
66.7756,desired,-0.984444,-0.984444,0.111111,0.111111
66.7851,state,-0.995335,-0.975553,-0.172819,-0.007878
66.7950,state,-0.995335,-0.973980,-0.172819,-0.009424
66.8053,desired,-0.981111,-0.981111,0.111111,0.111111
66.8056,state,-0.995335,-0.980834,-0.172819,-0.003848
66.8150,state,-0.995335,-0.978987,-0.172819,-0.005060
66.8256,desired,-0.978887,-0.978887,0.111111,0.111111
66.8259,state,-0.995335,-0.977224,-0.172819,-0.006412
66.8350,state,-0.995335,-0.975553,-0.172819,-0.007878
66.8450,state,-0.995335,-0.973980,-0.172819,-0.009424
66.8466,state,-0.986716,-0.972508,-0.078482,-0.011023
66.8553,desired,-0.975557,-0.975557,0.111111,0.111111
66.8555,state,-0.995335,-0.978987,-0.172819,-0.005060
66.8650,state,-0.995335,-0.977224,-0.172819,-0.006412
66.8754,desired,-0.973335,-0.973335,0.111111,0.111111
66.8756,state,-0.995335,-0.975553,-0.172819,-0.007878
66.8850,state,-0.995335,-0.973980,-0.172819,-0.009424
66.8950,state,-0.986716,-0.972508,-0.078482,-0.011023
66.9053,desired,-0.970001,-0.970001,0.111111,0.111111
66.9055,state,-0.995335,-0.978987,-0.172819,-0.005060
66.9150,state,-0.995335,-0.977224,-0.172819,-0.006412
66.9250,state,-0.995335,-0.975553,-0.172819,-0.007878
66.9350,state,-0.995335,-0.973980,-0.172819,-0.009424
66.9355,desired,-0.966668,-0.966668,0.111111,0.111111
66.9450,state,-0.986716,-0.972508,-0.078482,-0.011023
66.9465,state,-0.984462,-0.971140,-0.163857,-0.012640
66.9477,state,-0.974270,-0.951013,-0.129087,0.314442
66.9550,state,-0.995335,-0.975553,-0.172819,-0.007878
66.9653,desired,-0.963335,-0.963335,0.111111,0.111111
66.9655,state,-0.995335,-0.973980,-0.172819,-0.009424
66.9750,state,-0.986716,-0.972508,-0.078482,-0.011023
66.9850,state,-0.984462,-0.971140,-0.163857,-0.012640
66.9953,desired,-0.960001,-0.960001,0.111111,0.111111
66.9955,state,-0.974270,-0.951013,-0.129087,0.314442
67.0050,state,-0.995335,-0.975553,-0.172819,-0.007878
67.0150,state,-0.995335,-0.973980,-0.172819,-0.009424
67.0253,desired,-0.956668,-0.956668,0.111111,0.111111
67.0255,state,-0.986716,-0.972508,-0.078482,-0.011023
67.0350,state,-0.984462,-0.971140,-0.163857,-0.012640
67.0450,state,-0.974270,-0.951013,-0.129087,0.314442
67.0462,state,-0.968373,-0.942865,0.025200,-0.011406
67.0472,state,-0.963642,-0.941835,-0.152933,-0.017450
67.0550,state,-0.986716,-0.972508,-0.078482,-0.011023
67.0555,desired,-0.953335,-0.953335,0.111111,0.111111
67.0653,state,-0.984462,-0.971140,-0.163857,-0.012640
67.0757,state,-0.974270,-0.951013,-0.129087,0.314442
67.0762,desired,-0.951111,-0.951111,0.111111,0.111111
67.0850,state,-0.968373,-0.942865,0.025200,-0.011406
67.0950,state,-0.963642,-0.941835,-0.152933,-0.017450
67.1053,desired,-0.947779,-0.947779,0.111111,0.111111
67.1055,state,-0.986716,-0.972508,-0.078482,-0.011023
67.1150,state,-0.984462,-0.971140,-0.163857,-0.012640
67.1254,desired,-0.945556,-0.945556,0.111111,0.111111
67.1256,state,-0.974270,-0.951013,-0.129087,0.314442
67.1350,state,-0.968373,-0.942865,0.025200,-0.011406
67.1450,state,-0.963642,-0.941835,-0.152933,-0.017450
67.1467,state,-0.954631,-0.932835,-0.073431,0.234679
67.1553,desired,-0.942222,-0.942222,0.111111,0.111111
67.1555,state,-0.984462,-0.971140,-0.163857,-0.012640
67.1650,state,-0.974270,-0.951013,-0.129087,0.314442
67.1750,state,-0.968373,-0.942865,0.025200,-0.011406
67.1854,desired,-0.938889,-0.938889,0.111111,0.111111
67.1857,state,-0.963642,-0.941835,-0.152933,-0.017450
67.1950,state,-0.954631,-0.932835,-0.073431,0.234679
67.2050,state,-0.984462,-0.971140,-0.163857,-0.012640
67.2154,desired,-0.935556,-0.935556,0.111111,0.111111
67.2156,state,-0.974270,-0.951013,-0.129087,0.314442
67.2250,state,-0.968373,-0.942865,0.025200,-0.011406
67.2350,state,-0.963642,-0.941835,-0.152933,-0.017450
67.2453,desired,-0.932222,-0.932222,0.111111,0.111111
67.2455,state,-0.954631,-0.932835,-0.073431,0.234679
67.2467,state,-0.952345,-0.920048,-0.159999,0.088433
67.2469,state,-0.942150,-0.913655,-0.125284,-0.015342
67.2550,state,-0.968373,-0.942865,0.025200,-0.011406
67.2650,state,-0.963642,-0.941835,-0.152933,-0.017450
67.2753,desired,-0.928889,-0.928889,0.111111,0.111111
67.2755,state,-0.954631,-0.932835,-0.073431,0.234679
67.2850,state,-0.952345,-0.920048,-0.159999,0.088433
67.2950,state,-0.942150,-0.913655,-0.125284,-0.015342
67.3056,desired,-0.925553,-0.925553,0.111111,0.111111
67.3059,state,-0.968373,-0.942865,0.025200,-0.011406
67.3150,state,-0.963642,-0.941835,-0.152933,-0.017450
67.3250,state,-0.954631,-0.932835,-0.073431,0.234679
67.3353,desired,-0.922223,-0.922223,0.111111,0.111111
67.3356,state,-0.952345,-0.920048,-0.159999,0.088433
67.3451,state,-0.942150,-0.913655,-0.125284,-0.015342
67.3472,state,-0.935709,-0.912952,0.050364,-0.021569
67.3482,state,-0.930462,-0.911818,-0.147181,-0.012025
67.3553,desired,-0.920000,-0.920000,0.111111,0.111111
67.3555,state,-0.954631,-0.932835,-0.073431,0.234679
67.3650,state,-0.952345,-0.920048,-0.159999,0.088433
67.3750,state,-0.942150,-0.913655,-0.125284,-0.015342
67.3850,state,-0.935709,-0.912952,0.050364,-0.021569
67.3857,desired,-0.916667,-0.916667,0.111111,0.111111
67.3950,state,-0.930462,-0.911818,-0.147181,-0.012025
67.4050,state,-0.954631,-0.932835,-0.073431,0.234679
67.4154,desired,-0.913333,-0.913333,0.111111,0.111111
67.4156,state,-0.952345,-0.920048,-0.159999,0.088433
67.4250,state,-0.942150,-0.913655,-0.125284,-0.015342
67.4350,state,-0.935709,-0.912952,0.050364,-0.021569
67.4455,desired,-0.910000,-0.910000,0.111111,0.111111
67.4458,state,-0.930462,-0.911818,-0.147181,-0.012025
67.4471,state,-0.920547,-0.898110,-0.059831,0.354209
67.4550,state,-0.952345,-0.920048,-0.159999,0.088433
67.4650,state,-0.942150,-0.913655,-0.125284,-0.015342
67.4753,desired,-0.906667,-0.906667,0.111111,0.111111
67.4755,state,-0.935709,-0.912952,0.050364,-0.021569
67.4850,state,-0.930462,-0.911818,-0.147181,-0.012025
67.4950,state,-0.920547,-0.898110,-0.059831,0.354209
67.5054,desired,-0.903334,-0.903334,0.111111,0.111111
67.5056,state,-0.952345,-0.920048,-0.159999,0.088433
67.5150,state,-0.942150,-0.913655,-0.125284,-0.015342
67.5253,desired,-0.901111,-0.901111,0.111111,0.111111
67.5255,state,-0.935709,-0.912952,0.050364,-0.021569
67.5350,state,-0.930462,-0.911818,-0.147181,-0.012025
67.5450,state,-0.920547,-0.898110,-0.059831,0.354209
67.5468,state,-0.918033,-0.880434,-0.155028,0.153432
67.5483,state,-0.907821,-0.874301,-0.120992,-0.021154
67.5556,desired,-0.897776,-0.897776,0.111111,0.111111
67.5559,state,-0.935709,-0.912952,0.050364,-0.021569
67.5650,state,-0.930462,-0.911818,-0.147181,-0.012025
67.5751,state,-0.920547,-0.898110,-0.059831,0.354209
67.5853,desired,-0.894445,-0.894445,0.111111,0.111111
67.5855,state,-0.918033,-0.880434,-0.155028,0.153432
67.5950,state,-0.907821,-0.874301,-0.120992,-0.021154
67.6050,state,-0.935709,-0.912952,0.050364,-0.021569
67.6156,desired,-0.891109,-0.891109,0.111111,0.111111
67.6159,state,-0.930462,-0.911818,-0.147181,-0.012025
67.6250,state,-0.920547,-0.898110,-0.059831,0.354209
67.6350,state,-0.918033,-0.880434,-0.155028,0.153432
67.6456,desired,-0.887776,-0.887776,0.111111,0.111111
67.6459,state,-0.907821,-0.874301,-0.120992,-0.021154
67.6471,state,-0.901923,-0.873934,0.033300,-0.026006
67.6482,state,-0.897193,-0.873614,-0.144779,-0.026592
67.6550,state,-0.920547,-0.898110,-0.059831,0.354209
67.6650,state,-0.918033,-0.880434,-0.155028,0.153432
67.6753,desired,-0.884444,-0.884444,0.111111,0.111111
67.6755,state,-0.907821,-0.874301,-0.120992,-0.021154
67.6850,state,-0.901923,-0.873934,0.033300,-0.026006
67.6950,state,-0.897193,-0.873614,-0.144779,-0.026592
67.7056,desired,-0.881109,-0.881109,0.111111,0.111111
67.7059,state,-0.920547,-0.898110,-0.059831,0.354209
67.7150,state,-0.918033,-0.880434,-0.155028,0.153432
67.7250,state,-0.907821,-0.874301,-0.120992,-0.021154
67.7355,desired,-0.877779,-0.877779,0.111111,0.111111
67.7358,state,-0.901923,-0.873934,0.033300,-0.026006
67.7450,state,-0.897193,-0.873614,-0.144779,-0.026592
67.7470,state,-0.888185,-0.862725,-0.065226,0.289279
67.7556,desired,-0.875554,-0.875554,0.111111,0.111111
67.7559,state,-0.918033,-0.880434,-0.155028,0.153432
67.7650,state,-0.907821,-0.874301,-0.120992,-0.021154
67.7751,state,-0.901923,-0.873934,0.033300,-0.026006
67.7853,desired,-0.872222,-0.872222,0.111111,0.111111
67.7855,state,-0.897193,-0.873614,-0.144779,-0.026592
67.7951,state,-0.888185,-0.862725,-0.065226,0.289279
67.8056,desired,-0.869998,-0.869998,0.111111,0.111111
67.8059,state,-0.918033,-0.880434,-0.155028,0.153432
67.8150,state,-0.907821,-0.874301,-0.120992,-0.021154
67.8250,state,-0.901923,-0.873934,0.033300,-0.026006
67.8353,desired,-0.866668,-0.866668,0.111111,0.111111
67.8355,state,-0.897193,-0.873614,-0.144779,-0.026592
67.8450,state,-0.888185,-0.862725,-0.065226,0.289279
67.8462,state,-0.885901,-0.847085,-0.151717,0.140846
67.8463,state,-0.875709,-0.840486,-0.116930,-0.023018
67.8550,state,-0.901923,-0.873934,0.033300,-0.026006
67.8653,desired,-0.863334,-0.863334,0.111111,0.111111
67.8655,state,-0.897193,-0.873614,-0.144779,-0.026592
67.8750,state,-0.888185,-0.862725,-0.065226,0.289279
67.8850,state,-0.885901,-0.847085,-0.151717,0.140846
67.8856,desired,-0.861111,-0.861111,0.111111,0.111111
67.8950,state,-0.875709,-0.840486,-0.116930,-0.023018
67.9050,state,-0.901923,-0.873934,0.033300,-0.026006
67.9153,desired,-0.857779,-0.857779,0.111111,0.111111
67.9155,state,-0.897193,-0.873614,-0.144779,-0.026592
67.9250,state,-0.888185,-0.862725,-0.065226,0.289279
67.9353,desired,-0.855556,-0.855556,0.111111,0.111111
67.9356,state,-0.885901,-0.847085,-0.151717,0.140846
67.9451,state,-0.875709,-0.840486,-0.116930,-0.023018
67.9471,state,-0.868725,-0.840312,0.080107,-0.027460
67.9493,state,-0.862965,-0.840069,-0.136763,-0.026686
67.9554,desired,-0.853331,-0.853331,0.111111,0.111111
67.9556,state,-0.888185,-0.862725,-0.065226,0.289279
67.9651,state,-0.885901,-0.847085,-0.151717,0.140846
67.9750,state,-0.875709,-0.840486,-0.116930,-0.023018
67.9850,state,-0.868725,-0.840312,0.080107,-0.027460
67.9855,desired,-0.850001,-0.850001,0.111111,0.111111
67.9950,state,-0.862965,-0.840069,-0.136763,-0.026686
68.0050,state,-0.888185,-0.862725,-0.065226,0.289279
68.0153,desired,-0.846668,-0.846668,0.111111,0.111111
68.0155,state,-0.885901,-0.847085,-0.151717,0.140846
68.0250,state,-0.875709,-0.840486,-0.116930,-0.023018
68.0350,state,-0.868725,-0.840312,0.080107,-0.027460
68.0457,desired,-0.843332,-0.843332,0.111111,0.111111
68.0460,state,-0.862965,-0.840069,-0.136763,-0.026686
68.0473,state,-0.853870,-0.828426,-0.060404,0.312256
68.0551,state,-0.885901,-0.847085,-0.151717,0.140846
68.0650,state,-0.875709,-0.840486,-0.116930,-0.023018
68.0751,state,-0.868725,-0.840312,0.080107,-0.027460
68.0760,desired,-0.839999,-0.839999,0.111111,0.111111
68.0850,state,-0.862965,-0.840069,-0.136763,-0.026686
68.0950,state,-0.853870,-0.828426,-0.060404,0.312256
68.1056,desired,-0.836664,-0.836664,0.111111,0.111111
68.1060,state,-0.885901,-0.847085,-0.151717,0.140846
68.1150,state,-0.875709,-0.840486,-0.116930,-0.023018
68.1250,state,-0.868725,-0.840312,0.080107,-0.027460
68.1356,desired,-0.833331,-0.833331,0.111111,0.111111
68.1359,state,-0.862965,-0.840069,-0.136763,-0.026686
68.1452,state,-0.853870,-0.828426,-0.060404,0.312256
68.1471,state,-0.851580,-0.811679,-0.147129,0.156396
68.1481,state,-0.842390,-0.806032,-0.116529,-0.025600
68.1550,state,-0.868725,-0.840312,0.080107,-0.027460
68.1653,desired,-0.830001,-0.830001,0.111111,0.111111
68.1655,state,-0.862965,-0.840069,-0.136763,-0.026686
68.1750,state,-0.853870,-0.828426,-0.060404,0.312256
68.1853,desired,-0.827777,-0.827777,0.111111,0.111111
68.1855,state,-0.851580,-0.811679,-0.147129,0.156396
68.1950,state,-0.842390,-0.806032,-0.116529,-0.025600
68.2050,state,-0.868725,-0.840312,0.080107,-0.027460
68.2154,desired,-0.824444,-0.824444,0.111111,0.111111
68.2157,state,-0.862965,-0.840069,-0.136763,-0.026686
68.2250,state,-0.853870,-0.828426,-0.060404,0.312256
68.2350,state,-0.851580,-0.811679,-0.147129,0.156396
68.2453,desired,-0.821111,-0.821111,0.111111,0.111111
68.2455,state,-0.842390,-0.806032,-0.116529,-0.025600
68.2464,state,-0.836048,-0.806007,0.062937,-0.029379
68.2473,state,-0.830812,-0.805991,-0.134186,-0.029410
68.2551,state,-0.853870,-0.828426,-0.060404,0.312256
68.2650,state,-0.851580,-0.811679,-0.147129,0.156396
68.2754,desired,-0.817778,-0.817778,0.111111,0.111111
68.2756,state,-0.842390,-0.806032,-0.116529,-0.025600
68.2850,state,-0.836048,-0.806007,0.062937,-0.029379
68.2953,desired,-0.815556,-0.815556,0.111111,0.111111
68.2955,state,-0.830812,-0.805991,-0.134186,-0.029410
68.3050,state,-0.853870,-0.828426,-0.060404,0.312256
68.3150,state,-0.851580,-0.811679,-0.147129,0.156396
68.3254,desired,-0.812222,-0.812222,0.111111,0.111111
68.3256,state,-0.842390,-0.806032,-0.116529,-0.025600
68.3350,state,-0.836048,-0.806007,0.062937,-0.029379
68.3450,state,-0.830812,-0.805991,-0.134186,-0.029410
68.3463,state,-0.821762,-0.795282,-0.056161,0.290247
68.3553,desired,-0.808890,-0.808890,0.111111,0.111111
68.3555,state,-0.851580,-0.811679,-0.147129,0.156396
68.3650,state,-0.842390,-0.806032,-0.116529,-0.025600
68.3750,state,-0.836048,-0.806007,0.062937,-0.029379
68.3854,desired,-0.805555,-0.805555,0.111111,0.111111
68.3856,state,-0.830812,-0.805991,-0.134186,-0.029410
68.3950,state,-0.821762,-0.795282,-0.056161,0.290247
68.4050,state,-0.851580,-0.811679,-0.147129,0.156396
68.4154,desired,-0.802223,-0.802223,0.111111,0.111111
68.4156,state,-0.842390,-0.806032,-0.116529,-0.025600
68.4250,state,-0.836048,-0.806007,0.062937,-0.029379
68.4350,state,-0.830812,-0.805991,-0.134186,-0.029410
68.4454,desired,-0.798889,-0.798889,0.111111,0.111111
68.4457,state,-0.821762,-0.795282,-0.056161,0.290247
68.4465,state,-0.819476,-0.779418,-0.142716,0.148648
68.4469,state,-0.809287,-0.772780,-0.107866,-0.024227
68.4550,state,-0.836048,-0.806007,0.062937,-0.029379
68.4650,state,-0.830812,-0.805991,-0.134186,-0.029410
68.4754,desired,-0.795556,-0.795556,0.111111,0.111111
68.4757,state,-0.821762,-0.795282,-0.056161,0.290247
68.4850,state,-0.819476,-0.779418,-0.142716,0.148648
68.4950,state,-0.809287,-0.772780,-0.107866,-0.024227
68.5054,desired,-0.792222,-0.792222,0.111111,0.111111
68.5057,state,-0.836048,-0.806007,0.062937,-0.029379
68.5150,state,-0.830812,-0.805991,-0.134186,-0.029410
68.5250,state,-0.821762,-0.795282,-0.056161,0.290247
68.5354,desired,-0.788889,-0.788889,0.111111,0.111111
68.5356,state,-0.819476,-0.779418,-0.142716,0.148648
68.5450,state,-0.809287,-0.772780,-0.107866,-0.024227
68.5473,state,-0.802304,-0.772803,0.089214,-0.028910
68.5484,state,-0.796547,-0.772791,-0.127556,-0.028422
68.5550,state,-0.821762,-0.795282,-0.056161,0.290247
68.5654,desired,-0.785556,-0.785556,0.111111,0.111111
68.5656,state,-0.819476,-0.779418,-0.142716,0.148648
68.5750,state,-0.809287,-0.772780,-0.107866,-0.024227
68.5850,state,-0.802304,-0.772803,0.089214,-0.028910
68.5953,desired,-0.782223,-0.782223,0.111111,0.111111
68.5956,state,-0.796547,-0.772791,-0.127556,-0.028422
68.6050,state,-0.821762,-0.795282,-0.056161,0.290247
68.6154,desired,-0.780000,-0.780000,0.111111,0.111111
68.6156,state,-0.819476,-0.779418,-0.142716,0.148648
68.6250,state,-0.809287,-0.772780,-0.107866,-0.024227
68.6350,state,-0.802304,-0.772803,0.089214,-0.028910
68.6453,desired,-0.776667,-0.776667,0.111111,0.111111
68.6455,state,-0.796547,-0.772791,-0.127556,-0.028422
68.6466,state,-0.787453,-0.761494,-0.051138,0.307362
68.6550,state,-0.819476,-0.779418,-0.142716,0.148648
68.6650,state,-0.809287,-0.772780,-0.107866,-0.024227
68.6753,desired,-0.773333,-0.773333,0.111111,0.111111
68.6755,state,-0.802304,-0.772803,0.089214,-0.028910
68.6850,state,-0.796547,-0.772791,-0.127556,-0.028422
68.6950,state,-0.787453,-0.761494,-0.051138,0.307362
68.6956,desired,-0.771111,-0.771111,0.111111,0.111111
68.7052,state,-0.819476,-0.779418,-0.142716,0.148648
68.7150,state,-0.809287,-0.772780,-0.107866,-0.024227
68.7255,desired,-0.767778,-0.767778,0.111111,0.111111
68.7258,state,-0.802304,-0.772803,0.089214,-0.028910
68.7350,state,-0.796547,-0.772791,-0.127556,-0.028422
68.7456,desired,-0.765554,-0.765554,0.111111,0.111111
68.7459,state,-0.787453,-0.761494,-0.051138,0.307362
68.7471,state,-0.785165,-0.744988,-0.137798,0.156029
68.7477,state,-0.775976,-0.739397,-0.107124,-0.025645
68.7551,state,-0.802304,-0.772803,0.089214,-0.028910
68.7651,state,-0.796547,-0.772791,-0.127556,-0.028422
68.7753,desired,-0.762222,-0.762222,0.111111,0.111111
68.7755,state,-0.787453,-0.761494,-0.051138,0.307362
68.7850,state,-0.785165,-0.744988,-0.137798,0.156029
68.7950,state,-0.775976,-0.739397,-0.107124,-0.025645
68.8053,desired,-0.758889,-0.758889,0.111111,0.111111
68.8055,state,-0.802304,-0.772803,0.089214,-0.028910
68.8151,state,-0.796547,-0.772791,-0.127556,-0.028422
68.8250,state,-0.787453,-0.761494,-0.051138,0.307362
68.8350,state,-0.785165,-0.744988,-0.137798,0.156029
68.8355,desired,-0.755555,-0.755555,0.111111,0.111111
68.8451,state,-0.775976,-0.739397,-0.107124,-0.025645
68.8471,state,-0.769635,-0.739494,0.072359,-0.029288
68.8480,state,-0.764403,-0.739586,-0.124654,-0.029111
68.8556,desired,-0.753331,-0.753331,0.111111,0.111111
68.8559,state,-0.787453,-0.761494,-0.051138,0.307362
68.8651,state,-0.785165,-0.744988,-0.137798,0.156029
68.8750,state,-0.775976,-0.739397,-0.107124,-0.025645
68.8850,state,-0.769635,-0.739494,0.072359,-0.029288
68.8854,desired,-0.750000,-0.750000,0.111111,0.111111
68.8950,state,-0.764403,-0.739586,-0.124654,-0.029111
68.9055,desired,-0.747775,-0.747775,0.111111,0.111111
68.9057,state,-0.787453,-0.761494,-0.051138,0.307362
68.9150,state,-0.785165,-0.744988,-0.137798,0.156029
68.9250,state,-0.775976,-0.739397,-0.107124,-0.025645
68.9353,desired,-0.744444,-0.744444,0.111111,0.111111
68.9355,state,-0.769635,-0.739494,0.072359,-0.029288
68.9450,state,-0.764403,-0.739586,-0.124654,-0.029111
68.9465,state,-0.755354,-0.728957,-0.046575,0.291034
68.9556,desired,-0.742220,-0.742220,0.111111,0.111111
68.9559,state,-0.785165,-0.744988,-0.137798,0.156029
68.9650,state,-0.775976,-0.739397,-0.107124,-0.025645
68.9751,state,-0.769635,-0.739494,0.072359,-0.029288
68.9853,desired,-0.738889,-0.738889,0.111111,0.111111
68.9855,state,-0.764403,-0.739586,-0.124654,-0.029111
68.9950,state,-0.755354,-0.728957,-0.046575,0.291034
69.0050,state,-0.785165,-0.744988,-0.137798,0.156029
69.0153,desired,-0.735556,-0.735556,0.111111,0.111111
69.0155,state,-0.775976,-0.739397,-0.107124,-0.025645
69.0250,state,-0.769635,-0.739494,0.072359,-0.029288
69.0350,state,-0.764403,-0.739586,-0.124654,-0.029111
69.0456,desired,-0.732220,-0.732220,0.111111,0.111111
69.0459,state,-0.755354,-0.728957,-0.046575,0.291034
69.0474,state,-0.753070,-0.713256,-0.133064,0.147064
69.0481,state,-0.742882,-0.706783,-0.098144,-0.023517
69.0550,state,-0.769635,-0.739494,0.072359,-0.029288
69.0650,state,-0.764403,-0.739586,-0.124654,-0.029111
69.0753,desired,-0.728889,-0.728889,0.111111,0.111111
69.0755,state,-0.755354,-0.728957,-0.046575,0.291034
69.0850,state,-0.753070,-0.713256,-0.133064,0.147064
69.0950,state,-0.742882,-0.706783,-0.098144,-0.023517
69.1054,desired,-0.725555,-0.725555,0.111111,0.111111
69.1056,state,-0.769635,-0.739494,0.072359,-0.029288
69.1150,state,-0.764403,-0.739586,-0.124654,-0.029111
69.1250,state,-0.755354,-0.728957,-0.046575,0.291034
69.1356,desired,-0.722220,-0.722220,0.111111,0.111111
69.1359,state,-0.753070,-0.713256,-0.133064,0.147064
69.1450,state,-0.742882,-0.706783,-0.098144,-0.023517
69.1466,state,-0.735900,-0.706868,0.098987,-0.027471
69.1477,state,-0.730145,-0.706884,-0.117700,-0.026753
69.1550,state,-0.755354,-0.728957,-0.046575,0.291034
69.1653,desired,-0.718889,-0.718889,0.111111,0.111111
69.1655,state,-0.753070,-0.713256,-0.133064,0.147064
69.1750,state,-0.742882,-0.706783,-0.098144,-0.023517
69.1850,state,-0.735900,-0.706868,0.098987,-0.027471
69.1957,desired,-0.715553,-0.715553,0.111111,0.111111
69.1960,state,-0.730145,-0.706884,-0.117700,-0.026753
69.2050,state,-0.755354,-0.728957,-0.046575,0.291034
69.2150,state,-0.753070,-0.713256,-0.133064,0.147064
69.2254,desired,-0.712222,-0.712222,0.111111,0.111111
69.2257,state,-0.742882,-0.706783,-0.098144,-0.023517
69.2350,state,-0.735900,-0.706868,0.098987,-0.027471
69.2456,desired,-0.709998,-0.709998,0.111111,0.111111
69.2460,state,-0.730145,-0.706884,-0.117700,-0.026753
69.2472,state,-0.721915,-0.696121,-0.050677,0.294306
69.2550,state,-0.753070,-0.713256,-0.133064,0.147064
69.2650,state,-0.742882,-0.706783,-0.098144,-0.023517
69.2753,desired,-0.706667,-0.706667,0.111111,0.111111
69.2755,state,-0.735900,-0.706868,0.098987,-0.027471
69.2850,state,-0.730145,-0.706884,-0.117700,-0.026753
69.2950,state,-0.721915,-0.696121,-0.050677,0.294306
69.3055,desired,-0.703331,-0.703331,0.111111,0.111111
69.3057,state,-0.753070,-0.713256,-0.133064,0.147064
69.3150,state,-0.742882,-0.706783,-0.098144,-0.023517
69.3250,state,-0.735900,-0.706868,0.098987,-0.027471
69.3356,desired,-0.699998,-0.699998,0.111111,0.111111
69.3359,state,-0.730145,-0.706884,-0.117700,-0.026753
69.3451,state,-0.721915,-0.696121,-0.050677,0.294306
69.3471,state,-0.719854,-0.680519,-0.128757,0.144349
69.3480,state,-0.709685,-0.674217,-0.093109,-0.022728
69.3551,state,-0.735900,-0.706868,0.098987,-0.027471
69.3650,state,-0.730145,-0.706884,-0.117700,-0.026753
69.3658,desired,-0.696667,-0.696667,0.111111,0.111111
69.3751,state,-0.721915,-0.696121,-0.050677,0.294306
69.3850,state,-0.719854,-0.680519,-0.128757,0.144349
69.3950,state,-0.709685,-0.674217,-0.093109,-0.022728
69.3957,desired,-0.693334,-0.693334,0.111111,0.111111
69.4051,state,-0.735900,-0.706868,0.098987,-0.027471
69.4153,desired,-0.691111,-0.691111,0.111111,0.111111
69.4155,state,-0.730145,-0.706884,-0.117700,-0.026753
69.4250,state,-0.721915,-0.696121,-0.050677,0.294306
69.4354,desired,-0.688889,-0.688889,0.111111,0.111111
69.4357,state,-0.719854,-0.680519,-0.128757,0.144349
69.4451,state,-0.709685,-0.674217,-0.093109,-0.022728
69.4471,state,-0.703249,-0.674331,0.082765,-0.027563
69.4492,state,-0.698011,-0.674442,-0.114471,-0.027358
69.4550,state,-0.721915,-0.696121,-0.050677,0.294306
69.4654,desired,-0.685556,-0.685556,0.111111,0.111111
69.4656,state,-0.719854,-0.680519,-0.128757,0.144349
69.4750,state,-0.709685,-0.674217,-0.093109,-0.022728
69.4853,desired,-0.683333,-0.683333,0.111111,0.111111
69.4855,state,-0.703249,-0.674331,0.082765,-0.027563
69.4950,state,-0.698011,-0.674442,-0.114471,-0.027358
69.5050,state,-0.721915,-0.696121,-0.050677,0.294306
69.5153,desired,-0.680000,-0.680000,0.111111,0.111111
69.5155,state,-0.719854,-0.680519,-0.128757,0.144349
69.5250,state,-0.709685,-0.674217,-0.093109,-0.022728
69.5350,state,-0.703249,-0.674331,0.082765,-0.027563
69.5456,desired,-0.676664,-0.676664,0.111111,0.111111
69.5460,state,-0.698011,-0.674442,-0.114471,-0.027358
69.5481,state,-0.688963,-0.663447,-0.036376,0.302767
69.5551,state,-0.719854,-0.680519,-0.128757,0.144349
69.5650,state,-0.709685,-0.674217,-0.093109,-0.022728
69.5756,desired,-0.673331,-0.673331,0.111111,0.111111
69.5759,state,-0.703249,-0.674331,0.082765,-0.027563
69.5850,state,-0.698011,-0.674442,-0.114471,-0.027358
69.5951,state,-0.688963,-0.663447,-0.036376,0.302767
69.6056,desired,-0.669998,-0.669998,0.111111,0.111111
69.6059,state,-0.719854,-0.680519,-0.128757,0.144349
69.6150,state,-0.709685,-0.674217,-0.093109,-0.022728
69.6251,state,-0.703249,-0.674331,0.082765,-0.027563
69.6356,desired,-0.666665,-0.666665,0.111111,0.111111
69.6359,state,-0.698011,-0.674442,-0.114471,-0.027358
69.6450,state,-0.688963,-0.663447,-0.036376,0.302767
69.6470,state,-0.686681,-0.647618,-0.122798,0.146527
69.6472,state,-0.675495,-0.640549,-0.083592,-0.019810
69.6551,state,-0.703249,-0.674331,0.082765,-0.027563
69.6654,desired,-0.663333,-0.663333,0.111111,0.111111
69.6656,state,-0.698011,-0.674442,-0.114471,-0.027358
69.6750,state,-0.688963,-0.663447,-0.036376,0.302767
69.6850,state,-0.686681,-0.647618,-0.122798,0.146527
69.6956,desired,-0.659998,-0.659998,0.111111,0.111111
69.6959,state,-0.675495,-0.640549,-0.083592,-0.019810
69.7051,state,-0.703249,-0.674331,0.082765,-0.027563
69.7150,state,-0.698011,-0.674442,-0.114471,-0.027358
69.7255,desired,-0.656666,-0.656666,0.111111,0.111111
69.7258,state,-0.688963,-0.663447,-0.036376,0.302767
69.7350,state,-0.686681,-0.647618,-0.122798,0.146527
69.7457,desired,-0.654442,-0.654442,0.111111,0.111111
69.7461,state,-0.675495,-0.640549,-0.083592,-0.019810
69.7472,state,-0.669505,-0.640614,0.067201,-0.025753
69.7486,state,-0.664775,-0.640683,-0.110898,-0.025630
69.7550,state,-0.688963,-0.663447,-0.036376,0.302767
69.7651,state,-0.686681,-0.647618,-0.122798,0.146527
69.7754,desired,-0.651111,-0.651111,0.111111,0.111111
69.7756,state,-0.675495,-0.640549,-0.083592,-0.019810
69.7850,state,-0.669505,-0.640614,0.067201,-0.025753
69.7950,state,-0.664775,-0.640683,-0.110898,-0.025630
69.8054,desired,-0.647778,-0.647778,0.111111,0.111111
69.8056,state,-0.688963,-0.663447,-0.036376,0.302767
69.8150,state,-0.686681,-0.647618,-0.122798,0.146527
69.8250,state,-0.675495,-0.640549,-0.083592,-0.019810
69.8354,desired,-0.644444,-0.644444,0.111111,0.111111
69.8356,state,-0.669505,-0.640614,0.067201,-0.025753
69.8450,state,-0.664775,-0.640683,-0.110898,-0.025630
69.8463,state,-0.655769,-0.630378,-0.031188,0.284053
69.8550,state,-0.686681,-0.647618,-0.122798,0.146527
69.8653,desired,-0.641113,-0.641113,0.111111,0.111111
69.8655,state,-0.675495,-0.640549,-0.083592,-0.019810
69.8750,state,-0.669505,-0.640614,0.067201,-0.025753
69.8853,desired,-0.638890,-0.638890,0.111111,0.111111
69.8855,state,-0.664775,-0.640683,-0.110898,-0.025630
69.8950,state,-0.655769,-0.630378,-0.031188,0.284053
69.9058,desired,-0.636666,-0.636666,0.111111,0.111111
69.9062,state,-0.686681,-0.647618,-0.122798,0.146527
69.9150,state,-0.675495,-0.640549,-0.083592,-0.019810
69.9250,state,-0.669505,-0.640614,0.067201,-0.025753
69.9354,desired,-0.633334,-0.633334,0.111111,0.111111
69.9356,state,-0.664775,-0.640683,-0.110898,-0.025630
69.9450,state,-0.655769,-0.630378,-0.031188,0.284053
69.9464,state,-0.653492,-0.615684,-0.117456,0.130210
69.9472,state,-0.643306,-0.609723,-0.082420,-0.020517
69.9550,state,-0.669505,-0.640614,0.067201,-0.025753
69.9654,desired,-0.630000,-0.630000,0.111111,0.111111
69.9656,state,-0.664775,-0.640683,-0.110898,-0.025630
69.9752,state,-0.655769,-0.630378,-0.031188,0.284053
69.9854,desired,-0.627778,-0.627778,0.111111,0.111111
69.9856,state,-0.653492,-0.615684,-0.117456,0.130210
69.9951,state,-0.643306,-0.609723,-0.082420,-0.020517
70.0050,state,-0.669505,-0.640614,0.067201,-0.025753
70.0155,desired,-0.624442,-0.624442,0.111111,0.111111
70.0157,state,-0.664775,-0.640683,-0.110898,-0.025630
70.0251,state,-0.655769,-0.630378,-0.031188,0.284053
70.0350,state,-0.653492,-0.615684,-0.117456,0.130210
70.0456,desired,-0.621108,-0.621108,0.111111,0.111111
70.0460,state,-0.643306,-0.609723,-0.082420,-0.020517
70.0480,state,-0.636870,-0.609828,0.093418,-0.025314
